#Sequence_Name	SSR	Repeats	Position
NC_052547.1 Gallus gallus isolate bGalGal1 chromosome 16, bGalGal1.mat.broiler.GRCg7b, whole genome shotgun sequence	AGAGG	31	375009
NC_052547.1 Gallus gallus isolate bGalGal1 chromosome 16, bGalGal1.mat.broiler.GRCg7b, whole genome shotgun sequence	AGAGA	23	375164
NC_052547.1 Gallus gallus isolate bGalGal1 chromosome 16, bGalGal1.mat.broiler.GRCg7b, whole genome shotgun sequence	C	20	340921
NC_052547.1 Gallus gallus isolate bGalGal1 chromosome 16, bGalGal1.mat.broiler.GRCg7b, whole genome shotgun sequence	C	20	342086
NC_052547.1 Gallus gallus isolate bGalGal1 chromosome 16, bGalGal1.mat.broiler.GRCg7b, whole genome shotgun sequence	AGGA	17	156114
NC_052547.1 Gallus gallus isolate bGalGal1 chromosome 16, bGalGal1.mat.broiler.GRCg7b, whole genome shotgun sequence	C	16	134995
NC_052547.1 Gallus gallus isolate bGalGal1 chromosome 16, bGalGal1.mat.broiler.GRCg7b, whole genome shotgun sequence	C	17	135642
NC_052547.1 Gallus gallus isolate bGalGal1 chromosome 16, bGalGal1.mat.broiler.GRCg7b, whole genome shotgun sequence	A	17	181256
NC_052547.1 Gallus gallus isolate bGalGal1 chromosome 16, bGalGal1.mat.broiler.GRCg7b, whole genome shotgun sequence	AGAGG	29	260385
NC_052547.1 Gallus gallus isolate bGalGal1 chromosome 16, bGalGal1.mat.broiler.GRCg7b, whole genome shotgun sequence	AGAGA	28	260534
NC_052547.1 Gallus gallus isolate bGalGal1 chromosome 16, bGalGal1.mat.broiler.GRCg7b, whole genome shotgun sequence	GAAGG	23	321429
NC_052547.1 Gallus gallus isolate bGalGal1 chromosome 16, bGalGal1.mat.broiler.GRCg7b, whole genome shotgun sequence	C	22	290836
NC_052547.1 Gallus gallus isolate bGalGal1 chromosome 16, bGalGal1.mat.broiler.GRCg7b, whole genome shotgun sequence	C	19	291359
NC_052547.1 Gallus gallus isolate bGalGal1 chromosome 16, bGalGal1.mat.broiler.GRCg7b, whole genome shotgun sequence	C	24	291929
NC_052547.1 Gallus gallus isolate bGalGal1 chromosome 16, bGalGal1.mat.broiler.GRCg7b, whole genome shotgun sequence	AACCCT	20	3
NC_052547.1 Gallus gallus isolate bGalGal1 chromosome 16, bGalGal1.mat.broiler.GRCg7b, whole genome shotgun sequence	ACCCTA	236	123
NC_052547.1 Gallus gallus isolate bGalGal1 chromosome 16, bGalGal1.mat.broiler.GRCg7b, whole genome shotgun sequence	ACCCTA	80	1586
NC_052547.1 Gallus gallus isolate bGalGal1 chromosome 16, bGalGal1.mat.broiler.GRCg7b, whole genome shotgun sequence	CCTAAC	30	2570
NC_052547.1 Gallus gallus isolate bGalGal1 chromosome 16, bGalGal1.mat.broiler.GRCg7b, whole genome shotgun sequence	CCTAAC	35	2958
NC_052547.1 Gallus gallus isolate bGalGal1 chromosome 16, bGalGal1.mat.broiler.GRCg7b, whole genome shotgun sequence	ACCCTA	40	3174
NC_052547.1 Gallus gallus isolate bGalGal1 chromosome 16, bGalGal1.mat.broiler.GRCg7b, whole genome shotgun sequence	AACCCT	26	3414
NC_052547.1 Gallus gallus isolate bGalGal1 chromosome 16, bGalGal1.mat.broiler.GRCg7b, whole genome shotgun sequence	AACCCT	14	3575
NC_052547.1 Gallus gallus isolate bGalGal1 chromosome 16, bGalGal1.mat.broiler.GRCg7b, whole genome shotgun sequence	CCTAAC	20	3669
NC_052547.1 Gallus gallus isolate bGalGal1 chromosome 16, bGalGal1.mat.broiler.GRCg7b, whole genome shotgun sequence	AACCCT	172	4035
NC_052547.1 Gallus gallus isolate bGalGal1 chromosome 16, bGalGal1.mat.broiler.GRCg7b, whole genome shotgun sequence	CCTAAC	17	5358
NC_052547.1 Gallus gallus isolate bGalGal1 chromosome 16, bGalGal1.mat.broiler.GRCg7b, whole genome shotgun sequence	CCTAAC	19	5515
NC_052547.1 Gallus gallus isolate bGalGal1 chromosome 16, bGalGal1.mat.broiler.GRCg7b, whole genome shotgun sequence	ACCCTA	37	5632
NC_052547.1 Gallus gallus isolate bGalGal1 chromosome 16, bGalGal1.mat.broiler.GRCg7b, whole genome shotgun sequence	CCTAAC	20	5956
NC_052547.1 Gallus gallus isolate bGalGal1 chromosome 16, bGalGal1.mat.broiler.GRCg7b, whole genome shotgun sequence	TCTCT	35	77195
NC_052547.1 Gallus gallus isolate bGalGal1 chromosome 16, bGalGal1.mat.broiler.GRCg7b, whole genome shotgun sequence	TTCC	33	104718
NC_052547.1 Gallus gallus isolate bGalGal1 chromosome 16, bGalGal1.mat.broiler.GRCg7b, whole genome shotgun sequence	A	16	15168
NC_052547.1 Gallus gallus isolate bGalGal1 chromosome 16, bGalGal1.mat.broiler.GRCg7b, whole genome shotgun sequence	C	22	70582
NC_052547.1 Gallus gallus isolate bGalGal1 chromosome 16, bGalGal1.mat.broiler.GRCg7b, whole genome shotgun sequence	C	33	396244
NC_052547.1 Gallus gallus isolate bGalGal1 chromosome 16, bGalGal1.mat.broiler.GRCg7b, whole genome shotgun sequence	T	19	396767
NC_052547.1 Gallus gallus isolate bGalGal1 chromosome 16, bGalGal1.mat.broiler.GRCg7b, whole genome shotgun sequence	C	18	398783
NC_052547.1 Gallus gallus isolate bGalGal1 chromosome 16, bGalGal1.mat.broiler.GRCg7b, whole genome shotgun sequence	T	22	398924
NC_052547.1 Gallus gallus isolate bGalGal1 chromosome 16, bGalGal1.mat.broiler.GRCg7b, whole genome shotgun sequence	C	16	399346
NC_052547.1 Gallus gallus isolate bGalGal1 chromosome 16, bGalGal1.mat.broiler.GRCg7b, whole genome shotgun sequence	T	16	399786
NC_052547.1 Gallus gallus isolate bGalGal1 chromosome 16, bGalGal1.mat.broiler.GRCg7b, whole genome shotgun sequence	C	17	423392
NC_052547.1 Gallus gallus isolate bGalGal1 chromosome 16, bGalGal1.mat.broiler.GRCg7b, whole genome shotgun sequence	C	28	423467
NC_052547.1 Gallus gallus isolate bGalGal1 chromosome 16, bGalGal1.mat.broiler.GRCg7b, whole genome shotgun sequence	T	19	423987
NC_052547.1 Gallus gallus isolate bGalGal1 chromosome 16, bGalGal1.mat.broiler.GRCg7b, whole genome shotgun sequence	C	16	424706
NC_052547.1 Gallus gallus isolate bGalGal1 chromosome 16, bGalGal1.mat.broiler.GRCg7b, whole genome shotgun sequence	C	16	425999
NC_052547.1 Gallus gallus isolate bGalGal1 chromosome 16, bGalGal1.mat.broiler.GRCg7b, whole genome shotgun sequence	T	22	426138
NC_052547.1 Gallus gallus isolate bGalGal1 chromosome 16, bGalGal1.mat.broiler.GRCg7b, whole genome shotgun sequence	A	16	426160
NC_052547.1 Gallus gallus isolate bGalGal1 chromosome 16, bGalGal1.mat.broiler.GRCg7b, whole genome shotgun sequence	C	16	426560
NC_052547.1 Gallus gallus isolate bGalGal1 chromosome 16, bGalGal1.mat.broiler.GRCg7b, whole genome shotgun sequence	T	16	427000
NC_052547.1 Gallus gallus isolate bGalGal1 chromosome 16, bGalGal1.mat.broiler.GRCg7b, whole genome shotgun sequence	C	17	450976
NC_052547.1 Gallus gallus isolate bGalGal1 chromosome 16, bGalGal1.mat.broiler.GRCg7b, whole genome shotgun sequence	C	27	451051
NC_052547.1 Gallus gallus isolate bGalGal1 chromosome 16, bGalGal1.mat.broiler.GRCg7b, whole genome shotgun sequence	C	16	453148
NC_052547.1 Gallus gallus isolate bGalGal1 chromosome 16, bGalGal1.mat.broiler.GRCg7b, whole genome shotgun sequence	T	22	453286
NC_052547.1 Gallus gallus isolate bGalGal1 chromosome 16, bGalGal1.mat.broiler.GRCg7b, whole genome shotgun sequence	A	16	453308
NC_052547.1 Gallus gallus isolate bGalGal1 chromosome 16, bGalGal1.mat.broiler.GRCg7b, whole genome shotgun sequence	C	16	453708
NC_052547.1 Gallus gallus isolate bGalGal1 chromosome 16, bGalGal1.mat.broiler.GRCg7b, whole genome shotgun sequence	T	16	454147
NC_052547.1 Gallus gallus isolate bGalGal1 chromosome 16, bGalGal1.mat.broiler.GRCg7b, whole genome shotgun sequence	CCG	15	641408
NC_052547.1 Gallus gallus isolate bGalGal1 chromosome 16, bGalGal1.mat.broiler.GRCg7b, whole genome shotgun sequence	C	24	638407
NC_052547.1 Gallus gallus isolate bGalGal1 chromosome 16, bGalGal1.mat.broiler.GRCg7b, whole genome shotgun sequence	T	19	639266
NC_052547.1 Gallus gallus isolate bGalGal1 chromosome 16, bGalGal1.mat.broiler.GRCg7b, whole genome shotgun sequence	C	19	639647
NC_052547.1 Gallus gallus isolate bGalGal1 chromosome 16, bGalGal1.mat.broiler.GRCg7b, whole genome shotgun sequence	C	23	640069
NC_052547.1 Gallus gallus isolate bGalGal1 chromosome 16, bGalGal1.mat.broiler.GRCg7b, whole genome shotgun sequence	T	25	640211
NC_052547.1 Gallus gallus isolate bGalGal1 chromosome 16, bGalGal1.mat.broiler.GRCg7b, whole genome shotgun sequence	C	27	640637
NC_052547.1 Gallus gallus isolate bGalGal1 chromosome 16, bGalGal1.mat.broiler.GRCg7b, whole genome shotgun sequence	T	16	641086
NC_052547.1 Gallus gallus isolate bGalGal1 chromosome 16, bGalGal1.mat.broiler.GRCg7b, whole genome shotgun sequence	C	25	670629
NC_052547.1 Gallus gallus isolate bGalGal1 chromosome 16, bGalGal1.mat.broiler.GRCg7b, whole genome shotgun sequence	T	19	671484
NC_052547.1 Gallus gallus isolate bGalGal1 chromosome 16, bGalGal1.mat.broiler.GRCg7b, whole genome shotgun sequence	C	18	671861
NC_052547.1 Gallus gallus isolate bGalGal1 chromosome 16, bGalGal1.mat.broiler.GRCg7b, whole genome shotgun sequence	C	23	672278
NC_052547.1 Gallus gallus isolate bGalGal1 chromosome 16, bGalGal1.mat.broiler.GRCg7b, whole genome shotgun sequence	CCG	14	501841
NC_052547.1 Gallus gallus isolate bGalGal1 chromosome 16, bGalGal1.mat.broiler.GRCg7b, whole genome shotgun sequence	CCG	17	535093
NC_052547.1 Gallus gallus isolate bGalGal1 chromosome 16, bGalGal1.mat.broiler.GRCg7b, whole genome shotgun sequence	T	22	498374
NC_052547.1 Gallus gallus isolate bGalGal1 chromosome 16, bGalGal1.mat.broiler.GRCg7b, whole genome shotgun sequence	C	17	500618
NC_052547.1 Gallus gallus isolate bGalGal1 chromosome 16, bGalGal1.mat.broiler.GRCg7b, whole genome shotgun sequence	T	19	500635
NC_052547.1 Gallus gallus isolate bGalGal1 chromosome 16, bGalGal1.mat.broiler.GRCg7b, whole genome shotgun sequence	C	22	501057
NC_052547.1 Gallus gallus isolate bGalGal1 chromosome 16, bGalGal1.mat.broiler.GRCg7b, whole genome shotgun sequence	T	19	501499
NC_052547.1 Gallus gallus isolate bGalGal1 chromosome 16, bGalGal1.mat.broiler.GRCg7b, whole genome shotgun sequence	G	19	501523
NC_052547.1 Gallus gallus isolate bGalGal1 chromosome 16, bGalGal1.mat.broiler.GRCg7b, whole genome shotgun sequence	T	16	531953
NC_052547.1 Gallus gallus isolate bGalGal1 chromosome 16, bGalGal1.mat.broiler.GRCg7b, whole genome shotgun sequence	C	21	532098
NC_052547.1 Gallus gallus isolate bGalGal1 chromosome 16, bGalGal1.mat.broiler.GRCg7b, whole genome shotgun sequence	T	20	532956
NC_052547.1 Gallus gallus isolate bGalGal1 chromosome 16, bGalGal1.mat.broiler.GRCg7b, whole genome shotgun sequence	C	18	533338
NC_052547.1 Gallus gallus isolate bGalGal1 chromosome 16, bGalGal1.mat.broiler.GRCg7b, whole genome shotgun sequence	C	23	533761
NC_052547.1 Gallus gallus isolate bGalGal1 chromosome 16, bGalGal1.mat.broiler.GRCg7b, whole genome shotgun sequence	T	24	533902
NC_052547.1 Gallus gallus isolate bGalGal1 chromosome 16, bGalGal1.mat.broiler.GRCg7b, whole genome shotgun sequence	C	23	534326
NC_052547.1 Gallus gallus isolate bGalGal1 chromosome 16, bGalGal1.mat.broiler.GRCg7b, whole genome shotgun sequence	T	17	534771
NC_052547.1 Gallus gallus isolate bGalGal1 chromosome 16, bGalGal1.mat.broiler.GRCg7b, whole genome shotgun sequence	C	26	629492
NC_052547.1 Gallus gallus isolate bGalGal1 chromosome 16, bGalGal1.mat.broiler.GRCg7b, whole genome shotgun sequence	T	18	629965
NC_052547.1 Gallus gallus isolate bGalGal1 chromosome 16, bGalGal1.mat.broiler.GRCg7b, whole genome shotgun sequence	T	19	630375
NC_052547.1 Gallus gallus isolate bGalGal1 chromosome 16, bGalGal1.mat.broiler.GRCg7b, whole genome shotgun sequence	C	16	630650
NC_052547.1 Gallus gallus isolate bGalGal1 chromosome 16, bGalGal1.mat.broiler.GRCg7b, whole genome shotgun sequence	C	24	674723
NC_052547.1 Gallus gallus isolate bGalGal1 chromosome 16, bGalGal1.mat.broiler.GRCg7b, whole genome shotgun sequence	C	20	675990
NC_052547.1 Gallus gallus isolate bGalGal1 chromosome 16, bGalGal1.mat.broiler.GRCg7b, whole genome shotgun sequence	C	21	676416
NC_052547.1 Gallus gallus isolate bGalGal1 chromosome 16, bGalGal1.mat.broiler.GRCg7b, whole genome shotgun sequence	T	19	676558
NC_052547.1 Gallus gallus isolate bGalGal1 chromosome 16, bGalGal1.mat.broiler.GRCg7b, whole genome shotgun sequence	A	18	676577
NC_052547.1 Gallus gallus isolate bGalGal1 chromosome 16, bGalGal1.mat.broiler.GRCg7b, whole genome shotgun sequence	C	26	676979
NC_052547.1 Gallus gallus isolate bGalGal1 chromosome 16, bGalGal1.mat.broiler.GRCg7b, whole genome shotgun sequence	T	17	677429
NC_052547.1 Gallus gallus isolate bGalGal1 chromosome 16, bGalGal1.mat.broiler.GRCg7b, whole genome shotgun sequence	C	22	709573
NC_052547.1 Gallus gallus isolate bGalGal1 chromosome 16, bGalGal1.mat.broiler.GRCg7b, whole genome shotgun sequence	C	20	710835
NC_052547.1 Gallus gallus isolate bGalGal1 chromosome 16, bGalGal1.mat.broiler.GRCg7b, whole genome shotgun sequence	C	19	711262
NC_052547.1 Gallus gallus isolate bGalGal1 chromosome 16, bGalGal1.mat.broiler.GRCg7b, whole genome shotgun sequence	T	17	711400
NC_052547.1 Gallus gallus isolate bGalGal1 chromosome 16, bGalGal1.mat.broiler.GRCg7b, whole genome shotgun sequence	A	20	711417
NC_052547.1 Gallus gallus isolate bGalGal1 chromosome 16, bGalGal1.mat.broiler.GRCg7b, whole genome shotgun sequence	C	23	711821
NC_052547.1 Gallus gallus isolate bGalGal1 chromosome 16, bGalGal1.mat.broiler.GRCg7b, whole genome shotgun sequence	T	16	712267
NC_052547.1 Gallus gallus isolate bGalGal1 chromosome 16, bGalGal1.mat.broiler.GRCg7b, whole genome shotgun sequence	C	22	786552
NC_052547.1 Gallus gallus isolate bGalGal1 chromosome 16, bGalGal1.mat.broiler.GRCg7b, whole genome shotgun sequence	C	19	787817
NC_052547.1 Gallus gallus isolate bGalGal1 chromosome 16, bGalGal1.mat.broiler.GRCg7b, whole genome shotgun sequence	C	20	788243
NC_052547.1 Gallus gallus isolate bGalGal1 chromosome 16, bGalGal1.mat.broiler.GRCg7b, whole genome shotgun sequence	T	17	788383
NC_052547.1 Gallus gallus isolate bGalGal1 chromosome 16, bGalGal1.mat.broiler.GRCg7b, whole genome shotgun sequence	A	19	788400
NC_052547.1 Gallus gallus isolate bGalGal1 chromosome 16, bGalGal1.mat.broiler.GRCg7b, whole genome shotgun sequence	C	32	788803
NC_052547.1 Gallus gallus isolate bGalGal1 chromosome 16, bGalGal1.mat.broiler.GRCg7b, whole genome shotgun sequence	T	16	789259
NC_052547.1 Gallus gallus isolate bGalGal1 chromosome 16, bGalGal1.mat.broiler.GRCg7b, whole genome shotgun sequence	C	16	718961
NC_052547.1 Gallus gallus isolate bGalGal1 chromosome 16, bGalGal1.mat.broiler.GRCg7b, whole genome shotgun sequence	T	24	719102
NC_052547.1 Gallus gallus isolate bGalGal1 chromosome 16, bGalGal1.mat.broiler.GRCg7b, whole genome shotgun sequence	T	16	719971
NC_052547.1 Gallus gallus isolate bGalGal1 chromosome 16, bGalGal1.mat.broiler.GRCg7b, whole genome shotgun sequence	C	16	743698
NC_052547.1 Gallus gallus isolate bGalGal1 chromosome 16, bGalGal1.mat.broiler.GRCg7b, whole genome shotgun sequence	C	30	743772
NC_052547.1 Gallus gallus isolate bGalGal1 chromosome 16, bGalGal1.mat.broiler.GRCg7b, whole genome shotgun sequence	T	19	744299
NC_052547.1 Gallus gallus isolate bGalGal1 chromosome 16, bGalGal1.mat.broiler.GRCg7b, whole genome shotgun sequence	C	16	746303
NC_052547.1 Gallus gallus isolate bGalGal1 chromosome 16, bGalGal1.mat.broiler.GRCg7b, whole genome shotgun sequence	T	22	746440
NC_052547.1 Gallus gallus isolate bGalGal1 chromosome 16, bGalGal1.mat.broiler.GRCg7b, whole genome shotgun sequence	T	16	747298
NC_052547.1 Gallus gallus isolate bGalGal1 chromosome 16, bGalGal1.mat.broiler.GRCg7b, whole genome shotgun sequence	C	16	771281
NC_052547.1 Gallus gallus isolate bGalGal1 chromosome 16, bGalGal1.mat.broiler.GRCg7b, whole genome shotgun sequence	C	32	771355
NC_052547.1 Gallus gallus isolate bGalGal1 chromosome 16, bGalGal1.mat.broiler.GRCg7b, whole genome shotgun sequence	T	19	771885
NC_052547.1 Gallus gallus isolate bGalGal1 chromosome 16, bGalGal1.mat.broiler.GRCg7b, whole genome shotgun sequence	C	33	773027
NC_052547.1 Gallus gallus isolate bGalGal1 chromosome 16, bGalGal1.mat.broiler.GRCg7b, whole genome shotgun sequence	T	19	773554
NC_052547.1 Gallus gallus isolate bGalGal1 chromosome 16, bGalGal1.mat.broiler.GRCg7b, whole genome shotgun sequence	C	24	1135077
NC_052547.1 Gallus gallus isolate bGalGal1 chromosome 16, bGalGal1.mat.broiler.GRCg7b, whole genome shotgun sequence	T	21	1135952
NC_052547.1 Gallus gallus isolate bGalGal1 chromosome 16, bGalGal1.mat.broiler.GRCg7b, whole genome shotgun sequence	C	19	1136338
NC_052547.1 Gallus gallus isolate bGalGal1 chromosome 16, bGalGal1.mat.broiler.GRCg7b, whole genome shotgun sequence	C	19	1136759
NC_052547.1 Gallus gallus isolate bGalGal1 chromosome 16, bGalGal1.mat.broiler.GRCg7b, whole genome shotgun sequence	T	19	1136898
NC_052547.1 Gallus gallus isolate bGalGal1 chromosome 16, bGalGal1.mat.broiler.GRCg7b, whole genome shotgun sequence	C	20	1137320
NC_052547.1 Gallus gallus isolate bGalGal1 chromosome 16, bGalGal1.mat.broiler.GRCg7b, whole genome shotgun sequence	C	16	1163517
NC_052547.1 Gallus gallus isolate bGalGal1 chromosome 16, bGalGal1.mat.broiler.GRCg7b, whole genome shotgun sequence	C	28	1163591
NC_052547.1 Gallus gallus isolate bGalGal1 chromosome 16, bGalGal1.mat.broiler.GRCg7b, whole genome shotgun sequence	T	19	1164114
NC_052547.1 Gallus gallus isolate bGalGal1 chromosome 16, bGalGal1.mat.broiler.GRCg7b, whole genome shotgun sequence	C	16	1166116
NC_052547.1 Gallus gallus isolate bGalGal1 chromosome 16, bGalGal1.mat.broiler.GRCg7b, whole genome shotgun sequence	T	21	1166256
NC_052547.1 Gallus gallus isolate bGalGal1 chromosome 16, bGalGal1.mat.broiler.GRCg7b, whole genome shotgun sequence	A	16	1166277
NC_052547.1 Gallus gallus isolate bGalGal1 chromosome 16, bGalGal1.mat.broiler.GRCg7b, whole genome shotgun sequence	C	16	1166677
NC_052547.1 Gallus gallus isolate bGalGal1 chromosome 16, bGalGal1.mat.broiler.GRCg7b, whole genome shotgun sequence	T	16	1167116
NC_052547.1 Gallus gallus isolate bGalGal1 chromosome 16, bGalGal1.mat.broiler.GRCg7b, whole genome shotgun sequence	C	17	1191461
NC_052547.1 Gallus gallus isolate bGalGal1 chromosome 16, bGalGal1.mat.broiler.GRCg7b, whole genome shotgun sequence	C	28	1191536
NC_052547.1 Gallus gallus isolate bGalGal1 chromosome 16, bGalGal1.mat.broiler.GRCg7b, whole genome shotgun sequence	T	19	1192059
NC_052547.1 Gallus gallus isolate bGalGal1 chromosome 16, bGalGal1.mat.broiler.GRCg7b, whole genome shotgun sequence	C	16	1192778
NC_052547.1 Gallus gallus isolate bGalGal1 chromosome 16, bGalGal1.mat.broiler.GRCg7b, whole genome shotgun sequence	C	16	1194076
NC_052547.1 Gallus gallus isolate bGalGal1 chromosome 16, bGalGal1.mat.broiler.GRCg7b, whole genome shotgun sequence	T	23	1194216
NC_052547.1 Gallus gallus isolate bGalGal1 chromosome 16, bGalGal1.mat.broiler.GRCg7b, whole genome shotgun sequence	A	16	1194239
NC_052547.1 Gallus gallus isolate bGalGal1 chromosome 16, bGalGal1.mat.broiler.GRCg7b, whole genome shotgun sequence	T	16	1195078
NC_052547.1 Gallus gallus isolate bGalGal1 chromosome 16, bGalGal1.mat.broiler.GRCg7b, whole genome shotgun sequence	T	17	877779
NC_052547.1 Gallus gallus isolate bGalGal1 chromosome 16, bGalGal1.mat.broiler.GRCg7b, whole genome shotgun sequence	A	16	882109
NC_052547.1 Gallus gallus isolate bGalGal1 chromosome 16, bGalGal1.mat.broiler.GRCg7b, whole genome shotgun sequence	CCG	17	1040452
NC_052547.1 Gallus gallus isolate bGalGal1 chromosome 16, bGalGal1.mat.broiler.GRCg7b, whole genome shotgun sequence	CCG	16	1078428
NC_052547.1 Gallus gallus isolate bGalGal1 chromosome 16, bGalGal1.mat.broiler.GRCg7b, whole genome shotgun sequence	G	27	969140
NC_052547.1 Gallus gallus isolate bGalGal1 chromosome 16, bGalGal1.mat.broiler.GRCg7b, whole genome shotgun sequence	C	25	1037451
NC_052547.1 Gallus gallus isolate bGalGal1 chromosome 16, bGalGal1.mat.broiler.GRCg7b, whole genome shotgun sequence	T	20	1038317
NC_052547.1 Gallus gallus isolate bGalGal1 chromosome 16, bGalGal1.mat.broiler.GRCg7b, whole genome shotgun sequence	C	19	1038699
NC_052547.1 Gallus gallus isolate bGalGal1 chromosome 16, bGalGal1.mat.broiler.GRCg7b, whole genome shotgun sequence	C	23	1039121
NC_052547.1 Gallus gallus isolate bGalGal1 chromosome 16, bGalGal1.mat.broiler.GRCg7b, whole genome shotgun sequence	T	24	1039263
NC_052547.1 Gallus gallus isolate bGalGal1 chromosome 16, bGalGal1.mat.broiler.GRCg7b, whole genome shotgun sequence	C	23	1039687
NC_052547.1 Gallus gallus isolate bGalGal1 chromosome 16, bGalGal1.mat.broiler.GRCg7b, whole genome shotgun sequence	T	16	1040131
NC_052547.1 Gallus gallus isolate bGalGal1 chromosome 16, bGalGal1.mat.broiler.GRCg7b, whole genome shotgun sequence	C	24	1075441
NC_052547.1 Gallus gallus isolate bGalGal1 chromosome 16, bGalGal1.mat.broiler.GRCg7b, whole genome shotgun sequence	T	19	1076298
NC_052547.1 Gallus gallus isolate bGalGal1 chromosome 16, bGalGal1.mat.broiler.GRCg7b, whole genome shotgun sequence	C	19	1076678
NC_052547.1 Gallus gallus isolate bGalGal1 chromosome 16, bGalGal1.mat.broiler.GRCg7b, whole genome shotgun sequence	C	21	1077101
NC_052547.1 Gallus gallus isolate bGalGal1 chromosome 16, bGalGal1.mat.broiler.GRCg7b, whole genome shotgun sequence	T	22	1077239
NC_052547.1 Gallus gallus isolate bGalGal1 chromosome 16, bGalGal1.mat.broiler.GRCg7b, whole genome shotgun sequence	A	16	1077261
NC_052547.1 Gallus gallus isolate bGalGal1 chromosome 16, bGalGal1.mat.broiler.GRCg7b, whole genome shotgun sequence	C	22	1077662
NC_052547.1 Gallus gallus isolate bGalGal1 chromosome 16, bGalGal1.mat.broiler.GRCg7b, whole genome shotgun sequence	T	16	1078107
NC_052547.1 Gallus gallus isolate bGalGal1 chromosome 16, bGalGal1.mat.broiler.GRCg7b, whole genome shotgun sequence	GCT	22	1235123
NC_052547.1 Gallus gallus isolate bGalGal1 chromosome 16, bGalGal1.mat.broiler.GRCg7b, whole genome shotgun sequence	CTTCC	49	1298479
NC_052547.1 Gallus gallus isolate bGalGal1 chromosome 16, bGalGal1.mat.broiler.GRCg7b, whole genome shotgun sequence	CTTCC	51	1310850
NC_052547.1 Gallus gallus isolate bGalGal1 chromosome 16, bGalGal1.mat.broiler.GRCg7b, whole genome shotgun sequence	GCT	29	1346255
NC_052547.1 Gallus gallus isolate bGalGal1 chromosome 16, bGalGal1.mat.broiler.GRCg7b, whole genome shotgun sequence	G	20	1288013
NC_052547.1 Gallus gallus isolate bGalGal1 chromosome 16, bGalGal1.mat.broiler.GRCg7b, whole genome shotgun sequence	C	67	1909247
NC_052547.1 Gallus gallus isolate bGalGal1 chromosome 16, bGalGal1.mat.broiler.GRCg7b, whole genome shotgun sequence	G	21	1932042
NC_052547.1 Gallus gallus isolate bGalGal1 chromosome 16, bGalGal1.mat.broiler.GRCg7b, whole genome shotgun sequence	G	22	1932279
NC_052547.1 Gallus gallus isolate bGalGal1 chromosome 16, bGalGal1.mat.broiler.GRCg7b, whole genome shotgun sequence	G	19	1932998
NC_052547.1 Gallus gallus isolate bGalGal1 chromosome 16, bGalGal1.mat.broiler.GRCg7b, whole genome shotgun sequence	GCT	30	1384186
NC_052547.1 Gallus gallus isolate bGalGal1 chromosome 16, bGalGal1.mat.broiler.GRCg7b, whole genome shotgun sequence	GCT	22	1486785
NC_052547.1 Gallus gallus isolate bGalGal1 chromosome 16, bGalGal1.mat.broiler.GRCg7b, whole genome shotgun sequence	GCT	22	1517991
NC_052547.1 Gallus gallus isolate bGalGal1 chromosome 16, bGalGal1.mat.broiler.GRCg7b, whole genome shotgun sequence	A	27	1579897
NC_052547.1 Gallus gallus isolate bGalGal1 chromosome 16, bGalGal1.mat.broiler.GRCg7b, whole genome shotgun sequence	T	23	1622650
NC_052547.1 Gallus gallus isolate bGalGal1 chromosome 16, bGalGal1.mat.broiler.GRCg7b, whole genome shotgun sequence	G	21	1622684
NC_052547.1 Gallus gallus isolate bGalGal1 chromosome 16, bGalGal1.mat.broiler.GRCg7b, whole genome shotgun sequence	G	16	1973161
NC_052547.1 Gallus gallus isolate bGalGal1 chromosome 16, bGalGal1.mat.broiler.GRCg7b, whole genome shotgun sequence	G	17	2309813
NC_052547.1 Gallus gallus isolate bGalGal1 chromosome 16, bGalGal1.mat.broiler.GRCg7b, whole genome shotgun sequence	G	23	2326734
NC_052547.1 Gallus gallus isolate bGalGal1 chromosome 16, bGalGal1.mat.broiler.GRCg7b, whole genome shotgun sequence	G	18	2331479
NC_052547.1 Gallus gallus isolate bGalGal1 chromosome 16, bGalGal1.mat.broiler.GRCg7b, whole genome shotgun sequence	G	32	2331498
NC_052547.1 Gallus gallus isolate bGalGal1 chromosome 16, bGalGal1.mat.broiler.GRCg7b, whole genome shotgun sequence	G	36	2385783
NC_052547.1 Gallus gallus isolate bGalGal1 chromosome 16, bGalGal1.mat.broiler.GRCg7b, whole genome shotgun sequence	CAGCCC	67	1711914
NC_052547.1 Gallus gallus isolate bGalGal1 chromosome 16, bGalGal1.mat.broiler.GRCg7b, whole genome shotgun sequence	GCAGCC	15	1778547
NC_052547.1 Gallus gallus isolate bGalGal1 chromosome 16, bGalGal1.mat.broiler.GRCg7b, whole genome shotgun sequence	AGGA	17	1901775
NC_052547.1 Gallus gallus isolate bGalGal1 chromosome 16, bGalGal1.mat.broiler.GRCg7b, whole genome shotgun sequence	AGGA	16	1901961
NC_052547.1 Gallus gallus isolate bGalGal1 chromosome 16, bGalGal1.mat.broiler.GRCg7b, whole genome shotgun sequence	GGAA	17	1902118
NC_052547.1 Gallus gallus isolate bGalGal1 chromosome 16, bGalGal1.mat.broiler.GRCg7b, whole genome shotgun sequence	GGAA	22	1902198
NC_052547.1 Gallus gallus isolate bGalGal1 chromosome 16, bGalGal1.mat.broiler.GRCg7b, whole genome shotgun sequence	GGAA	19	1902310
NC_052547.1 Gallus gallus isolate bGalGal1 chromosome 16, bGalGal1.mat.broiler.GRCg7b, whole genome shotgun sequence	GGAA	18	1902422
NC_052547.1 Gallus gallus isolate bGalGal1 chromosome 16, bGalGal1.mat.broiler.GRCg7b, whole genome shotgun sequence	GGAA	21	1902682
NC_052547.1 Gallus gallus isolate bGalGal1 chromosome 16, bGalGal1.mat.broiler.GRCg7b, whole genome shotgun sequence	GGAA	28	1902930
NC_052547.1 Gallus gallus isolate bGalGal1 chromosome 16, bGalGal1.mat.broiler.GRCg7b, whole genome shotgun sequence	GGAA	21	1903422
NC_052547.1 Gallus gallus isolate bGalGal1 chromosome 16, bGalGal1.mat.broiler.GRCg7b, whole genome shotgun sequence	GGAA	18	1903522
NC_052547.1 Gallus gallus isolate bGalGal1 chromosome 16, bGalGal1.mat.broiler.GRCg7b, whole genome shotgun sequence	GGAA	18	1903706
NC_052547.1 Gallus gallus isolate bGalGal1 chromosome 16, bGalGal1.mat.broiler.GRCg7b, whole genome shotgun sequence	GGAA	22	1904002
NC_052547.1 Gallus gallus isolate bGalGal1 chromosome 16, bGalGal1.mat.broiler.GRCg7b, whole genome shotgun sequence	GGAA	19	1904174
NC_052547.1 Gallus gallus isolate bGalGal1 chromosome 16, bGalGal1.mat.broiler.GRCg7b, whole genome shotgun sequence	GAAG	15	1904286
NC_052547.1 Gallus gallus isolate bGalGal1 chromosome 16, bGalGal1.mat.broiler.GRCg7b, whole genome shotgun sequence	AGC	25	1778477
NC_052547.1 Gallus gallus isolate bGalGal1 chromosome 16, bGalGal1.mat.broiler.GRCg7b, whole genome shotgun sequence	T	25	1684501
NC_052547.1 Gallus gallus isolate bGalGal1 chromosome 16, bGalGal1.mat.broiler.GRCg7b, whole genome shotgun sequence	G	24	1685840
NC_052547.1 Gallus gallus isolate bGalGal1 chromosome 16, bGalGal1.mat.broiler.GRCg7b, whole genome shotgun sequence	G	17	1881424
NC_052547.1 Gallus gallus isolate bGalGal1 chromosome 16, bGalGal1.mat.broiler.GRCg7b, whole genome shotgun sequence	C	45	2386319
NC_052547.1 Gallus gallus isolate bGalGal1 chromosome 16, bGalGal1.mat.broiler.GRCg7b, whole genome shotgun sequence	C	22	2386575
NC_052547.1 Gallus gallus isolate bGalGal1 chromosome 16, bGalGal1.mat.broiler.GRCg7b, whole genome shotgun sequence	G	16	2387952
NC_052547.1 Gallus gallus isolate bGalGal1 chromosome 16, bGalGal1.mat.broiler.GRCg7b, whole genome shotgun sequence	G	16	2389755
NC_052547.1 Gallus gallus isolate bGalGal1 chromosome 16, bGalGal1.mat.broiler.GRCg7b, whole genome shotgun sequence	C	17	2407297
NC_052547.1 Gallus gallus isolate bGalGal1 chromosome 16, bGalGal1.mat.broiler.GRCg7b, whole genome shotgun sequence	C	17	2539878
NC_052547.1 Gallus gallus isolate bGalGal1 chromosome 16, bGalGal1.mat.broiler.GRCg7b, whole genome shotgun sequence	AGGGA	17	2436050
NC_052547.1 Gallus gallus isolate bGalGal1 chromosome 16, bGalGal1.mat.broiler.GRCg7b, whole genome shotgun sequence	AGGGA	60	2436134
NC_052547.1 Gallus gallus isolate bGalGal1 chromosome 16, bGalGal1.mat.broiler.GRCg7b, whole genome shotgun sequence	AGAGG	20	2462132
NC_052547.1 Gallus gallus isolate bGalGal1 chromosome 16, bGalGal1.mat.broiler.GRCg7b, whole genome shotgun sequence	AGAGA	26	2462232
NC_052547.1 Gallus gallus isolate bGalGal1 chromosome 16, bGalGal1.mat.broiler.GRCg7b, whole genome shotgun sequence	AGAGG	29	2550586
NC_052547.1 Gallus gallus isolate bGalGal1 chromosome 16, bGalGal1.mat.broiler.GRCg7b, whole genome shotgun sequence	AGAGA	25	2550731
NC_052547.1 Gallus gallus isolate bGalGal1 chromosome 16, bGalGal1.mat.broiler.GRCg7b, whole genome shotgun sequence	C	16	2580006
NC_052547.1 Gallus gallus isolate bGalGal1 chromosome 16, bGalGal1.mat.broiler.GRCg7b, whole genome shotgun sequence	CCA	14	1994637
NC_052547.1 Gallus gallus isolate bGalGal1 chromosome 16, bGalGal1.mat.broiler.GRCg7b, whole genome shotgun sequence	G	17	1998154
NC_052547.1 Gallus gallus isolate bGalGal1 chromosome 16, bGalGal1.mat.broiler.GRCg7b, whole genome shotgun sequence	C	17	2005097
NC_052547.1 Gallus gallus isolate bGalGal1 chromosome 16, bGalGal1.mat.broiler.GRCg7b, whole genome shotgun sequence	G	17	2007242
NC_052547.1 Gallus gallus isolate bGalGal1 chromosome 16, bGalGal1.mat.broiler.GRCg7b, whole genome shotgun sequence	A	18	2073300
NC_052547.1 Gallus gallus isolate bGalGal1 chromosome 16, bGalGal1.mat.broiler.GRCg7b, whole genome shotgun sequence	C	16	2085686
NC_052547.1 Gallus gallus isolate bGalGal1 chromosome 16, bGalGal1.mat.broiler.GRCg7b, whole genome shotgun sequence	C	16	2088016
NC_052547.1 Gallus gallus isolate bGalGal1 chromosome 16, bGalGal1.mat.broiler.GRCg7b, whole genome shotgun sequence	T	21	2091989
NC_052547.1 Gallus gallus isolate bGalGal1 chromosome 16, bGalGal1.mat.broiler.GRCg7b, whole genome shotgun sequence	T	28	2095111
NC_052547.1 Gallus gallus isolate bGalGal1 chromosome 16, bGalGal1.mat.broiler.GRCg7b, whole genome shotgun sequence	G	16	2101399
NC_052547.1 Gallus gallus isolate bGalGal1 chromosome 16, bGalGal1.mat.broiler.GRCg7b, whole genome shotgun sequence	G	24	2143446
NC_052547.1 Gallus gallus isolate bGalGal1 chromosome 16, bGalGal1.mat.broiler.GRCg7b, whole genome shotgun sequence	T	16	2155913
NC_052547.1 Gallus gallus isolate bGalGal1 chromosome 16, bGalGal1.mat.broiler.GRCg7b, whole genome shotgun sequence	A	17	2168897
NC_052547.1 Gallus gallus isolate bGalGal1 chromosome 16, bGalGal1.mat.broiler.GRCg7b, whole genome shotgun sequence	A	23	2171009
NC_052547.1 Gallus gallus isolate bGalGal1 chromosome 16, bGalGal1.mat.broiler.GRCg7b, whole genome shotgun sequence	C	26	2184941
NC_052547.1 Gallus gallus isolate bGalGal1 chromosome 16, bGalGal1.mat.broiler.GRCg7b, whole genome shotgun sequence	T	19	2195216
NC_052547.1 Gallus gallus isolate bGalGal1 chromosome 16, bGalGal1.mat.broiler.GRCg7b, whole genome shotgun sequence	A	17	2195260
NC_052547.1 Gallus gallus isolate bGalGal1 chromosome 16, bGalGal1.mat.broiler.GRCg7b, whole genome shotgun sequence	G	22	2226852
NC_052547.1 Gallus gallus isolate bGalGal1 chromosome 16, bGalGal1.mat.broiler.GRCg7b, whole genome shotgun sequence	C	19	2245942
NC_052547.1 Gallus gallus isolate bGalGal1 chromosome 16, bGalGal1.mat.broiler.GRCg7b, whole genome shotgun sequence	C	17	2252514
NC_052547.1 Gallus gallus isolate bGalGal1 chromosome 16, bGalGal1.mat.broiler.GRCg7b, whole genome shotgun sequence	G	30	2277197
NC_052547.1 Gallus gallus isolate bGalGal1 chromosome 16, bGalGal1.mat.broiler.GRCg7b, whole genome shotgun sequence	A	17	2289704
NC_052547.1 Gallus gallus isolate bGalGal1 chromosome 16, bGalGal1.mat.broiler.GRCg7b, whole genome shotgun sequence	GGTTAG	16	2694369
NC_052547.1 Gallus gallus isolate bGalGal1 chromosome 16, bGalGal1.mat.broiler.GRCg7b, whole genome shotgun sequence	TAGGGT	19	2694467
NC_052547.1 Gallus gallus isolate bGalGal1 chromosome 16, bGalGal1.mat.broiler.GRCg7b, whole genome shotgun sequence	TTAGGG	49	2694838
NC_052547.1 Gallus gallus isolate bGalGal1 chromosome 16, bGalGal1.mat.broiler.GRCg7b, whole genome shotgun sequence	GGGTTA	170	2695603
NC_052547.1 Gallus gallus isolate bGalGal1 chromosome 16, bGalGal1.mat.broiler.GRCg7b, whole genome shotgun sequence	GGTTAG	170	2697150
NC_052547.1 Gallus gallus isolate bGalGal1 chromosome 16, bGalGal1.mat.broiler.GRCg7b, whole genome shotgun sequence	TTAGGG	29	2699018
NC_052547.1 Gallus gallus isolate bGalGal1 chromosome 16, bGalGal1.mat.broiler.GRCg7b, whole genome shotgun sequence	TAGGGT	100	2699491
NC_052547.1 Gallus gallus isolate bGalGal1 chromosome 16, bGalGal1.mat.broiler.GRCg7b, whole genome shotgun sequence	TAGGGT	16	2700268
NC_052547.1 Gallus gallus isolate bGalGal1 chromosome 16, bGalGal1.mat.broiler.GRCg7b, whole genome shotgun sequence	TAGGGT	22	2700421
NC_052547.1 Gallus gallus isolate bGalGal1 chromosome 16, bGalGal1.mat.broiler.GRCg7b, whole genome shotgun sequence	GGTTAG	47	2700566
NC_052547.1 Gallus gallus isolate bGalGal1 chromosome 16, bGalGal1.mat.broiler.GRCg7b, whole genome shotgun sequence	GGTTAG	114	2700854
NC_052547.1 Gallus gallus isolate bGalGal1 chromosome 16, bGalGal1.mat.broiler.GRCg7b, whole genome shotgun sequence	GGTTAG	59	2701542
NC_052547.1 Gallus gallus isolate bGalGal1 chromosome 16, bGalGal1.mat.broiler.GRCg7b, whole genome shotgun sequence	AGGGTT	16	2701997
NC_052547.1 Gallus gallus isolate bGalGal1 chromosome 16, bGalGal1.mat.broiler.GRCg7b, whole genome shotgun sequence	TTAGGG	42	2702102
NC_052547.1 Gallus gallus isolate bGalGal1 chromosome 16, bGalGal1.mat.broiler.GRCg7b, whole genome shotgun sequence	GGGTTA	303	2702357
NC_052547.1 Gallus gallus isolate bGalGal1 chromosome 16, bGalGal1.mat.broiler.GRCg7b, whole genome shotgun sequence	GGGTTA	93	2704181
NC_052547.1 Gallus gallus isolate bGalGal1 chromosome 16, bGalGal1.mat.broiler.GRCg7b, whole genome shotgun sequence	GGTTAG	157	2704739
NC_052547.1 Gallus gallus isolate bGalGal1 chromosome 16, bGalGal1.mat.broiler.GRCg7b, whole genome shotgun sequence	GAGAA	24	2628762
NC_052547.1 Gallus gallus isolate bGalGal1 chromosome 16, bGalGal1.mat.broiler.GRCg7b, whole genome shotgun sequence	C	19	2580502
NC_052547.1 Gallus gallus isolate bGalGal1 chromosome 16, bGalGal1.mat.broiler.GRCg7b, whole genome shotgun sequence	G	17	2635486
