#Sequence_Name	SSR	Repeats	Position
NC_052550.1 Gallus gallus isolate bGalGal1 chromosome 19, bGalGal1.mat.broiler.GRCg7b, whole genome shotgun sequence	A	24	108475
NC_052550.1 Gallus gallus isolate bGalGal1 chromosome 19, bGalGal1.mat.broiler.GRCg7b, whole genome shotgun sequence	A	27	116311
NC_052550.1 Gallus gallus isolate bGalGal1 chromosome 19, bGalGal1.mat.broiler.GRCg7b, whole genome shotgun sequence	T	30	233627
NC_052550.1 Gallus gallus isolate bGalGal1 chromosome 19, bGalGal1.mat.broiler.GRCg7b, whole genome shotgun sequence	T	28	241501
NC_052550.1 Gallus gallus isolate bGalGal1 chromosome 19, bGalGal1.mat.broiler.GRCg7b, whole genome shotgun sequence	T	25	249340
NC_052550.1 Gallus gallus isolate bGalGal1 chromosome 19, bGalGal1.mat.broiler.GRCg7b, whole genome shotgun sequence	T	25	257175
NC_052550.1 Gallus gallus isolate bGalGal1 chromosome 19, bGalGal1.mat.broiler.GRCg7b, whole genome shotgun sequence	T	24	265009
NC_052550.1 Gallus gallus isolate bGalGal1 chromosome 19, bGalGal1.mat.broiler.GRCg7b, whole genome shotgun sequence	T	23	272848
NC_052550.1 Gallus gallus isolate bGalGal1 chromosome 19, bGalGal1.mat.broiler.GRCg7b, whole genome shotgun sequence	A	26	277907
NC_052550.1 Gallus gallus isolate bGalGal1 chromosome 19, bGalGal1.mat.broiler.GRCg7b, whole genome shotgun sequence	A	27	285751
NC_052550.1 Gallus gallus isolate bGalGal1 chromosome 19, bGalGal1.mat.broiler.GRCg7b, whole genome shotgun sequence	AAGGG	15	366000
NC_052550.1 Gallus gallus isolate bGalGal1 chromosome 19, bGalGal1.mat.broiler.GRCg7b, whole genome shotgun sequence	A	26	329684
NC_052550.1 Gallus gallus isolate bGalGal1 chromosome 19, bGalGal1.mat.broiler.GRCg7b, whole genome shotgun sequence	G	30	336921
NC_052550.1 Gallus gallus isolate bGalGal1 chromosome 19, bGalGal1.mat.broiler.GRCg7b, whole genome shotgun sequence	C	57	337161
NC_052550.1 Gallus gallus isolate bGalGal1 chromosome 19, bGalGal1.mat.broiler.GRCg7b, whole genome shotgun sequence	A	21	363755
NC_052550.1 Gallus gallus isolate bGalGal1 chromosome 19, bGalGal1.mat.broiler.GRCg7b, whole genome shotgun sequence	A	18	365984
NC_052550.1 Gallus gallus isolate bGalGal1 chromosome 19, bGalGal1.mat.broiler.GRCg7b, whole genome shotgun sequence	A	19	372443
NC_052550.1 Gallus gallus isolate bGalGal1 chromosome 19, bGalGal1.mat.broiler.GRCg7b, whole genome shotgun sequence	A	19	376563
NC_052550.1 Gallus gallus isolate bGalGal1 chromosome 19, bGalGal1.mat.broiler.GRCg7b, whole genome shotgun sequence	CTTTCC	41	1277181
NC_052550.1 Gallus gallus isolate bGalGal1 chromosome 19, bGalGal1.mat.broiler.GRCg7b, whole genome shotgun sequence	GGTTAG	95	10444357
NC_052550.1 Gallus gallus isolate bGalGal1 chromosome 19, bGalGal1.mat.broiler.GRCg7b, whole genome shotgun sequence	AGGGTT	53	10444931
NC_052550.1 Gallus gallus isolate bGalGal1 chromosome 19, bGalGal1.mat.broiler.GRCg7b, whole genome shotgun sequence	AGGGTT	56	10445308
NC_052550.1 Gallus gallus isolate bGalGal1 chromosome 19, bGalGal1.mat.broiler.GRCg7b, whole genome shotgun sequence	TAGGGT	590	10445677
NC_052550.1 Gallus gallus isolate bGalGal1 chromosome 19, bGalGal1.mat.broiler.GRCg7b, whole genome shotgun sequence	GGTTAG	28	10449219
NC_052550.1 Gallus gallus isolate bGalGal1 chromosome 19, bGalGal1.mat.broiler.GRCg7b, whole genome shotgun sequence	GGTTAG	70	10449452
NC_052550.1 Gallus gallus isolate bGalGal1 chromosome 19, bGalGal1.mat.broiler.GRCg7b, whole genome shotgun sequence	GGGTTA	16	10450019
NC_052550.1 Gallus gallus isolate bGalGal1 chromosome 19, bGalGal1.mat.broiler.GRCg7b, whole genome shotgun sequence	GGTTAG	68	10450115
NC_052550.1 Gallus gallus isolate bGalGal1 chromosome 19, bGalGal1.mat.broiler.GRCg7b, whole genome shotgun sequence	GGTTAG	25	10450522
NC_052550.1 Gallus gallus isolate bGalGal1 chromosome 19, bGalGal1.mat.broiler.GRCg7b, whole genome shotgun sequence	TAGGGT	38	10450894
NC_052550.1 Gallus gallus isolate bGalGal1 chromosome 19, bGalGal1.mat.broiler.GRCg7b, whole genome shotgun sequence	GGTTAG	24	10451195
NC_052550.1 Gallus gallus isolate bGalGal1 chromosome 19, bGalGal1.mat.broiler.GRCg7b, whole genome shotgun sequence	TAGGGT	14	10451462
NC_052550.1 Gallus gallus isolate bGalGal1 chromosome 19, bGalGal1.mat.broiler.GRCg7b, whole genome shotgun sequence	GGGTTA	14	10451618
NC_052550.1 Gallus gallus isolate bGalGal1 chromosome 19, bGalGal1.mat.broiler.GRCg7b, whole genome shotgun sequence	TAGGGT	14	10451842
NC_052550.1 Gallus gallus isolate bGalGal1 chromosome 19, bGalGal1.mat.broiler.GRCg7b, whole genome shotgun sequence	GGTTAG	17	10451928
NC_052550.1 Gallus gallus isolate bGalGal1 chromosome 19, bGalGal1.mat.broiler.GRCg7b, whole genome shotgun sequence	GGTTAG	17	10452139
NC_052550.1 Gallus gallus isolate bGalGal1 chromosome 19, bGalGal1.mat.broiler.GRCg7b, whole genome shotgun sequence	GGTTAG	20	10452276
NC_052550.1 Gallus gallus isolate bGalGal1 chromosome 19, bGalGal1.mat.broiler.GRCg7b, whole genome shotgun sequence	GGTTAG	89	10452741
NC_052550.1 Gallus gallus isolate bGalGal1 chromosome 19, bGalGal1.mat.broiler.GRCg7b, whole genome shotgun sequence	TAGGGT	29	10453323
NC_052550.1 Gallus gallus isolate bGalGal1 chromosome 19, bGalGal1.mat.broiler.GRCg7b, whole genome shotgun sequence	GGTTAG	35	10453499
NC_052550.1 Gallus gallus isolate bGalGal1 chromosome 19, bGalGal1.mat.broiler.GRCg7b, whole genome shotgun sequence	GGTTAG	18	10453708
NC_052550.1 Gallus gallus isolate bGalGal1 chromosome 19, bGalGal1.mat.broiler.GRCg7b, whole genome shotgun sequence	GGTTAG	82	10453815
NC_052550.1 Gallus gallus isolate bGalGal1 chromosome 19, bGalGal1.mat.broiler.GRCg7b, whole genome shotgun sequence	GGGTTA	21	10454312
NC_052550.1 Gallus gallus isolate bGalGal1 chromosome 19, bGalGal1.mat.broiler.GRCg7b, whole genome shotgun sequence	TAGGGT	23	10454702
NC_052550.1 Gallus gallus isolate bGalGal1 chromosome 19, bGalGal1.mat.broiler.GRCg7b, whole genome shotgun sequence	TAGGGT	22	10454881
NC_052550.1 Gallus gallus isolate bGalGal1 chromosome 19, bGalGal1.mat.broiler.GRCg7b, whole genome shotgun sequence	TTAGGG	22	10455013
NC_052550.1 Gallus gallus isolate bGalGal1 chromosome 19, bGalGal1.mat.broiler.GRCg7b, whole genome shotgun sequence	TCTCC	50	1047642
NC_052550.1 Gallus gallus isolate bGalGal1 chromosome 19, bGalGal1.mat.broiler.GRCg7b, whole genome shotgun sequence	TTCCC	18	1277423
NC_052550.1 Gallus gallus isolate bGalGal1 chromosome 19, bGalGal1.mat.broiler.GRCg7b, whole genome shotgun sequence	CTTCC	46	1424145
NC_052550.1 Gallus gallus isolate bGalGal1 chromosome 19, bGalGal1.mat.broiler.GRCg7b, whole genome shotgun sequence	TTCCC	47	1579603
NC_052550.1 Gallus gallus isolate bGalGal1 chromosome 19, bGalGal1.mat.broiler.GRCg7b, whole genome shotgun sequence	AAGGC	27	2613567
NC_052550.1 Gallus gallus isolate bGalGal1 chromosome 19, bGalGal1.mat.broiler.GRCg7b, whole genome shotgun sequence	AAGGA	46	2613702
NC_052550.1 Gallus gallus isolate bGalGal1 chromosome 19, bGalGal1.mat.broiler.GRCg7b, whole genome shotgun sequence	TTCCC	19	3764343
NC_052550.1 Gallus gallus isolate bGalGal1 chromosome 19, bGalGal1.mat.broiler.GRCg7b, whole genome shotgun sequence	TTCCC	22	3804285
NC_052550.1 Gallus gallus isolate bGalGal1 chromosome 19, bGalGal1.mat.broiler.GRCg7b, whole genome shotgun sequence	TCCCT	43	4371191
NC_052550.1 Gallus gallus isolate bGalGal1 chromosome 19, bGalGal1.mat.broiler.GRCg7b, whole genome shotgun sequence	GAGAG	39	6166406
NC_052550.1 Gallus gallus isolate bGalGal1 chromosome 19, bGalGal1.mat.broiler.GRCg7b, whole genome shotgun sequence	GAAAA	28	9601066
NC_052550.1 Gallus gallus isolate bGalGal1 chromosome 19, bGalGal1.mat.broiler.GRCg7b, whole genome shotgun sequence	ATCC	14	914031
NC_052550.1 Gallus gallus isolate bGalGal1 chromosome 19, bGalGal1.mat.broiler.GRCg7b, whole genome shotgun sequence	ATCC	15	6666174
NC_052550.1 Gallus gallus isolate bGalGal1 chromosome 19, bGalGal1.mat.broiler.GRCg7b, whole genome shotgun sequence	GATG	14	9337275
NC_052550.1 Gallus gallus isolate bGalGal1 chromosome 19, bGalGal1.mat.broiler.GRCg7b, whole genome shotgun sequence	TTA	16	7947260
NC_052550.1 Gallus gallus isolate bGalGal1 chromosome 19, bGalGal1.mat.broiler.GRCg7b, whole genome shotgun sequence	AAT	15	8139811
NC_052550.1 Gallus gallus isolate bGalGal1 chromosome 19, bGalGal1.mat.broiler.GRCg7b, whole genome shotgun sequence	CA	16	1580337
NC_052550.1 Gallus gallus isolate bGalGal1 chromosome 19, bGalGal1.mat.broiler.GRCg7b, whole genome shotgun sequence	AC	15	2394592
NC_052550.1 Gallus gallus isolate bGalGal1 chromosome 19, bGalGal1.mat.broiler.GRCg7b, whole genome shotgun sequence	TA	34	3134961
NC_052550.1 Gallus gallus isolate bGalGal1 chromosome 19, bGalGal1.mat.broiler.GRCg7b, whole genome shotgun sequence	AC	20	3858441
NC_052550.1 Gallus gallus isolate bGalGal1 chromosome 19, bGalGal1.mat.broiler.GRCg7b, whole genome shotgun sequence	CA	19	4256005
NC_052550.1 Gallus gallus isolate bGalGal1 chromosome 19, bGalGal1.mat.broiler.GRCg7b, whole genome shotgun sequence	AT	15	4256973
NC_052550.1 Gallus gallus isolate bGalGal1 chromosome 19, bGalGal1.mat.broiler.GRCg7b, whole genome shotgun sequence	TA	24	5451851
NC_052550.1 Gallus gallus isolate bGalGal1 chromosome 19, bGalGal1.mat.broiler.GRCg7b, whole genome shotgun sequence	TG	14	5486071
NC_052550.1 Gallus gallus isolate bGalGal1 chromosome 19, bGalGal1.mat.broiler.GRCg7b, whole genome shotgun sequence	CA	20	5527137
NC_052550.1 Gallus gallus isolate bGalGal1 chromosome 19, bGalGal1.mat.broiler.GRCg7b, whole genome shotgun sequence	TA	22	5530262
NC_052550.1 Gallus gallus isolate bGalGal1 chromosome 19, bGalGal1.mat.broiler.GRCg7b, whole genome shotgun sequence	TA	19	5760949
NC_052550.1 Gallus gallus isolate bGalGal1 chromosome 19, bGalGal1.mat.broiler.GRCg7b, whole genome shotgun sequence	TG	18	5788019
NC_052550.1 Gallus gallus isolate bGalGal1 chromosome 19, bGalGal1.mat.broiler.GRCg7b, whole genome shotgun sequence	AG	14	6066973
NC_052550.1 Gallus gallus isolate bGalGal1 chromosome 19, bGalGal1.mat.broiler.GRCg7b, whole genome shotgun sequence	AC	18	6069146
NC_052550.1 Gallus gallus isolate bGalGal1 chromosome 19, bGalGal1.mat.broiler.GRCg7b, whole genome shotgun sequence	GA	16	6315296
NC_052550.1 Gallus gallus isolate bGalGal1 chromosome 19, bGalGal1.mat.broiler.GRCg7b, whole genome shotgun sequence	AC	17	6553219
NC_052550.1 Gallus gallus isolate bGalGal1 chromosome 19, bGalGal1.mat.broiler.GRCg7b, whole genome shotgun sequence	CA	19	6956736
NC_052550.1 Gallus gallus isolate bGalGal1 chromosome 19, bGalGal1.mat.broiler.GRCg7b, whole genome shotgun sequence	AC	19	7240662
NC_052550.1 Gallus gallus isolate bGalGal1 chromosome 19, bGalGal1.mat.broiler.GRCg7b, whole genome shotgun sequence	GT	16	7692336
NC_052550.1 Gallus gallus isolate bGalGal1 chromosome 19, bGalGal1.mat.broiler.GRCg7b, whole genome shotgun sequence	TG	19	7746070
NC_052550.1 Gallus gallus isolate bGalGal1 chromosome 19, bGalGal1.mat.broiler.GRCg7b, whole genome shotgun sequence	GA	26	8381332
NC_052550.1 Gallus gallus isolate bGalGal1 chromosome 19, bGalGal1.mat.broiler.GRCg7b, whole genome shotgun sequence	AG	16	8432280
NC_052550.1 Gallus gallus isolate bGalGal1 chromosome 19, bGalGal1.mat.broiler.GRCg7b, whole genome shotgun sequence	TG	15	8710462
NC_052550.1 Gallus gallus isolate bGalGal1 chromosome 19, bGalGal1.mat.broiler.GRCg7b, whole genome shotgun sequence	GT	19	8851928
NC_052550.1 Gallus gallus isolate bGalGal1 chromosome 19, bGalGal1.mat.broiler.GRCg7b, whole genome shotgun sequence	TA	15	8892305
NC_052550.1 Gallus gallus isolate bGalGal1 chromosome 19, bGalGal1.mat.broiler.GRCg7b, whole genome shotgun sequence	CA	22	9117281
NC_052550.1 Gallus gallus isolate bGalGal1 chromosome 19, bGalGal1.mat.broiler.GRCg7b, whole genome shotgun sequence	TG	31	9840248
NC_052550.1 Gallus gallus isolate bGalGal1 chromosome 19, bGalGal1.mat.broiler.GRCg7b, whole genome shotgun sequence	CA	18	10084561
NC_052550.1 Gallus gallus isolate bGalGal1 chromosome 19, bGalGal1.mat.broiler.GRCg7b, whole genome shotgun sequence	TA	15	10354874
NC_052550.1 Gallus gallus isolate bGalGal1 chromosome 19, bGalGal1.mat.broiler.GRCg7b, whole genome shotgun sequence	AT	18	10354921
NC_052550.1 Gallus gallus isolate bGalGal1 chromosome 19, bGalGal1.mat.broiler.GRCg7b, whole genome shotgun sequence	AG	23	10409197
NC_052550.1 Gallus gallus isolate bGalGal1 chromosome 19, bGalGal1.mat.broiler.GRCg7b, whole genome shotgun sequence	A	17	624166
NC_052550.1 Gallus gallus isolate bGalGal1 chromosome 19, bGalGal1.mat.broiler.GRCg7b, whole genome shotgun sequence	T	17	672687
NC_052550.1 Gallus gallus isolate bGalGal1 chromosome 19, bGalGal1.mat.broiler.GRCg7b, whole genome shotgun sequence	C	20	694105
NC_052550.1 Gallus gallus isolate bGalGal1 chromosome 19, bGalGal1.mat.broiler.GRCg7b, whole genome shotgun sequence	T	16	785185
NC_052550.1 Gallus gallus isolate bGalGal1 chromosome 19, bGalGal1.mat.broiler.GRCg7b, whole genome shotgun sequence	C	17	818630
NC_052550.1 Gallus gallus isolate bGalGal1 chromosome 19, bGalGal1.mat.broiler.GRCg7b, whole genome shotgun sequence	T	17	874133
NC_052550.1 Gallus gallus isolate bGalGal1 chromosome 19, bGalGal1.mat.broiler.GRCg7b, whole genome shotgun sequence	T	20	913619
NC_052550.1 Gallus gallus isolate bGalGal1 chromosome 19, bGalGal1.mat.broiler.GRCg7b, whole genome shotgun sequence	A	18	989694
NC_052550.1 Gallus gallus isolate bGalGal1 chromosome 19, bGalGal1.mat.broiler.GRCg7b, whole genome shotgun sequence	G	20	1033613
NC_052550.1 Gallus gallus isolate bGalGal1 chromosome 19, bGalGal1.mat.broiler.GRCg7b, whole genome shotgun sequence	A	17	1036372
NC_052550.1 Gallus gallus isolate bGalGal1 chromosome 19, bGalGal1.mat.broiler.GRCg7b, whole genome shotgun sequence	A	27	1042169
NC_052550.1 Gallus gallus isolate bGalGal1 chromosome 19, bGalGal1.mat.broiler.GRCg7b, whole genome shotgun sequence	T	23	1077700
NC_052550.1 Gallus gallus isolate bGalGal1 chromosome 19, bGalGal1.mat.broiler.GRCg7b, whole genome shotgun sequence	T	18	1080031
NC_052550.1 Gallus gallus isolate bGalGal1 chromosome 19, bGalGal1.mat.broiler.GRCg7b, whole genome shotgun sequence	A	24	1173593
NC_052550.1 Gallus gallus isolate bGalGal1 chromosome 19, bGalGal1.mat.broiler.GRCg7b, whole genome shotgun sequence	G	23	1187813
NC_052550.1 Gallus gallus isolate bGalGal1 chromosome 19, bGalGal1.mat.broiler.GRCg7b, whole genome shotgun sequence	C	20	1191976
NC_052550.1 Gallus gallus isolate bGalGal1 chromosome 19, bGalGal1.mat.broiler.GRCg7b, whole genome shotgun sequence	C	17	1196451
NC_052550.1 Gallus gallus isolate bGalGal1 chromosome 19, bGalGal1.mat.broiler.GRCg7b, whole genome shotgun sequence	G	17	1199097
NC_052550.1 Gallus gallus isolate bGalGal1 chromosome 19, bGalGal1.mat.broiler.GRCg7b, whole genome shotgun sequence	T	19	1222716
NC_052550.1 Gallus gallus isolate bGalGal1 chromosome 19, bGalGal1.mat.broiler.GRCg7b, whole genome shotgun sequence	A	28	1234136
NC_052550.1 Gallus gallus isolate bGalGal1 chromosome 19, bGalGal1.mat.broiler.GRCg7b, whole genome shotgun sequence	A	20	1261104
NC_052550.1 Gallus gallus isolate bGalGal1 chromosome 19, bGalGal1.mat.broiler.GRCg7b, whole genome shotgun sequence	A	18	1280217
NC_052550.1 Gallus gallus isolate bGalGal1 chromosome 19, bGalGal1.mat.broiler.GRCg7b, whole genome shotgun sequence	A	19	1433221
NC_052550.1 Gallus gallus isolate bGalGal1 chromosome 19, bGalGal1.mat.broiler.GRCg7b, whole genome shotgun sequence	A	24	1440170
NC_052550.1 Gallus gallus isolate bGalGal1 chromosome 19, bGalGal1.mat.broiler.GRCg7b, whole genome shotgun sequence	T	16	1454910
NC_052550.1 Gallus gallus isolate bGalGal1 chromosome 19, bGalGal1.mat.broiler.GRCg7b, whole genome shotgun sequence	T	23	1454929
NC_052550.1 Gallus gallus isolate bGalGal1 chromosome 19, bGalGal1.mat.broiler.GRCg7b, whole genome shotgun sequence	T	18	1457566
NC_052550.1 Gallus gallus isolate bGalGal1 chromosome 19, bGalGal1.mat.broiler.GRCg7b, whole genome shotgun sequence	C	18	1460525
NC_052550.1 Gallus gallus isolate bGalGal1 chromosome 19, bGalGal1.mat.broiler.GRCg7b, whole genome shotgun sequence	T	16	1486402
NC_052550.1 Gallus gallus isolate bGalGal1 chromosome 19, bGalGal1.mat.broiler.GRCg7b, whole genome shotgun sequence	T	21	1518266
NC_052550.1 Gallus gallus isolate bGalGal1 chromosome 19, bGalGal1.mat.broiler.GRCg7b, whole genome shotgun sequence	T	16	1539481
NC_052550.1 Gallus gallus isolate bGalGal1 chromosome 19, bGalGal1.mat.broiler.GRCg7b, whole genome shotgun sequence	T	18	1605871
NC_052550.1 Gallus gallus isolate bGalGal1 chromosome 19, bGalGal1.mat.broiler.GRCg7b, whole genome shotgun sequence	A	24	1615379
NC_052550.1 Gallus gallus isolate bGalGal1 chromosome 19, bGalGal1.mat.broiler.GRCg7b, whole genome shotgun sequence	A	20	1639955
NC_052550.1 Gallus gallus isolate bGalGal1 chromosome 19, bGalGal1.mat.broiler.GRCg7b, whole genome shotgun sequence	T	18	1644254
NC_052550.1 Gallus gallus isolate bGalGal1 chromosome 19, bGalGal1.mat.broiler.GRCg7b, whole genome shotgun sequence	A	16	1702270
NC_052550.1 Gallus gallus isolate bGalGal1 chromosome 19, bGalGal1.mat.broiler.GRCg7b, whole genome shotgun sequence	T	17	1768634
NC_052550.1 Gallus gallus isolate bGalGal1 chromosome 19, bGalGal1.mat.broiler.GRCg7b, whole genome shotgun sequence	G	22	1781932
NC_052550.1 Gallus gallus isolate bGalGal1 chromosome 19, bGalGal1.mat.broiler.GRCg7b, whole genome shotgun sequence	A	16	1782787
NC_052550.1 Gallus gallus isolate bGalGal1 chromosome 19, bGalGal1.mat.broiler.GRCg7b, whole genome shotgun sequence	A	16	1833609
NC_052550.1 Gallus gallus isolate bGalGal1 chromosome 19, bGalGal1.mat.broiler.GRCg7b, whole genome shotgun sequence	A	17	1845766
NC_052550.1 Gallus gallus isolate bGalGal1 chromosome 19, bGalGal1.mat.broiler.GRCg7b, whole genome shotgun sequence	T	19	1882534
NC_052550.1 Gallus gallus isolate bGalGal1 chromosome 19, bGalGal1.mat.broiler.GRCg7b, whole genome shotgun sequence	A	23	1890875
NC_052550.1 Gallus gallus isolate bGalGal1 chromosome 19, bGalGal1.mat.broiler.GRCg7b, whole genome shotgun sequence	T	17	1916115
NC_052550.1 Gallus gallus isolate bGalGal1 chromosome 19, bGalGal1.mat.broiler.GRCg7b, whole genome shotgun sequence	A	23	1958672
NC_052550.1 Gallus gallus isolate bGalGal1 chromosome 19, bGalGal1.mat.broiler.GRCg7b, whole genome shotgun sequence	A	25	1977490
NC_052550.1 Gallus gallus isolate bGalGal1 chromosome 19, bGalGal1.mat.broiler.GRCg7b, whole genome shotgun sequence	A	27	1995444
NC_052550.1 Gallus gallus isolate bGalGal1 chromosome 19, bGalGal1.mat.broiler.GRCg7b, whole genome shotgun sequence	A	19	2008203
NC_052550.1 Gallus gallus isolate bGalGal1 chromosome 19, bGalGal1.mat.broiler.GRCg7b, whole genome shotgun sequence	A	16	2010288
NC_052550.1 Gallus gallus isolate bGalGal1 chromosome 19, bGalGal1.mat.broiler.GRCg7b, whole genome shotgun sequence	A	16	2010807
NC_052550.1 Gallus gallus isolate bGalGal1 chromosome 19, bGalGal1.mat.broiler.GRCg7b, whole genome shotgun sequence	A	34	2014485
NC_052550.1 Gallus gallus isolate bGalGal1 chromosome 19, bGalGal1.mat.broiler.GRCg7b, whole genome shotgun sequence	C	18	2022150
NC_052550.1 Gallus gallus isolate bGalGal1 chromosome 19, bGalGal1.mat.broiler.GRCg7b, whole genome shotgun sequence	T	19	2130662
NC_052550.1 Gallus gallus isolate bGalGal1 chromosome 19, bGalGal1.mat.broiler.GRCg7b, whole genome shotgun sequence	A	17	2141869
NC_052550.1 Gallus gallus isolate bGalGal1 chromosome 19, bGalGal1.mat.broiler.GRCg7b, whole genome shotgun sequence	A	21	2146568
NC_052550.1 Gallus gallus isolate bGalGal1 chromosome 19, bGalGal1.mat.broiler.GRCg7b, whole genome shotgun sequence	A	16	2162200
NC_052550.1 Gallus gallus isolate bGalGal1 chromosome 19, bGalGal1.mat.broiler.GRCg7b, whole genome shotgun sequence	T	17	2164912
NC_052550.1 Gallus gallus isolate bGalGal1 chromosome 19, bGalGal1.mat.broiler.GRCg7b, whole genome shotgun sequence	T	16	2173459
NC_052550.1 Gallus gallus isolate bGalGal1 chromosome 19, bGalGal1.mat.broiler.GRCg7b, whole genome shotgun sequence	A	18	2175788
NC_052550.1 Gallus gallus isolate bGalGal1 chromosome 19, bGalGal1.mat.broiler.GRCg7b, whole genome shotgun sequence	A	17	2177622
NC_052550.1 Gallus gallus isolate bGalGal1 chromosome 19, bGalGal1.mat.broiler.GRCg7b, whole genome shotgun sequence	A	17	2180628
NC_052550.1 Gallus gallus isolate bGalGal1 chromosome 19, bGalGal1.mat.broiler.GRCg7b, whole genome shotgun sequence	A	16	2209597
NC_052550.1 Gallus gallus isolate bGalGal1 chromosome 19, bGalGal1.mat.broiler.GRCg7b, whole genome shotgun sequence	A	16	2212475
NC_052550.1 Gallus gallus isolate bGalGal1 chromosome 19, bGalGal1.mat.broiler.GRCg7b, whole genome shotgun sequence	A	17	2237338
NC_052550.1 Gallus gallus isolate bGalGal1 chromosome 19, bGalGal1.mat.broiler.GRCg7b, whole genome shotgun sequence	C	20	2238379
NC_052550.1 Gallus gallus isolate bGalGal1 chromosome 19, bGalGal1.mat.broiler.GRCg7b, whole genome shotgun sequence	G	17	2245834
NC_052550.1 Gallus gallus isolate bGalGal1 chromosome 19, bGalGal1.mat.broiler.GRCg7b, whole genome shotgun sequence	A	24	2267939
NC_052550.1 Gallus gallus isolate bGalGal1 chromosome 19, bGalGal1.mat.broiler.GRCg7b, whole genome shotgun sequence	A	16	2269103
NC_052550.1 Gallus gallus isolate bGalGal1 chromosome 19, bGalGal1.mat.broiler.GRCg7b, whole genome shotgun sequence	T	16	2291188
NC_052550.1 Gallus gallus isolate bGalGal1 chromosome 19, bGalGal1.mat.broiler.GRCg7b, whole genome shotgun sequence	A	19	2304377
NC_052550.1 Gallus gallus isolate bGalGal1 chromosome 19, bGalGal1.mat.broiler.GRCg7b, whole genome shotgun sequence	C	17	2309281
NC_052550.1 Gallus gallus isolate bGalGal1 chromosome 19, bGalGal1.mat.broiler.GRCg7b, whole genome shotgun sequence	C	28	2321148
NC_052550.1 Gallus gallus isolate bGalGal1 chromosome 19, bGalGal1.mat.broiler.GRCg7b, whole genome shotgun sequence	C	28	2343314
NC_052550.1 Gallus gallus isolate bGalGal1 chromosome 19, bGalGal1.mat.broiler.GRCg7b, whole genome shotgun sequence	A	19	2344103
NC_052550.1 Gallus gallus isolate bGalGal1 chromosome 19, bGalGal1.mat.broiler.GRCg7b, whole genome shotgun sequence	G	22	2351464
NC_052550.1 Gallus gallus isolate bGalGal1 chromosome 19, bGalGal1.mat.broiler.GRCg7b, whole genome shotgun sequence	T	17	2358507
NC_052550.1 Gallus gallus isolate bGalGal1 chromosome 19, bGalGal1.mat.broiler.GRCg7b, whole genome shotgun sequence	C	17	2415910
NC_052550.1 Gallus gallus isolate bGalGal1 chromosome 19, bGalGal1.mat.broiler.GRCg7b, whole genome shotgun sequence	C	20	2468934
NC_052550.1 Gallus gallus isolate bGalGal1 chromosome 19, bGalGal1.mat.broiler.GRCg7b, whole genome shotgun sequence	A	18	2470405
NC_052550.1 Gallus gallus isolate bGalGal1 chromosome 19, bGalGal1.mat.broiler.GRCg7b, whole genome shotgun sequence	T	17	2493256
NC_052550.1 Gallus gallus isolate bGalGal1 chromosome 19, bGalGal1.mat.broiler.GRCg7b, whole genome shotgun sequence	A	21	2499926
NC_052550.1 Gallus gallus isolate bGalGal1 chromosome 19, bGalGal1.mat.broiler.GRCg7b, whole genome shotgun sequence	T	20	2504357
NC_052550.1 Gallus gallus isolate bGalGal1 chromosome 19, bGalGal1.mat.broiler.GRCg7b, whole genome shotgun sequence	G	20	2509012
NC_052550.1 Gallus gallus isolate bGalGal1 chromosome 19, bGalGal1.mat.broiler.GRCg7b, whole genome shotgun sequence	A	30	2509862
NC_052550.1 Gallus gallus isolate bGalGal1 chromosome 19, bGalGal1.mat.broiler.GRCg7b, whole genome shotgun sequence	A	17	2509918
NC_052550.1 Gallus gallus isolate bGalGal1 chromosome 19, bGalGal1.mat.broiler.GRCg7b, whole genome shotgun sequence	T	17	2578856
NC_052550.1 Gallus gallus isolate bGalGal1 chromosome 19, bGalGal1.mat.broiler.GRCg7b, whole genome shotgun sequence	A	18	2590860
NC_052550.1 Gallus gallus isolate bGalGal1 chromosome 19, bGalGal1.mat.broiler.GRCg7b, whole genome shotgun sequence	T	22	2594802
NC_052550.1 Gallus gallus isolate bGalGal1 chromosome 19, bGalGal1.mat.broiler.GRCg7b, whole genome shotgun sequence	A	16	2607551
NC_052550.1 Gallus gallus isolate bGalGal1 chromosome 19, bGalGal1.mat.broiler.GRCg7b, whole genome shotgun sequence	A	21	2621067
NC_052550.1 Gallus gallus isolate bGalGal1 chromosome 19, bGalGal1.mat.broiler.GRCg7b, whole genome shotgun sequence	A	16	2662702
NC_052550.1 Gallus gallus isolate bGalGal1 chromosome 19, bGalGal1.mat.broiler.GRCg7b, whole genome shotgun sequence	A	23	2722809
NC_052550.1 Gallus gallus isolate bGalGal1 chromosome 19, bGalGal1.mat.broiler.GRCg7b, whole genome shotgun sequence	T	20	2726979
NC_052550.1 Gallus gallus isolate bGalGal1 chromosome 19, bGalGal1.mat.broiler.GRCg7b, whole genome shotgun sequence	G	17	2748876
NC_052550.1 Gallus gallus isolate bGalGal1 chromosome 19, bGalGal1.mat.broiler.GRCg7b, whole genome shotgun sequence	A	17	2758345
NC_052550.1 Gallus gallus isolate bGalGal1 chromosome 19, bGalGal1.mat.broiler.GRCg7b, whole genome shotgun sequence	A	17	2830299
NC_052550.1 Gallus gallus isolate bGalGal1 chromosome 19, bGalGal1.mat.broiler.GRCg7b, whole genome shotgun sequence	C	16	2839795
NC_052550.1 Gallus gallus isolate bGalGal1 chromosome 19, bGalGal1.mat.broiler.GRCg7b, whole genome shotgun sequence	A	19	2859905
NC_052550.1 Gallus gallus isolate bGalGal1 chromosome 19, bGalGal1.mat.broiler.GRCg7b, whole genome shotgun sequence	T	16	2870577
NC_052550.1 Gallus gallus isolate bGalGal1 chromosome 19, bGalGal1.mat.broiler.GRCg7b, whole genome shotgun sequence	C	17	2971660
NC_052550.1 Gallus gallus isolate bGalGal1 chromosome 19, bGalGal1.mat.broiler.GRCg7b, whole genome shotgun sequence	T	21	2991456
NC_052550.1 Gallus gallus isolate bGalGal1 chromosome 19, bGalGal1.mat.broiler.GRCg7b, whole genome shotgun sequence	G	33	3028470
NC_052550.1 Gallus gallus isolate bGalGal1 chromosome 19, bGalGal1.mat.broiler.GRCg7b, whole genome shotgun sequence	G	17	3028950
NC_052550.1 Gallus gallus isolate bGalGal1 chromosome 19, bGalGal1.mat.broiler.GRCg7b, whole genome shotgun sequence	G	23	3055328
NC_052550.1 Gallus gallus isolate bGalGal1 chromosome 19, bGalGal1.mat.broiler.GRCg7b, whole genome shotgun sequence	A	17	3079402
NC_052550.1 Gallus gallus isolate bGalGal1 chromosome 19, bGalGal1.mat.broiler.GRCg7b, whole genome shotgun sequence	A	17	3151866
NC_052550.1 Gallus gallus isolate bGalGal1 chromosome 19, bGalGal1.mat.broiler.GRCg7b, whole genome shotgun sequence	T	19	3181075
NC_052550.1 Gallus gallus isolate bGalGal1 chromosome 19, bGalGal1.mat.broiler.GRCg7b, whole genome shotgun sequence	C	20	3196590
NC_052550.1 Gallus gallus isolate bGalGal1 chromosome 19, bGalGal1.mat.broiler.GRCg7b, whole genome shotgun sequence	G	17	3208716
NC_052550.1 Gallus gallus isolate bGalGal1 chromosome 19, bGalGal1.mat.broiler.GRCg7b, whole genome shotgun sequence	T	23	3249029
NC_052550.1 Gallus gallus isolate bGalGal1 chromosome 19, bGalGal1.mat.broiler.GRCg7b, whole genome shotgun sequence	A	17	3255427
NC_052550.1 Gallus gallus isolate bGalGal1 chromosome 19, bGalGal1.mat.broiler.GRCg7b, whole genome shotgun sequence	T	17	3277694
NC_052550.1 Gallus gallus isolate bGalGal1 chromosome 19, bGalGal1.mat.broiler.GRCg7b, whole genome shotgun sequence	T	17	3300132
NC_052550.1 Gallus gallus isolate bGalGal1 chromosome 19, bGalGal1.mat.broiler.GRCg7b, whole genome shotgun sequence	C	21	3317064
NC_052550.1 Gallus gallus isolate bGalGal1 chromosome 19, bGalGal1.mat.broiler.GRCg7b, whole genome shotgun sequence	T	16	3448397
NC_052550.1 Gallus gallus isolate bGalGal1 chromosome 19, bGalGal1.mat.broiler.GRCg7b, whole genome shotgun sequence	A	16	3496981
NC_052550.1 Gallus gallus isolate bGalGal1 chromosome 19, bGalGal1.mat.broiler.GRCg7b, whole genome shotgun sequence	T	18	3519060
NC_052550.1 Gallus gallus isolate bGalGal1 chromosome 19, bGalGal1.mat.broiler.GRCg7b, whole genome shotgun sequence	A	17	3549413
NC_052550.1 Gallus gallus isolate bGalGal1 chromosome 19, bGalGal1.mat.broiler.GRCg7b, whole genome shotgun sequence	T	20	3552923
NC_052550.1 Gallus gallus isolate bGalGal1 chromosome 19, bGalGal1.mat.broiler.GRCg7b, whole genome shotgun sequence	A	18	3595579
NC_052550.1 Gallus gallus isolate bGalGal1 chromosome 19, bGalGal1.mat.broiler.GRCg7b, whole genome shotgun sequence	T	18	3604263
NC_052550.1 Gallus gallus isolate bGalGal1 chromosome 19, bGalGal1.mat.broiler.GRCg7b, whole genome shotgun sequence	T	17	3710601
NC_052550.1 Gallus gallus isolate bGalGal1 chromosome 19, bGalGal1.mat.broiler.GRCg7b, whole genome shotgun sequence	A	16	3727740
NC_052550.1 Gallus gallus isolate bGalGal1 chromosome 19, bGalGal1.mat.broiler.GRCg7b, whole genome shotgun sequence	T	20	3733532
NC_052550.1 Gallus gallus isolate bGalGal1 chromosome 19, bGalGal1.mat.broiler.GRCg7b, whole genome shotgun sequence	T	18	3756415
NC_052550.1 Gallus gallus isolate bGalGal1 chromosome 19, bGalGal1.mat.broiler.GRCg7b, whole genome shotgun sequence	C	19	3760270
NC_052550.1 Gallus gallus isolate bGalGal1 chromosome 19, bGalGal1.mat.broiler.GRCg7b, whole genome shotgun sequence	A	17	3763140
NC_052550.1 Gallus gallus isolate bGalGal1 chromosome 19, bGalGal1.mat.broiler.GRCg7b, whole genome shotgun sequence	G	16	3763931
NC_052550.1 Gallus gallus isolate bGalGal1 chromosome 19, bGalGal1.mat.broiler.GRCg7b, whole genome shotgun sequence	T	19	3845157
NC_052550.1 Gallus gallus isolate bGalGal1 chromosome 19, bGalGal1.mat.broiler.GRCg7b, whole genome shotgun sequence	A	19	3857122
NC_052550.1 Gallus gallus isolate bGalGal1 chromosome 19, bGalGal1.mat.broiler.GRCg7b, whole genome shotgun sequence	T	16	3947330
NC_052550.1 Gallus gallus isolate bGalGal1 chromosome 19, bGalGal1.mat.broiler.GRCg7b, whole genome shotgun sequence	A	21	3954417
NC_052550.1 Gallus gallus isolate bGalGal1 chromosome 19, bGalGal1.mat.broiler.GRCg7b, whole genome shotgun sequence	A	20	3972740
NC_052550.1 Gallus gallus isolate bGalGal1 chromosome 19, bGalGal1.mat.broiler.GRCg7b, whole genome shotgun sequence	T	18	3980465
NC_052550.1 Gallus gallus isolate bGalGal1 chromosome 19, bGalGal1.mat.broiler.GRCg7b, whole genome shotgun sequence	T	23	3990830
NC_052550.1 Gallus gallus isolate bGalGal1 chromosome 19, bGalGal1.mat.broiler.GRCg7b, whole genome shotgun sequence	C	16	4055861
NC_052550.1 Gallus gallus isolate bGalGal1 chromosome 19, bGalGal1.mat.broiler.GRCg7b, whole genome shotgun sequence	T	17	4084908
NC_052550.1 Gallus gallus isolate bGalGal1 chromosome 19, bGalGal1.mat.broiler.GRCg7b, whole genome shotgun sequence	T	25	4109391
NC_052550.1 Gallus gallus isolate bGalGal1 chromosome 19, bGalGal1.mat.broiler.GRCg7b, whole genome shotgun sequence	T	16	4142146
NC_052550.1 Gallus gallus isolate bGalGal1 chromosome 19, bGalGal1.mat.broiler.GRCg7b, whole genome shotgun sequence	T	18	4254136
NC_052550.1 Gallus gallus isolate bGalGal1 chromosome 19, bGalGal1.mat.broiler.GRCg7b, whole genome shotgun sequence	T	16	4270928
NC_052550.1 Gallus gallus isolate bGalGal1 chromosome 19, bGalGal1.mat.broiler.GRCg7b, whole genome shotgun sequence	T	33	4283181
NC_052550.1 Gallus gallus isolate bGalGal1 chromosome 19, bGalGal1.mat.broiler.GRCg7b, whole genome shotgun sequence	A	22	4283805
NC_052550.1 Gallus gallus isolate bGalGal1 chromosome 19, bGalGal1.mat.broiler.GRCg7b, whole genome shotgun sequence	A	17	4313007
NC_052550.1 Gallus gallus isolate bGalGal1 chromosome 19, bGalGal1.mat.broiler.GRCg7b, whole genome shotgun sequence	T	21	4315390
NC_052550.1 Gallus gallus isolate bGalGal1 chromosome 19, bGalGal1.mat.broiler.GRCg7b, whole genome shotgun sequence	A	16	4318252
NC_052550.1 Gallus gallus isolate bGalGal1 chromosome 19, bGalGal1.mat.broiler.GRCg7b, whole genome shotgun sequence	A	38	4319631
NC_052550.1 Gallus gallus isolate bGalGal1 chromosome 19, bGalGal1.mat.broiler.GRCg7b, whole genome shotgun sequence	A	17	4333359
NC_052550.1 Gallus gallus isolate bGalGal1 chromosome 19, bGalGal1.mat.broiler.GRCg7b, whole genome shotgun sequence	A	17	4342358
NC_052550.1 Gallus gallus isolate bGalGal1 chromosome 19, bGalGal1.mat.broiler.GRCg7b, whole genome shotgun sequence	A	16	4352111
NC_052550.1 Gallus gallus isolate bGalGal1 chromosome 19, bGalGal1.mat.broiler.GRCg7b, whole genome shotgun sequence	A	27	4384063
NC_052550.1 Gallus gallus isolate bGalGal1 chromosome 19, bGalGal1.mat.broiler.GRCg7b, whole genome shotgun sequence	T	18	4384703
NC_052550.1 Gallus gallus isolate bGalGal1 chromosome 19, bGalGal1.mat.broiler.GRCg7b, whole genome shotgun sequence	A	16	4384997
NC_052550.1 Gallus gallus isolate bGalGal1 chromosome 19, bGalGal1.mat.broiler.GRCg7b, whole genome shotgun sequence	A	16	4419985
NC_052550.1 Gallus gallus isolate bGalGal1 chromosome 19, bGalGal1.mat.broiler.GRCg7b, whole genome shotgun sequence	A	19	4460507
NC_052550.1 Gallus gallus isolate bGalGal1 chromosome 19, bGalGal1.mat.broiler.GRCg7b, whole genome shotgun sequence	C	32	4470513
NC_052550.1 Gallus gallus isolate bGalGal1 chromosome 19, bGalGal1.mat.broiler.GRCg7b, whole genome shotgun sequence	A	19	4487378
NC_052550.1 Gallus gallus isolate bGalGal1 chromosome 19, bGalGal1.mat.broiler.GRCg7b, whole genome shotgun sequence	A	18	4570114
NC_052550.1 Gallus gallus isolate bGalGal1 chromosome 19, bGalGal1.mat.broiler.GRCg7b, whole genome shotgun sequence	A	19	4579875
NC_052550.1 Gallus gallus isolate bGalGal1 chromosome 19, bGalGal1.mat.broiler.GRCg7b, whole genome shotgun sequence	A	18	4602954
NC_052550.1 Gallus gallus isolate bGalGal1 chromosome 19, bGalGal1.mat.broiler.GRCg7b, whole genome shotgun sequence	T	17	4607101
NC_052550.1 Gallus gallus isolate bGalGal1 chromosome 19, bGalGal1.mat.broiler.GRCg7b, whole genome shotgun sequence	C	28	4667474
NC_052550.1 Gallus gallus isolate bGalGal1 chromosome 19, bGalGal1.mat.broiler.GRCg7b, whole genome shotgun sequence	C	16	4715439
NC_052550.1 Gallus gallus isolate bGalGal1 chromosome 19, bGalGal1.mat.broiler.GRCg7b, whole genome shotgun sequence	A	21	4721513
NC_052550.1 Gallus gallus isolate bGalGal1 chromosome 19, bGalGal1.mat.broiler.GRCg7b, whole genome shotgun sequence	T	16	4729014
NC_052550.1 Gallus gallus isolate bGalGal1 chromosome 19, bGalGal1.mat.broiler.GRCg7b, whole genome shotgun sequence	T	17	4733714
NC_052550.1 Gallus gallus isolate bGalGal1 chromosome 19, bGalGal1.mat.broiler.GRCg7b, whole genome shotgun sequence	T	16	4750371
NC_052550.1 Gallus gallus isolate bGalGal1 chromosome 19, bGalGal1.mat.broiler.GRCg7b, whole genome shotgun sequence	C	17	4766760
NC_052550.1 Gallus gallus isolate bGalGal1 chromosome 19, bGalGal1.mat.broiler.GRCg7b, whole genome shotgun sequence	T	21	4836904
NC_052550.1 Gallus gallus isolate bGalGal1 chromosome 19, bGalGal1.mat.broiler.GRCg7b, whole genome shotgun sequence	A	19	4976607
NC_052550.1 Gallus gallus isolate bGalGal1 chromosome 19, bGalGal1.mat.broiler.GRCg7b, whole genome shotgun sequence	T	18	4997980
NC_052550.1 Gallus gallus isolate bGalGal1 chromosome 19, bGalGal1.mat.broiler.GRCg7b, whole genome shotgun sequence	T	24	5043411
NC_052550.1 Gallus gallus isolate bGalGal1 chromosome 19, bGalGal1.mat.broiler.GRCg7b, whole genome shotgun sequence	A	16	5064542
NC_052550.1 Gallus gallus isolate bGalGal1 chromosome 19, bGalGal1.mat.broiler.GRCg7b, whole genome shotgun sequence	T	16	5072667
NC_052550.1 Gallus gallus isolate bGalGal1 chromosome 19, bGalGal1.mat.broiler.GRCg7b, whole genome shotgun sequence	T	24	5135204
NC_052550.1 Gallus gallus isolate bGalGal1 chromosome 19, bGalGal1.mat.broiler.GRCg7b, whole genome shotgun sequence	C	17	5174253
NC_052550.1 Gallus gallus isolate bGalGal1 chromosome 19, bGalGal1.mat.broiler.GRCg7b, whole genome shotgun sequence	A	17	5181247
NC_052550.1 Gallus gallus isolate bGalGal1 chromosome 19, bGalGal1.mat.broiler.GRCg7b, whole genome shotgun sequence	T	22	5207698
NC_052550.1 Gallus gallus isolate bGalGal1 chromosome 19, bGalGal1.mat.broiler.GRCg7b, whole genome shotgun sequence	A	17	5214838
NC_052550.1 Gallus gallus isolate bGalGal1 chromosome 19, bGalGal1.mat.broiler.GRCg7b, whole genome shotgun sequence	T	18	5215561
NC_052550.1 Gallus gallus isolate bGalGal1 chromosome 19, bGalGal1.mat.broiler.GRCg7b, whole genome shotgun sequence	T	16	5227542
NC_052550.1 Gallus gallus isolate bGalGal1 chromosome 19, bGalGal1.mat.broiler.GRCg7b, whole genome shotgun sequence	C	16	5233184
NC_052550.1 Gallus gallus isolate bGalGal1 chromosome 19, bGalGal1.mat.broiler.GRCg7b, whole genome shotgun sequence	T	22	5236918
NC_052550.1 Gallus gallus isolate bGalGal1 chromosome 19, bGalGal1.mat.broiler.GRCg7b, whole genome shotgun sequence	C	18	5256115
NC_052550.1 Gallus gallus isolate bGalGal1 chromosome 19, bGalGal1.mat.broiler.GRCg7b, whole genome shotgun sequence	C	24	5256548
NC_052550.1 Gallus gallus isolate bGalGal1 chromosome 19, bGalGal1.mat.broiler.GRCg7b, whole genome shotgun sequence	G	18	5257080
NC_052550.1 Gallus gallus isolate bGalGal1 chromosome 19, bGalGal1.mat.broiler.GRCg7b, whole genome shotgun sequence	C	16	5261080
NC_052550.1 Gallus gallus isolate bGalGal1 chromosome 19, bGalGal1.mat.broiler.GRCg7b, whole genome shotgun sequence	T	24	5269926
NC_052550.1 Gallus gallus isolate bGalGal1 chromosome 19, bGalGal1.mat.broiler.GRCg7b, whole genome shotgun sequence	G	33	5303893
NC_052550.1 Gallus gallus isolate bGalGal1 chromosome 19, bGalGal1.mat.broiler.GRCg7b, whole genome shotgun sequence	T	27	5351951
NC_052550.1 Gallus gallus isolate bGalGal1 chromosome 19, bGalGal1.mat.broiler.GRCg7b, whole genome shotgun sequence	G	31	5373810
NC_052550.1 Gallus gallus isolate bGalGal1 chromosome 19, bGalGal1.mat.broiler.GRCg7b, whole genome shotgun sequence	A	16	5443902
NC_052550.1 Gallus gallus isolate bGalGal1 chromosome 19, bGalGal1.mat.broiler.GRCg7b, whole genome shotgun sequence	T	16	5507319
NC_052550.1 Gallus gallus isolate bGalGal1 chromosome 19, bGalGal1.mat.broiler.GRCg7b, whole genome shotgun sequence	T	20	5512132
NC_052550.1 Gallus gallus isolate bGalGal1 chromosome 19, bGalGal1.mat.broiler.GRCg7b, whole genome shotgun sequence	T	21	5554426
NC_052550.1 Gallus gallus isolate bGalGal1 chromosome 19, bGalGal1.mat.broiler.GRCg7b, whole genome shotgun sequence	T	23	5581033
NC_052550.1 Gallus gallus isolate bGalGal1 chromosome 19, bGalGal1.mat.broiler.GRCg7b, whole genome shotgun sequence	C	23	5612760
NC_052550.1 Gallus gallus isolate bGalGal1 chromosome 19, bGalGal1.mat.broiler.GRCg7b, whole genome shotgun sequence	T	16	5708546
NC_052550.1 Gallus gallus isolate bGalGal1 chromosome 19, bGalGal1.mat.broiler.GRCg7b, whole genome shotgun sequence	A	16	5711798
NC_052550.1 Gallus gallus isolate bGalGal1 chromosome 19, bGalGal1.mat.broiler.GRCg7b, whole genome shotgun sequence	T	18	5715497
NC_052550.1 Gallus gallus isolate bGalGal1 chromosome 19, bGalGal1.mat.broiler.GRCg7b, whole genome shotgun sequence	G	19	5787347
NC_052550.1 Gallus gallus isolate bGalGal1 chromosome 19, bGalGal1.mat.broiler.GRCg7b, whole genome shotgun sequence	G	20	5787884
NC_052550.1 Gallus gallus isolate bGalGal1 chromosome 19, bGalGal1.mat.broiler.GRCg7b, whole genome shotgun sequence	A	16	5790155
NC_052550.1 Gallus gallus isolate bGalGal1 chromosome 19, bGalGal1.mat.broiler.GRCg7b, whole genome shotgun sequence	C	20	5825105
NC_052550.1 Gallus gallus isolate bGalGal1 chromosome 19, bGalGal1.mat.broiler.GRCg7b, whole genome shotgun sequence	T	17	5936476
NC_052550.1 Gallus gallus isolate bGalGal1 chromosome 19, bGalGal1.mat.broiler.GRCg7b, whole genome shotgun sequence	T	17	5947813
NC_052550.1 Gallus gallus isolate bGalGal1 chromosome 19, bGalGal1.mat.broiler.GRCg7b, whole genome shotgun sequence	G	20	5979197
NC_052550.1 Gallus gallus isolate bGalGal1 chromosome 19, bGalGal1.mat.broiler.GRCg7b, whole genome shotgun sequence	C	20	5999355
NC_052550.1 Gallus gallus isolate bGalGal1 chromosome 19, bGalGal1.mat.broiler.GRCg7b, whole genome shotgun sequence	G	19	5999599
NC_052550.1 Gallus gallus isolate bGalGal1 chromosome 19, bGalGal1.mat.broiler.GRCg7b, whole genome shotgun sequence	G	29	6001219
NC_052550.1 Gallus gallus isolate bGalGal1 chromosome 19, bGalGal1.mat.broiler.GRCg7b, whole genome shotgun sequence	C	18	6006294
NC_052550.1 Gallus gallus isolate bGalGal1 chromosome 19, bGalGal1.mat.broiler.GRCg7b, whole genome shotgun sequence	A	19	6023795
NC_052550.1 Gallus gallus isolate bGalGal1 chromosome 19, bGalGal1.mat.broiler.GRCg7b, whole genome shotgun sequence	A	21	6023873
NC_052550.1 Gallus gallus isolate bGalGal1 chromosome 19, bGalGal1.mat.broiler.GRCg7b, whole genome shotgun sequence	A	20	6039984
NC_052550.1 Gallus gallus isolate bGalGal1 chromosome 19, bGalGal1.mat.broiler.GRCg7b, whole genome shotgun sequence	C	21	6042986
NC_052550.1 Gallus gallus isolate bGalGal1 chromosome 19, bGalGal1.mat.broiler.GRCg7b, whole genome shotgun sequence	A	18	6051050
NC_052550.1 Gallus gallus isolate bGalGal1 chromosome 19, bGalGal1.mat.broiler.GRCg7b, whole genome shotgun sequence	A	21	6067018
NC_052550.1 Gallus gallus isolate bGalGal1 chromosome 19, bGalGal1.mat.broiler.GRCg7b, whole genome shotgun sequence	A	17	6078869
NC_052550.1 Gallus gallus isolate bGalGal1 chromosome 19, bGalGal1.mat.broiler.GRCg7b, whole genome shotgun sequence	C	18	6109651
NC_052550.1 Gallus gallus isolate bGalGal1 chromosome 19, bGalGal1.mat.broiler.GRCg7b, whole genome shotgun sequence	A	17	6149095
NC_052550.1 Gallus gallus isolate bGalGal1 chromosome 19, bGalGal1.mat.broiler.GRCg7b, whole genome shotgun sequence	A	16	6194587
NC_052550.1 Gallus gallus isolate bGalGal1 chromosome 19, bGalGal1.mat.broiler.GRCg7b, whole genome shotgun sequence	T	25	6194763
NC_052550.1 Gallus gallus isolate bGalGal1 chromosome 19, bGalGal1.mat.broiler.GRCg7b, whole genome shotgun sequence	A	16	6198804
NC_052550.1 Gallus gallus isolate bGalGal1 chromosome 19, bGalGal1.mat.broiler.GRCg7b, whole genome shotgun sequence	T	16	6206919
NC_052550.1 Gallus gallus isolate bGalGal1 chromosome 19, bGalGal1.mat.broiler.GRCg7b, whole genome shotgun sequence	G	20	6226602
NC_052550.1 Gallus gallus isolate bGalGal1 chromosome 19, bGalGal1.mat.broiler.GRCg7b, whole genome shotgun sequence	G	25	6228019
NC_052550.1 Gallus gallus isolate bGalGal1 chromosome 19, bGalGal1.mat.broiler.GRCg7b, whole genome shotgun sequence	G	19	6234765
NC_052550.1 Gallus gallus isolate bGalGal1 chromosome 19, bGalGal1.mat.broiler.GRCg7b, whole genome shotgun sequence	C	18	6236345
NC_052550.1 Gallus gallus isolate bGalGal1 chromosome 19, bGalGal1.mat.broiler.GRCg7b, whole genome shotgun sequence	G	17	6285395
NC_052550.1 Gallus gallus isolate bGalGal1 chromosome 19, bGalGal1.mat.broiler.GRCg7b, whole genome shotgun sequence	G	16	6293251
NC_052550.1 Gallus gallus isolate bGalGal1 chromosome 19, bGalGal1.mat.broiler.GRCg7b, whole genome shotgun sequence	C	16	6304916
NC_052550.1 Gallus gallus isolate bGalGal1 chromosome 19, bGalGal1.mat.broiler.GRCg7b, whole genome shotgun sequence	A	20	6329231
NC_052550.1 Gallus gallus isolate bGalGal1 chromosome 19, bGalGal1.mat.broiler.GRCg7b, whole genome shotgun sequence	T	17	6367085
NC_052550.1 Gallus gallus isolate bGalGal1 chromosome 19, bGalGal1.mat.broiler.GRCg7b, whole genome shotgun sequence	G	21	6393791
NC_052550.1 Gallus gallus isolate bGalGal1 chromosome 19, bGalGal1.mat.broiler.GRCg7b, whole genome shotgun sequence	G	27	6394482
NC_052550.1 Gallus gallus isolate bGalGal1 chromosome 19, bGalGal1.mat.broiler.GRCg7b, whole genome shotgun sequence	T	16	6453913
NC_052550.1 Gallus gallus isolate bGalGal1 chromosome 19, bGalGal1.mat.broiler.GRCg7b, whole genome shotgun sequence	T	23	6457468
NC_052550.1 Gallus gallus isolate bGalGal1 chromosome 19, bGalGal1.mat.broiler.GRCg7b, whole genome shotgun sequence	T	16	6457711
NC_052550.1 Gallus gallus isolate bGalGal1 chromosome 19, bGalGal1.mat.broiler.GRCg7b, whole genome shotgun sequence	A	30	6458168
NC_052550.1 Gallus gallus isolate bGalGal1 chromosome 19, bGalGal1.mat.broiler.GRCg7b, whole genome shotgun sequence	G	16	6466178
NC_052550.1 Gallus gallus isolate bGalGal1 chromosome 19, bGalGal1.mat.broiler.GRCg7b, whole genome shotgun sequence	G	17	6466731
NC_052550.1 Gallus gallus isolate bGalGal1 chromosome 19, bGalGal1.mat.broiler.GRCg7b, whole genome shotgun sequence	T	20	6485045
NC_052550.1 Gallus gallus isolate bGalGal1 chromosome 19, bGalGal1.mat.broiler.GRCg7b, whole genome shotgun sequence	A	17	6521558
NC_052550.1 Gallus gallus isolate bGalGal1 chromosome 19, bGalGal1.mat.broiler.GRCg7b, whole genome shotgun sequence	T	20	6529427
NC_052550.1 Gallus gallus isolate bGalGal1 chromosome 19, bGalGal1.mat.broiler.GRCg7b, whole genome shotgun sequence	A	19	6543775
NC_052550.1 Gallus gallus isolate bGalGal1 chromosome 19, bGalGal1.mat.broiler.GRCg7b, whole genome shotgun sequence	C	17	6551886
NC_052550.1 Gallus gallus isolate bGalGal1 chromosome 19, bGalGal1.mat.broiler.GRCg7b, whole genome shotgun sequence	G	23	6552331
NC_052550.1 Gallus gallus isolate bGalGal1 chromosome 19, bGalGal1.mat.broiler.GRCg7b, whole genome shotgun sequence	G	17	6556859
NC_052550.1 Gallus gallus isolate bGalGal1 chromosome 19, bGalGal1.mat.broiler.GRCg7b, whole genome shotgun sequence	T	16	6561365
NC_052550.1 Gallus gallus isolate bGalGal1 chromosome 19, bGalGal1.mat.broiler.GRCg7b, whole genome shotgun sequence	G	16	6561552
NC_052550.1 Gallus gallus isolate bGalGal1 chromosome 19, bGalGal1.mat.broiler.GRCg7b, whole genome shotgun sequence	G	16	6564984
NC_052550.1 Gallus gallus isolate bGalGal1 chromosome 19, bGalGal1.mat.broiler.GRCg7b, whole genome shotgun sequence	G	16	6566973
NC_052550.1 Gallus gallus isolate bGalGal1 chromosome 19, bGalGal1.mat.broiler.GRCg7b, whole genome shotgun sequence	C	25	6627125
NC_052550.1 Gallus gallus isolate bGalGal1 chromosome 19, bGalGal1.mat.broiler.GRCg7b, whole genome shotgun sequence	C	16	6807015
NC_052550.1 Gallus gallus isolate bGalGal1 chromosome 19, bGalGal1.mat.broiler.GRCg7b, whole genome shotgun sequence	G	22	6807162
NC_052550.1 Gallus gallus isolate bGalGal1 chromosome 19, bGalGal1.mat.broiler.GRCg7b, whole genome shotgun sequence	C	21	6854428
NC_052550.1 Gallus gallus isolate bGalGal1 chromosome 19, bGalGal1.mat.broiler.GRCg7b, whole genome shotgun sequence	A	20	6856729
NC_052550.1 Gallus gallus isolate bGalGal1 chromosome 19, bGalGal1.mat.broiler.GRCg7b, whole genome shotgun sequence	T	18	6897330
NC_052550.1 Gallus gallus isolate bGalGal1 chromosome 19, bGalGal1.mat.broiler.GRCg7b, whole genome shotgun sequence	T	19	6898886
NC_052550.1 Gallus gallus isolate bGalGal1 chromosome 19, bGalGal1.mat.broiler.GRCg7b, whole genome shotgun sequence	T	18	6914181
NC_052550.1 Gallus gallus isolate bGalGal1 chromosome 19, bGalGal1.mat.broiler.GRCg7b, whole genome shotgun sequence	T	16	6924103
NC_052550.1 Gallus gallus isolate bGalGal1 chromosome 19, bGalGal1.mat.broiler.GRCg7b, whole genome shotgun sequence	T	16	6964820
NC_052550.1 Gallus gallus isolate bGalGal1 chromosome 19, bGalGal1.mat.broiler.GRCg7b, whole genome shotgun sequence	T	20	6975121
NC_052550.1 Gallus gallus isolate bGalGal1 chromosome 19, bGalGal1.mat.broiler.GRCg7b, whole genome shotgun sequence	T	20	7004916
NC_052550.1 Gallus gallus isolate bGalGal1 chromosome 19, bGalGal1.mat.broiler.GRCg7b, whole genome shotgun sequence	T	16	7079238
NC_052550.1 Gallus gallus isolate bGalGal1 chromosome 19, bGalGal1.mat.broiler.GRCg7b, whole genome shotgun sequence	A	16	7100674
NC_052550.1 Gallus gallus isolate bGalGal1 chromosome 19, bGalGal1.mat.broiler.GRCg7b, whole genome shotgun sequence	A	21	7135595
NC_052550.1 Gallus gallus isolate bGalGal1 chromosome 19, bGalGal1.mat.broiler.GRCg7b, whole genome shotgun sequence	C	19	7136956
NC_052550.1 Gallus gallus isolate bGalGal1 chromosome 19, bGalGal1.mat.broiler.GRCg7b, whole genome shotgun sequence	T	20	7161329
NC_052550.1 Gallus gallus isolate bGalGal1 chromosome 19, bGalGal1.mat.broiler.GRCg7b, whole genome shotgun sequence	T	16	7189746
NC_052550.1 Gallus gallus isolate bGalGal1 chromosome 19, bGalGal1.mat.broiler.GRCg7b, whole genome shotgun sequence	T	16	7232165
NC_052550.1 Gallus gallus isolate bGalGal1 chromosome 19, bGalGal1.mat.broiler.GRCg7b, whole genome shotgun sequence	A	35	7240700
NC_052550.1 Gallus gallus isolate bGalGal1 chromosome 19, bGalGal1.mat.broiler.GRCg7b, whole genome shotgun sequence	T	16	7317619
NC_052550.1 Gallus gallus isolate bGalGal1 chromosome 19, bGalGal1.mat.broiler.GRCg7b, whole genome shotgun sequence	C	17	7483033
NC_052550.1 Gallus gallus isolate bGalGal1 chromosome 19, bGalGal1.mat.broiler.GRCg7b, whole genome shotgun sequence	T	16	7522961
NC_052550.1 Gallus gallus isolate bGalGal1 chromosome 19, bGalGal1.mat.broiler.GRCg7b, whole genome shotgun sequence	A	29	7534569
NC_052550.1 Gallus gallus isolate bGalGal1 chromosome 19, bGalGal1.mat.broiler.GRCg7b, whole genome shotgun sequence	T	18	7540575
NC_052550.1 Gallus gallus isolate bGalGal1 chromosome 19, bGalGal1.mat.broiler.GRCg7b, whole genome shotgun sequence	G	17	7545492
NC_052550.1 Gallus gallus isolate bGalGal1 chromosome 19, bGalGal1.mat.broiler.GRCg7b, whole genome shotgun sequence	T	16	7572226
NC_052550.1 Gallus gallus isolate bGalGal1 chromosome 19, bGalGal1.mat.broiler.GRCg7b, whole genome shotgun sequence	T	19	7578059
NC_052550.1 Gallus gallus isolate bGalGal1 chromosome 19, bGalGal1.mat.broiler.GRCg7b, whole genome shotgun sequence	T	27	7590014
NC_052550.1 Gallus gallus isolate bGalGal1 chromosome 19, bGalGal1.mat.broiler.GRCg7b, whole genome shotgun sequence	T	26	7626221
NC_052550.1 Gallus gallus isolate bGalGal1 chromosome 19, bGalGal1.mat.broiler.GRCg7b, whole genome shotgun sequence	A	36	7638987
NC_052550.1 Gallus gallus isolate bGalGal1 chromosome 19, bGalGal1.mat.broiler.GRCg7b, whole genome shotgun sequence	A	22	7645899
NC_052550.1 Gallus gallus isolate bGalGal1 chromosome 19, bGalGal1.mat.broiler.GRCg7b, whole genome shotgun sequence	A	16	7655977
NC_052550.1 Gallus gallus isolate bGalGal1 chromosome 19, bGalGal1.mat.broiler.GRCg7b, whole genome shotgun sequence	T	17	7662069
NC_052550.1 Gallus gallus isolate bGalGal1 chromosome 19, bGalGal1.mat.broiler.GRCg7b, whole genome shotgun sequence	C	25	7746552
NC_052550.1 Gallus gallus isolate bGalGal1 chromosome 19, bGalGal1.mat.broiler.GRCg7b, whole genome shotgun sequence	A	27	7761531
NC_052550.1 Gallus gallus isolate bGalGal1 chromosome 19, bGalGal1.mat.broiler.GRCg7b, whole genome shotgun sequence	T	19	7845597
NC_052550.1 Gallus gallus isolate bGalGal1 chromosome 19, bGalGal1.mat.broiler.GRCg7b, whole genome shotgun sequence	A	19	7845907
NC_052550.1 Gallus gallus isolate bGalGal1 chromosome 19, bGalGal1.mat.broiler.GRCg7b, whole genome shotgun sequence	T	18	7846241
NC_052550.1 Gallus gallus isolate bGalGal1 chromosome 19, bGalGal1.mat.broiler.GRCg7b, whole genome shotgun sequence	A	23	7846730
NC_052550.1 Gallus gallus isolate bGalGal1 chromosome 19, bGalGal1.mat.broiler.GRCg7b, whole genome shotgun sequence	A	19	7851399
NC_052550.1 Gallus gallus isolate bGalGal1 chromosome 19, bGalGal1.mat.broiler.GRCg7b, whole genome shotgun sequence	T	20	7901334
NC_052550.1 Gallus gallus isolate bGalGal1 chromosome 19, bGalGal1.mat.broiler.GRCg7b, whole genome shotgun sequence	C	16	7901829
NC_052550.1 Gallus gallus isolate bGalGal1 chromosome 19, bGalGal1.mat.broiler.GRCg7b, whole genome shotgun sequence	A	25	7902824
NC_052550.1 Gallus gallus isolate bGalGal1 chromosome 19, bGalGal1.mat.broiler.GRCg7b, whole genome shotgun sequence	T	16	7927294
NC_052550.1 Gallus gallus isolate bGalGal1 chromosome 19, bGalGal1.mat.broiler.GRCg7b, whole genome shotgun sequence	G	17	7929100
NC_052550.1 Gallus gallus isolate bGalGal1 chromosome 19, bGalGal1.mat.broiler.GRCg7b, whole genome shotgun sequence	G	17	7949812
NC_052550.1 Gallus gallus isolate bGalGal1 chromosome 19, bGalGal1.mat.broiler.GRCg7b, whole genome shotgun sequence	A	16	7972181
NC_052550.1 Gallus gallus isolate bGalGal1 chromosome 19, bGalGal1.mat.broiler.GRCg7b, whole genome shotgun sequence	A	21	8062159
NC_052550.1 Gallus gallus isolate bGalGal1 chromosome 19, bGalGal1.mat.broiler.GRCg7b, whole genome shotgun sequence	A	20	8071528
NC_052550.1 Gallus gallus isolate bGalGal1 chromosome 19, bGalGal1.mat.broiler.GRCg7b, whole genome shotgun sequence	C	24	8080022
NC_052550.1 Gallus gallus isolate bGalGal1 chromosome 19, bGalGal1.mat.broiler.GRCg7b, whole genome shotgun sequence	T	16	8090528
NC_052550.1 Gallus gallus isolate bGalGal1 chromosome 19, bGalGal1.mat.broiler.GRCg7b, whole genome shotgun sequence	C	18	8093017
NC_052550.1 Gallus gallus isolate bGalGal1 chromosome 19, bGalGal1.mat.broiler.GRCg7b, whole genome shotgun sequence	G	24	8094652
NC_052550.1 Gallus gallus isolate bGalGal1 chromosome 19, bGalGal1.mat.broiler.GRCg7b, whole genome shotgun sequence	T	19	8098629
NC_052550.1 Gallus gallus isolate bGalGal1 chromosome 19, bGalGal1.mat.broiler.GRCg7b, whole genome shotgun sequence	A	17	8098786
NC_052550.1 Gallus gallus isolate bGalGal1 chromosome 19, bGalGal1.mat.broiler.GRCg7b, whole genome shotgun sequence	A	17	8115767
NC_052550.1 Gallus gallus isolate bGalGal1 chromosome 19, bGalGal1.mat.broiler.GRCg7b, whole genome shotgun sequence	C	17	8116046
NC_052550.1 Gallus gallus isolate bGalGal1 chromosome 19, bGalGal1.mat.broiler.GRCg7b, whole genome shotgun sequence	G	16	8119200
NC_052550.1 Gallus gallus isolate bGalGal1 chromosome 19, bGalGal1.mat.broiler.GRCg7b, whole genome shotgun sequence	A	18	8124375
NC_052550.1 Gallus gallus isolate bGalGal1 chromosome 19, bGalGal1.mat.broiler.GRCg7b, whole genome shotgun sequence	G	18	8125175
NC_052550.1 Gallus gallus isolate bGalGal1 chromosome 19, bGalGal1.mat.broiler.GRCg7b, whole genome shotgun sequence	C	20	8132295
NC_052550.1 Gallus gallus isolate bGalGal1 chromosome 19, bGalGal1.mat.broiler.GRCg7b, whole genome shotgun sequence	T	16	8165221
NC_052550.1 Gallus gallus isolate bGalGal1 chromosome 19, bGalGal1.mat.broiler.GRCg7b, whole genome shotgun sequence	A	23	8194269
NC_052550.1 Gallus gallus isolate bGalGal1 chromosome 19, bGalGal1.mat.broiler.GRCg7b, whole genome shotgun sequence	A	16	8269800
NC_052550.1 Gallus gallus isolate bGalGal1 chromosome 19, bGalGal1.mat.broiler.GRCg7b, whole genome shotgun sequence	A	16	8283502
NC_052550.1 Gallus gallus isolate bGalGal1 chromosome 19, bGalGal1.mat.broiler.GRCg7b, whole genome shotgun sequence	A	28	8302149
NC_052550.1 Gallus gallus isolate bGalGal1 chromosome 19, bGalGal1.mat.broiler.GRCg7b, whole genome shotgun sequence	A	16	8341937
NC_052550.1 Gallus gallus isolate bGalGal1 chromosome 19, bGalGal1.mat.broiler.GRCg7b, whole genome shotgun sequence	T	26	8354627
NC_052550.1 Gallus gallus isolate bGalGal1 chromosome 19, bGalGal1.mat.broiler.GRCg7b, whole genome shotgun sequence	T	17	8359819
NC_052550.1 Gallus gallus isolate bGalGal1 chromosome 19, bGalGal1.mat.broiler.GRCg7b, whole genome shotgun sequence	T	18	8367142
NC_052550.1 Gallus gallus isolate bGalGal1 chromosome 19, bGalGal1.mat.broiler.GRCg7b, whole genome shotgun sequence	T	17	8397547
NC_052550.1 Gallus gallus isolate bGalGal1 chromosome 19, bGalGal1.mat.broiler.GRCg7b, whole genome shotgun sequence	T	17	8412941
NC_052550.1 Gallus gallus isolate bGalGal1 chromosome 19, bGalGal1.mat.broiler.GRCg7b, whole genome shotgun sequence	T	25	8433266
NC_052550.1 Gallus gallus isolate bGalGal1 chromosome 19, bGalGal1.mat.broiler.GRCg7b, whole genome shotgun sequence	A	18	8434016
NC_052550.1 Gallus gallus isolate bGalGal1 chromosome 19, bGalGal1.mat.broiler.GRCg7b, whole genome shotgun sequence	T	17	8448061
NC_052550.1 Gallus gallus isolate bGalGal1 chromosome 19, bGalGal1.mat.broiler.GRCg7b, whole genome shotgun sequence	A	22	8464908
NC_052550.1 Gallus gallus isolate bGalGal1 chromosome 19, bGalGal1.mat.broiler.GRCg7b, whole genome shotgun sequence	T	19	8499522
NC_052550.1 Gallus gallus isolate bGalGal1 chromosome 19, bGalGal1.mat.broiler.GRCg7b, whole genome shotgun sequence	A	22	8521878
NC_052550.1 Gallus gallus isolate bGalGal1 chromosome 19, bGalGal1.mat.broiler.GRCg7b, whole genome shotgun sequence	A	18	8525123
NC_052550.1 Gallus gallus isolate bGalGal1 chromosome 19, bGalGal1.mat.broiler.GRCg7b, whole genome shotgun sequence	A	17	8550218
NC_052550.1 Gallus gallus isolate bGalGal1 chromosome 19, bGalGal1.mat.broiler.GRCg7b, whole genome shotgun sequence	T	18	8564465
NC_052550.1 Gallus gallus isolate bGalGal1 chromosome 19, bGalGal1.mat.broiler.GRCg7b, whole genome shotgun sequence	G	21	8602095
NC_052550.1 Gallus gallus isolate bGalGal1 chromosome 19, bGalGal1.mat.broiler.GRCg7b, whole genome shotgun sequence	G	16	8660913
NC_052550.1 Gallus gallus isolate bGalGal1 chromosome 19, bGalGal1.mat.broiler.GRCg7b, whole genome shotgun sequence	G	21	8660984
NC_052550.1 Gallus gallus isolate bGalGal1 chromosome 19, bGalGal1.mat.broiler.GRCg7b, whole genome shotgun sequence	G	17	8662125
NC_052550.1 Gallus gallus isolate bGalGal1 chromosome 19, bGalGal1.mat.broiler.GRCg7b, whole genome shotgun sequence	T	18	8663686
NC_052550.1 Gallus gallus isolate bGalGal1 chromosome 19, bGalGal1.mat.broiler.GRCg7b, whole genome shotgun sequence	C	20	8673777
NC_052550.1 Gallus gallus isolate bGalGal1 chromosome 19, bGalGal1.mat.broiler.GRCg7b, whole genome shotgun sequence	T	18	8698529
NC_052550.1 Gallus gallus isolate bGalGal1 chromosome 19, bGalGal1.mat.broiler.GRCg7b, whole genome shotgun sequence	T	20	8699053
NC_052550.1 Gallus gallus isolate bGalGal1 chromosome 19, bGalGal1.mat.broiler.GRCg7b, whole genome shotgun sequence	G	21	8708522
NC_052550.1 Gallus gallus isolate bGalGal1 chromosome 19, bGalGal1.mat.broiler.GRCg7b, whole genome shotgun sequence	T	20	8733637
NC_052550.1 Gallus gallus isolate bGalGal1 chromosome 19, bGalGal1.mat.broiler.GRCg7b, whole genome shotgun sequence	T	21	8784169
NC_052550.1 Gallus gallus isolate bGalGal1 chromosome 19, bGalGal1.mat.broiler.GRCg7b, whole genome shotgun sequence	A	17	8803568
NC_052550.1 Gallus gallus isolate bGalGal1 chromosome 19, bGalGal1.mat.broiler.GRCg7b, whole genome shotgun sequence	G	24	8809822
NC_052550.1 Gallus gallus isolate bGalGal1 chromosome 19, bGalGal1.mat.broiler.GRCg7b, whole genome shotgun sequence	A	17	8856751
NC_052550.1 Gallus gallus isolate bGalGal1 chromosome 19, bGalGal1.mat.broiler.GRCg7b, whole genome shotgun sequence	C	21	8873070
NC_052550.1 Gallus gallus isolate bGalGal1 chromosome 19, bGalGal1.mat.broiler.GRCg7b, whole genome shotgun sequence	T	17	8910080
NC_052550.1 Gallus gallus isolate bGalGal1 chromosome 19, bGalGal1.mat.broiler.GRCg7b, whole genome shotgun sequence	A	16	8938594
NC_052550.1 Gallus gallus isolate bGalGal1 chromosome 19, bGalGal1.mat.broiler.GRCg7b, whole genome shotgun sequence	C	16	9019453
NC_052550.1 Gallus gallus isolate bGalGal1 chromosome 19, bGalGal1.mat.broiler.GRCg7b, whole genome shotgun sequence	A	16	9086196
NC_052550.1 Gallus gallus isolate bGalGal1 chromosome 19, bGalGal1.mat.broiler.GRCg7b, whole genome shotgun sequence	T	22	9094715
NC_052550.1 Gallus gallus isolate bGalGal1 chromosome 19, bGalGal1.mat.broiler.GRCg7b, whole genome shotgun sequence	A	16	9107605
NC_052550.1 Gallus gallus isolate bGalGal1 chromosome 19, bGalGal1.mat.broiler.GRCg7b, whole genome shotgun sequence	T	20	9142660
NC_052550.1 Gallus gallus isolate bGalGal1 chromosome 19, bGalGal1.mat.broiler.GRCg7b, whole genome shotgun sequence	C	24	9184677
NC_052550.1 Gallus gallus isolate bGalGal1 chromosome 19, bGalGal1.mat.broiler.GRCg7b, whole genome shotgun sequence	T	16	9215574
NC_052550.1 Gallus gallus isolate bGalGal1 chromosome 19, bGalGal1.mat.broiler.GRCg7b, whole genome shotgun sequence	T	16	9224435
NC_052550.1 Gallus gallus isolate bGalGal1 chromosome 19, bGalGal1.mat.broiler.GRCg7b, whole genome shotgun sequence	C	18	9253230
NC_052550.1 Gallus gallus isolate bGalGal1 chromosome 19, bGalGal1.mat.broiler.GRCg7b, whole genome shotgun sequence	C	18	9256290
NC_052550.1 Gallus gallus isolate bGalGal1 chromosome 19, bGalGal1.mat.broiler.GRCg7b, whole genome shotgun sequence	T	17	9296297
NC_052550.1 Gallus gallus isolate bGalGal1 chromosome 19, bGalGal1.mat.broiler.GRCg7b, whole genome shotgun sequence	A	16	9304984
NC_052550.1 Gallus gallus isolate bGalGal1 chromosome 19, bGalGal1.mat.broiler.GRCg7b, whole genome shotgun sequence	T	29	9319611
NC_052550.1 Gallus gallus isolate bGalGal1 chromosome 19, bGalGal1.mat.broiler.GRCg7b, whole genome shotgun sequence	A	16	9324404
NC_052550.1 Gallus gallus isolate bGalGal1 chromosome 19, bGalGal1.mat.broiler.GRCg7b, whole genome shotgun sequence	G	18	9443793
NC_052550.1 Gallus gallus isolate bGalGal1 chromosome 19, bGalGal1.mat.broiler.GRCg7b, whole genome shotgun sequence	A	17	9458502
NC_052550.1 Gallus gallus isolate bGalGal1 chromosome 19, bGalGal1.mat.broiler.GRCg7b, whole genome shotgun sequence	A	16	9475373
NC_052550.1 Gallus gallus isolate bGalGal1 chromosome 19, bGalGal1.mat.broiler.GRCg7b, whole genome shotgun sequence	A	18	9489667
NC_052550.1 Gallus gallus isolate bGalGal1 chromosome 19, bGalGal1.mat.broiler.GRCg7b, whole genome shotgun sequence	A	21	9523928
NC_052550.1 Gallus gallus isolate bGalGal1 chromosome 19, bGalGal1.mat.broiler.GRCg7b, whole genome shotgun sequence	G	16	9559278
NC_052550.1 Gallus gallus isolate bGalGal1 chromosome 19, bGalGal1.mat.broiler.GRCg7b, whole genome shotgun sequence	G	22	9567734
NC_052550.1 Gallus gallus isolate bGalGal1 chromosome 19, bGalGal1.mat.broiler.GRCg7b, whole genome shotgun sequence	A	23	9572910
NC_052550.1 Gallus gallus isolate bGalGal1 chromosome 19, bGalGal1.mat.broiler.GRCg7b, whole genome shotgun sequence	A	34	9593248
NC_052550.1 Gallus gallus isolate bGalGal1 chromosome 19, bGalGal1.mat.broiler.GRCg7b, whole genome shotgun sequence	A	19	9619628
NC_052550.1 Gallus gallus isolate bGalGal1 chromosome 19, bGalGal1.mat.broiler.GRCg7b, whole genome shotgun sequence	G	19	9622255
NC_052550.1 Gallus gallus isolate bGalGal1 chromosome 19, bGalGal1.mat.broiler.GRCg7b, whole genome shotgun sequence	T	16	9628620
NC_052550.1 Gallus gallus isolate bGalGal1 chromosome 19, bGalGal1.mat.broiler.GRCg7b, whole genome shotgun sequence	A	20	9634334
NC_052550.1 Gallus gallus isolate bGalGal1 chromosome 19, bGalGal1.mat.broiler.GRCg7b, whole genome shotgun sequence	A	23	9656610
NC_052550.1 Gallus gallus isolate bGalGal1 chromosome 19, bGalGal1.mat.broiler.GRCg7b, whole genome shotgun sequence	A	16	9684945
NC_052550.1 Gallus gallus isolate bGalGal1 chromosome 19, bGalGal1.mat.broiler.GRCg7b, whole genome shotgun sequence	A	17	9800903
NC_052550.1 Gallus gallus isolate bGalGal1 chromosome 19, bGalGal1.mat.broiler.GRCg7b, whole genome shotgun sequence	T	16	9820074
NC_052550.1 Gallus gallus isolate bGalGal1 chromosome 19, bGalGal1.mat.broiler.GRCg7b, whole genome shotgun sequence	T	16	9834902
NC_052550.1 Gallus gallus isolate bGalGal1 chromosome 19, bGalGal1.mat.broiler.GRCg7b, whole genome shotgun sequence	G	17	9856975
NC_052550.1 Gallus gallus isolate bGalGal1 chromosome 19, bGalGal1.mat.broiler.GRCg7b, whole genome shotgun sequence	A	21	9861238
NC_052550.1 Gallus gallus isolate bGalGal1 chromosome 19, bGalGal1.mat.broiler.GRCg7b, whole genome shotgun sequence	G	18	9884291
NC_052550.1 Gallus gallus isolate bGalGal1 chromosome 19, bGalGal1.mat.broiler.GRCg7b, whole genome shotgun sequence	A	23	9954899
NC_052550.1 Gallus gallus isolate bGalGal1 chromosome 19, bGalGal1.mat.broiler.GRCg7b, whole genome shotgun sequence	A	16	9982712
NC_052550.1 Gallus gallus isolate bGalGal1 chromosome 19, bGalGal1.mat.broiler.GRCg7b, whole genome shotgun sequence	A	16	10012026
NC_052550.1 Gallus gallus isolate bGalGal1 chromosome 19, bGalGal1.mat.broiler.GRCg7b, whole genome shotgun sequence	T	23	10015506
NC_052550.1 Gallus gallus isolate bGalGal1 chromosome 19, bGalGal1.mat.broiler.GRCg7b, whole genome shotgun sequence	T	16	10028106
NC_052550.1 Gallus gallus isolate bGalGal1 chromosome 19, bGalGal1.mat.broiler.GRCg7b, whole genome shotgun sequence	T	21	10042509
NC_052550.1 Gallus gallus isolate bGalGal1 chromosome 19, bGalGal1.mat.broiler.GRCg7b, whole genome shotgun sequence	C	16	10064802
NC_052550.1 Gallus gallus isolate bGalGal1 chromosome 19, bGalGal1.mat.broiler.GRCg7b, whole genome shotgun sequence	C	18	10119563
NC_052550.1 Gallus gallus isolate bGalGal1 chromosome 19, bGalGal1.mat.broiler.GRCg7b, whole genome shotgun sequence	T	16	10126442
NC_052550.1 Gallus gallus isolate bGalGal1 chromosome 19, bGalGal1.mat.broiler.GRCg7b, whole genome shotgun sequence	A	21	10160887
NC_052550.1 Gallus gallus isolate bGalGal1 chromosome 19, bGalGal1.mat.broiler.GRCg7b, whole genome shotgun sequence	A	21	10165539
NC_052550.1 Gallus gallus isolate bGalGal1 chromosome 19, bGalGal1.mat.broiler.GRCg7b, whole genome shotgun sequence	T	18	10202721
NC_052550.1 Gallus gallus isolate bGalGal1 chromosome 19, bGalGal1.mat.broiler.GRCg7b, whole genome shotgun sequence	A	20	10217867
NC_052550.1 Gallus gallus isolate bGalGal1 chromosome 19, bGalGal1.mat.broiler.GRCg7b, whole genome shotgun sequence	T	26	10239903
NC_052550.1 Gallus gallus isolate bGalGal1 chromosome 19, bGalGal1.mat.broiler.GRCg7b, whole genome shotgun sequence	A	25	10248642
NC_052550.1 Gallus gallus isolate bGalGal1 chromosome 19, bGalGal1.mat.broiler.GRCg7b, whole genome shotgun sequence	A	18	10282152
NC_052550.1 Gallus gallus isolate bGalGal1 chromosome 19, bGalGal1.mat.broiler.GRCg7b, whole genome shotgun sequence	T	20	10302292
NC_052550.1 Gallus gallus isolate bGalGal1 chromosome 19, bGalGal1.mat.broiler.GRCg7b, whole genome shotgun sequence	T	20	10304524
NC_052550.1 Gallus gallus isolate bGalGal1 chromosome 19, bGalGal1.mat.broiler.GRCg7b, whole genome shotgun sequence	T	16	10313124
NC_052550.1 Gallus gallus isolate bGalGal1 chromosome 19, bGalGal1.mat.broiler.GRCg7b, whole genome shotgun sequence	T	20	10315312
NC_052550.1 Gallus gallus isolate bGalGal1 chromosome 19, bGalGal1.mat.broiler.GRCg7b, whole genome shotgun sequence	T	21	10334290
NC_052550.1 Gallus gallus isolate bGalGal1 chromosome 19, bGalGal1.mat.broiler.GRCg7b, whole genome shotgun sequence	T	17	10345668
NC_052550.1 Gallus gallus isolate bGalGal1 chromosome 19, bGalGal1.mat.broiler.GRCg7b, whole genome shotgun sequence	A	24	10363859
NC_052550.1 Gallus gallus isolate bGalGal1 chromosome 19, bGalGal1.mat.broiler.GRCg7b, whole genome shotgun sequence	A	22	10363922
NC_052550.1 Gallus gallus isolate bGalGal1 chromosome 19, bGalGal1.mat.broiler.GRCg7b, whole genome shotgun sequence	A	16	10366901
NC_052550.1 Gallus gallus isolate bGalGal1 chromosome 19, bGalGal1.mat.broiler.GRCg7b, whole genome shotgun sequence	A	16	10368015
NC_052550.1 Gallus gallus isolate bGalGal1 chromosome 19, bGalGal1.mat.broiler.GRCg7b, whole genome shotgun sequence	T	23	10375369
NC_052550.1 Gallus gallus isolate bGalGal1 chromosome 19, bGalGal1.mat.broiler.GRCg7b, whole genome shotgun sequence	A	22	10381773
NC_052550.1 Gallus gallus isolate bGalGal1 chromosome 19, bGalGal1.mat.broiler.GRCg7b, whole genome shotgun sequence	A	16	10388110
NC_052550.1 Gallus gallus isolate bGalGal1 chromosome 19, bGalGal1.mat.broiler.GRCg7b, whole genome shotgun sequence	C	38	10423629
NC_052550.1 Gallus gallus isolate bGalGal1 chromosome 19, bGalGal1.mat.broiler.GRCg7b, whole genome shotgun sequence	C	33	10435835
