#Sequence_Name	SSR	Repeats	Position
NC_052549.1 Gallus gallus isolate bGalGal1 chromosome 18, bGalGal1.mat.broiler.GRCg7b, whole genome shotgun sequence	A	18	107620
NC_052549.1 Gallus gallus isolate bGalGal1 chromosome 18, bGalGal1.mat.broiler.GRCg7b, whole genome shotgun sequence	A	16	121519
NC_052549.1 Gallus gallus isolate bGalGal1 chromosome 18, bGalGal1.mat.broiler.GRCg7b, whole genome shotgun sequence	A	17	180866
NC_052549.1 Gallus gallus isolate bGalGal1 chromosome 18, bGalGal1.mat.broiler.GRCg7b, whole genome shotgun sequence	T	17	5801
NC_052549.1 Gallus gallus isolate bGalGal1 chromosome 18, bGalGal1.mat.broiler.GRCg7b, whole genome shotgun sequence	T	17	35550
NC_052549.1 Gallus gallus isolate bGalGal1 chromosome 18, bGalGal1.mat.broiler.GRCg7b, whole genome shotgun sequence	T	16	50216
NC_052549.1 Gallus gallus isolate bGalGal1 chromosome 18, bGalGal1.mat.broiler.GRCg7b, whole genome shotgun sequence	TCTCCC	14	1056204
NC_052549.1 Gallus gallus isolate bGalGal1 chromosome 18, bGalGal1.mat.broiler.GRCg7b, whole genome shotgun sequence	GAGAAG	28	2312639
NC_052549.1 Gallus gallus isolate bGalGal1 chromosome 18, bGalGal1.mat.broiler.GRCg7b, whole genome shotgun sequence	AGAGA	23	1074522
NC_052549.1 Gallus gallus isolate bGalGal1 chromosome 18, bGalGal1.mat.broiler.GRCg7b, whole genome shotgun sequence	TCTCC	53	1507475
NC_052549.1 Gallus gallus isolate bGalGal1 chromosome 18, bGalGal1.mat.broiler.GRCg7b, whole genome shotgun sequence	CCTTC	19	2285988
NC_052549.1 Gallus gallus isolate bGalGal1 chromosome 18, bGalGal1.mat.broiler.GRCg7b, whole genome shotgun sequence	ATCCT	23	2287544
NC_052549.1 Gallus gallus isolate bGalGal1 chromosome 18, bGalGal1.mat.broiler.GRCg7b, whole genome shotgun sequence	ATCCT	19	2287719
NC_052549.1 Gallus gallus isolate bGalGal1 chromosome 18, bGalGal1.mat.broiler.GRCg7b, whole genome shotgun sequence	TCCT	17	1117097
NC_052549.1 Gallus gallus isolate bGalGal1 chromosome 18, bGalGal1.mat.broiler.GRCg7b, whole genome shotgun sequence	CTTC	30	1461272
NC_052549.1 Gallus gallus isolate bGalGal1 chromosome 18, bGalGal1.mat.broiler.GRCg7b, whole genome shotgun sequence	GGAA	55	1995266
NC_052549.1 Gallus gallus isolate bGalGal1 chromosome 18, bGalGal1.mat.broiler.GRCg7b, whole genome shotgun sequence	AAGG	44	2231964
NC_052549.1 Gallus gallus isolate bGalGal1 chromosome 18, bGalGal1.mat.broiler.GRCg7b, whole genome shotgun sequence	AAAG	37	2237875
NC_052549.1 Gallus gallus isolate bGalGal1 chromosome 18, bGalGal1.mat.broiler.GRCg7b, whole genome shotgun sequence	A	30	693810
NC_052549.1 Gallus gallus isolate bGalGal1 chromosome 18, bGalGal1.mat.broiler.GRCg7b, whole genome shotgun sequence	A	21	703191
NC_052549.1 Gallus gallus isolate bGalGal1 chromosome 18, bGalGal1.mat.broiler.GRCg7b, whole genome shotgun sequence	A	16	719561
NC_052549.1 Gallus gallus isolate bGalGal1 chromosome 18, bGalGal1.mat.broiler.GRCg7b, whole genome shotgun sequence	G	27	720489
NC_052549.1 Gallus gallus isolate bGalGal1 chromosome 18, bGalGal1.mat.broiler.GRCg7b, whole genome shotgun sequence	A	32	721275
NC_052549.1 Gallus gallus isolate bGalGal1 chromosome 18, bGalGal1.mat.broiler.GRCg7b, whole genome shotgun sequence	T	31	723502
NC_052549.1 Gallus gallus isolate bGalGal1 chromosome 18, bGalGal1.mat.broiler.GRCg7b, whole genome shotgun sequence	T	23	730611
NC_052549.1 Gallus gallus isolate bGalGal1 chromosome 18, bGalGal1.mat.broiler.GRCg7b, whole genome shotgun sequence	A	22	759775
NC_052549.1 Gallus gallus isolate bGalGal1 chromosome 18, bGalGal1.mat.broiler.GRCg7b, whole genome shotgun sequence	A	19	771299
NC_052549.1 Gallus gallus isolate bGalGal1 chromosome 18, bGalGal1.mat.broiler.GRCg7b, whole genome shotgun sequence	C	18	784018
NC_052549.1 Gallus gallus isolate bGalGal1 chromosome 18, bGalGal1.mat.broiler.GRCg7b, whole genome shotgun sequence	A	52	789121
NC_052549.1 Gallus gallus isolate bGalGal1 chromosome 18, bGalGal1.mat.broiler.GRCg7b, whole genome shotgun sequence	A	18	841393
NC_052549.1 Gallus gallus isolate bGalGal1 chromosome 18, bGalGal1.mat.broiler.GRCg7b, whole genome shotgun sequence	T	16	848060
NC_052549.1 Gallus gallus isolate bGalGal1 chromosome 18, bGalGal1.mat.broiler.GRCg7b, whole genome shotgun sequence	A	20	854522
NC_052549.1 Gallus gallus isolate bGalGal1 chromosome 18, bGalGal1.mat.broiler.GRCg7b, whole genome shotgun sequence	T	44	875241
NC_052549.1 Gallus gallus isolate bGalGal1 chromosome 18, bGalGal1.mat.broiler.GRCg7b, whole genome shotgun sequence	A	18	886706
NC_052549.1 Gallus gallus isolate bGalGal1 chromosome 18, bGalGal1.mat.broiler.GRCg7b, whole genome shotgun sequence	A	16	913056
NC_052549.1 Gallus gallus isolate bGalGal1 chromosome 18, bGalGal1.mat.broiler.GRCg7b, whole genome shotgun sequence	T	16	968084
NC_052549.1 Gallus gallus isolate bGalGal1 chromosome 18, bGalGal1.mat.broiler.GRCg7b, whole genome shotgun sequence	G	21	974658
NC_052549.1 Gallus gallus isolate bGalGal1 chromosome 18, bGalGal1.mat.broiler.GRCg7b, whole genome shotgun sequence	T	19	1018184
NC_052549.1 Gallus gallus isolate bGalGal1 chromosome 18, bGalGal1.mat.broiler.GRCg7b, whole genome shotgun sequence	A	24	1031731
NC_052549.1 Gallus gallus isolate bGalGal1 chromosome 18, bGalGal1.mat.broiler.GRCg7b, whole genome shotgun sequence	A	22	1076618
NC_052549.1 Gallus gallus isolate bGalGal1 chromosome 18, bGalGal1.mat.broiler.GRCg7b, whole genome shotgun sequence	T	23	1092937
NC_052549.1 Gallus gallus isolate bGalGal1 chromosome 18, bGalGal1.mat.broiler.GRCg7b, whole genome shotgun sequence	T	16	1096280
NC_052549.1 Gallus gallus isolate bGalGal1 chromosome 18, bGalGal1.mat.broiler.GRCg7b, whole genome shotgun sequence	A	20	1097580
NC_052549.1 Gallus gallus isolate bGalGal1 chromosome 18, bGalGal1.mat.broiler.GRCg7b, whole genome shotgun sequence	T	16	1112505
NC_052549.1 Gallus gallus isolate bGalGal1 chromosome 18, bGalGal1.mat.broiler.GRCg7b, whole genome shotgun sequence	A	20	1132612
NC_052549.1 Gallus gallus isolate bGalGal1 chromosome 18, bGalGal1.mat.broiler.GRCg7b, whole genome shotgun sequence	A	17	1146794
NC_052549.1 Gallus gallus isolate bGalGal1 chromosome 18, bGalGal1.mat.broiler.GRCg7b, whole genome shotgun sequence	T	16	1202512
NC_052549.1 Gallus gallus isolate bGalGal1 chromosome 18, bGalGal1.mat.broiler.GRCg7b, whole genome shotgun sequence	A	18	1207162
NC_052549.1 Gallus gallus isolate bGalGal1 chromosome 18, bGalGal1.mat.broiler.GRCg7b, whole genome shotgun sequence	T	23	1240978
NC_052549.1 Gallus gallus isolate bGalGal1 chromosome 18, bGalGal1.mat.broiler.GRCg7b, whole genome shotgun sequence	A	21	1277814
NC_052549.1 Gallus gallus isolate bGalGal1 chromosome 18, bGalGal1.mat.broiler.GRCg7b, whole genome shotgun sequence	A	24	1373449
NC_052549.1 Gallus gallus isolate bGalGal1 chromosome 18, bGalGal1.mat.broiler.GRCg7b, whole genome shotgun sequence	T	16	1399890
NC_052549.1 Gallus gallus isolate bGalGal1 chromosome 18, bGalGal1.mat.broiler.GRCg7b, whole genome shotgun sequence	T	22	1498297
NC_052549.1 Gallus gallus isolate bGalGal1 chromosome 18, bGalGal1.mat.broiler.GRCg7b, whole genome shotgun sequence	A	16	1526165
NC_052549.1 Gallus gallus isolate bGalGal1 chromosome 18, bGalGal1.mat.broiler.GRCg7b, whole genome shotgun sequence	T	16	1527895
NC_052549.1 Gallus gallus isolate bGalGal1 chromosome 18, bGalGal1.mat.broiler.GRCg7b, whole genome shotgun sequence	T	19	1571210
NC_052549.1 Gallus gallus isolate bGalGal1 chromosome 18, bGalGal1.mat.broiler.GRCg7b, whole genome shotgun sequence	A	16	1583288
NC_052549.1 Gallus gallus isolate bGalGal1 chromosome 18, bGalGal1.mat.broiler.GRCg7b, whole genome shotgun sequence	A	16	1634881
NC_052549.1 Gallus gallus isolate bGalGal1 chromosome 18, bGalGal1.mat.broiler.GRCg7b, whole genome shotgun sequence	T	23	1658948
NC_052549.1 Gallus gallus isolate bGalGal1 chromosome 18, bGalGal1.mat.broiler.GRCg7b, whole genome shotgun sequence	T	16	1734344
NC_052549.1 Gallus gallus isolate bGalGal1 chromosome 18, bGalGal1.mat.broiler.GRCg7b, whole genome shotgun sequence	A	17	1737040
NC_052549.1 Gallus gallus isolate bGalGal1 chromosome 18, bGalGal1.mat.broiler.GRCg7b, whole genome shotgun sequence	T	17	1744817
NC_052549.1 Gallus gallus isolate bGalGal1 chromosome 18, bGalGal1.mat.broiler.GRCg7b, whole genome shotgun sequence	A	16	1747434
NC_052549.1 Gallus gallus isolate bGalGal1 chromosome 18, bGalGal1.mat.broiler.GRCg7b, whole genome shotgun sequence	A	16	1757632
NC_052549.1 Gallus gallus isolate bGalGal1 chromosome 18, bGalGal1.mat.broiler.GRCg7b, whole genome shotgun sequence	A	16	1874432
NC_052549.1 Gallus gallus isolate bGalGal1 chromosome 18, bGalGal1.mat.broiler.GRCg7b, whole genome shotgun sequence	T	19	1913793
NC_052549.1 Gallus gallus isolate bGalGal1 chromosome 18, bGalGal1.mat.broiler.GRCg7b, whole genome shotgun sequence	A	17	1931015
NC_052549.1 Gallus gallus isolate bGalGal1 chromosome 18, bGalGal1.mat.broiler.GRCg7b, whole genome shotgun sequence	A	22	1939432
NC_052549.1 Gallus gallus isolate bGalGal1 chromosome 18, bGalGal1.mat.broiler.GRCg7b, whole genome shotgun sequence	A	18	1947956
NC_052549.1 Gallus gallus isolate bGalGal1 chromosome 18, bGalGal1.mat.broiler.GRCg7b, whole genome shotgun sequence	A	16	1953523
NC_052549.1 Gallus gallus isolate bGalGal1 chromosome 18, bGalGal1.mat.broiler.GRCg7b, whole genome shotgun sequence	A	16	1962530
NC_052549.1 Gallus gallus isolate bGalGal1 chromosome 18, bGalGal1.mat.broiler.GRCg7b, whole genome shotgun sequence	C	16	1999566
NC_052549.1 Gallus gallus isolate bGalGal1 chromosome 18, bGalGal1.mat.broiler.GRCg7b, whole genome shotgun sequence	A	17	2049113
NC_052549.1 Gallus gallus isolate bGalGal1 chromosome 18, bGalGal1.mat.broiler.GRCg7b, whole genome shotgun sequence	T	19	2101885
NC_052549.1 Gallus gallus isolate bGalGal1 chromosome 18, bGalGal1.mat.broiler.GRCg7b, whole genome shotgun sequence	T	17	2156468
NC_052549.1 Gallus gallus isolate bGalGal1 chromosome 18, bGalGal1.mat.broiler.GRCg7b, whole genome shotgun sequence	A	16	2166639
NC_052549.1 Gallus gallus isolate bGalGal1 chromosome 18, bGalGal1.mat.broiler.GRCg7b, whole genome shotgun sequence	T	16	2185499
NC_052549.1 Gallus gallus isolate bGalGal1 chromosome 18, bGalGal1.mat.broiler.GRCg7b, whole genome shotgun sequence	A	24	2200043
NC_052549.1 Gallus gallus isolate bGalGal1 chromosome 18, bGalGal1.mat.broiler.GRCg7b, whole genome shotgun sequence	A	30	2250074
NC_052549.1 Gallus gallus isolate bGalGal1 chromosome 18, bGalGal1.mat.broiler.GRCg7b, whole genome shotgun sequence	A	16	2256667
NC_052549.1 Gallus gallus isolate bGalGal1 chromosome 18, bGalGal1.mat.broiler.GRCg7b, whole genome shotgun sequence	T	23	2271392
NC_052549.1 Gallus gallus isolate bGalGal1 chromosome 18, bGalGal1.mat.broiler.GRCg7b, whole genome shotgun sequence	T	18	2279537
NC_052549.1 Gallus gallus isolate bGalGal1 chromosome 18, bGalGal1.mat.broiler.GRCg7b, whole genome shotgun sequence	C	17	2289350
NC_052549.1 Gallus gallus isolate bGalGal1 chromosome 18, bGalGal1.mat.broiler.GRCg7b, whole genome shotgun sequence	C	25	2319220
NC_052549.1 Gallus gallus isolate bGalGal1 chromosome 18, bGalGal1.mat.broiler.GRCg7b, whole genome shotgun sequence	T	18	2423365
NC_052549.1 Gallus gallus isolate bGalGal1 chromosome 18, bGalGal1.mat.broiler.GRCg7b, whole genome shotgun sequence	AGAAAG	14	3101914
NC_052549.1 Gallus gallus isolate bGalGal1 chromosome 18, bGalGal1.mat.broiler.GRCg7b, whole genome shotgun sequence	AAAAGA	14	3102059
NC_052549.1 Gallus gallus isolate bGalGal1 chromosome 18, bGalGal1.mat.broiler.GRCg7b, whole genome shotgun sequence	CCCTT	31	2545582
NC_052549.1 Gallus gallus isolate bGalGal1 chromosome 18, bGalGal1.mat.broiler.GRCg7b, whole genome shotgun sequence	TCCTC	30	2546639
NC_052549.1 Gallus gallus isolate bGalGal1 chromosome 18, bGalGal1.mat.broiler.GRCg7b, whole genome shotgun sequence	GGATA	24	2551540
NC_052549.1 Gallus gallus isolate bGalGal1 chromosome 18, bGalGal1.mat.broiler.GRCg7b, whole genome shotgun sequence	GGAAG	34	2581547
NC_052549.1 Gallus gallus isolate bGalGal1 chromosome 18, bGalGal1.mat.broiler.GRCg7b, whole genome shotgun sequence	GAGAG	47	2664003
NC_052549.1 Gallus gallus isolate bGalGal1 chromosome 18, bGalGal1.mat.broiler.GRCg7b, whole genome shotgun sequence	GGAGA	51	2666455
NC_052549.1 Gallus gallus isolate bGalGal1 chromosome 18, bGalGal1.mat.broiler.GRCg7b, whole genome shotgun sequence	AGAGA	35	2666707
NC_052549.1 Gallus gallus isolate bGalGal1 chromosome 18, bGalGal1.mat.broiler.GRCg7b, whole genome shotgun sequence	CCCTT	43	2711011
NC_052549.1 Gallus gallus isolate bGalGal1 chromosome 18, bGalGal1.mat.broiler.GRCg7b, whole genome shotgun sequence	GGGAA	23	2752569
NC_052549.1 Gallus gallus isolate bGalGal1 chromosome 18, bGalGal1.mat.broiler.GRCg7b, whole genome shotgun sequence	TCCCT	26	2985420
NC_052549.1 Gallus gallus isolate bGalGal1 chromosome 18, bGalGal1.mat.broiler.GRCg7b, whole genome shotgun sequence	GAAGG	19	3068122
NC_052549.1 Gallus gallus isolate bGalGal1 chromosome 18, bGalGal1.mat.broiler.GRCg7b, whole genome shotgun sequence	GAAGA	24	3068217
NC_052549.1 Gallus gallus isolate bGalGal1 chromosome 18, bGalGal1.mat.broiler.GRCg7b, whole genome shotgun sequence	AAGAA	18	3068333
NC_052549.1 Gallus gallus isolate bGalGal1 chromosome 18, bGalGal1.mat.broiler.GRCg7b, whole genome shotgun sequence	CTTCC	31	3401484
NC_052549.1 Gallus gallus isolate bGalGal1 chromosome 18, bGalGal1.mat.broiler.GRCg7b, whole genome shotgun sequence	TGGAG	15	3434192
NC_052549.1 Gallus gallus isolate bGalGal1 chromosome 18, bGalGal1.mat.broiler.GRCg7b, whole genome shotgun sequence	CTCCT	25	3436155
NC_052549.1 Gallus gallus isolate bGalGal1 chromosome 18, bGalGal1.mat.broiler.GRCg7b, whole genome shotgun sequence	TTCCC	24	3436290
NC_052549.1 Gallus gallus isolate bGalGal1 chromosome 18, bGalGal1.mat.broiler.GRCg7b, whole genome shotgun sequence	TCCTA	21	3441046
NC_052549.1 Gallus gallus isolate bGalGal1 chromosome 18, bGalGal1.mat.broiler.GRCg7b, whole genome shotgun sequence	TTCCC	22	4225114
NC_052549.1 Gallus gallus isolate bGalGal1 chromosome 18, bGalGal1.mat.broiler.GRCg7b, whole genome shotgun sequence	CCTCT	36	4332928
NC_052549.1 Gallus gallus isolate bGalGal1 chromosome 18, bGalGal1.mat.broiler.GRCg7b, whole genome shotgun sequence	GGAGA	50	4524802
NC_052549.1 Gallus gallus isolate bGalGal1 chromosome 18, bGalGal1.mat.broiler.GRCg7b, whole genome shotgun sequence	TCCA	21	2660420
NC_052549.1 Gallus gallus isolate bGalGal1 chromosome 18, bGalGal1.mat.broiler.GRCg7b, whole genome shotgun sequence	AGGA	43	3067930
NC_052549.1 Gallus gallus isolate bGalGal1 chromosome 18, bGalGal1.mat.broiler.GRCg7b, whole genome shotgun sequence	TTA	21	2713953
NC_052549.1 Gallus gallus isolate bGalGal1 chromosome 18, bGalGal1.mat.broiler.GRCg7b, whole genome shotgun sequence	GT	18	3571526
NC_052549.1 Gallus gallus isolate bGalGal1 chromosome 18, bGalGal1.mat.broiler.GRCg7b, whole genome shotgun sequence	AG	18	3696365
NC_052549.1 Gallus gallus isolate bGalGal1 chromosome 18, bGalGal1.mat.broiler.GRCg7b, whole genome shotgun sequence	TG	19	3833613
NC_052549.1 Gallus gallus isolate bGalGal1 chromosome 18, bGalGal1.mat.broiler.GRCg7b, whole genome shotgun sequence	AC	14	4092697
NC_052549.1 Gallus gallus isolate bGalGal1 chromosome 18, bGalGal1.mat.broiler.GRCg7b, whole genome shotgun sequence	TC	22	4147126
NC_052549.1 Gallus gallus isolate bGalGal1 chromosome 18, bGalGal1.mat.broiler.GRCg7b, whole genome shotgun sequence	TA	15	4504206
NC_052549.1 Gallus gallus isolate bGalGal1 chromosome 18, bGalGal1.mat.broiler.GRCg7b, whole genome shotgun sequence	GT	15	4614541
NC_052549.1 Gallus gallus isolate bGalGal1 chromosome 18, bGalGal1.mat.broiler.GRCg7b, whole genome shotgun sequence	CA	29	5288308
NC_052549.1 Gallus gallus isolate bGalGal1 chromosome 18, bGalGal1.mat.broiler.GRCg7b, whole genome shotgun sequence	AT	25	5772290
NC_052549.1 Gallus gallus isolate bGalGal1 chromosome 18, bGalGal1.mat.broiler.GRCg7b, whole genome shotgun sequence	C	16	2593957
NC_052549.1 Gallus gallus isolate bGalGal1 chromosome 18, bGalGal1.mat.broiler.GRCg7b, whole genome shotgun sequence	C	21	2605709
NC_052549.1 Gallus gallus isolate bGalGal1 chromosome 18, bGalGal1.mat.broiler.GRCg7b, whole genome shotgun sequence	G	18	2630646
NC_052549.1 Gallus gallus isolate bGalGal1 chromosome 18, bGalGal1.mat.broiler.GRCg7b, whole genome shotgun sequence	G	21	2646065
NC_052549.1 Gallus gallus isolate bGalGal1 chromosome 18, bGalGal1.mat.broiler.GRCg7b, whole genome shotgun sequence	C	16	2648172
NC_052549.1 Gallus gallus isolate bGalGal1 chromosome 18, bGalGal1.mat.broiler.GRCg7b, whole genome shotgun sequence	G	20	2671314
NC_052549.1 Gallus gallus isolate bGalGal1 chromosome 18, bGalGal1.mat.broiler.GRCg7b, whole genome shotgun sequence	A	17	2674414
NC_052549.1 Gallus gallus isolate bGalGal1 chromosome 18, bGalGal1.mat.broiler.GRCg7b, whole genome shotgun sequence	T	20	2674468
NC_052549.1 Gallus gallus isolate bGalGal1 chromosome 18, bGalGal1.mat.broiler.GRCg7b, whole genome shotgun sequence	T	21	2722572
NC_052549.1 Gallus gallus isolate bGalGal1 chromosome 18, bGalGal1.mat.broiler.GRCg7b, whole genome shotgun sequence	T	18	2730752
NC_052549.1 Gallus gallus isolate bGalGal1 chromosome 18, bGalGal1.mat.broiler.GRCg7b, whole genome shotgun sequence	A	16	2764291
NC_052549.1 Gallus gallus isolate bGalGal1 chromosome 18, bGalGal1.mat.broiler.GRCg7b, whole genome shotgun sequence	T	19	2778784
NC_052549.1 Gallus gallus isolate bGalGal1 chromosome 18, bGalGal1.mat.broiler.GRCg7b, whole genome shotgun sequence	T	17	2781099
NC_052549.1 Gallus gallus isolate bGalGal1 chromosome 18, bGalGal1.mat.broiler.GRCg7b, whole genome shotgun sequence	C	24	2863105
NC_052549.1 Gallus gallus isolate bGalGal1 chromosome 18, bGalGal1.mat.broiler.GRCg7b, whole genome shotgun sequence	T	18	2899628
NC_052549.1 Gallus gallus isolate bGalGal1 chromosome 18, bGalGal1.mat.broiler.GRCg7b, whole genome shotgun sequence	A	20	2919312
NC_052549.1 Gallus gallus isolate bGalGal1 chromosome 18, bGalGal1.mat.broiler.GRCg7b, whole genome shotgun sequence	T	16	2927468
NC_052549.1 Gallus gallus isolate bGalGal1 chromosome 18, bGalGal1.mat.broiler.GRCg7b, whole genome shotgun sequence	A	18	2933470
NC_052549.1 Gallus gallus isolate bGalGal1 chromosome 18, bGalGal1.mat.broiler.GRCg7b, whole genome shotgun sequence	A	17	2952346
NC_052549.1 Gallus gallus isolate bGalGal1 chromosome 18, bGalGal1.mat.broiler.GRCg7b, whole genome shotgun sequence	T	20	2953537
NC_052549.1 Gallus gallus isolate bGalGal1 chromosome 18, bGalGal1.mat.broiler.GRCg7b, whole genome shotgun sequence	A	16	2966429
NC_052549.1 Gallus gallus isolate bGalGal1 chromosome 18, bGalGal1.mat.broiler.GRCg7b, whole genome shotgun sequence	C	18	2972517
NC_052549.1 Gallus gallus isolate bGalGal1 chromosome 18, bGalGal1.mat.broiler.GRCg7b, whole genome shotgun sequence	A	18	2991860
NC_052549.1 Gallus gallus isolate bGalGal1 chromosome 18, bGalGal1.mat.broiler.GRCg7b, whole genome shotgun sequence	T	19	3020340
NC_052549.1 Gallus gallus isolate bGalGal1 chromosome 18, bGalGal1.mat.broiler.GRCg7b, whole genome shotgun sequence	A	16	3038119
NC_052549.1 Gallus gallus isolate bGalGal1 chromosome 18, bGalGal1.mat.broiler.GRCg7b, whole genome shotgun sequence	T	16	3054889
NC_052549.1 Gallus gallus isolate bGalGal1 chromosome 18, bGalGal1.mat.broiler.GRCg7b, whole genome shotgun sequence	T	39	3099515
NC_052549.1 Gallus gallus isolate bGalGal1 chromosome 18, bGalGal1.mat.broiler.GRCg7b, whole genome shotgun sequence	T	17	3123865
NC_052549.1 Gallus gallus isolate bGalGal1 chromosome 18, bGalGal1.mat.broiler.GRCg7b, whole genome shotgun sequence	A	29	3137230
NC_052549.1 Gallus gallus isolate bGalGal1 chromosome 18, bGalGal1.mat.broiler.GRCg7b, whole genome shotgun sequence	A	19	3158291
NC_052549.1 Gallus gallus isolate bGalGal1 chromosome 18, bGalGal1.mat.broiler.GRCg7b, whole genome shotgun sequence	T	21	3161470
NC_052549.1 Gallus gallus isolate bGalGal1 chromosome 18, bGalGal1.mat.broiler.GRCg7b, whole genome shotgun sequence	A	17	3178692
NC_052549.1 Gallus gallus isolate bGalGal1 chromosome 18, bGalGal1.mat.broiler.GRCg7b, whole genome shotgun sequence	G	23	3196673
NC_052549.1 Gallus gallus isolate bGalGal1 chromosome 18, bGalGal1.mat.broiler.GRCg7b, whole genome shotgun sequence	A	17	3224958
NC_052549.1 Gallus gallus isolate bGalGal1 chromosome 18, bGalGal1.mat.broiler.GRCg7b, whole genome shotgun sequence	T	16	3226231
NC_052549.1 Gallus gallus isolate bGalGal1 chromosome 18, bGalGal1.mat.broiler.GRCg7b, whole genome shotgun sequence	A	16	3231533
NC_052549.1 Gallus gallus isolate bGalGal1 chromosome 18, bGalGal1.mat.broiler.GRCg7b, whole genome shotgun sequence	G	18	3317619
NC_052549.1 Gallus gallus isolate bGalGal1 chromosome 18, bGalGal1.mat.broiler.GRCg7b, whole genome shotgun sequence	A	18	3352904
NC_052549.1 Gallus gallus isolate bGalGal1 chromosome 18, bGalGal1.mat.broiler.GRCg7b, whole genome shotgun sequence	T	19	3360752
NC_052549.1 Gallus gallus isolate bGalGal1 chromosome 18, bGalGal1.mat.broiler.GRCg7b, whole genome shotgun sequence	G	22	3364046
NC_052549.1 Gallus gallus isolate bGalGal1 chromosome 18, bGalGal1.mat.broiler.GRCg7b, whole genome shotgun sequence	T	20	3369806
NC_052549.1 Gallus gallus isolate bGalGal1 chromosome 18, bGalGal1.mat.broiler.GRCg7b, whole genome shotgun sequence	T	19	3394941
NC_052549.1 Gallus gallus isolate bGalGal1 chromosome 18, bGalGal1.mat.broiler.GRCg7b, whole genome shotgun sequence	A	17	3398580
NC_052549.1 Gallus gallus isolate bGalGal1 chromosome 18, bGalGal1.mat.broiler.GRCg7b, whole genome shotgun sequence	C	16	3411965
NC_052549.1 Gallus gallus isolate bGalGal1 chromosome 18, bGalGal1.mat.broiler.GRCg7b, whole genome shotgun sequence	A	17	3450600
NC_052549.1 Gallus gallus isolate bGalGal1 chromosome 18, bGalGal1.mat.broiler.GRCg7b, whole genome shotgun sequence	T	16	3501347
NC_052549.1 Gallus gallus isolate bGalGal1 chromosome 18, bGalGal1.mat.broiler.GRCg7b, whole genome shotgun sequence	T	16	3513191
NC_052549.1 Gallus gallus isolate bGalGal1 chromosome 18, bGalGal1.mat.broiler.GRCg7b, whole genome shotgun sequence	A	18	3559100
NC_052549.1 Gallus gallus isolate bGalGal1 chromosome 18, bGalGal1.mat.broiler.GRCg7b, whole genome shotgun sequence	T	17	3559967
NC_052549.1 Gallus gallus isolate bGalGal1 chromosome 18, bGalGal1.mat.broiler.GRCg7b, whole genome shotgun sequence	A	18	3560436
NC_052549.1 Gallus gallus isolate bGalGal1 chromosome 18, bGalGal1.mat.broiler.GRCg7b, whole genome shotgun sequence	A	20	3664917
NC_052549.1 Gallus gallus isolate bGalGal1 chromosome 18, bGalGal1.mat.broiler.GRCg7b, whole genome shotgun sequence	A	17	3718032
NC_052549.1 Gallus gallus isolate bGalGal1 chromosome 18, bGalGal1.mat.broiler.GRCg7b, whole genome shotgun sequence	A	16	3719593
NC_052549.1 Gallus gallus isolate bGalGal1 chromosome 18, bGalGal1.mat.broiler.GRCg7b, whole genome shotgun sequence	T	22	3721366
NC_052549.1 Gallus gallus isolate bGalGal1 chromosome 18, bGalGal1.mat.broiler.GRCg7b, whole genome shotgun sequence	A	17	3753310
NC_052549.1 Gallus gallus isolate bGalGal1 chromosome 18, bGalGal1.mat.broiler.GRCg7b, whole genome shotgun sequence	A	16	3760423
NC_052549.1 Gallus gallus isolate bGalGal1 chromosome 18, bGalGal1.mat.broiler.GRCg7b, whole genome shotgun sequence	A	20	3789298
NC_052549.1 Gallus gallus isolate bGalGal1 chromosome 18, bGalGal1.mat.broiler.GRCg7b, whole genome shotgun sequence	T	20	3854624
NC_052549.1 Gallus gallus isolate bGalGal1 chromosome 18, bGalGal1.mat.broiler.GRCg7b, whole genome shotgun sequence	A	31	3892421
NC_052549.1 Gallus gallus isolate bGalGal1 chromosome 18, bGalGal1.mat.broiler.GRCg7b, whole genome shotgun sequence	A	16	3898825
NC_052549.1 Gallus gallus isolate bGalGal1 chromosome 18, bGalGal1.mat.broiler.GRCg7b, whole genome shotgun sequence	A	20	3974144
NC_052549.1 Gallus gallus isolate bGalGal1 chromosome 18, bGalGal1.mat.broiler.GRCg7b, whole genome shotgun sequence	T	17	3976164
NC_052549.1 Gallus gallus isolate bGalGal1 chromosome 18, bGalGal1.mat.broiler.GRCg7b, whole genome shotgun sequence	C	24	3987921
NC_052549.1 Gallus gallus isolate bGalGal1 chromosome 18, bGalGal1.mat.broiler.GRCg7b, whole genome shotgun sequence	A	21	4003060
NC_052549.1 Gallus gallus isolate bGalGal1 chromosome 18, bGalGal1.mat.broiler.GRCg7b, whole genome shotgun sequence	T	18	4008509
NC_052549.1 Gallus gallus isolate bGalGal1 chromosome 18, bGalGal1.mat.broiler.GRCg7b, whole genome shotgun sequence	A	18	4070064
NC_052549.1 Gallus gallus isolate bGalGal1 chromosome 18, bGalGal1.mat.broiler.GRCg7b, whole genome shotgun sequence	A	26	4070715
NC_052549.1 Gallus gallus isolate bGalGal1 chromosome 18, bGalGal1.mat.broiler.GRCg7b, whole genome shotgun sequence	A	16	4085400
NC_052549.1 Gallus gallus isolate bGalGal1 chromosome 18, bGalGal1.mat.broiler.GRCg7b, whole genome shotgun sequence	C	23	4120938
NC_052549.1 Gallus gallus isolate bGalGal1 chromosome 18, bGalGal1.mat.broiler.GRCg7b, whole genome shotgun sequence	T	17	4135514
NC_052549.1 Gallus gallus isolate bGalGal1 chromosome 18, bGalGal1.mat.broiler.GRCg7b, whole genome shotgun sequence	A	19	4222550
NC_052549.1 Gallus gallus isolate bGalGal1 chromosome 18, bGalGal1.mat.broiler.GRCg7b, whole genome shotgun sequence	A	18	4250582
NC_052549.1 Gallus gallus isolate bGalGal1 chromosome 18, bGalGal1.mat.broiler.GRCg7b, whole genome shotgun sequence	T	18	4269724
NC_052549.1 Gallus gallus isolate bGalGal1 chromosome 18, bGalGal1.mat.broiler.GRCg7b, whole genome shotgun sequence	A	24	4304403
NC_052549.1 Gallus gallus isolate bGalGal1 chromosome 18, bGalGal1.mat.broiler.GRCg7b, whole genome shotgun sequence	T	23	4335939
NC_052549.1 Gallus gallus isolate bGalGal1 chromosome 18, bGalGal1.mat.broiler.GRCg7b, whole genome shotgun sequence	T	25	4391764
NC_052549.1 Gallus gallus isolate bGalGal1 chromosome 18, bGalGal1.mat.broiler.GRCg7b, whole genome shotgun sequence	A	26	4411637
NC_052549.1 Gallus gallus isolate bGalGal1 chromosome 18, bGalGal1.mat.broiler.GRCg7b, whole genome shotgun sequence	T	20	4419686
NC_052549.1 Gallus gallus isolate bGalGal1 chromosome 18, bGalGal1.mat.broiler.GRCg7b, whole genome shotgun sequence	G	17	4445743
NC_052549.1 Gallus gallus isolate bGalGal1 chromosome 18, bGalGal1.mat.broiler.GRCg7b, whole genome shotgun sequence	C	17	4457374
NC_052549.1 Gallus gallus isolate bGalGal1 chromosome 18, bGalGal1.mat.broiler.GRCg7b, whole genome shotgun sequence	T	26	4459093
NC_052549.1 Gallus gallus isolate bGalGal1 chromosome 18, bGalGal1.mat.broiler.GRCg7b, whole genome shotgun sequence	C	24	4474177
NC_052549.1 Gallus gallus isolate bGalGal1 chromosome 18, bGalGal1.mat.broiler.GRCg7b, whole genome shotgun sequence	C	16	4482055
NC_052549.1 Gallus gallus isolate bGalGal1 chromosome 18, bGalGal1.mat.broiler.GRCg7b, whole genome shotgun sequence	T	16	4488115
NC_052549.1 Gallus gallus isolate bGalGal1 chromosome 18, bGalGal1.mat.broiler.GRCg7b, whole genome shotgun sequence	T	22	4492474
NC_052549.1 Gallus gallus isolate bGalGal1 chromosome 18, bGalGal1.mat.broiler.GRCg7b, whole genome shotgun sequence	G	19	4494327
NC_052549.1 Gallus gallus isolate bGalGal1 chromosome 18, bGalGal1.mat.broiler.GRCg7b, whole genome shotgun sequence	A	18	4498283
NC_052549.1 Gallus gallus isolate bGalGal1 chromosome 18, bGalGal1.mat.broiler.GRCg7b, whole genome shotgun sequence	G	16	4512332
NC_052549.1 Gallus gallus isolate bGalGal1 chromosome 18, bGalGal1.mat.broiler.GRCg7b, whole genome shotgun sequence	A	23	4512670
NC_052549.1 Gallus gallus isolate bGalGal1 chromosome 18, bGalGal1.mat.broiler.GRCg7b, whole genome shotgun sequence	T	28	4537074
NC_052549.1 Gallus gallus isolate bGalGal1 chromosome 18, bGalGal1.mat.broiler.GRCg7b, whole genome shotgun sequence	T	16	4540027
NC_052549.1 Gallus gallus isolate bGalGal1 chromosome 18, bGalGal1.mat.broiler.GRCg7b, whole genome shotgun sequence	T	17	4549213
NC_052549.1 Gallus gallus isolate bGalGal1 chromosome 18, bGalGal1.mat.broiler.GRCg7b, whole genome shotgun sequence	A	18	4588428
NC_052549.1 Gallus gallus isolate bGalGal1 chromosome 18, bGalGal1.mat.broiler.GRCg7b, whole genome shotgun sequence	T	27	4589347
NC_052549.1 Gallus gallus isolate bGalGal1 chromosome 18, bGalGal1.mat.broiler.GRCg7b, whole genome shotgun sequence	T	17	4599149
NC_052549.1 Gallus gallus isolate bGalGal1 chromosome 18, bGalGal1.mat.broiler.GRCg7b, whole genome shotgun sequence	A	19	4625285
NC_052549.1 Gallus gallus isolate bGalGal1 chromosome 18, bGalGal1.mat.broiler.GRCg7b, whole genome shotgun sequence	C	17	4633145
NC_052549.1 Gallus gallus isolate bGalGal1 chromosome 18, bGalGal1.mat.broiler.GRCg7b, whole genome shotgun sequence	T	17	4655537
NC_052549.1 Gallus gallus isolate bGalGal1 chromosome 18, bGalGal1.mat.broiler.GRCg7b, whole genome shotgun sequence	A	18	4686359
NC_052549.1 Gallus gallus isolate bGalGal1 chromosome 18, bGalGal1.mat.broiler.GRCg7b, whole genome shotgun sequence	A	16	4686420
NC_052549.1 Gallus gallus isolate bGalGal1 chromosome 18, bGalGal1.mat.broiler.GRCg7b, whole genome shotgun sequence	T	16	4687372
NC_052549.1 Gallus gallus isolate bGalGal1 chromosome 18, bGalGal1.mat.broiler.GRCg7b, whole genome shotgun sequence	T	18	4688909
NC_052549.1 Gallus gallus isolate bGalGal1 chromosome 18, bGalGal1.mat.broiler.GRCg7b, whole genome shotgun sequence	T	18	4738903
NC_052549.1 Gallus gallus isolate bGalGal1 chromosome 18, bGalGal1.mat.broiler.GRCg7b, whole genome shotgun sequence	T	17	4765185
NC_052549.1 Gallus gallus isolate bGalGal1 chromosome 18, bGalGal1.mat.broiler.GRCg7b, whole genome shotgun sequence	G	17	4790562
NC_052549.1 Gallus gallus isolate bGalGal1 chromosome 18, bGalGal1.mat.broiler.GRCg7b, whole genome shotgun sequence	A	21	4861598
NC_052549.1 Gallus gallus isolate bGalGal1 chromosome 18, bGalGal1.mat.broiler.GRCg7b, whole genome shotgun sequence	T	21	4866219
NC_052549.1 Gallus gallus isolate bGalGal1 chromosome 18, bGalGal1.mat.broiler.GRCg7b, whole genome shotgun sequence	C	18	4950394
NC_052549.1 Gallus gallus isolate bGalGal1 chromosome 18, bGalGal1.mat.broiler.GRCg7b, whole genome shotgun sequence	T	16	4959643
NC_052549.1 Gallus gallus isolate bGalGal1 chromosome 18, bGalGal1.mat.broiler.GRCg7b, whole genome shotgun sequence	T	16	4978268
NC_052549.1 Gallus gallus isolate bGalGal1 chromosome 18, bGalGal1.mat.broiler.GRCg7b, whole genome shotgun sequence	G	25	4984971
NC_052549.1 Gallus gallus isolate bGalGal1 chromosome 18, bGalGal1.mat.broiler.GRCg7b, whole genome shotgun sequence	T	17	5020177
NC_052549.1 Gallus gallus isolate bGalGal1 chromosome 18, bGalGal1.mat.broiler.GRCg7b, whole genome shotgun sequence	G	28	5057177
NC_052549.1 Gallus gallus isolate bGalGal1 chromosome 18, bGalGal1.mat.broiler.GRCg7b, whole genome shotgun sequence	C	17	5095721
NC_052549.1 Gallus gallus isolate bGalGal1 chromosome 18, bGalGal1.mat.broiler.GRCg7b, whole genome shotgun sequence	G	33	5099120
NC_052549.1 Gallus gallus isolate bGalGal1 chromosome 18, bGalGal1.mat.broiler.GRCg7b, whole genome shotgun sequence	A	20	5100533
NC_052549.1 Gallus gallus isolate bGalGal1 chromosome 18, bGalGal1.mat.broiler.GRCg7b, whole genome shotgun sequence	G	17	5119982
NC_052549.1 Gallus gallus isolate bGalGal1 chromosome 18, bGalGal1.mat.broiler.GRCg7b, whole genome shotgun sequence	C	19	5121541
NC_052549.1 Gallus gallus isolate bGalGal1 chromosome 18, bGalGal1.mat.broiler.GRCg7b, whole genome shotgun sequence	G	17	5123329
NC_052549.1 Gallus gallus isolate bGalGal1 chromosome 18, bGalGal1.mat.broiler.GRCg7b, whole genome shotgun sequence	A	25	5124326
NC_052549.1 Gallus gallus isolate bGalGal1 chromosome 18, bGalGal1.mat.broiler.GRCg7b, whole genome shotgun sequence	G	17	5129172
NC_052549.1 Gallus gallus isolate bGalGal1 chromosome 18, bGalGal1.mat.broiler.GRCg7b, whole genome shotgun sequence	G	20	5132633
NC_052549.1 Gallus gallus isolate bGalGal1 chromosome 18, bGalGal1.mat.broiler.GRCg7b, whole genome shotgun sequence	A	17	5150602
NC_052549.1 Gallus gallus isolate bGalGal1 chromosome 18, bGalGal1.mat.broiler.GRCg7b, whole genome shotgun sequence	A	16	5288434
NC_052549.1 Gallus gallus isolate bGalGal1 chromosome 18, bGalGal1.mat.broiler.GRCg7b, whole genome shotgun sequence	G	23	5327401
NC_052549.1 Gallus gallus isolate bGalGal1 chromosome 18, bGalGal1.mat.broiler.GRCg7b, whole genome shotgun sequence	A	16	5487578
NC_052549.1 Gallus gallus isolate bGalGal1 chromosome 18, bGalGal1.mat.broiler.GRCg7b, whole genome shotgun sequence	T	18	5541838
NC_052549.1 Gallus gallus isolate bGalGal1 chromosome 18, bGalGal1.mat.broiler.GRCg7b, whole genome shotgun sequence	C	16	5587198
NC_052549.1 Gallus gallus isolate bGalGal1 chromosome 18, bGalGal1.mat.broiler.GRCg7b, whole genome shotgun sequence	A	17	5658477
NC_052549.1 Gallus gallus isolate bGalGal1 chromosome 18, bGalGal1.mat.broiler.GRCg7b, whole genome shotgun sequence	C	20	5683711
NC_052549.1 Gallus gallus isolate bGalGal1 chromosome 18, bGalGal1.mat.broiler.GRCg7b, whole genome shotgun sequence	G	24	5686889
NC_052549.1 Gallus gallus isolate bGalGal1 chromosome 18, bGalGal1.mat.broiler.GRCg7b, whole genome shotgun sequence	T	18	5756430
NC_052549.1 Gallus gallus isolate bGalGal1 chromosome 18, bGalGal1.mat.broiler.GRCg7b, whole genome shotgun sequence	T	17	5769762
NC_052549.1 Gallus gallus isolate bGalGal1 chromosome 18, bGalGal1.mat.broiler.GRCg7b, whole genome shotgun sequence	T	16	5779107
NC_052549.1 Gallus gallus isolate bGalGal1 chromosome 18, bGalGal1.mat.broiler.GRCg7b, whole genome shotgun sequence	A	17	5781765
NC_052549.1 Gallus gallus isolate bGalGal1 chromosome 18, bGalGal1.mat.broiler.GRCg7b, whole genome shotgun sequence	T	16	5801449
NC_052549.1 Gallus gallus isolate bGalGal1 chromosome 18, bGalGal1.mat.broiler.GRCg7b, whole genome shotgun sequence	T	39	5801656
NC_052549.1 Gallus gallus isolate bGalGal1 chromosome 18, bGalGal1.mat.broiler.GRCg7b, whole genome shotgun sequence	A	32	5810768
NC_052549.1 Gallus gallus isolate bGalGal1 chromosome 18, bGalGal1.mat.broiler.GRCg7b, whole genome shotgun sequence	A	36	5812946
NC_052549.1 Gallus gallus isolate bGalGal1 chromosome 18, bGalGal1.mat.broiler.GRCg7b, whole genome shotgun sequence	T	22	5887909
NC_052549.1 Gallus gallus isolate bGalGal1 chromosome 18, bGalGal1.mat.broiler.GRCg7b, whole genome shotgun sequence	TTAGGG	39	11611194
NC_052549.1 Gallus gallus isolate bGalGal1 chromosome 18, bGalGal1.mat.broiler.GRCg7b, whole genome shotgun sequence	TAGGGT	555	11611445
NC_052549.1 Gallus gallus isolate bGalGal1 chromosome 18, bGalGal1.mat.broiler.GRCg7b, whole genome shotgun sequence	GGTTAG	446	11614777
NC_052549.1 Gallus gallus isolate bGalGal1 chromosome 18, bGalGal1.mat.broiler.GRCg7b, whole genome shotgun sequence	GGGTTA	40	11617453
NC_052549.1 Gallus gallus isolate bGalGal1 chromosome 18, bGalGal1.mat.broiler.GRCg7b, whole genome shotgun sequence	GGGTTA	16	11617695
NC_052549.1 Gallus gallus isolate bGalGal1 chromosome 18, bGalGal1.mat.broiler.GRCg7b, whole genome shotgun sequence	GGTTAG	60	11617842
NC_052549.1 Gallus gallus isolate bGalGal1 chromosome 18, bGalGal1.mat.broiler.GRCg7b, whole genome shotgun sequence	GGGTTA	31	11618256
NC_052549.1 Gallus gallus isolate bGalGal1 chromosome 18, bGalGal1.mat.broiler.GRCg7b, whole genome shotgun sequence	GTTAGG	84	11618442
NC_052549.1 Gallus gallus isolate bGalGal1 chromosome 18, bGalGal1.mat.broiler.GRCg7b, whole genome shotgun sequence	GGTTAG	39	11618944
NC_052549.1 Gallus gallus isolate bGalGal1 chromosome 18, bGalGal1.mat.broiler.GRCg7b, whole genome shotgun sequence	GGTTAG	41	11619177
NC_052549.1 Gallus gallus isolate bGalGal1 chromosome 18, bGalGal1.mat.broiler.GRCg7b, whole genome shotgun sequence	GGTTAG	16	11619450
NC_052549.1 Gallus gallus isolate bGalGal1 chromosome 18, bGalGal1.mat.broiler.GRCg7b, whole genome shotgun sequence	TAGGGT	48	11619547
NC_052549.1 Gallus gallus isolate bGalGal1 chromosome 18, bGalGal1.mat.broiler.GRCg7b, whole genome shotgun sequence	GGTTAG	20	11619837
NC_052549.1 Gallus gallus isolate bGalGal1 chromosome 18, bGalGal1.mat.broiler.GRCg7b, whole genome shotgun sequence	TAGGGT	18	11619959
NC_052549.1 Gallus gallus isolate bGalGal1 chromosome 18, bGalGal1.mat.broiler.GRCg7b, whole genome shotgun sequence	GGTTAG	36	11620175
NC_052549.1 Gallus gallus isolate bGalGal1 chromosome 18, bGalGal1.mat.broiler.GRCg7b, whole genome shotgun sequence	TAGGGT	16	11620393
NC_052549.1 Gallus gallus isolate bGalGal1 chromosome 18, bGalGal1.mat.broiler.GRCg7b, whole genome shotgun sequence	GGTTAG	16	11620526
NC_052549.1 Gallus gallus isolate bGalGal1 chromosome 18, bGalGal1.mat.broiler.GRCg7b, whole genome shotgun sequence	GGTTAG	23	11620673
NC_052549.1 Gallus gallus isolate bGalGal1 chromosome 18, bGalGal1.mat.broiler.GRCg7b, whole genome shotgun sequence	GGTTAG	15	11620868
NC_052549.1 Gallus gallus isolate bGalGal1 chromosome 18, bGalGal1.mat.broiler.GRCg7b, whole genome shotgun sequence	TTAGGG	17	11620963
NC_052549.1 Gallus gallus isolate bGalGal1 chromosome 18, bGalGal1.mat.broiler.GRCg7b, whole genome shotgun sequence	TAGGGT	19	11621282
NC_052549.1 Gallus gallus isolate bGalGal1 chromosome 18, bGalGal1.mat.broiler.GRCg7b, whole genome shotgun sequence	TAGGGT	20	11621423
NC_052549.1 Gallus gallus isolate bGalGal1 chromosome 18, bGalGal1.mat.broiler.GRCg7b, whole genome shotgun sequence	GGGTTA	30	11621616
NC_052549.1 Gallus gallus isolate bGalGal1 chromosome 18, bGalGal1.mat.broiler.GRCg7b, whole genome shotgun sequence	GGTTAG	25	11621864
NC_052549.1 Gallus gallus isolate bGalGal1 chromosome 18, bGalGal1.mat.broiler.GRCg7b, whole genome shotgun sequence	GGTTAG	21	11622059
NC_052549.1 Gallus gallus isolate bGalGal1 chromosome 18, bGalGal1.mat.broiler.GRCg7b, whole genome shotgun sequence	TAGGGT	16	11622198
NC_052549.1 Gallus gallus isolate bGalGal1 chromosome 18, bGalGal1.mat.broiler.GRCg7b, whole genome shotgun sequence	GGTTAG	16	11622450
NC_052549.1 Gallus gallus isolate bGalGal1 chromosome 18, bGalGal1.mat.broiler.GRCg7b, whole genome shotgun sequence	TAGGGT	17	11622766
NC_052549.1 Gallus gallus isolate bGalGal1 chromosome 18, bGalGal1.mat.broiler.GRCg7b, whole genome shotgun sequence	GGGTTA	29	11623180
NC_052549.1 Gallus gallus isolate bGalGal1 chromosome 18, bGalGal1.mat.broiler.GRCg7b, whole genome shotgun sequence	TTAGGG	16	11623798
NC_052549.1 Gallus gallus isolate bGalGal1 chromosome 18, bGalGal1.mat.broiler.GRCg7b, whole genome shotgun sequence	GGAAG	21	9541541
NC_052549.1 Gallus gallus isolate bGalGal1 chromosome 18, bGalGal1.mat.broiler.GRCg7b, whole genome shotgun sequence	CCATC	17	9829223
NC_052549.1 Gallus gallus isolate bGalGal1 chromosome 18, bGalGal1.mat.broiler.GRCg7b, whole genome shotgun sequence	CCCTT	40	9926646
NC_052549.1 Gallus gallus isolate bGalGal1 chromosome 18, bGalGal1.mat.broiler.GRCg7b, whole genome shotgun sequence	TTCCC	28	10100309
NC_052549.1 Gallus gallus isolate bGalGal1 chromosome 18, bGalGal1.mat.broiler.GRCg7b, whole genome shotgun sequence	CCCAT	15	10327388
NC_052549.1 Gallus gallus isolate bGalGal1 chromosome 18, bGalGal1.mat.broiler.GRCg7b, whole genome shotgun sequence	CTTT	22	9202714
NC_052549.1 Gallus gallus isolate bGalGal1 chromosome 18, bGalGal1.mat.broiler.GRCg7b, whole genome shotgun sequence	TCCA	17	9534549
NC_052549.1 Gallus gallus isolate bGalGal1 chromosome 18, bGalGal1.mat.broiler.GRCg7b, whole genome shotgun sequence	TCCA	16	10893562
NC_052549.1 Gallus gallus isolate bGalGal1 chromosome 18, bGalGal1.mat.broiler.GRCg7b, whole genome shotgun sequence	GT	14	7267268
NC_052549.1 Gallus gallus isolate bGalGal1 chromosome 18, bGalGal1.mat.broiler.GRCg7b, whole genome shotgun sequence	CA	15	7501664
NC_052549.1 Gallus gallus isolate bGalGal1 chromosome 18, bGalGal1.mat.broiler.GRCg7b, whole genome shotgun sequence	GT	14	8250076
NC_052549.1 Gallus gallus isolate bGalGal1 chromosome 18, bGalGal1.mat.broiler.GRCg7b, whole genome shotgun sequence	TA	14	9101925
NC_052549.1 Gallus gallus isolate bGalGal1 chromosome 18, bGalGal1.mat.broiler.GRCg7b, whole genome shotgun sequence	TA	14	9217225
NC_052549.1 Gallus gallus isolate bGalGal1 chromosome 18, bGalGal1.mat.broiler.GRCg7b, whole genome shotgun sequence	CA	16	10268413
NC_052549.1 Gallus gallus isolate bGalGal1 chromosome 18, bGalGal1.mat.broiler.GRCg7b, whole genome shotgun sequence	GT	14	10402516
NC_052549.1 Gallus gallus isolate bGalGal1 chromosome 18, bGalGal1.mat.broiler.GRCg7b, whole genome shotgun sequence	CA	14	10403489
NC_052549.1 Gallus gallus isolate bGalGal1 chromosome 18, bGalGal1.mat.broiler.GRCg7b, whole genome shotgun sequence	CA	17	10671853
NC_052549.1 Gallus gallus isolate bGalGal1 chromosome 18, bGalGal1.mat.broiler.GRCg7b, whole genome shotgun sequence	TA	14	10997547
NC_052549.1 Gallus gallus isolate bGalGal1 chromosome 18, bGalGal1.mat.broiler.GRCg7b, whole genome shotgun sequence	T	23	5896321
NC_052549.1 Gallus gallus isolate bGalGal1 chromosome 18, bGalGal1.mat.broiler.GRCg7b, whole genome shotgun sequence	A	17	5927947
NC_052549.1 Gallus gallus isolate bGalGal1 chromosome 18, bGalGal1.mat.broiler.GRCg7b, whole genome shotgun sequence	A	20	5930855
NC_052549.1 Gallus gallus isolate bGalGal1 chromosome 18, bGalGal1.mat.broiler.GRCg7b, whole genome shotgun sequence	T	25	5936716
NC_052549.1 Gallus gallus isolate bGalGal1 chromosome 18, bGalGal1.mat.broiler.GRCg7b, whole genome shotgun sequence	A	18	5937595
NC_052549.1 Gallus gallus isolate bGalGal1 chromosome 18, bGalGal1.mat.broiler.GRCg7b, whole genome shotgun sequence	A	21	5995214
NC_052549.1 Gallus gallus isolate bGalGal1 chromosome 18, bGalGal1.mat.broiler.GRCg7b, whole genome shotgun sequence	A	18	5998970
NC_052549.1 Gallus gallus isolate bGalGal1 chromosome 18, bGalGal1.mat.broiler.GRCg7b, whole genome shotgun sequence	A	19	6009136
NC_052549.1 Gallus gallus isolate bGalGal1 chromosome 18, bGalGal1.mat.broiler.GRCg7b, whole genome shotgun sequence	T	16	6014571
NC_052549.1 Gallus gallus isolate bGalGal1 chromosome 18, bGalGal1.mat.broiler.GRCg7b, whole genome shotgun sequence	A	17	6031185
NC_052549.1 Gallus gallus isolate bGalGal1 chromosome 18, bGalGal1.mat.broiler.GRCg7b, whole genome shotgun sequence	A	23	6049975
NC_052549.1 Gallus gallus isolate bGalGal1 chromosome 18, bGalGal1.mat.broiler.GRCg7b, whole genome shotgun sequence	A	18	6063639
NC_052549.1 Gallus gallus isolate bGalGal1 chromosome 18, bGalGal1.mat.broiler.GRCg7b, whole genome shotgun sequence	T	17	6079809
NC_052549.1 Gallus gallus isolate bGalGal1 chromosome 18, bGalGal1.mat.broiler.GRCg7b, whole genome shotgun sequence	T	17	6084286
NC_052549.1 Gallus gallus isolate bGalGal1 chromosome 18, bGalGal1.mat.broiler.GRCg7b, whole genome shotgun sequence	T	17	6106813
NC_052549.1 Gallus gallus isolate bGalGal1 chromosome 18, bGalGal1.mat.broiler.GRCg7b, whole genome shotgun sequence	T	18	6109949
NC_052549.1 Gallus gallus isolate bGalGal1 chromosome 18, bGalGal1.mat.broiler.GRCg7b, whole genome shotgun sequence	T	22	6123466
NC_052549.1 Gallus gallus isolate bGalGal1 chromosome 18, bGalGal1.mat.broiler.GRCg7b, whole genome shotgun sequence	T	18	6155880
NC_052549.1 Gallus gallus isolate bGalGal1 chromosome 18, bGalGal1.mat.broiler.GRCg7b, whole genome shotgun sequence	T	17	6195873
NC_052549.1 Gallus gallus isolate bGalGal1 chromosome 18, bGalGal1.mat.broiler.GRCg7b, whole genome shotgun sequence	A	16	6235665
NC_052549.1 Gallus gallus isolate bGalGal1 chromosome 18, bGalGal1.mat.broiler.GRCg7b, whole genome shotgun sequence	T	17	6258652
NC_052549.1 Gallus gallus isolate bGalGal1 chromosome 18, bGalGal1.mat.broiler.GRCg7b, whole genome shotgun sequence	A	16	6305925
NC_052549.1 Gallus gallus isolate bGalGal1 chromosome 18, bGalGal1.mat.broiler.GRCg7b, whole genome shotgun sequence	A	16	6315579
NC_052549.1 Gallus gallus isolate bGalGal1 chromosome 18, bGalGal1.mat.broiler.GRCg7b, whole genome shotgun sequence	T	16	6322100
NC_052549.1 Gallus gallus isolate bGalGal1 chromosome 18, bGalGal1.mat.broiler.GRCg7b, whole genome shotgun sequence	T	17	6443326
NC_052549.1 Gallus gallus isolate bGalGal1 chromosome 18, bGalGal1.mat.broiler.GRCg7b, whole genome shotgun sequence	A	34	6444769
NC_052549.1 Gallus gallus isolate bGalGal1 chromosome 18, bGalGal1.mat.broiler.GRCg7b, whole genome shotgun sequence	A	20	6570480
NC_052549.1 Gallus gallus isolate bGalGal1 chromosome 18, bGalGal1.mat.broiler.GRCg7b, whole genome shotgun sequence	C	17	6627874
NC_052549.1 Gallus gallus isolate bGalGal1 chromosome 18, bGalGal1.mat.broiler.GRCg7b, whole genome shotgun sequence	T	21	6650725
NC_052549.1 Gallus gallus isolate bGalGal1 chromosome 18, bGalGal1.mat.broiler.GRCg7b, whole genome shotgun sequence	T	17	6669306
NC_052549.1 Gallus gallus isolate bGalGal1 chromosome 18, bGalGal1.mat.broiler.GRCg7b, whole genome shotgun sequence	T	16	6717214
NC_052549.1 Gallus gallus isolate bGalGal1 chromosome 18, bGalGal1.mat.broiler.GRCg7b, whole genome shotgun sequence	T	27	6727025
NC_052549.1 Gallus gallus isolate bGalGal1 chromosome 18, bGalGal1.mat.broiler.GRCg7b, whole genome shotgun sequence	A	17	6741060
NC_052549.1 Gallus gallus isolate bGalGal1 chromosome 18, bGalGal1.mat.broiler.GRCg7b, whole genome shotgun sequence	T	18	6812612
NC_052549.1 Gallus gallus isolate bGalGal1 chromosome 18, bGalGal1.mat.broiler.GRCg7b, whole genome shotgun sequence	T	20	6822709
NC_052549.1 Gallus gallus isolate bGalGal1 chromosome 18, bGalGal1.mat.broiler.GRCg7b, whole genome shotgun sequence	A	16	6824471
NC_052549.1 Gallus gallus isolate bGalGal1 chromosome 18, bGalGal1.mat.broiler.GRCg7b, whole genome shotgun sequence	A	16	6824495
NC_052549.1 Gallus gallus isolate bGalGal1 chromosome 18, bGalGal1.mat.broiler.GRCg7b, whole genome shotgun sequence	A	19	6846926
NC_052549.1 Gallus gallus isolate bGalGal1 chromosome 18, bGalGal1.mat.broiler.GRCg7b, whole genome shotgun sequence	A	18	6853392
NC_052549.1 Gallus gallus isolate bGalGal1 chromosome 18, bGalGal1.mat.broiler.GRCg7b, whole genome shotgun sequence	A	20	6861980
NC_052549.1 Gallus gallus isolate bGalGal1 chromosome 18, bGalGal1.mat.broiler.GRCg7b, whole genome shotgun sequence	A	20	6872401
NC_052549.1 Gallus gallus isolate bGalGal1 chromosome 18, bGalGal1.mat.broiler.GRCg7b, whole genome shotgun sequence	A	20	6915367
NC_052549.1 Gallus gallus isolate bGalGal1 chromosome 18, bGalGal1.mat.broiler.GRCg7b, whole genome shotgun sequence	T	16	6943847
NC_052549.1 Gallus gallus isolate bGalGal1 chromosome 18, bGalGal1.mat.broiler.GRCg7b, whole genome shotgun sequence	C	19	6950172
NC_052549.1 Gallus gallus isolate bGalGal1 chromosome 18, bGalGal1.mat.broiler.GRCg7b, whole genome shotgun sequence	T	27	6976171
NC_052549.1 Gallus gallus isolate bGalGal1 chromosome 18, bGalGal1.mat.broiler.GRCg7b, whole genome shotgun sequence	T	16	6977479
NC_052549.1 Gallus gallus isolate bGalGal1 chromosome 18, bGalGal1.mat.broiler.GRCg7b, whole genome shotgun sequence	A	17	7020133
NC_052549.1 Gallus gallus isolate bGalGal1 chromosome 18, bGalGal1.mat.broiler.GRCg7b, whole genome shotgun sequence	A	18	7042967
NC_052549.1 Gallus gallus isolate bGalGal1 chromosome 18, bGalGal1.mat.broiler.GRCg7b, whole genome shotgun sequence	T	17	7054635
NC_052549.1 Gallus gallus isolate bGalGal1 chromosome 18, bGalGal1.mat.broiler.GRCg7b, whole genome shotgun sequence	T	20	7064761
NC_052549.1 Gallus gallus isolate bGalGal1 chromosome 18, bGalGal1.mat.broiler.GRCg7b, whole genome shotgun sequence	T	21	7068805
NC_052549.1 Gallus gallus isolate bGalGal1 chromosome 18, bGalGal1.mat.broiler.GRCg7b, whole genome shotgun sequence	A	22	7073997
NC_052549.1 Gallus gallus isolate bGalGal1 chromosome 18, bGalGal1.mat.broiler.GRCg7b, whole genome shotgun sequence	T	17	7137320
NC_052549.1 Gallus gallus isolate bGalGal1 chromosome 18, bGalGal1.mat.broiler.GRCg7b, whole genome shotgun sequence	A	18	7153612
NC_052549.1 Gallus gallus isolate bGalGal1 chromosome 18, bGalGal1.mat.broiler.GRCg7b, whole genome shotgun sequence	T	19	7178885
NC_052549.1 Gallus gallus isolate bGalGal1 chromosome 18, bGalGal1.mat.broiler.GRCg7b, whole genome shotgun sequence	C	19	7182178
NC_052549.1 Gallus gallus isolate bGalGal1 chromosome 18, bGalGal1.mat.broiler.GRCg7b, whole genome shotgun sequence	T	16	7280227
NC_052549.1 Gallus gallus isolate bGalGal1 chromosome 18, bGalGal1.mat.broiler.GRCg7b, whole genome shotgun sequence	A	18	7292401
NC_052549.1 Gallus gallus isolate bGalGal1 chromosome 18, bGalGal1.mat.broiler.GRCg7b, whole genome shotgun sequence	T	18	7301241
NC_052549.1 Gallus gallus isolate bGalGal1 chromosome 18, bGalGal1.mat.broiler.GRCg7b, whole genome shotgun sequence	A	16	7303664
NC_052549.1 Gallus gallus isolate bGalGal1 chromosome 18, bGalGal1.mat.broiler.GRCg7b, whole genome shotgun sequence	T	21	7316302
NC_052549.1 Gallus gallus isolate bGalGal1 chromosome 18, bGalGal1.mat.broiler.GRCg7b, whole genome shotgun sequence	C	20	7317139
NC_052549.1 Gallus gallus isolate bGalGal1 chromosome 18, bGalGal1.mat.broiler.GRCg7b, whole genome shotgun sequence	C	18	7317685
NC_052549.1 Gallus gallus isolate bGalGal1 chromosome 18, bGalGal1.mat.broiler.GRCg7b, whole genome shotgun sequence	T	18	7348970
NC_052549.1 Gallus gallus isolate bGalGal1 chromosome 18, bGalGal1.mat.broiler.GRCg7b, whole genome shotgun sequence	A	16	7376818
NC_052549.1 Gallus gallus isolate bGalGal1 chromosome 18, bGalGal1.mat.broiler.GRCg7b, whole genome shotgun sequence	T	20	7411842
NC_052549.1 Gallus gallus isolate bGalGal1 chromosome 18, bGalGal1.mat.broiler.GRCg7b, whole genome shotgun sequence	A	16	7411970
NC_052549.1 Gallus gallus isolate bGalGal1 chromosome 18, bGalGal1.mat.broiler.GRCg7b, whole genome shotgun sequence	C	18	7422246
NC_052549.1 Gallus gallus isolate bGalGal1 chromosome 18, bGalGal1.mat.broiler.GRCg7b, whole genome shotgun sequence	T	19	7426773
NC_052549.1 Gallus gallus isolate bGalGal1 chromosome 18, bGalGal1.mat.broiler.GRCg7b, whole genome shotgun sequence	A	18	7426943
NC_052549.1 Gallus gallus isolate bGalGal1 chromosome 18, bGalGal1.mat.broiler.GRCg7b, whole genome shotgun sequence	A	26	7448239
NC_052549.1 Gallus gallus isolate bGalGal1 chromosome 18, bGalGal1.mat.broiler.GRCg7b, whole genome shotgun sequence	T	26	7471586
NC_052549.1 Gallus gallus isolate bGalGal1 chromosome 18, bGalGal1.mat.broiler.GRCg7b, whole genome shotgun sequence	A	26	7504410
NC_052549.1 Gallus gallus isolate bGalGal1 chromosome 18, bGalGal1.mat.broiler.GRCg7b, whole genome shotgun sequence	T	18	7535112
NC_052549.1 Gallus gallus isolate bGalGal1 chromosome 18, bGalGal1.mat.broiler.GRCg7b, whole genome shotgun sequence	T	18	7547558
NC_052549.1 Gallus gallus isolate bGalGal1 chromosome 18, bGalGal1.mat.broiler.GRCg7b, whole genome shotgun sequence	T	16	7556412
NC_052549.1 Gallus gallus isolate bGalGal1 chromosome 18, bGalGal1.mat.broiler.GRCg7b, whole genome shotgun sequence	T	19	7564736
NC_052549.1 Gallus gallus isolate bGalGal1 chromosome 18, bGalGal1.mat.broiler.GRCg7b, whole genome shotgun sequence	T	42	7588040
NC_052549.1 Gallus gallus isolate bGalGal1 chromosome 18, bGalGal1.mat.broiler.GRCg7b, whole genome shotgun sequence	A	25	7600350
NC_052549.1 Gallus gallus isolate bGalGal1 chromosome 18, bGalGal1.mat.broiler.GRCg7b, whole genome shotgun sequence	T	18	7631151
NC_052549.1 Gallus gallus isolate bGalGal1 chromosome 18, bGalGal1.mat.broiler.GRCg7b, whole genome shotgun sequence	A	20	7648781
NC_052549.1 Gallus gallus isolate bGalGal1 chromosome 18, bGalGal1.mat.broiler.GRCg7b, whole genome shotgun sequence	A	18	7675153
NC_052549.1 Gallus gallus isolate bGalGal1 chromosome 18, bGalGal1.mat.broiler.GRCg7b, whole genome shotgun sequence	T	22	7759781
NC_052549.1 Gallus gallus isolate bGalGal1 chromosome 18, bGalGal1.mat.broiler.GRCg7b, whole genome shotgun sequence	T	16	7764651
NC_052549.1 Gallus gallus isolate bGalGal1 chromosome 18, bGalGal1.mat.broiler.GRCg7b, whole genome shotgun sequence	T	16	7764806
NC_052549.1 Gallus gallus isolate bGalGal1 chromosome 18, bGalGal1.mat.broiler.GRCg7b, whole genome shotgun sequence	A	19	7780826
NC_052549.1 Gallus gallus isolate bGalGal1 chromosome 18, bGalGal1.mat.broiler.GRCg7b, whole genome shotgun sequence	C	20	7788304
NC_052549.1 Gallus gallus isolate bGalGal1 chromosome 18, bGalGal1.mat.broiler.GRCg7b, whole genome shotgun sequence	T	19	7798022
NC_052549.1 Gallus gallus isolate bGalGal1 chromosome 18, bGalGal1.mat.broiler.GRCg7b, whole genome shotgun sequence	A	23	7818250
NC_052549.1 Gallus gallus isolate bGalGal1 chromosome 18, bGalGal1.mat.broiler.GRCg7b, whole genome shotgun sequence	T	16	7845269
NC_052549.1 Gallus gallus isolate bGalGal1 chromosome 18, bGalGal1.mat.broiler.GRCg7b, whole genome shotgun sequence	T	17	7865044
NC_052549.1 Gallus gallus isolate bGalGal1 chromosome 18, bGalGal1.mat.broiler.GRCg7b, whole genome shotgun sequence	T	17	7870543
NC_052549.1 Gallus gallus isolate bGalGal1 chromosome 18, bGalGal1.mat.broiler.GRCg7b, whole genome shotgun sequence	T	16	7909012
NC_052549.1 Gallus gallus isolate bGalGal1 chromosome 18, bGalGal1.mat.broiler.GRCg7b, whole genome shotgun sequence	A	19	7925499
NC_052549.1 Gallus gallus isolate bGalGal1 chromosome 18, bGalGal1.mat.broiler.GRCg7b, whole genome shotgun sequence	G	22	7928359
NC_052549.1 Gallus gallus isolate bGalGal1 chromosome 18, bGalGal1.mat.broiler.GRCg7b, whole genome shotgun sequence	A	25	7956814
NC_052549.1 Gallus gallus isolate bGalGal1 chromosome 18, bGalGal1.mat.broiler.GRCg7b, whole genome shotgun sequence	T	18	7975712
NC_052549.1 Gallus gallus isolate bGalGal1 chromosome 18, bGalGal1.mat.broiler.GRCg7b, whole genome shotgun sequence	A	24	8042107
NC_052549.1 Gallus gallus isolate bGalGal1 chromosome 18, bGalGal1.mat.broiler.GRCg7b, whole genome shotgun sequence	A	29	8088145
NC_052549.1 Gallus gallus isolate bGalGal1 chromosome 18, bGalGal1.mat.broiler.GRCg7b, whole genome shotgun sequence	T	20	8092588
NC_052549.1 Gallus gallus isolate bGalGal1 chromosome 18, bGalGal1.mat.broiler.GRCg7b, whole genome shotgun sequence	T	19	8101911
NC_052549.1 Gallus gallus isolate bGalGal1 chromosome 18, bGalGal1.mat.broiler.GRCg7b, whole genome shotgun sequence	A	19	8118254
NC_052549.1 Gallus gallus isolate bGalGal1 chromosome 18, bGalGal1.mat.broiler.GRCg7b, whole genome shotgun sequence	A	16	8147826
NC_052549.1 Gallus gallus isolate bGalGal1 chromosome 18, bGalGal1.mat.broiler.GRCg7b, whole genome shotgun sequence	A	16	8168611
NC_052549.1 Gallus gallus isolate bGalGal1 chromosome 18, bGalGal1.mat.broiler.GRCg7b, whole genome shotgun sequence	C	16	8183637
NC_052549.1 Gallus gallus isolate bGalGal1 chromosome 18, bGalGal1.mat.broiler.GRCg7b, whole genome shotgun sequence	A	21	8196389
NC_052549.1 Gallus gallus isolate bGalGal1 chromosome 18, bGalGal1.mat.broiler.GRCg7b, whole genome shotgun sequence	T	24	8226003
NC_052549.1 Gallus gallus isolate bGalGal1 chromosome 18, bGalGal1.mat.broiler.GRCg7b, whole genome shotgun sequence	T	16	8234708
NC_052549.1 Gallus gallus isolate bGalGal1 chromosome 18, bGalGal1.mat.broiler.GRCg7b, whole genome shotgun sequence	G	20	8238037
NC_052549.1 Gallus gallus isolate bGalGal1 chromosome 18, bGalGal1.mat.broiler.GRCg7b, whole genome shotgun sequence	G	16	8245279
NC_052549.1 Gallus gallus isolate bGalGal1 chromosome 18, bGalGal1.mat.broiler.GRCg7b, whole genome shotgun sequence	T	17	8245900
NC_052549.1 Gallus gallus isolate bGalGal1 chromosome 18, bGalGal1.mat.broiler.GRCg7b, whole genome shotgun sequence	C	17	8245923
NC_052549.1 Gallus gallus isolate bGalGal1 chromosome 18, bGalGal1.mat.broiler.GRCg7b, whole genome shotgun sequence	T	17	8247172
NC_052549.1 Gallus gallus isolate bGalGal1 chromosome 18, bGalGal1.mat.broiler.GRCg7b, whole genome shotgun sequence	T	19	8260241
NC_052549.1 Gallus gallus isolate bGalGal1 chromosome 18, bGalGal1.mat.broiler.GRCg7b, whole genome shotgun sequence	A	17	8266391
NC_052549.1 Gallus gallus isolate bGalGal1 chromosome 18, bGalGal1.mat.broiler.GRCg7b, whole genome shotgun sequence	A	19	8287684
NC_052549.1 Gallus gallus isolate bGalGal1 chromosome 18, bGalGal1.mat.broiler.GRCg7b, whole genome shotgun sequence	A	16	8288745
NC_052549.1 Gallus gallus isolate bGalGal1 chromosome 18, bGalGal1.mat.broiler.GRCg7b, whole genome shotgun sequence	A	18	8296311
NC_052549.1 Gallus gallus isolate bGalGal1 chromosome 18, bGalGal1.mat.broiler.GRCg7b, whole genome shotgun sequence	A	16	8317589
NC_052549.1 Gallus gallus isolate bGalGal1 chromosome 18, bGalGal1.mat.broiler.GRCg7b, whole genome shotgun sequence	T	17	8327410
NC_052549.1 Gallus gallus isolate bGalGal1 chromosome 18, bGalGal1.mat.broiler.GRCg7b, whole genome shotgun sequence	A	17	8336947
NC_052549.1 Gallus gallus isolate bGalGal1 chromosome 18, bGalGal1.mat.broiler.GRCg7b, whole genome shotgun sequence	A	16	8430442
NC_052549.1 Gallus gallus isolate bGalGal1 chromosome 18, bGalGal1.mat.broiler.GRCg7b, whole genome shotgun sequence	A	18	8438438
NC_052549.1 Gallus gallus isolate bGalGal1 chromosome 18, bGalGal1.mat.broiler.GRCg7b, whole genome shotgun sequence	T	18	8450225
NC_052549.1 Gallus gallus isolate bGalGal1 chromosome 18, bGalGal1.mat.broiler.GRCg7b, whole genome shotgun sequence	G	20	8494105
NC_052549.1 Gallus gallus isolate bGalGal1 chromosome 18, bGalGal1.mat.broiler.GRCg7b, whole genome shotgun sequence	A	18	8501637
NC_052549.1 Gallus gallus isolate bGalGal1 chromosome 18, bGalGal1.mat.broiler.GRCg7b, whole genome shotgun sequence	T	21	8536146
NC_052549.1 Gallus gallus isolate bGalGal1 chromosome 18, bGalGal1.mat.broiler.GRCg7b, whole genome shotgun sequence	A	20	8588495
NC_052549.1 Gallus gallus isolate bGalGal1 chromosome 18, bGalGal1.mat.broiler.GRCg7b, whole genome shotgun sequence	G	19	8607792
NC_052549.1 Gallus gallus isolate bGalGal1 chromosome 18, bGalGal1.mat.broiler.GRCg7b, whole genome shotgun sequence	C	17	8613760
NC_052549.1 Gallus gallus isolate bGalGal1 chromosome 18, bGalGal1.mat.broiler.GRCg7b, whole genome shotgun sequence	G	20	8613910
NC_052549.1 Gallus gallus isolate bGalGal1 chromosome 18, bGalGal1.mat.broiler.GRCg7b, whole genome shotgun sequence	T	17	8616097
NC_052549.1 Gallus gallus isolate bGalGal1 chromosome 18, bGalGal1.mat.broiler.GRCg7b, whole genome shotgun sequence	A	18	8701843
NC_052549.1 Gallus gallus isolate bGalGal1 chromosome 18, bGalGal1.mat.broiler.GRCg7b, whole genome shotgun sequence	A	30	8712627
NC_052549.1 Gallus gallus isolate bGalGal1 chromosome 18, bGalGal1.mat.broiler.GRCg7b, whole genome shotgun sequence	A	16	8727800
NC_052549.1 Gallus gallus isolate bGalGal1 chromosome 18, bGalGal1.mat.broiler.GRCg7b, whole genome shotgun sequence	T	18	8747710
NC_052549.1 Gallus gallus isolate bGalGal1 chromosome 18, bGalGal1.mat.broiler.GRCg7b, whole genome shotgun sequence	T	24	8785132
NC_052549.1 Gallus gallus isolate bGalGal1 chromosome 18, bGalGal1.mat.broiler.GRCg7b, whole genome shotgun sequence	T	16	8794749
NC_052549.1 Gallus gallus isolate bGalGal1 chromosome 18, bGalGal1.mat.broiler.GRCg7b, whole genome shotgun sequence	A	17	8826102
NC_052549.1 Gallus gallus isolate bGalGal1 chromosome 18, bGalGal1.mat.broiler.GRCg7b, whole genome shotgun sequence	C	25	8833847
NC_052549.1 Gallus gallus isolate bGalGal1 chromosome 18, bGalGal1.mat.broiler.GRCg7b, whole genome shotgun sequence	A	34	8849453
NC_052549.1 Gallus gallus isolate bGalGal1 chromosome 18, bGalGal1.mat.broiler.GRCg7b, whole genome shotgun sequence	T	19	8862813
NC_052549.1 Gallus gallus isolate bGalGal1 chromosome 18, bGalGal1.mat.broiler.GRCg7b, whole genome shotgun sequence	T	24	8870909
NC_052549.1 Gallus gallus isolate bGalGal1 chromosome 18, bGalGal1.mat.broiler.GRCg7b, whole genome shotgun sequence	A	16	8906705
NC_052549.1 Gallus gallus isolate bGalGal1 chromosome 18, bGalGal1.mat.broiler.GRCg7b, whole genome shotgun sequence	T	25	8959448
NC_052549.1 Gallus gallus isolate bGalGal1 chromosome 18, bGalGal1.mat.broiler.GRCg7b, whole genome shotgun sequence	T	23	8969152
NC_052549.1 Gallus gallus isolate bGalGal1 chromosome 18, bGalGal1.mat.broiler.GRCg7b, whole genome shotgun sequence	T	24	8982794
NC_052549.1 Gallus gallus isolate bGalGal1 chromosome 18, bGalGal1.mat.broiler.GRCg7b, whole genome shotgun sequence	A	17	8999960
NC_052549.1 Gallus gallus isolate bGalGal1 chromosome 18, bGalGal1.mat.broiler.GRCg7b, whole genome shotgun sequence	A	24	9014845
NC_052549.1 Gallus gallus isolate bGalGal1 chromosome 18, bGalGal1.mat.broiler.GRCg7b, whole genome shotgun sequence	A	16	9017178
NC_052549.1 Gallus gallus isolate bGalGal1 chromosome 18, bGalGal1.mat.broiler.GRCg7b, whole genome shotgun sequence	A	20	9025080
NC_052549.1 Gallus gallus isolate bGalGal1 chromosome 18, bGalGal1.mat.broiler.GRCg7b, whole genome shotgun sequence	T	18	9038904
NC_052549.1 Gallus gallus isolate bGalGal1 chromosome 18, bGalGal1.mat.broiler.GRCg7b, whole genome shotgun sequence	A	25	9039028
NC_052549.1 Gallus gallus isolate bGalGal1 chromosome 18, bGalGal1.mat.broiler.GRCg7b, whole genome shotgun sequence	T	20	9042993
NC_052549.1 Gallus gallus isolate bGalGal1 chromosome 18, bGalGal1.mat.broiler.GRCg7b, whole genome shotgun sequence	T	18	9060875
NC_052549.1 Gallus gallus isolate bGalGal1 chromosome 18, bGalGal1.mat.broiler.GRCg7b, whole genome shotgun sequence	G	16	9084520
NC_052549.1 Gallus gallus isolate bGalGal1 chromosome 18, bGalGal1.mat.broiler.GRCg7b, whole genome shotgun sequence	A	20	9101363
NC_052549.1 Gallus gallus isolate bGalGal1 chromosome 18, bGalGal1.mat.broiler.GRCg7b, whole genome shotgun sequence	A	21	9109920
NC_052549.1 Gallus gallus isolate bGalGal1 chromosome 18, bGalGal1.mat.broiler.GRCg7b, whole genome shotgun sequence	T	17	9134492
NC_052549.1 Gallus gallus isolate bGalGal1 chromosome 18, bGalGal1.mat.broiler.GRCg7b, whole genome shotgun sequence	A	17	9137694
NC_052549.1 Gallus gallus isolate bGalGal1 chromosome 18, bGalGal1.mat.broiler.GRCg7b, whole genome shotgun sequence	A	16	9148786
NC_052549.1 Gallus gallus isolate bGalGal1 chromosome 18, bGalGal1.mat.broiler.GRCg7b, whole genome shotgun sequence	T	30	9160219
NC_052549.1 Gallus gallus isolate bGalGal1 chromosome 18, bGalGal1.mat.broiler.GRCg7b, whole genome shotgun sequence	T	26	9160645
NC_052549.1 Gallus gallus isolate bGalGal1 chromosome 18, bGalGal1.mat.broiler.GRCg7b, whole genome shotgun sequence	T	17	9171891
NC_052549.1 Gallus gallus isolate bGalGal1 chromosome 18, bGalGal1.mat.broiler.GRCg7b, whole genome shotgun sequence	A	17	9174849
NC_052549.1 Gallus gallus isolate bGalGal1 chromosome 18, bGalGal1.mat.broiler.GRCg7b, whole genome shotgun sequence	A	26	9175611
NC_052549.1 Gallus gallus isolate bGalGal1 chromosome 18, bGalGal1.mat.broiler.GRCg7b, whole genome shotgun sequence	A	25	9176704
NC_052549.1 Gallus gallus isolate bGalGal1 chromosome 18, bGalGal1.mat.broiler.GRCg7b, whole genome shotgun sequence	A	16	9183847
NC_052549.1 Gallus gallus isolate bGalGal1 chromosome 18, bGalGal1.mat.broiler.GRCg7b, whole genome shotgun sequence	T	21	9196551
NC_052549.1 Gallus gallus isolate bGalGal1 chromosome 18, bGalGal1.mat.broiler.GRCg7b, whole genome shotgun sequence	T	16	9199268
NC_052549.1 Gallus gallus isolate bGalGal1 chromosome 18, bGalGal1.mat.broiler.GRCg7b, whole genome shotgun sequence	G	18	9206230
NC_052549.1 Gallus gallus isolate bGalGal1 chromosome 18, bGalGal1.mat.broiler.GRCg7b, whole genome shotgun sequence	T	16	9227110
NC_052549.1 Gallus gallus isolate bGalGal1 chromosome 18, bGalGal1.mat.broiler.GRCg7b, whole genome shotgun sequence	T	18	9251049
NC_052549.1 Gallus gallus isolate bGalGal1 chromosome 18, bGalGal1.mat.broiler.GRCg7b, whole genome shotgun sequence	A	19	9259300
NC_052549.1 Gallus gallus isolate bGalGal1 chromosome 18, bGalGal1.mat.broiler.GRCg7b, whole genome shotgun sequence	A	17	9270993
NC_052549.1 Gallus gallus isolate bGalGal1 chromosome 18, bGalGal1.mat.broiler.GRCg7b, whole genome shotgun sequence	A	16	9279506
NC_052549.1 Gallus gallus isolate bGalGal1 chromosome 18, bGalGal1.mat.broiler.GRCg7b, whole genome shotgun sequence	T	20	9282148
NC_052549.1 Gallus gallus isolate bGalGal1 chromosome 18, bGalGal1.mat.broiler.GRCg7b, whole genome shotgun sequence	T	23	9297276
NC_052549.1 Gallus gallus isolate bGalGal1 chromosome 18, bGalGal1.mat.broiler.GRCg7b, whole genome shotgun sequence	G	23	9337744
NC_052549.1 Gallus gallus isolate bGalGal1 chromosome 18, bGalGal1.mat.broiler.GRCg7b, whole genome shotgun sequence	G	26	9343212
NC_052549.1 Gallus gallus isolate bGalGal1 chromosome 18, bGalGal1.mat.broiler.GRCg7b, whole genome shotgun sequence	A	17	9362402
NC_052549.1 Gallus gallus isolate bGalGal1 chromosome 18, bGalGal1.mat.broiler.GRCg7b, whole genome shotgun sequence	T	18	9366156
NC_052549.1 Gallus gallus isolate bGalGal1 chromosome 18, bGalGal1.mat.broiler.GRCg7b, whole genome shotgun sequence	T	28	9391853
NC_052549.1 Gallus gallus isolate bGalGal1 chromosome 18, bGalGal1.mat.broiler.GRCg7b, whole genome shotgun sequence	A	25	9393740
NC_052549.1 Gallus gallus isolate bGalGal1 chromosome 18, bGalGal1.mat.broiler.GRCg7b, whole genome shotgun sequence	T	19	9424587
NC_052549.1 Gallus gallus isolate bGalGal1 chromosome 18, bGalGal1.mat.broiler.GRCg7b, whole genome shotgun sequence	A	17	9425477
NC_052549.1 Gallus gallus isolate bGalGal1 chromosome 18, bGalGal1.mat.broiler.GRCg7b, whole genome shotgun sequence	G	17	9510106
NC_052549.1 Gallus gallus isolate bGalGal1 chromosome 18, bGalGal1.mat.broiler.GRCg7b, whole genome shotgun sequence	G	18	9510524
NC_052549.1 Gallus gallus isolate bGalGal1 chromosome 18, bGalGal1.mat.broiler.GRCg7b, whole genome shotgun sequence	C	21	9532898
NC_052549.1 Gallus gallus isolate bGalGal1 chromosome 18, bGalGal1.mat.broiler.GRCg7b, whole genome shotgun sequence	A	17	9549075
NC_052549.1 Gallus gallus isolate bGalGal1 chromosome 18, bGalGal1.mat.broiler.GRCg7b, whole genome shotgun sequence	C	17	9670368
NC_052549.1 Gallus gallus isolate bGalGal1 chromosome 18, bGalGal1.mat.broiler.GRCg7b, whole genome shotgun sequence	G	19	9680900
NC_052549.1 Gallus gallus isolate bGalGal1 chromosome 18, bGalGal1.mat.broiler.GRCg7b, whole genome shotgun sequence	G	17	9690197
NC_052549.1 Gallus gallus isolate bGalGal1 chromosome 18, bGalGal1.mat.broiler.GRCg7b, whole genome shotgun sequence	A	17	9716693
NC_052549.1 Gallus gallus isolate bGalGal1 chromosome 18, bGalGal1.mat.broiler.GRCg7b, whole genome shotgun sequence	A	16	9717290
NC_052549.1 Gallus gallus isolate bGalGal1 chromosome 18, bGalGal1.mat.broiler.GRCg7b, whole genome shotgun sequence	T	21	9724250
NC_052549.1 Gallus gallus isolate bGalGal1 chromosome 18, bGalGal1.mat.broiler.GRCg7b, whole genome shotgun sequence	T	18	9795080
NC_052549.1 Gallus gallus isolate bGalGal1 chromosome 18, bGalGal1.mat.broiler.GRCg7b, whole genome shotgun sequence	G	16	9826496
NC_052549.1 Gallus gallus isolate bGalGal1 chromosome 18, bGalGal1.mat.broiler.GRCg7b, whole genome shotgun sequence	C	20	9847539
NC_052549.1 Gallus gallus isolate bGalGal1 chromosome 18, bGalGal1.mat.broiler.GRCg7b, whole genome shotgun sequence	A	24	9850538
NC_052549.1 Gallus gallus isolate bGalGal1 chromosome 18, bGalGal1.mat.broiler.GRCg7b, whole genome shotgun sequence	C	16	9851047
NC_052549.1 Gallus gallus isolate bGalGal1 chromosome 18, bGalGal1.mat.broiler.GRCg7b, whole genome shotgun sequence	C	38	9851684
NC_052549.1 Gallus gallus isolate bGalGal1 chromosome 18, bGalGal1.mat.broiler.GRCg7b, whole genome shotgun sequence	C	21	9852017
NC_052549.1 Gallus gallus isolate bGalGal1 chromosome 18, bGalGal1.mat.broiler.GRCg7b, whole genome shotgun sequence	A	17	9879874
NC_052549.1 Gallus gallus isolate bGalGal1 chromosome 18, bGalGal1.mat.broiler.GRCg7b, whole genome shotgun sequence	C	18	9914360
NC_052549.1 Gallus gallus isolate bGalGal1 chromosome 18, bGalGal1.mat.broiler.GRCg7b, whole genome shotgun sequence	C	23	9932308
NC_052549.1 Gallus gallus isolate bGalGal1 chromosome 18, bGalGal1.mat.broiler.GRCg7b, whole genome shotgun sequence	T	17	9932884
NC_052549.1 Gallus gallus isolate bGalGal1 chromosome 18, bGalGal1.mat.broiler.GRCg7b, whole genome shotgun sequence	C	25	9938650
NC_052549.1 Gallus gallus isolate bGalGal1 chromosome 18, bGalGal1.mat.broiler.GRCg7b, whole genome shotgun sequence	A	16	10024005
NC_052549.1 Gallus gallus isolate bGalGal1 chromosome 18, bGalGal1.mat.broiler.GRCg7b, whole genome shotgun sequence	T	16	10048277
NC_052549.1 Gallus gallus isolate bGalGal1 chromosome 18, bGalGal1.mat.broiler.GRCg7b, whole genome shotgun sequence	A	16	10091474
NC_052549.1 Gallus gallus isolate bGalGal1 chromosome 18, bGalGal1.mat.broiler.GRCg7b, whole genome shotgun sequence	C	16	10109600
NC_052549.1 Gallus gallus isolate bGalGal1 chromosome 18, bGalGal1.mat.broiler.GRCg7b, whole genome shotgun sequence	C	17	10109853
NC_052549.1 Gallus gallus isolate bGalGal1 chromosome 18, bGalGal1.mat.broiler.GRCg7b, whole genome shotgun sequence	A	16	10110303
NC_052549.1 Gallus gallus isolate bGalGal1 chromosome 18, bGalGal1.mat.broiler.GRCg7b, whole genome shotgun sequence	A	16	10124988
NC_052549.1 Gallus gallus isolate bGalGal1 chromosome 18, bGalGal1.mat.broiler.GRCg7b, whole genome shotgun sequence	A	16	10154011
NC_052549.1 Gallus gallus isolate bGalGal1 chromosome 18, bGalGal1.mat.broiler.GRCg7b, whole genome shotgun sequence	G	17	10186139
NC_052549.1 Gallus gallus isolate bGalGal1 chromosome 18, bGalGal1.mat.broiler.GRCg7b, whole genome shotgun sequence	T	18	10206682
NC_052549.1 Gallus gallus isolate bGalGal1 chromosome 18, bGalGal1.mat.broiler.GRCg7b, whole genome shotgun sequence	T	17	10237987
NC_052549.1 Gallus gallus isolate bGalGal1 chromosome 18, bGalGal1.mat.broiler.GRCg7b, whole genome shotgun sequence	T	20	10238014
NC_052549.1 Gallus gallus isolate bGalGal1 chromosome 18, bGalGal1.mat.broiler.GRCg7b, whole genome shotgun sequence	G	16	10268548
NC_052549.1 Gallus gallus isolate bGalGal1 chromosome 18, bGalGal1.mat.broiler.GRCg7b, whole genome shotgun sequence	T	18	10272432
NC_052549.1 Gallus gallus isolate bGalGal1 chromosome 18, bGalGal1.mat.broiler.GRCg7b, whole genome shotgun sequence	T	17	10298826
NC_052549.1 Gallus gallus isolate bGalGal1 chromosome 18, bGalGal1.mat.broiler.GRCg7b, whole genome shotgun sequence	T	17	10310979
NC_052549.1 Gallus gallus isolate bGalGal1 chromosome 18, bGalGal1.mat.broiler.GRCg7b, whole genome shotgun sequence	C	18	10345812
NC_052549.1 Gallus gallus isolate bGalGal1 chromosome 18, bGalGal1.mat.broiler.GRCg7b, whole genome shotgun sequence	G	19	10350627
NC_052549.1 Gallus gallus isolate bGalGal1 chromosome 18, bGalGal1.mat.broiler.GRCg7b, whole genome shotgun sequence	C	25	10350753
NC_052549.1 Gallus gallus isolate bGalGal1 chromosome 18, bGalGal1.mat.broiler.GRCg7b, whole genome shotgun sequence	A	16	10367142
NC_052549.1 Gallus gallus isolate bGalGal1 chromosome 18, bGalGal1.mat.broiler.GRCg7b, whole genome shotgun sequence	C	28	10372978
NC_052549.1 Gallus gallus isolate bGalGal1 chromosome 18, bGalGal1.mat.broiler.GRCg7b, whole genome shotgun sequence	A	18	10378204
NC_052549.1 Gallus gallus isolate bGalGal1 chromosome 18, bGalGal1.mat.broiler.GRCg7b, whole genome shotgun sequence	T	16	10403893
NC_052549.1 Gallus gallus isolate bGalGal1 chromosome 18, bGalGal1.mat.broiler.GRCg7b, whole genome shotgun sequence	G	17	10412782
NC_052549.1 Gallus gallus isolate bGalGal1 chromosome 18, bGalGal1.mat.broiler.GRCg7b, whole genome shotgun sequence	G	21	10469075
NC_052549.1 Gallus gallus isolate bGalGal1 chromosome 18, bGalGal1.mat.broiler.GRCg7b, whole genome shotgun sequence	C	16	10488897
NC_052549.1 Gallus gallus isolate bGalGal1 chromosome 18, bGalGal1.mat.broiler.GRCg7b, whole genome shotgun sequence	C	17	10499316
NC_052549.1 Gallus gallus isolate bGalGal1 chromosome 18, bGalGal1.mat.broiler.GRCg7b, whole genome shotgun sequence	C	20	10501883
NC_052549.1 Gallus gallus isolate bGalGal1 chromosome 18, bGalGal1.mat.broiler.GRCg7b, whole genome shotgun sequence	G	16	10514856
NC_052549.1 Gallus gallus isolate bGalGal1 chromosome 18, bGalGal1.mat.broiler.GRCg7b, whole genome shotgun sequence	A	20	10546325
NC_052549.1 Gallus gallus isolate bGalGal1 chromosome 18, bGalGal1.mat.broiler.GRCg7b, whole genome shotgun sequence	A	17	10590088
NC_052549.1 Gallus gallus isolate bGalGal1 chromosome 18, bGalGal1.mat.broiler.GRCg7b, whole genome shotgun sequence	C	19	10602938
NC_052549.1 Gallus gallus isolate bGalGal1 chromosome 18, bGalGal1.mat.broiler.GRCg7b, whole genome shotgun sequence	A	19	10671807
NC_052549.1 Gallus gallus isolate bGalGal1 chromosome 18, bGalGal1.mat.broiler.GRCg7b, whole genome shotgun sequence	T	16	10706345
NC_052549.1 Gallus gallus isolate bGalGal1 chromosome 18, bGalGal1.mat.broiler.GRCg7b, whole genome shotgun sequence	T	18	10825782
NC_052549.1 Gallus gallus isolate bGalGal1 chromosome 18, bGalGal1.mat.broiler.GRCg7b, whole genome shotgun sequence	C	25	10842780
NC_052549.1 Gallus gallus isolate bGalGal1 chromosome 18, bGalGal1.mat.broiler.GRCg7b, whole genome shotgun sequence	A	20	10891191
NC_052549.1 Gallus gallus isolate bGalGal1 chromosome 18, bGalGal1.mat.broiler.GRCg7b, whole genome shotgun sequence	T	16	10908609
NC_052549.1 Gallus gallus isolate bGalGal1 chromosome 18, bGalGal1.mat.broiler.GRCg7b, whole genome shotgun sequence	T	20	10931890
NC_052549.1 Gallus gallus isolate bGalGal1 chromosome 18, bGalGal1.mat.broiler.GRCg7b, whole genome shotgun sequence	T	19	10957036
NC_052549.1 Gallus gallus isolate bGalGal1 chromosome 18, bGalGal1.mat.broiler.GRCg7b, whole genome shotgun sequence	C	18	10971247
NC_052549.1 Gallus gallus isolate bGalGal1 chromosome 18, bGalGal1.mat.broiler.GRCg7b, whole genome shotgun sequence	A	24	11001923
NC_052549.1 Gallus gallus isolate bGalGal1 chromosome 18, bGalGal1.mat.broiler.GRCg7b, whole genome shotgun sequence	A	23	11007612
NC_052549.1 Gallus gallus isolate bGalGal1 chromosome 18, bGalGal1.mat.broiler.GRCg7b, whole genome shotgun sequence	T	16	11094842
NC_052549.1 Gallus gallus isolate bGalGal1 chromosome 18, bGalGal1.mat.broiler.GRCg7b, whole genome shotgun sequence	A	34	11110911
NC_052549.1 Gallus gallus isolate bGalGal1 chromosome 18, bGalGal1.mat.broiler.GRCg7b, whole genome shotgun sequence	G	16	11157981
NC_052549.1 Gallus gallus isolate bGalGal1 chromosome 18, bGalGal1.mat.broiler.GRCg7b, whole genome shotgun sequence	A	16	11174342
NC_052549.1 Gallus gallus isolate bGalGal1 chromosome 18, bGalGal1.mat.broiler.GRCg7b, whole genome shotgun sequence	A	18	11189645
NC_052549.1 Gallus gallus isolate bGalGal1 chromosome 18, bGalGal1.mat.broiler.GRCg7b, whole genome shotgun sequence	A	22	11214298
NC_052549.1 Gallus gallus isolate bGalGal1 chromosome 18, bGalGal1.mat.broiler.GRCg7b, whole genome shotgun sequence	A	16	11257478
NC_052549.1 Gallus gallus isolate bGalGal1 chromosome 18, bGalGal1.mat.broiler.GRCg7b, whole genome shotgun sequence	G	23	11265717
NC_052549.1 Gallus gallus isolate bGalGal1 chromosome 18, bGalGal1.mat.broiler.GRCg7b, whole genome shotgun sequence	C	39	11269850
NC_052549.1 Gallus gallus isolate bGalGal1 chromosome 18, bGalGal1.mat.broiler.GRCg7b, whole genome shotgun sequence	T	25	11283404
NC_052549.1 Gallus gallus isolate bGalGal1 chromosome 18, bGalGal1.mat.broiler.GRCg7b, whole genome shotgun sequence	A	22	11307802
NC_052549.1 Gallus gallus isolate bGalGal1 chromosome 18, bGalGal1.mat.broiler.GRCg7b, whole genome shotgun sequence	T	20	11307880
NC_052549.1 Gallus gallus isolate bGalGal1 chromosome 18, bGalGal1.mat.broiler.GRCg7b, whole genome shotgun sequence	T	17	11328489
NC_052549.1 Gallus gallus isolate bGalGal1 chromosome 18, bGalGal1.mat.broiler.GRCg7b, whole genome shotgun sequence	A	25	11348833
NC_052549.1 Gallus gallus isolate bGalGal1 chromosome 18, bGalGal1.mat.broiler.GRCg7b, whole genome shotgun sequence	A	20	11358645
NC_052549.1 Gallus gallus isolate bGalGal1 chromosome 18, bGalGal1.mat.broiler.GRCg7b, whole genome shotgun sequence	T	16	11375925
NC_052549.1 Gallus gallus isolate bGalGal1 chromosome 18, bGalGal1.mat.broiler.GRCg7b, whole genome shotgun sequence	A	16	11381357
NC_052549.1 Gallus gallus isolate bGalGal1 chromosome 18, bGalGal1.mat.broiler.GRCg7b, whole genome shotgun sequence	A	22	11398717
NC_052549.1 Gallus gallus isolate bGalGal1 chromosome 18, bGalGal1.mat.broiler.GRCg7b, whole genome shotgun sequence	A	16	11441320
NC_052549.1 Gallus gallus isolate bGalGal1 chromosome 18, bGalGal1.mat.broiler.GRCg7b, whole genome shotgun sequence	T	28	11443917
NC_052549.1 Gallus gallus isolate bGalGal1 chromosome 18, bGalGal1.mat.broiler.GRCg7b, whole genome shotgun sequence	C	25	11501359
NC_052549.1 Gallus gallus isolate bGalGal1 chromosome 18, bGalGal1.mat.broiler.GRCg7b, whole genome shotgun sequence	C	16	11502374
NC_052549.1 Gallus gallus isolate bGalGal1 chromosome 18, bGalGal1.mat.broiler.GRCg7b, whole genome shotgun sequence	C	18	11511972
NC_052549.1 Gallus gallus isolate bGalGal1 chromosome 18, bGalGal1.mat.broiler.GRCg7b, whole genome shotgun sequence	A	23	11547878
NC_052549.1 Gallus gallus isolate bGalGal1 chromosome 18, bGalGal1.mat.broiler.GRCg7b, whole genome shotgun sequence	T	21	11569342
NC_052549.1 Gallus gallus isolate bGalGal1 chromosome 18, bGalGal1.mat.broiler.GRCg7b, whole genome shotgun sequence	T	20	11579305
NC_052549.1 Gallus gallus isolate bGalGal1 chromosome 18, bGalGal1.mat.broiler.GRCg7b, whole genome shotgun sequence	T	21	11585194
NC_052549.1 Gallus gallus isolate bGalGal1 chromosome 18, bGalGal1.mat.broiler.GRCg7b, whole genome shotgun sequence	T	17	11586046
NC_052549.1 Gallus gallus isolate bGalGal1 chromosome 18, bGalGal1.mat.broiler.GRCg7b, whole genome shotgun sequence	T	18	11610224
