#Sequence_Name	SSR	Repeats	Position
NC_052546.1 Gallus gallus isolate bGalGal1 chromosome 15, bGalGal1.mat.broiler.GRCg7b, whole genome shotgun sequence	GGATGG	20	6852268
NC_052546.1 Gallus gallus isolate bGalGal1 chromosome 15, bGalGal1.mat.broiler.GRCg7b, whole genome shotgun sequence	ATCCCC	41	7125637
NC_052546.1 Gallus gallus isolate bGalGal1 chromosome 15, bGalGal1.mat.broiler.GRCg7b, whole genome shotgun sequence	GCCACA	28	8027226
NC_052546.1 Gallus gallus isolate bGalGal1 chromosome 15, bGalGal1.mat.broiler.GRCg7b, whole genome shotgun sequence	AGAAG	26	429525
NC_052546.1 Gallus gallus isolate bGalGal1 chromosome 15, bGalGal1.mat.broiler.GRCg7b, whole genome shotgun sequence	TTTCC	16	941319
NC_052546.1 Gallus gallus isolate bGalGal1 chromosome 15, bGalGal1.mat.broiler.GRCg7b, whole genome shotgun sequence	CCTTC	39	4117262
NC_052546.1 Gallus gallus isolate bGalGal1 chromosome 15, bGalGal1.mat.broiler.GRCg7b, whole genome shotgun sequence	TCCTC	35	7727250
NC_052546.1 Gallus gallus isolate bGalGal1 chromosome 15, bGalGal1.mat.broiler.GRCg7b, whole genome shotgun sequence	CTTTT	23	10130687
NC_052546.1 Gallus gallus isolate bGalGal1 chromosome 15, bGalGal1.mat.broiler.GRCg7b, whole genome shotgun sequence	TCTTC	19	10130801
NC_052546.1 Gallus gallus isolate bGalGal1 chromosome 15, bGalGal1.mat.broiler.GRCg7b, whole genome shotgun sequence	CCTTC	51	10227260
NC_052546.1 Gallus gallus isolate bGalGal1 chromosome 15, bGalGal1.mat.broiler.GRCg7b, whole genome shotgun sequence	AAGGG	19	10359348
NC_052546.1 Gallus gallus isolate bGalGal1 chromosome 15, bGalGal1.mat.broiler.GRCg7b, whole genome shotgun sequence	GAGGA	56	10674485
NC_052546.1 Gallus gallus isolate bGalGal1 chromosome 15, bGalGal1.mat.broiler.GRCg7b, whole genome shotgun sequence	AGAGA	34	10674764
NC_052546.1 Gallus gallus isolate bGalGal1 chromosome 15, bGalGal1.mat.broiler.GRCg7b, whole genome shotgun sequence	CTCTT	30	10696712
NC_052546.1 Gallus gallus isolate bGalGal1 chromosome 15, bGalGal1.mat.broiler.GRCg7b, whole genome shotgun sequence	TCTCC	47	11234113
NC_052546.1 Gallus gallus isolate bGalGal1 chromosome 15, bGalGal1.mat.broiler.GRCg7b, whole genome shotgun sequence	TTCCC	25	11553107
NC_052546.1 Gallus gallus isolate bGalGal1 chromosome 15, bGalGal1.mat.broiler.GRCg7b, whole genome shotgun sequence	CCCTT	45	11553379
NC_052546.1 Gallus gallus isolate bGalGal1 chromosome 15, bGalGal1.mat.broiler.GRCg7b, whole genome shotgun sequence	CCTCT	45	11694334
NC_052546.1 Gallus gallus isolate bGalGal1 chromosome 15, bGalGal1.mat.broiler.GRCg7b, whole genome shotgun sequence	CTCCC	17	11694557
NC_052546.1 Gallus gallus isolate bGalGal1 chromosome 15, bGalGal1.mat.broiler.GRCg7b, whole genome shotgun sequence	CTTTT	35	12275074
NC_052546.1 Gallus gallus isolate bGalGal1 chromosome 15, bGalGal1.mat.broiler.GRCg7b, whole genome shotgun sequence	AAGG	34	8046536
NC_052546.1 Gallus gallus isolate bGalGal1 chromosome 15, bGalGal1.mat.broiler.GRCg7b, whole genome shotgun sequence	CTTT	14	10130931
NC_052546.1 Gallus gallus isolate bGalGal1 chromosome 15, bGalGal1.mat.broiler.GRCg7b, whole genome shotgun sequence	TCTT	27	10130988
NC_052546.1 Gallus gallus isolate bGalGal1 chromosome 15, bGalGal1.mat.broiler.GRCg7b, whole genome shotgun sequence	TCCA	15	11183019
NC_052546.1 Gallus gallus isolate bGalGal1 chromosome 15, bGalGal1.mat.broiler.GRCg7b, whole genome shotgun sequence	CTTC	39	12275274
NC_052546.1 Gallus gallus isolate bGalGal1 chromosome 15, bGalGal1.mat.broiler.GRCg7b, whole genome shotgun sequence	AGAA	30	12569761
NC_052546.1 Gallus gallus isolate bGalGal1 chromosome 15, bGalGal1.mat.broiler.GRCg7b, whole genome shotgun sequence	AAT	14	12322838
NC_052546.1 Gallus gallus isolate bGalGal1 chromosome 15, bGalGal1.mat.broiler.GRCg7b, whole genome shotgun sequence	GGA	19	12510925
NC_052546.1 Gallus gallus isolate bGalGal1 chromosome 15, bGalGal1.mat.broiler.GRCg7b, whole genome shotgun sequence	AT	16	498758
NC_052546.1 Gallus gallus isolate bGalGal1 chromosome 15, bGalGal1.mat.broiler.GRCg7b, whole genome shotgun sequence	AC	19	1443750
NC_052546.1 Gallus gallus isolate bGalGal1 chromosome 15, bGalGal1.mat.broiler.GRCg7b, whole genome shotgun sequence	CA	26	1924528
NC_052546.1 Gallus gallus isolate bGalGal1 chromosome 15, bGalGal1.mat.broiler.GRCg7b, whole genome shotgun sequence	CA	24	4413579
NC_052546.1 Gallus gallus isolate bGalGal1 chromosome 15, bGalGal1.mat.broiler.GRCg7b, whole genome shotgun sequence	AT	30	4454399
NC_052546.1 Gallus gallus isolate bGalGal1 chromosome 15, bGalGal1.mat.broiler.GRCg7b, whole genome shotgun sequence	TA	14	6369862
NC_052546.1 Gallus gallus isolate bGalGal1 chromosome 15, bGalGal1.mat.broiler.GRCg7b, whole genome shotgun sequence	TA	33	6383273
NC_052546.1 Gallus gallus isolate bGalGal1 chromosome 15, bGalGal1.mat.broiler.GRCg7b, whole genome shotgun sequence	CA	21	6927083
NC_052546.1 Gallus gallus isolate bGalGal1 chromosome 15, bGalGal1.mat.broiler.GRCg7b, whole genome shotgun sequence	AT	14	6996159
NC_052546.1 Gallus gallus isolate bGalGal1 chromosome 15, bGalGal1.mat.broiler.GRCg7b, whole genome shotgun sequence	AC	16	7449812
NC_052546.1 Gallus gallus isolate bGalGal1 chromosome 15, bGalGal1.mat.broiler.GRCg7b, whole genome shotgun sequence	AT	14	7816086
NC_052546.1 Gallus gallus isolate bGalGal1 chromosome 15, bGalGal1.mat.broiler.GRCg7b, whole genome shotgun sequence	AT	16	8050651
NC_052546.1 Gallus gallus isolate bGalGal1 chromosome 15, bGalGal1.mat.broiler.GRCg7b, whole genome shotgun sequence	TA	14	8122502
NC_052546.1 Gallus gallus isolate bGalGal1 chromosome 15, bGalGal1.mat.broiler.GRCg7b, whole genome shotgun sequence	TA	16	8283976
NC_052546.1 Gallus gallus isolate bGalGal1 chromosome 15, bGalGal1.mat.broiler.GRCg7b, whole genome shotgun sequence	TG	16	8628392
NC_052546.1 Gallus gallus isolate bGalGal1 chromosome 15, bGalGal1.mat.broiler.GRCg7b, whole genome shotgun sequence	TA	18	8674333
NC_052546.1 Gallus gallus isolate bGalGal1 chromosome 15, bGalGal1.mat.broiler.GRCg7b, whole genome shotgun sequence	TA	21	9047953
NC_052546.1 Gallus gallus isolate bGalGal1 chromosome 15, bGalGal1.mat.broiler.GRCg7b, whole genome shotgun sequence	TG	14	9559420
NC_052546.1 Gallus gallus isolate bGalGal1 chromosome 15, bGalGal1.mat.broiler.GRCg7b, whole genome shotgun sequence	TG	14	9559460
NC_052546.1 Gallus gallus isolate bGalGal1 chromosome 15, bGalGal1.mat.broiler.GRCg7b, whole genome shotgun sequence	AT	20	9703817
NC_052546.1 Gallus gallus isolate bGalGal1 chromosome 15, bGalGal1.mat.broiler.GRCg7b, whole genome shotgun sequence	AT	14	9811107
NC_052546.1 Gallus gallus isolate bGalGal1 chromosome 15, bGalGal1.mat.broiler.GRCg7b, whole genome shotgun sequence	AC	16	10734858
NC_052546.1 Gallus gallus isolate bGalGal1 chromosome 15, bGalGal1.mat.broiler.GRCg7b, whole genome shotgun sequence	TG	14	10799803
NC_052546.1 Gallus gallus isolate bGalGal1 chromosome 15, bGalGal1.mat.broiler.GRCg7b, whole genome shotgun sequence	TG	16	11053861
NC_052546.1 Gallus gallus isolate bGalGal1 chromosome 15, bGalGal1.mat.broiler.GRCg7b, whole genome shotgun sequence	CA	16	11057685
NC_052546.1 Gallus gallus isolate bGalGal1 chromosome 15, bGalGal1.mat.broiler.GRCg7b, whole genome shotgun sequence	GT	20	11189458
NC_052546.1 Gallus gallus isolate bGalGal1 chromosome 15, bGalGal1.mat.broiler.GRCg7b, whole genome shotgun sequence	GT	16	11283423
NC_052546.1 Gallus gallus isolate bGalGal1 chromosome 15, bGalGal1.mat.broiler.GRCg7b, whole genome shotgun sequence	TA	15	12079805
NC_052546.1 Gallus gallus isolate bGalGal1 chromosome 15, bGalGal1.mat.broiler.GRCg7b, whole genome shotgun sequence	TC	23	12275452
NC_052546.1 Gallus gallus isolate bGalGal1 chromosome 15, bGalGal1.mat.broiler.GRCg7b, whole genome shotgun sequence	GA	15	12321834
NC_052546.1 Gallus gallus isolate bGalGal1 chromosome 15, bGalGal1.mat.broiler.GRCg7b, whole genome shotgun sequence	AC	21	12339890
NC_052546.1 Gallus gallus isolate bGalGal1 chromosome 15, bGalGal1.mat.broiler.GRCg7b, whole genome shotgun sequence	TC	16	12384601
NC_052546.1 Gallus gallus isolate bGalGal1 chromosome 15, bGalGal1.mat.broiler.GRCg7b, whole genome shotgun sequence	C	16	11447
NC_052546.1 Gallus gallus isolate bGalGal1 chromosome 15, bGalGal1.mat.broiler.GRCg7b, whole genome shotgun sequence	A	23	15336
NC_052546.1 Gallus gallus isolate bGalGal1 chromosome 15, bGalGal1.mat.broiler.GRCg7b, whole genome shotgun sequence	A	34	17793
NC_052546.1 Gallus gallus isolate bGalGal1 chromosome 15, bGalGal1.mat.broiler.GRCg7b, whole genome shotgun sequence	A	19	19796
NC_052546.1 Gallus gallus isolate bGalGal1 chromosome 15, bGalGal1.mat.broiler.GRCg7b, whole genome shotgun sequence	A	20	25164
NC_052546.1 Gallus gallus isolate bGalGal1 chromosome 15, bGalGal1.mat.broiler.GRCg7b, whole genome shotgun sequence	A	26	32730
NC_052546.1 Gallus gallus isolate bGalGal1 chromosome 15, bGalGal1.mat.broiler.GRCg7b, whole genome shotgun sequence	G	16	43301
NC_052546.1 Gallus gallus isolate bGalGal1 chromosome 15, bGalGal1.mat.broiler.GRCg7b, whole genome shotgun sequence	T	24	43385
NC_052546.1 Gallus gallus isolate bGalGal1 chromosome 15, bGalGal1.mat.broiler.GRCg7b, whole genome shotgun sequence	A	17	51794
NC_052546.1 Gallus gallus isolate bGalGal1 chromosome 15, bGalGal1.mat.broiler.GRCg7b, whole genome shotgun sequence	T	17	87538
NC_052546.1 Gallus gallus isolate bGalGal1 chromosome 15, bGalGal1.mat.broiler.GRCg7b, whole genome shotgun sequence	A	16	99116
NC_052546.1 Gallus gallus isolate bGalGal1 chromosome 15, bGalGal1.mat.broiler.GRCg7b, whole genome shotgun sequence	A	18	132589
NC_052546.1 Gallus gallus isolate bGalGal1 chromosome 15, bGalGal1.mat.broiler.GRCg7b, whole genome shotgun sequence	A	17	134928
NC_052546.1 Gallus gallus isolate bGalGal1 chromosome 15, bGalGal1.mat.broiler.GRCg7b, whole genome shotgun sequence	A	22	135697
NC_052546.1 Gallus gallus isolate bGalGal1 chromosome 15, bGalGal1.mat.broiler.GRCg7b, whole genome shotgun sequence	A	18	136797
NC_052546.1 Gallus gallus isolate bGalGal1 chromosome 15, bGalGal1.mat.broiler.GRCg7b, whole genome shotgun sequence	T	16	147166
NC_052546.1 Gallus gallus isolate bGalGal1 chromosome 15, bGalGal1.mat.broiler.GRCg7b, whole genome shotgun sequence	A	17	147976
NC_052546.1 Gallus gallus isolate bGalGal1 chromosome 15, bGalGal1.mat.broiler.GRCg7b, whole genome shotgun sequence	A	19	150412
NC_052546.1 Gallus gallus isolate bGalGal1 chromosome 15, bGalGal1.mat.broiler.GRCg7b, whole genome shotgun sequence	A	29	151716
NC_052546.1 Gallus gallus isolate bGalGal1 chromosome 15, bGalGal1.mat.broiler.GRCg7b, whole genome shotgun sequence	T	19	153723
NC_052546.1 Gallus gallus isolate bGalGal1 chromosome 15, bGalGal1.mat.broiler.GRCg7b, whole genome shotgun sequence	T	21	170103
NC_052546.1 Gallus gallus isolate bGalGal1 chromosome 15, bGalGal1.mat.broiler.GRCg7b, whole genome shotgun sequence	C	16	176665
NC_052546.1 Gallus gallus isolate bGalGal1 chromosome 15, bGalGal1.mat.broiler.GRCg7b, whole genome shotgun sequence	T	17	191107
NC_052546.1 Gallus gallus isolate bGalGal1 chromosome 15, bGalGal1.mat.broiler.GRCg7b, whole genome shotgun sequence	T	16	198055
NC_052546.1 Gallus gallus isolate bGalGal1 chromosome 15, bGalGal1.mat.broiler.GRCg7b, whole genome shotgun sequence	A	24	231002
NC_052546.1 Gallus gallus isolate bGalGal1 chromosome 15, bGalGal1.mat.broiler.GRCg7b, whole genome shotgun sequence	A	16	254869
NC_052546.1 Gallus gallus isolate bGalGal1 chromosome 15, bGalGal1.mat.broiler.GRCg7b, whole genome shotgun sequence	T	18	257890
NC_052546.1 Gallus gallus isolate bGalGal1 chromosome 15, bGalGal1.mat.broiler.GRCg7b, whole genome shotgun sequence	A	30	259340
NC_052546.1 Gallus gallus isolate bGalGal1 chromosome 15, bGalGal1.mat.broiler.GRCg7b, whole genome shotgun sequence	T	17	261264
NC_052546.1 Gallus gallus isolate bGalGal1 chromosome 15, bGalGal1.mat.broiler.GRCg7b, whole genome shotgun sequence	A	19	269735
NC_052546.1 Gallus gallus isolate bGalGal1 chromosome 15, bGalGal1.mat.broiler.GRCg7b, whole genome shotgun sequence	A	16	318292
NC_052546.1 Gallus gallus isolate bGalGal1 chromosome 15, bGalGal1.mat.broiler.GRCg7b, whole genome shotgun sequence	T	18	325935
NC_052546.1 Gallus gallus isolate bGalGal1 chromosome 15, bGalGal1.mat.broiler.GRCg7b, whole genome shotgun sequence	T	16	327573
NC_052546.1 Gallus gallus isolate bGalGal1 chromosome 15, bGalGal1.mat.broiler.GRCg7b, whole genome shotgun sequence	T	23	331324
NC_052546.1 Gallus gallus isolate bGalGal1 chromosome 15, bGalGal1.mat.broiler.GRCg7b, whole genome shotgun sequence	A	19	332245
NC_052546.1 Gallus gallus isolate bGalGal1 chromosome 15, bGalGal1.mat.broiler.GRCg7b, whole genome shotgun sequence	A	17	336447
NC_052546.1 Gallus gallus isolate bGalGal1 chromosome 15, bGalGal1.mat.broiler.GRCg7b, whole genome shotgun sequence	T	16	358598
NC_052546.1 Gallus gallus isolate bGalGal1 chromosome 15, bGalGal1.mat.broiler.GRCg7b, whole genome shotgun sequence	T	18	386454
NC_052546.1 Gallus gallus isolate bGalGal1 chromosome 15, bGalGal1.mat.broiler.GRCg7b, whole genome shotgun sequence	A	22	387104
NC_052546.1 Gallus gallus isolate bGalGal1 chromosome 15, bGalGal1.mat.broiler.GRCg7b, whole genome shotgun sequence	G	19	423973
NC_052546.1 Gallus gallus isolate bGalGal1 chromosome 15, bGalGal1.mat.broiler.GRCg7b, whole genome shotgun sequence	A	17	425538
NC_052546.1 Gallus gallus isolate bGalGal1 chromosome 15, bGalGal1.mat.broiler.GRCg7b, whole genome shotgun sequence	T	17	425901
NC_052546.1 Gallus gallus isolate bGalGal1 chromosome 15, bGalGal1.mat.broiler.GRCg7b, whole genome shotgun sequence	T	27	430743
NC_052546.1 Gallus gallus isolate bGalGal1 chromosome 15, bGalGal1.mat.broiler.GRCg7b, whole genome shotgun sequence	A	16	431447
NC_052546.1 Gallus gallus isolate bGalGal1 chromosome 15, bGalGal1.mat.broiler.GRCg7b, whole genome shotgun sequence	A	27	441785
NC_052546.1 Gallus gallus isolate bGalGal1 chromosome 15, bGalGal1.mat.broiler.GRCg7b, whole genome shotgun sequence	T	29	448489
NC_052546.1 Gallus gallus isolate bGalGal1 chromosome 15, bGalGal1.mat.broiler.GRCg7b, whole genome shotgun sequence	T	18	471555
NC_052546.1 Gallus gallus isolate bGalGal1 chromosome 15, bGalGal1.mat.broiler.GRCg7b, whole genome shotgun sequence	C	17	488214
NC_052546.1 Gallus gallus isolate bGalGal1 chromosome 15, bGalGal1.mat.broiler.GRCg7b, whole genome shotgun sequence	T	16	491221
NC_052546.1 Gallus gallus isolate bGalGal1 chromosome 15, bGalGal1.mat.broiler.GRCg7b, whole genome shotgun sequence	T	19	519425
NC_052546.1 Gallus gallus isolate bGalGal1 chromosome 15, bGalGal1.mat.broiler.GRCg7b, whole genome shotgun sequence	G	22	530914
NC_052546.1 Gallus gallus isolate bGalGal1 chromosome 15, bGalGal1.mat.broiler.GRCg7b, whole genome shotgun sequence	A	23	540615
NC_052546.1 Gallus gallus isolate bGalGal1 chromosome 15, bGalGal1.mat.broiler.GRCg7b, whole genome shotgun sequence	T	16	545342
NC_052546.1 Gallus gallus isolate bGalGal1 chromosome 15, bGalGal1.mat.broiler.GRCg7b, whole genome shotgun sequence	T	17	552981
NC_052546.1 Gallus gallus isolate bGalGal1 chromosome 15, bGalGal1.mat.broiler.GRCg7b, whole genome shotgun sequence	T	23	587325
NC_052546.1 Gallus gallus isolate bGalGal1 chromosome 15, bGalGal1.mat.broiler.GRCg7b, whole genome shotgun sequence	A	19	591336
NC_052546.1 Gallus gallus isolate bGalGal1 chromosome 15, bGalGal1.mat.broiler.GRCg7b, whole genome shotgun sequence	A	20	593180
NC_052546.1 Gallus gallus isolate bGalGal1 chromosome 15, bGalGal1.mat.broiler.GRCg7b, whole genome shotgun sequence	T	22	616307
NC_052546.1 Gallus gallus isolate bGalGal1 chromosome 15, bGalGal1.mat.broiler.GRCg7b, whole genome shotgun sequence	T	19	638896
NC_052546.1 Gallus gallus isolate bGalGal1 chromosome 15, bGalGal1.mat.broiler.GRCg7b, whole genome shotgun sequence	T	17	639604
NC_052546.1 Gallus gallus isolate bGalGal1 chromosome 15, bGalGal1.mat.broiler.GRCg7b, whole genome shotgun sequence	A	19	644187
NC_052546.1 Gallus gallus isolate bGalGal1 chromosome 15, bGalGal1.mat.broiler.GRCg7b, whole genome shotgun sequence	A	16	650026
NC_052546.1 Gallus gallus isolate bGalGal1 chromosome 15, bGalGal1.mat.broiler.GRCg7b, whole genome shotgun sequence	T	20	694018
NC_052546.1 Gallus gallus isolate bGalGal1 chromosome 15, bGalGal1.mat.broiler.GRCg7b, whole genome shotgun sequence	T	16	708847
NC_052546.1 Gallus gallus isolate bGalGal1 chromosome 15, bGalGal1.mat.broiler.GRCg7b, whole genome shotgun sequence	A	16	741071
NC_052546.1 Gallus gallus isolate bGalGal1 chromosome 15, bGalGal1.mat.broiler.GRCg7b, whole genome shotgun sequence	T	21	743236
NC_052546.1 Gallus gallus isolate bGalGal1 chromosome 15, bGalGal1.mat.broiler.GRCg7b, whole genome shotgun sequence	T	17	770920
NC_052546.1 Gallus gallus isolate bGalGal1 chromosome 15, bGalGal1.mat.broiler.GRCg7b, whole genome shotgun sequence	T	16	778474
NC_052546.1 Gallus gallus isolate bGalGal1 chromosome 15, bGalGal1.mat.broiler.GRCg7b, whole genome shotgun sequence	G	16	818338
NC_052546.1 Gallus gallus isolate bGalGal1 chromosome 15, bGalGal1.mat.broiler.GRCg7b, whole genome shotgun sequence	A	17	827827
NC_052546.1 Gallus gallus isolate bGalGal1 chromosome 15, bGalGal1.mat.broiler.GRCg7b, whole genome shotgun sequence	A	32	885595
NC_052546.1 Gallus gallus isolate bGalGal1 chromosome 15, bGalGal1.mat.broiler.GRCg7b, whole genome shotgun sequence	A	16	909814
NC_052546.1 Gallus gallus isolate bGalGal1 chromosome 15, bGalGal1.mat.broiler.GRCg7b, whole genome shotgun sequence	A	16	938021
NC_052546.1 Gallus gallus isolate bGalGal1 chromosome 15, bGalGal1.mat.broiler.GRCg7b, whole genome shotgun sequence	T	21	946678
NC_052546.1 Gallus gallus isolate bGalGal1 chromosome 15, bGalGal1.mat.broiler.GRCg7b, whole genome shotgun sequence	C	18	954187
NC_052546.1 Gallus gallus isolate bGalGal1 chromosome 15, bGalGal1.mat.broiler.GRCg7b, whole genome shotgun sequence	T	20	960298
NC_052546.1 Gallus gallus isolate bGalGal1 chromosome 15, bGalGal1.mat.broiler.GRCg7b, whole genome shotgun sequence	A	17	962726
NC_052546.1 Gallus gallus isolate bGalGal1 chromosome 15, bGalGal1.mat.broiler.GRCg7b, whole genome shotgun sequence	A	19	1005196
NC_052546.1 Gallus gallus isolate bGalGal1 chromosome 15, bGalGal1.mat.broiler.GRCg7b, whole genome shotgun sequence	T	20	1021978
NC_052546.1 Gallus gallus isolate bGalGal1 chromosome 15, bGalGal1.mat.broiler.GRCg7b, whole genome shotgun sequence	T	25	1025389
NC_052546.1 Gallus gallus isolate bGalGal1 chromosome 15, bGalGal1.mat.broiler.GRCg7b, whole genome shotgun sequence	A	22	1028081
NC_052546.1 Gallus gallus isolate bGalGal1 chromosome 15, bGalGal1.mat.broiler.GRCg7b, whole genome shotgun sequence	A	18	1040042
NC_052546.1 Gallus gallus isolate bGalGal1 chromosome 15, bGalGal1.mat.broiler.GRCg7b, whole genome shotgun sequence	A	17	1049024
NC_052546.1 Gallus gallus isolate bGalGal1 chromosome 15, bGalGal1.mat.broiler.GRCg7b, whole genome shotgun sequence	T	21	1052389
NC_052546.1 Gallus gallus isolate bGalGal1 chromosome 15, bGalGal1.mat.broiler.GRCg7b, whole genome shotgun sequence	A	17	1082946
NC_052546.1 Gallus gallus isolate bGalGal1 chromosome 15, bGalGal1.mat.broiler.GRCg7b, whole genome shotgun sequence	T	19	1088885
NC_052546.1 Gallus gallus isolate bGalGal1 chromosome 15, bGalGal1.mat.broiler.GRCg7b, whole genome shotgun sequence	T	16	1117474
NC_052546.1 Gallus gallus isolate bGalGal1 chromosome 15, bGalGal1.mat.broiler.GRCg7b, whole genome shotgun sequence	T	16	1133955
NC_052546.1 Gallus gallus isolate bGalGal1 chromosome 15, bGalGal1.mat.broiler.GRCg7b, whole genome shotgun sequence	A	24	1281405
NC_052546.1 Gallus gallus isolate bGalGal1 chromosome 15, bGalGal1.mat.broiler.GRCg7b, whole genome shotgun sequence	A	20	1313447
NC_052546.1 Gallus gallus isolate bGalGal1 chromosome 15, bGalGal1.mat.broiler.GRCg7b, whole genome shotgun sequence	T	17	1371299
NC_052546.1 Gallus gallus isolate bGalGal1 chromosome 15, bGalGal1.mat.broiler.GRCg7b, whole genome shotgun sequence	G	16	1373435
NC_052546.1 Gallus gallus isolate bGalGal1 chromosome 15, bGalGal1.mat.broiler.GRCg7b, whole genome shotgun sequence	T	16	1409454
NC_052546.1 Gallus gallus isolate bGalGal1 chromosome 15, bGalGal1.mat.broiler.GRCg7b, whole genome shotgun sequence	T	17	1435022
NC_052546.1 Gallus gallus isolate bGalGal1 chromosome 15, bGalGal1.mat.broiler.GRCg7b, whole genome shotgun sequence	A	35	1452447
NC_052546.1 Gallus gallus isolate bGalGal1 chromosome 15, bGalGal1.mat.broiler.GRCg7b, whole genome shotgun sequence	A	21	1455823
NC_052546.1 Gallus gallus isolate bGalGal1 chromosome 15, bGalGal1.mat.broiler.GRCg7b, whole genome shotgun sequence	A	29	1464473
NC_052546.1 Gallus gallus isolate bGalGal1 chromosome 15, bGalGal1.mat.broiler.GRCg7b, whole genome shotgun sequence	A	24	1474799
NC_052546.1 Gallus gallus isolate bGalGal1 chromosome 15, bGalGal1.mat.broiler.GRCg7b, whole genome shotgun sequence	A	16	1545474
NC_052546.1 Gallus gallus isolate bGalGal1 chromosome 15, bGalGal1.mat.broiler.GRCg7b, whole genome shotgun sequence	A	18	1551158
NC_052546.1 Gallus gallus isolate bGalGal1 chromosome 15, bGalGal1.mat.broiler.GRCg7b, whole genome shotgun sequence	T	17	1568328
NC_052546.1 Gallus gallus isolate bGalGal1 chromosome 15, bGalGal1.mat.broiler.GRCg7b, whole genome shotgun sequence	T	16	1575470
NC_052546.1 Gallus gallus isolate bGalGal1 chromosome 15, bGalGal1.mat.broiler.GRCg7b, whole genome shotgun sequence	T	26	1576546
NC_052546.1 Gallus gallus isolate bGalGal1 chromosome 15, bGalGal1.mat.broiler.GRCg7b, whole genome shotgun sequence	A	17	1576711
NC_052546.1 Gallus gallus isolate bGalGal1 chromosome 15, bGalGal1.mat.broiler.GRCg7b, whole genome shotgun sequence	T	24	1586564
NC_052546.1 Gallus gallus isolate bGalGal1 chromosome 15, bGalGal1.mat.broiler.GRCg7b, whole genome shotgun sequence	T	16	1635438
NC_052546.1 Gallus gallus isolate bGalGal1 chromosome 15, bGalGal1.mat.broiler.GRCg7b, whole genome shotgun sequence	A	26	1656604
NC_052546.1 Gallus gallus isolate bGalGal1 chromosome 15, bGalGal1.mat.broiler.GRCg7b, whole genome shotgun sequence	A	17	1667393
NC_052546.1 Gallus gallus isolate bGalGal1 chromosome 15, bGalGal1.mat.broiler.GRCg7b, whole genome shotgun sequence	A	23	1686910
NC_052546.1 Gallus gallus isolate bGalGal1 chromosome 15, bGalGal1.mat.broiler.GRCg7b, whole genome shotgun sequence	A	16	1698084
NC_052546.1 Gallus gallus isolate bGalGal1 chromosome 15, bGalGal1.mat.broiler.GRCg7b, whole genome shotgun sequence	A	17	1714500
NC_052546.1 Gallus gallus isolate bGalGal1 chromosome 15, bGalGal1.mat.broiler.GRCg7b, whole genome shotgun sequence	T	18	1729609
NC_052546.1 Gallus gallus isolate bGalGal1 chromosome 15, bGalGal1.mat.broiler.GRCg7b, whole genome shotgun sequence	T	17	1741492
NC_052546.1 Gallus gallus isolate bGalGal1 chromosome 15, bGalGal1.mat.broiler.GRCg7b, whole genome shotgun sequence	A	18	1798399
NC_052546.1 Gallus gallus isolate bGalGal1 chromosome 15, bGalGal1.mat.broiler.GRCg7b, whole genome shotgun sequence	A	17	1800973
NC_052546.1 Gallus gallus isolate bGalGal1 chromosome 15, bGalGal1.mat.broiler.GRCg7b, whole genome shotgun sequence	A	19	1844816
NC_052546.1 Gallus gallus isolate bGalGal1 chromosome 15, bGalGal1.mat.broiler.GRCg7b, whole genome shotgun sequence	T	18	1847823
NC_052546.1 Gallus gallus isolate bGalGal1 chromosome 15, bGalGal1.mat.broiler.GRCg7b, whole genome shotgun sequence	A	18	1864171
NC_052546.1 Gallus gallus isolate bGalGal1 chromosome 15, bGalGal1.mat.broiler.GRCg7b, whole genome shotgun sequence	A	16	1881208
NC_052546.1 Gallus gallus isolate bGalGal1 chromosome 15, bGalGal1.mat.broiler.GRCg7b, whole genome shotgun sequence	A	18	1909858
NC_052546.1 Gallus gallus isolate bGalGal1 chromosome 15, bGalGal1.mat.broiler.GRCg7b, whole genome shotgun sequence	A	31	1923969
NC_052546.1 Gallus gallus isolate bGalGal1 chromosome 15, bGalGal1.mat.broiler.GRCg7b, whole genome shotgun sequence	G	22	1977850
NC_052546.1 Gallus gallus isolate bGalGal1 chromosome 15, bGalGal1.mat.broiler.GRCg7b, whole genome shotgun sequence	C	18	1993109
NC_052546.1 Gallus gallus isolate bGalGal1 chromosome 15, bGalGal1.mat.broiler.GRCg7b, whole genome shotgun sequence	A	16	1993656
NC_052546.1 Gallus gallus isolate bGalGal1 chromosome 15, bGalGal1.mat.broiler.GRCg7b, whole genome shotgun sequence	T	19	2004594
NC_052546.1 Gallus gallus isolate bGalGal1 chromosome 15, bGalGal1.mat.broiler.GRCg7b, whole genome shotgun sequence	T	19	2008046
NC_052546.1 Gallus gallus isolate bGalGal1 chromosome 15, bGalGal1.mat.broiler.GRCg7b, whole genome shotgun sequence	T	18	2027721
NC_052546.1 Gallus gallus isolate bGalGal1 chromosome 15, bGalGal1.mat.broiler.GRCg7b, whole genome shotgun sequence	C	16	2040887
NC_052546.1 Gallus gallus isolate bGalGal1 chromosome 15, bGalGal1.mat.broiler.GRCg7b, whole genome shotgun sequence	C	24	2053002
NC_052546.1 Gallus gallus isolate bGalGal1 chromosome 15, bGalGal1.mat.broiler.GRCg7b, whole genome shotgun sequence	A	19	2073029
NC_052546.1 Gallus gallus isolate bGalGal1 chromosome 15, bGalGal1.mat.broiler.GRCg7b, whole genome shotgun sequence	T	26	2075314
NC_052546.1 Gallus gallus isolate bGalGal1 chromosome 15, bGalGal1.mat.broiler.GRCg7b, whole genome shotgun sequence	T	18	2079509
NC_052546.1 Gallus gallus isolate bGalGal1 chromosome 15, bGalGal1.mat.broiler.GRCg7b, whole genome shotgun sequence	C	19	2107216
NC_052546.1 Gallus gallus isolate bGalGal1 chromosome 15, bGalGal1.mat.broiler.GRCg7b, whole genome shotgun sequence	A	18	2125283
NC_052546.1 Gallus gallus isolate bGalGal1 chromosome 15, bGalGal1.mat.broiler.GRCg7b, whole genome shotgun sequence	T	20	2125838
NC_052546.1 Gallus gallus isolate bGalGal1 chromosome 15, bGalGal1.mat.broiler.GRCg7b, whole genome shotgun sequence	A	20	2126638
NC_052546.1 Gallus gallus isolate bGalGal1 chromosome 15, bGalGal1.mat.broiler.GRCg7b, whole genome shotgun sequence	C	18	2126812
NC_052546.1 Gallus gallus isolate bGalGal1 chromosome 15, bGalGal1.mat.broiler.GRCg7b, whole genome shotgun sequence	T	22	2128048
NC_052546.1 Gallus gallus isolate bGalGal1 chromosome 15, bGalGal1.mat.broiler.GRCg7b, whole genome shotgun sequence	A	16	2142492
NC_052546.1 Gallus gallus isolate bGalGal1 chromosome 15, bGalGal1.mat.broiler.GRCg7b, whole genome shotgun sequence	G	23	2147960
NC_052546.1 Gallus gallus isolate bGalGal1 chromosome 15, bGalGal1.mat.broiler.GRCg7b, whole genome shotgun sequence	T	16	2179359
NC_052546.1 Gallus gallus isolate bGalGal1 chromosome 15, bGalGal1.mat.broiler.GRCg7b, whole genome shotgun sequence	A	23	2261235
NC_052546.1 Gallus gallus isolate bGalGal1 chromosome 15, bGalGal1.mat.broiler.GRCg7b, whole genome shotgun sequence	T	17	2266550
NC_052546.1 Gallus gallus isolate bGalGal1 chromosome 15, bGalGal1.mat.broiler.GRCg7b, whole genome shotgun sequence	T	16	2274197
NC_052546.1 Gallus gallus isolate bGalGal1 chromosome 15, bGalGal1.mat.broiler.GRCg7b, whole genome shotgun sequence	G	19	2274213
NC_052546.1 Gallus gallus isolate bGalGal1 chromosome 15, bGalGal1.mat.broiler.GRCg7b, whole genome shotgun sequence	A	16	2315838
NC_052546.1 Gallus gallus isolate bGalGal1 chromosome 15, bGalGal1.mat.broiler.GRCg7b, whole genome shotgun sequence	T	21	2315898
NC_052546.1 Gallus gallus isolate bGalGal1 chromosome 15, bGalGal1.mat.broiler.GRCg7b, whole genome shotgun sequence	T	19	2318414
NC_052546.1 Gallus gallus isolate bGalGal1 chromosome 15, bGalGal1.mat.broiler.GRCg7b, whole genome shotgun sequence	T	18	2323641
NC_052546.1 Gallus gallus isolate bGalGal1 chromosome 15, bGalGal1.mat.broiler.GRCg7b, whole genome shotgun sequence	A	16	2325920
NC_052546.1 Gallus gallus isolate bGalGal1 chromosome 15, bGalGal1.mat.broiler.GRCg7b, whole genome shotgun sequence	T	17	2327333
NC_052546.1 Gallus gallus isolate bGalGal1 chromosome 15, bGalGal1.mat.broiler.GRCg7b, whole genome shotgun sequence	T	16	2332580
NC_052546.1 Gallus gallus isolate bGalGal1 chromosome 15, bGalGal1.mat.broiler.GRCg7b, whole genome shotgun sequence	C	18	2335171
NC_052546.1 Gallus gallus isolate bGalGal1 chromosome 15, bGalGal1.mat.broiler.GRCg7b, whole genome shotgun sequence	T	19	2340774
NC_052546.1 Gallus gallus isolate bGalGal1 chromosome 15, bGalGal1.mat.broiler.GRCg7b, whole genome shotgun sequence	T	19	2387257
NC_052546.1 Gallus gallus isolate bGalGal1 chromosome 15, bGalGal1.mat.broiler.GRCg7b, whole genome shotgun sequence	A	16	2388750
NC_052546.1 Gallus gallus isolate bGalGal1 chromosome 15, bGalGal1.mat.broiler.GRCg7b, whole genome shotgun sequence	T	18	2397364
NC_052546.1 Gallus gallus isolate bGalGal1 chromosome 15, bGalGal1.mat.broiler.GRCg7b, whole genome shotgun sequence	T	18	2410091
NC_052546.1 Gallus gallus isolate bGalGal1 chromosome 15, bGalGal1.mat.broiler.GRCg7b, whole genome shotgun sequence	T	24	2424493
NC_052546.1 Gallus gallus isolate bGalGal1 chromosome 15, bGalGal1.mat.broiler.GRCg7b, whole genome shotgun sequence	T	18	2426252
NC_052546.1 Gallus gallus isolate bGalGal1 chromosome 15, bGalGal1.mat.broiler.GRCg7b, whole genome shotgun sequence	T	18	2442582
NC_052546.1 Gallus gallus isolate bGalGal1 chromosome 15, bGalGal1.mat.broiler.GRCg7b, whole genome shotgun sequence	T	24	2444676
NC_052546.1 Gallus gallus isolate bGalGal1 chromosome 15, bGalGal1.mat.broiler.GRCg7b, whole genome shotgun sequence	A	20	2498833
NC_052546.1 Gallus gallus isolate bGalGal1 chromosome 15, bGalGal1.mat.broiler.GRCg7b, whole genome shotgun sequence	G	16	2577444
NC_052546.1 Gallus gallus isolate bGalGal1 chromosome 15, bGalGal1.mat.broiler.GRCg7b, whole genome shotgun sequence	A	16	2581349
NC_052546.1 Gallus gallus isolate bGalGal1 chromosome 15, bGalGal1.mat.broiler.GRCg7b, whole genome shotgun sequence	A	18	2621579
NC_052546.1 Gallus gallus isolate bGalGal1 chromosome 15, bGalGal1.mat.broiler.GRCg7b, whole genome shotgun sequence	A	21	2633112
NC_052546.1 Gallus gallus isolate bGalGal1 chromosome 15, bGalGal1.mat.broiler.GRCg7b, whole genome shotgun sequence	A	16	2651613
NC_052546.1 Gallus gallus isolate bGalGal1 chromosome 15, bGalGal1.mat.broiler.GRCg7b, whole genome shotgun sequence	T	18	2676229
NC_052546.1 Gallus gallus isolate bGalGal1 chromosome 15, bGalGal1.mat.broiler.GRCg7b, whole genome shotgun sequence	A	17	2682431
NC_052546.1 Gallus gallus isolate bGalGal1 chromosome 15, bGalGal1.mat.broiler.GRCg7b, whole genome shotgun sequence	A	16	2700396
NC_052546.1 Gallus gallus isolate bGalGal1 chromosome 15, bGalGal1.mat.broiler.GRCg7b, whole genome shotgun sequence	T	19	2712711
NC_052546.1 Gallus gallus isolate bGalGal1 chromosome 15, bGalGal1.mat.broiler.GRCg7b, whole genome shotgun sequence	G	17	2739620
NC_052546.1 Gallus gallus isolate bGalGal1 chromosome 15, bGalGal1.mat.broiler.GRCg7b, whole genome shotgun sequence	C	16	2739996
NC_052546.1 Gallus gallus isolate bGalGal1 chromosome 15, bGalGal1.mat.broiler.GRCg7b, whole genome shotgun sequence	T	20	2746323
NC_052546.1 Gallus gallus isolate bGalGal1 chromosome 15, bGalGal1.mat.broiler.GRCg7b, whole genome shotgun sequence	T	16	2772280
NC_052546.1 Gallus gallus isolate bGalGal1 chromosome 15, bGalGal1.mat.broiler.GRCg7b, whole genome shotgun sequence	C	20	2794202
NC_052546.1 Gallus gallus isolate bGalGal1 chromosome 15, bGalGal1.mat.broiler.GRCg7b, whole genome shotgun sequence	T	16	2822793
NC_052546.1 Gallus gallus isolate bGalGal1 chromosome 15, bGalGal1.mat.broiler.GRCg7b, whole genome shotgun sequence	T	30	2824013
NC_052546.1 Gallus gallus isolate bGalGal1 chromosome 15, bGalGal1.mat.broiler.GRCg7b, whole genome shotgun sequence	T	17	2848206
NC_052546.1 Gallus gallus isolate bGalGal1 chromosome 15, bGalGal1.mat.broiler.GRCg7b, whole genome shotgun sequence	T	17	2857395
NC_052546.1 Gallus gallus isolate bGalGal1 chromosome 15, bGalGal1.mat.broiler.GRCg7b, whole genome shotgun sequence	A	22	2863919
NC_052546.1 Gallus gallus isolate bGalGal1 chromosome 15, bGalGal1.mat.broiler.GRCg7b, whole genome shotgun sequence	T	16	2879957
NC_052546.1 Gallus gallus isolate bGalGal1 chromosome 15, bGalGal1.mat.broiler.GRCg7b, whole genome shotgun sequence	T	19	2880956
NC_052546.1 Gallus gallus isolate bGalGal1 chromosome 15, bGalGal1.mat.broiler.GRCg7b, whole genome shotgun sequence	T	16	2911890
NC_052546.1 Gallus gallus isolate bGalGal1 chromosome 15, bGalGal1.mat.broiler.GRCg7b, whole genome shotgun sequence	A	24	2912912
NC_052546.1 Gallus gallus isolate bGalGal1 chromosome 15, bGalGal1.mat.broiler.GRCg7b, whole genome shotgun sequence	A	22	2941227
NC_052546.1 Gallus gallus isolate bGalGal1 chromosome 15, bGalGal1.mat.broiler.GRCg7b, whole genome shotgun sequence	T	17	2941970
NC_052546.1 Gallus gallus isolate bGalGal1 chromosome 15, bGalGal1.mat.broiler.GRCg7b, whole genome shotgun sequence	A	16	2952129
NC_052546.1 Gallus gallus isolate bGalGal1 chromosome 15, bGalGal1.mat.broiler.GRCg7b, whole genome shotgun sequence	A	18	2956274
NC_052546.1 Gallus gallus isolate bGalGal1 chromosome 15, bGalGal1.mat.broiler.GRCg7b, whole genome shotgun sequence	T	16	2962846
NC_052546.1 Gallus gallus isolate bGalGal1 chromosome 15, bGalGal1.mat.broiler.GRCg7b, whole genome shotgun sequence	T	22	2969359
NC_052546.1 Gallus gallus isolate bGalGal1 chromosome 15, bGalGal1.mat.broiler.GRCg7b, whole genome shotgun sequence	T	43	3041589
NC_052546.1 Gallus gallus isolate bGalGal1 chromosome 15, bGalGal1.mat.broiler.GRCg7b, whole genome shotgun sequence	T	23	3046907
NC_052546.1 Gallus gallus isolate bGalGal1 chromosome 15, bGalGal1.mat.broiler.GRCg7b, whole genome shotgun sequence	T	18	3047877
NC_052546.1 Gallus gallus isolate bGalGal1 chromosome 15, bGalGal1.mat.broiler.GRCg7b, whole genome shotgun sequence	T	16	3051154
NC_052546.1 Gallus gallus isolate bGalGal1 chromosome 15, bGalGal1.mat.broiler.GRCg7b, whole genome shotgun sequence	A	19	3052676
NC_052546.1 Gallus gallus isolate bGalGal1 chromosome 15, bGalGal1.mat.broiler.GRCg7b, whole genome shotgun sequence	A	16	3071451
NC_052546.1 Gallus gallus isolate bGalGal1 chromosome 15, bGalGal1.mat.broiler.GRCg7b, whole genome shotgun sequence	A	24	3094934
NC_052546.1 Gallus gallus isolate bGalGal1 chromosome 15, bGalGal1.mat.broiler.GRCg7b, whole genome shotgun sequence	A	16	3134951
NC_052546.1 Gallus gallus isolate bGalGal1 chromosome 15, bGalGal1.mat.broiler.GRCg7b, whole genome shotgun sequence	T	20	3142640
NC_052546.1 Gallus gallus isolate bGalGal1 chromosome 15, bGalGal1.mat.broiler.GRCg7b, whole genome shotgun sequence	A	17	3160167
NC_052546.1 Gallus gallus isolate bGalGal1 chromosome 15, bGalGal1.mat.broiler.GRCg7b, whole genome shotgun sequence	A	17	3166016
NC_052546.1 Gallus gallus isolate bGalGal1 chromosome 15, bGalGal1.mat.broiler.GRCg7b, whole genome shotgun sequence	A	25	3188463
NC_052546.1 Gallus gallus isolate bGalGal1 chromosome 15, bGalGal1.mat.broiler.GRCg7b, whole genome shotgun sequence	A	18	3189023
NC_052546.1 Gallus gallus isolate bGalGal1 chromosome 15, bGalGal1.mat.broiler.GRCg7b, whole genome shotgun sequence	A	18	3229071
NC_052546.1 Gallus gallus isolate bGalGal1 chromosome 15, bGalGal1.mat.broiler.GRCg7b, whole genome shotgun sequence	T	25	3254205
NC_052546.1 Gallus gallus isolate bGalGal1 chromosome 15, bGalGal1.mat.broiler.GRCg7b, whole genome shotgun sequence	A	16	3259529
NC_052546.1 Gallus gallus isolate bGalGal1 chromosome 15, bGalGal1.mat.broiler.GRCg7b, whole genome shotgun sequence	A	17	3276426
NC_052546.1 Gallus gallus isolate bGalGal1 chromosome 15, bGalGal1.mat.broiler.GRCg7b, whole genome shotgun sequence	T	16	3283988
NC_052546.1 Gallus gallus isolate bGalGal1 chromosome 15, bGalGal1.mat.broiler.GRCg7b, whole genome shotgun sequence	A	16	3284636
NC_052546.1 Gallus gallus isolate bGalGal1 chromosome 15, bGalGal1.mat.broiler.GRCg7b, whole genome shotgun sequence	A	19	3293077
NC_052546.1 Gallus gallus isolate bGalGal1 chromosome 15, bGalGal1.mat.broiler.GRCg7b, whole genome shotgun sequence	A	16	3315993
NC_052546.1 Gallus gallus isolate bGalGal1 chromosome 15, bGalGal1.mat.broiler.GRCg7b, whole genome shotgun sequence	A	24	3321871
NC_052546.1 Gallus gallus isolate bGalGal1 chromosome 15, bGalGal1.mat.broiler.GRCg7b, whole genome shotgun sequence	T	20	3323016
NC_052546.1 Gallus gallus isolate bGalGal1 chromosome 15, bGalGal1.mat.broiler.GRCg7b, whole genome shotgun sequence	T	23	3323105
NC_052546.1 Gallus gallus isolate bGalGal1 chromosome 15, bGalGal1.mat.broiler.GRCg7b, whole genome shotgun sequence	T	17	3333549
NC_052546.1 Gallus gallus isolate bGalGal1 chromosome 15, bGalGal1.mat.broiler.GRCg7b, whole genome shotgun sequence	A	16	3342142
NC_052546.1 Gallus gallus isolate bGalGal1 chromosome 15, bGalGal1.mat.broiler.GRCg7b, whole genome shotgun sequence	A	19	3342193
NC_052546.1 Gallus gallus isolate bGalGal1 chromosome 15, bGalGal1.mat.broiler.GRCg7b, whole genome shotgun sequence	T	17	3351958
NC_052546.1 Gallus gallus isolate bGalGal1 chromosome 15, bGalGal1.mat.broiler.GRCg7b, whole genome shotgun sequence	T	17	3369842
NC_052546.1 Gallus gallus isolate bGalGal1 chromosome 15, bGalGal1.mat.broiler.GRCg7b, whole genome shotgun sequence	A	17	3369894
NC_052546.1 Gallus gallus isolate bGalGal1 chromosome 15, bGalGal1.mat.broiler.GRCg7b, whole genome shotgun sequence	A	16	3373925
NC_052546.1 Gallus gallus isolate bGalGal1 chromosome 15, bGalGal1.mat.broiler.GRCg7b, whole genome shotgun sequence	T	24	3386065
NC_052546.1 Gallus gallus isolate bGalGal1 chromosome 15, bGalGal1.mat.broiler.GRCg7b, whole genome shotgun sequence	T	17	3388815
NC_052546.1 Gallus gallus isolate bGalGal1 chromosome 15, bGalGal1.mat.broiler.GRCg7b, whole genome shotgun sequence	A	26	3392092
NC_052546.1 Gallus gallus isolate bGalGal1 chromosome 15, bGalGal1.mat.broiler.GRCg7b, whole genome shotgun sequence	T	22	3407637
NC_052546.1 Gallus gallus isolate bGalGal1 chromosome 15, bGalGal1.mat.broiler.GRCg7b, whole genome shotgun sequence	A	21	3408768
NC_052546.1 Gallus gallus isolate bGalGal1 chromosome 15, bGalGal1.mat.broiler.GRCg7b, whole genome shotgun sequence	A	30	3434934
NC_052546.1 Gallus gallus isolate bGalGal1 chromosome 15, bGalGal1.mat.broiler.GRCg7b, whole genome shotgun sequence	T	16	3435529
NC_052546.1 Gallus gallus isolate bGalGal1 chromosome 15, bGalGal1.mat.broiler.GRCg7b, whole genome shotgun sequence	T	17	3439672
NC_052546.1 Gallus gallus isolate bGalGal1 chromosome 15, bGalGal1.mat.broiler.GRCg7b, whole genome shotgun sequence	A	36	3440448
NC_052546.1 Gallus gallus isolate bGalGal1 chromosome 15, bGalGal1.mat.broiler.GRCg7b, whole genome shotgun sequence	T	16	3455822
NC_052546.1 Gallus gallus isolate bGalGal1 chromosome 15, bGalGal1.mat.broiler.GRCg7b, whole genome shotgun sequence	T	18	3627923
NC_052546.1 Gallus gallus isolate bGalGal1 chromosome 15, bGalGal1.mat.broiler.GRCg7b, whole genome shotgun sequence	T	18	3680525
NC_052546.1 Gallus gallus isolate bGalGal1 chromosome 15, bGalGal1.mat.broiler.GRCg7b, whole genome shotgun sequence	A	16	3709429
NC_052546.1 Gallus gallus isolate bGalGal1 chromosome 15, bGalGal1.mat.broiler.GRCg7b, whole genome shotgun sequence	T	16	3710817
NC_052546.1 Gallus gallus isolate bGalGal1 chromosome 15, bGalGal1.mat.broiler.GRCg7b, whole genome shotgun sequence	A	16	3741801
NC_052546.1 Gallus gallus isolate bGalGal1 chromosome 15, bGalGal1.mat.broiler.GRCg7b, whole genome shotgun sequence	T	17	3748340
NC_052546.1 Gallus gallus isolate bGalGal1 chromosome 15, bGalGal1.mat.broiler.GRCg7b, whole genome shotgun sequence	T	21	3757818
NC_052546.1 Gallus gallus isolate bGalGal1 chromosome 15, bGalGal1.mat.broiler.GRCg7b, whole genome shotgun sequence	A	18	3818497
NC_052546.1 Gallus gallus isolate bGalGal1 chromosome 15, bGalGal1.mat.broiler.GRCg7b, whole genome shotgun sequence	A	20	3836351
NC_052546.1 Gallus gallus isolate bGalGal1 chromosome 15, bGalGal1.mat.broiler.GRCg7b, whole genome shotgun sequence	A	16	3865815
NC_052546.1 Gallus gallus isolate bGalGal1 chromosome 15, bGalGal1.mat.broiler.GRCg7b, whole genome shotgun sequence	T	18	3871625
NC_052546.1 Gallus gallus isolate bGalGal1 chromosome 15, bGalGal1.mat.broiler.GRCg7b, whole genome shotgun sequence	T	19	3892064
NC_052546.1 Gallus gallus isolate bGalGal1 chromosome 15, bGalGal1.mat.broiler.GRCg7b, whole genome shotgun sequence	T	19	3896692
NC_052546.1 Gallus gallus isolate bGalGal1 chromosome 15, bGalGal1.mat.broiler.GRCg7b, whole genome shotgun sequence	A	21	3914343
NC_052546.1 Gallus gallus isolate bGalGal1 chromosome 15, bGalGal1.mat.broiler.GRCg7b, whole genome shotgun sequence	C	17	3918624
NC_052546.1 Gallus gallus isolate bGalGal1 chromosome 15, bGalGal1.mat.broiler.GRCg7b, whole genome shotgun sequence	A	24	3923068
NC_052546.1 Gallus gallus isolate bGalGal1 chromosome 15, bGalGal1.mat.broiler.GRCg7b, whole genome shotgun sequence	T	17	3928274
NC_052546.1 Gallus gallus isolate bGalGal1 chromosome 15, bGalGal1.mat.broiler.GRCg7b, whole genome shotgun sequence	C	22	3967081
NC_052546.1 Gallus gallus isolate bGalGal1 chromosome 15, bGalGal1.mat.broiler.GRCg7b, whole genome shotgun sequence	G	16	3992628
NC_052546.1 Gallus gallus isolate bGalGal1 chromosome 15, bGalGal1.mat.broiler.GRCg7b, whole genome shotgun sequence	C	18	4014851
NC_052546.1 Gallus gallus isolate bGalGal1 chromosome 15, bGalGal1.mat.broiler.GRCg7b, whole genome shotgun sequence	T	19	4055835
NC_052546.1 Gallus gallus isolate bGalGal1 chromosome 15, bGalGal1.mat.broiler.GRCg7b, whole genome shotgun sequence	A	20	4072039
NC_052546.1 Gallus gallus isolate bGalGal1 chromosome 15, bGalGal1.mat.broiler.GRCg7b, whole genome shotgun sequence	T	16	4077009
NC_052546.1 Gallus gallus isolate bGalGal1 chromosome 15, bGalGal1.mat.broiler.GRCg7b, whole genome shotgun sequence	T	19	4078777
NC_052546.1 Gallus gallus isolate bGalGal1 chromosome 15, bGalGal1.mat.broiler.GRCg7b, whole genome shotgun sequence	A	16	4089986
NC_052546.1 Gallus gallus isolate bGalGal1 chromosome 15, bGalGal1.mat.broiler.GRCg7b, whole genome shotgun sequence	A	30	4097123
NC_052546.1 Gallus gallus isolate bGalGal1 chromosome 15, bGalGal1.mat.broiler.GRCg7b, whole genome shotgun sequence	A	17	4101113
NC_052546.1 Gallus gallus isolate bGalGal1 chromosome 15, bGalGal1.mat.broiler.GRCg7b, whole genome shotgun sequence	A	27	4103259
NC_052546.1 Gallus gallus isolate bGalGal1 chromosome 15, bGalGal1.mat.broiler.GRCg7b, whole genome shotgun sequence	T	37	4114115
NC_052546.1 Gallus gallus isolate bGalGal1 chromosome 15, bGalGal1.mat.broiler.GRCg7b, whole genome shotgun sequence	T	21	4118330
NC_052546.1 Gallus gallus isolate bGalGal1 chromosome 15, bGalGal1.mat.broiler.GRCg7b, whole genome shotgun sequence	T	17	4120321
NC_052546.1 Gallus gallus isolate bGalGal1 chromosome 15, bGalGal1.mat.broiler.GRCg7b, whole genome shotgun sequence	T	26	4128905
NC_052546.1 Gallus gallus isolate bGalGal1 chromosome 15, bGalGal1.mat.broiler.GRCg7b, whole genome shotgun sequence	A	20	4171916
NC_052546.1 Gallus gallus isolate bGalGal1 chromosome 15, bGalGal1.mat.broiler.GRCg7b, whole genome shotgun sequence	A	20	4181072
NC_052546.1 Gallus gallus isolate bGalGal1 chromosome 15, bGalGal1.mat.broiler.GRCg7b, whole genome shotgun sequence	T	16	4206797
NC_052546.1 Gallus gallus isolate bGalGal1 chromosome 15, bGalGal1.mat.broiler.GRCg7b, whole genome shotgun sequence	A	22	4281475
NC_052546.1 Gallus gallus isolate bGalGal1 chromosome 15, bGalGal1.mat.broiler.GRCg7b, whole genome shotgun sequence	A	16	4318548
NC_052546.1 Gallus gallus isolate bGalGal1 chromosome 15, bGalGal1.mat.broiler.GRCg7b, whole genome shotgun sequence	A	17	4342926
NC_052546.1 Gallus gallus isolate bGalGal1 chromosome 15, bGalGal1.mat.broiler.GRCg7b, whole genome shotgun sequence	G	21	4356553
NC_052546.1 Gallus gallus isolate bGalGal1 chromosome 15, bGalGal1.mat.broiler.GRCg7b, whole genome shotgun sequence	T	26	4387035
NC_052546.1 Gallus gallus isolate bGalGal1 chromosome 15, bGalGal1.mat.broiler.GRCg7b, whole genome shotgun sequence	T	27	4404756
NC_052546.1 Gallus gallus isolate bGalGal1 chromosome 15, bGalGal1.mat.broiler.GRCg7b, whole genome shotgun sequence	C	18	4412673
NC_052546.1 Gallus gallus isolate bGalGal1 chromosome 15, bGalGal1.mat.broiler.GRCg7b, whole genome shotgun sequence	C	16	4439464
NC_052546.1 Gallus gallus isolate bGalGal1 chromosome 15, bGalGal1.mat.broiler.GRCg7b, whole genome shotgun sequence	A	17	4454192
NC_052546.1 Gallus gallus isolate bGalGal1 chromosome 15, bGalGal1.mat.broiler.GRCg7b, whole genome shotgun sequence	C	18	4503733
NC_052546.1 Gallus gallus isolate bGalGal1 chromosome 15, bGalGal1.mat.broiler.GRCg7b, whole genome shotgun sequence	T	16	4509878
NC_052546.1 Gallus gallus isolate bGalGal1 chromosome 15, bGalGal1.mat.broiler.GRCg7b, whole genome shotgun sequence	A	16	4545190
NC_052546.1 Gallus gallus isolate bGalGal1 chromosome 15, bGalGal1.mat.broiler.GRCg7b, whole genome shotgun sequence	T	20	4595257
NC_052546.1 Gallus gallus isolate bGalGal1 chromosome 15, bGalGal1.mat.broiler.GRCg7b, whole genome shotgun sequence	G	26	4598791
NC_052546.1 Gallus gallus isolate bGalGal1 chromosome 15, bGalGal1.mat.broiler.GRCg7b, whole genome shotgun sequence	A	18	4651642
NC_052546.1 Gallus gallus isolate bGalGal1 chromosome 15, bGalGal1.mat.broiler.GRCg7b, whole genome shotgun sequence	C	28	4662367
NC_052546.1 Gallus gallus isolate bGalGal1 chromosome 15, bGalGal1.mat.broiler.GRCg7b, whole genome shotgun sequence	A	16	4674663
NC_052546.1 Gallus gallus isolate bGalGal1 chromosome 15, bGalGal1.mat.broiler.GRCg7b, whole genome shotgun sequence	T	23	4699734
NC_052546.1 Gallus gallus isolate bGalGal1 chromosome 15, bGalGal1.mat.broiler.GRCg7b, whole genome shotgun sequence	T	16	4702096
NC_052546.1 Gallus gallus isolate bGalGal1 chromosome 15, bGalGal1.mat.broiler.GRCg7b, whole genome shotgun sequence	T	30	4741552
NC_052546.1 Gallus gallus isolate bGalGal1 chromosome 15, bGalGal1.mat.broiler.GRCg7b, whole genome shotgun sequence	T	31	4743090
NC_052546.1 Gallus gallus isolate bGalGal1 chromosome 15, bGalGal1.mat.broiler.GRCg7b, whole genome shotgun sequence	A	30	4744872
NC_052546.1 Gallus gallus isolate bGalGal1 chromosome 15, bGalGal1.mat.broiler.GRCg7b, whole genome shotgun sequence	A	20	4757421
NC_052546.1 Gallus gallus isolate bGalGal1 chromosome 15, bGalGal1.mat.broiler.GRCg7b, whole genome shotgun sequence	A	16	4758750
NC_052546.1 Gallus gallus isolate bGalGal1 chromosome 15, bGalGal1.mat.broiler.GRCg7b, whole genome shotgun sequence	A	20	4773915
NC_052546.1 Gallus gallus isolate bGalGal1 chromosome 15, bGalGal1.mat.broiler.GRCg7b, whole genome shotgun sequence	G	24	4777556
NC_052546.1 Gallus gallus isolate bGalGal1 chromosome 15, bGalGal1.mat.broiler.GRCg7b, whole genome shotgun sequence	T	16	4810284
NC_052546.1 Gallus gallus isolate bGalGal1 chromosome 15, bGalGal1.mat.broiler.GRCg7b, whole genome shotgun sequence	A	20	4887140
NC_052546.1 Gallus gallus isolate bGalGal1 chromosome 15, bGalGal1.mat.broiler.GRCg7b, whole genome shotgun sequence	T	19	4913150
NC_052546.1 Gallus gallus isolate bGalGal1 chromosome 15, bGalGal1.mat.broiler.GRCg7b, whole genome shotgun sequence	A	16	4929360
NC_052546.1 Gallus gallus isolate bGalGal1 chromosome 15, bGalGal1.mat.broiler.GRCg7b, whole genome shotgun sequence	A	22	4956564
NC_052546.1 Gallus gallus isolate bGalGal1 chromosome 15, bGalGal1.mat.broiler.GRCg7b, whole genome shotgun sequence	A	17	4995950
NC_052546.1 Gallus gallus isolate bGalGal1 chromosome 15, bGalGal1.mat.broiler.GRCg7b, whole genome shotgun sequence	T	18	5002404
NC_052546.1 Gallus gallus isolate bGalGal1 chromosome 15, bGalGal1.mat.broiler.GRCg7b, whole genome shotgun sequence	T	16	5094507
NC_052546.1 Gallus gallus isolate bGalGal1 chromosome 15, bGalGal1.mat.broiler.GRCg7b, whole genome shotgun sequence	A	16	5144798
NC_052546.1 Gallus gallus isolate bGalGal1 chromosome 15, bGalGal1.mat.broiler.GRCg7b, whole genome shotgun sequence	T	17	5157740
NC_052546.1 Gallus gallus isolate bGalGal1 chromosome 15, bGalGal1.mat.broiler.GRCg7b, whole genome shotgun sequence	A	32	5174197
NC_052546.1 Gallus gallus isolate bGalGal1 chromosome 15, bGalGal1.mat.broiler.GRCg7b, whole genome shotgun sequence	T	24	5185639
NC_052546.1 Gallus gallus isolate bGalGal1 chromosome 15, bGalGal1.mat.broiler.GRCg7b, whole genome shotgun sequence	A	16	5212706
NC_052546.1 Gallus gallus isolate bGalGal1 chromosome 15, bGalGal1.mat.broiler.GRCg7b, whole genome shotgun sequence	G	17	5237794
NC_052546.1 Gallus gallus isolate bGalGal1 chromosome 15, bGalGal1.mat.broiler.GRCg7b, whole genome shotgun sequence	C	22	5248204
NC_052546.1 Gallus gallus isolate bGalGal1 chromosome 15, bGalGal1.mat.broiler.GRCg7b, whole genome shotgun sequence	T	17	5254364
NC_052546.1 Gallus gallus isolate bGalGal1 chromosome 15, bGalGal1.mat.broiler.GRCg7b, whole genome shotgun sequence	T	20	5258738
NC_052546.1 Gallus gallus isolate bGalGal1 chromosome 15, bGalGal1.mat.broiler.GRCg7b, whole genome shotgun sequence	T	16	5357837
NC_052546.1 Gallus gallus isolate bGalGal1 chromosome 15, bGalGal1.mat.broiler.GRCg7b, whole genome shotgun sequence	A	25	5378568
NC_052546.1 Gallus gallus isolate bGalGal1 chromosome 15, bGalGal1.mat.broiler.GRCg7b, whole genome shotgun sequence	T	23	5403469
NC_052546.1 Gallus gallus isolate bGalGal1 chromosome 15, bGalGal1.mat.broiler.GRCg7b, whole genome shotgun sequence	A	17	5425184
NC_052546.1 Gallus gallus isolate bGalGal1 chromosome 15, bGalGal1.mat.broiler.GRCg7b, whole genome shotgun sequence	A	16	5534343
NC_052546.1 Gallus gallus isolate bGalGal1 chromosome 15, bGalGal1.mat.broiler.GRCg7b, whole genome shotgun sequence	G	19	5547086
NC_052546.1 Gallus gallus isolate bGalGal1 chromosome 15, bGalGal1.mat.broiler.GRCg7b, whole genome shotgun sequence	G	18	5552657
NC_052546.1 Gallus gallus isolate bGalGal1 chromosome 15, bGalGal1.mat.broiler.GRCg7b, whole genome shotgun sequence	A	16	5558138
NC_052546.1 Gallus gallus isolate bGalGal1 chromosome 15, bGalGal1.mat.broiler.GRCg7b, whole genome shotgun sequence	T	21	5561042
NC_052546.1 Gallus gallus isolate bGalGal1 chromosome 15, bGalGal1.mat.broiler.GRCg7b, whole genome shotgun sequence	A	18	5590406
NC_052546.1 Gallus gallus isolate bGalGal1 chromosome 15, bGalGal1.mat.broiler.GRCg7b, whole genome shotgun sequence	A	25	5623126
NC_052546.1 Gallus gallus isolate bGalGal1 chromosome 15, bGalGal1.mat.broiler.GRCg7b, whole genome shotgun sequence	T	19	5653693
NC_052546.1 Gallus gallus isolate bGalGal1 chromosome 15, bGalGal1.mat.broiler.GRCg7b, whole genome shotgun sequence	A	16	5654585
NC_052546.1 Gallus gallus isolate bGalGal1 chromosome 15, bGalGal1.mat.broiler.GRCg7b, whole genome shotgun sequence	C	19	5656947
NC_052546.1 Gallus gallus isolate bGalGal1 chromosome 15, bGalGal1.mat.broiler.GRCg7b, whole genome shotgun sequence	A	34	5657777
NC_052546.1 Gallus gallus isolate bGalGal1 chromosome 15, bGalGal1.mat.broiler.GRCg7b, whole genome shotgun sequence	A	18	5698317
NC_052546.1 Gallus gallus isolate bGalGal1 chromosome 15, bGalGal1.mat.broiler.GRCg7b, whole genome shotgun sequence	A	17	5698417
NC_052546.1 Gallus gallus isolate bGalGal1 chromosome 15, bGalGal1.mat.broiler.GRCg7b, whole genome shotgun sequence	T	18	5702123
NC_052546.1 Gallus gallus isolate bGalGal1 chromosome 15, bGalGal1.mat.broiler.GRCg7b, whole genome shotgun sequence	A	22	5733388
NC_052546.1 Gallus gallus isolate bGalGal1 chromosome 15, bGalGal1.mat.broiler.GRCg7b, whole genome shotgun sequence	T	20	5755655
NC_052546.1 Gallus gallus isolate bGalGal1 chromosome 15, bGalGal1.mat.broiler.GRCg7b, whole genome shotgun sequence	T	16	5762577
NC_052546.1 Gallus gallus isolate bGalGal1 chromosome 15, bGalGal1.mat.broiler.GRCg7b, whole genome shotgun sequence	T	19	5776910
NC_052546.1 Gallus gallus isolate bGalGal1 chromosome 15, bGalGal1.mat.broiler.GRCg7b, whole genome shotgun sequence	A	32	5779840
NC_052546.1 Gallus gallus isolate bGalGal1 chromosome 15, bGalGal1.mat.broiler.GRCg7b, whole genome shotgun sequence	A	17	5786362
NC_052546.1 Gallus gallus isolate bGalGal1 chromosome 15, bGalGal1.mat.broiler.GRCg7b, whole genome shotgun sequence	T	21	5804054
NC_052546.1 Gallus gallus isolate bGalGal1 chromosome 15, bGalGal1.mat.broiler.GRCg7b, whole genome shotgun sequence	A	22	5830705
NC_052546.1 Gallus gallus isolate bGalGal1 chromosome 15, bGalGal1.mat.broiler.GRCg7b, whole genome shotgun sequence	T	16	5836975
NC_052546.1 Gallus gallus isolate bGalGal1 chromosome 15, bGalGal1.mat.broiler.GRCg7b, whole genome shotgun sequence	T	16	5860800
NC_052546.1 Gallus gallus isolate bGalGal1 chromosome 15, bGalGal1.mat.broiler.GRCg7b, whole genome shotgun sequence	A	16	5863920
NC_052546.1 Gallus gallus isolate bGalGal1 chromosome 15, bGalGal1.mat.broiler.GRCg7b, whole genome shotgun sequence	T	16	5901488
NC_052546.1 Gallus gallus isolate bGalGal1 chromosome 15, bGalGal1.mat.broiler.GRCg7b, whole genome shotgun sequence	A	16	5916323
NC_052546.1 Gallus gallus isolate bGalGal1 chromosome 15, bGalGal1.mat.broiler.GRCg7b, whole genome shotgun sequence	A	17	5923065
NC_052546.1 Gallus gallus isolate bGalGal1 chromosome 15, bGalGal1.mat.broiler.GRCg7b, whole genome shotgun sequence	T	18	5941450
NC_052546.1 Gallus gallus isolate bGalGal1 chromosome 15, bGalGal1.mat.broiler.GRCg7b, whole genome shotgun sequence	A	17	5969891
NC_052546.1 Gallus gallus isolate bGalGal1 chromosome 15, bGalGal1.mat.broiler.GRCg7b, whole genome shotgun sequence	G	24	5970355
NC_052546.1 Gallus gallus isolate bGalGal1 chromosome 15, bGalGal1.mat.broiler.GRCg7b, whole genome shotgun sequence	T	20	5982241
NC_052546.1 Gallus gallus isolate bGalGal1 chromosome 15, bGalGal1.mat.broiler.GRCg7b, whole genome shotgun sequence	G	23	6083266
NC_052546.1 Gallus gallus isolate bGalGal1 chromosome 15, bGalGal1.mat.broiler.GRCg7b, whole genome shotgun sequence	C	16	6089466
NC_052546.1 Gallus gallus isolate bGalGal1 chromosome 15, bGalGal1.mat.broiler.GRCg7b, whole genome shotgun sequence	A	17	6093627
NC_052546.1 Gallus gallus isolate bGalGal1 chromosome 15, bGalGal1.mat.broiler.GRCg7b, whole genome shotgun sequence	G	21	6117916
NC_052546.1 Gallus gallus isolate bGalGal1 chromosome 15, bGalGal1.mat.broiler.GRCg7b, whole genome shotgun sequence	A	19	6161996
NC_052546.1 Gallus gallus isolate bGalGal1 chromosome 15, bGalGal1.mat.broiler.GRCg7b, whole genome shotgun sequence	G	22	6187611
NC_052546.1 Gallus gallus isolate bGalGal1 chromosome 15, bGalGal1.mat.broiler.GRCg7b, whole genome shotgun sequence	T	16	6189991
NC_052546.1 Gallus gallus isolate bGalGal1 chromosome 15, bGalGal1.mat.broiler.GRCg7b, whole genome shotgun sequence	T	30	6226810
NC_052546.1 Gallus gallus isolate bGalGal1 chromosome 15, bGalGal1.mat.broiler.GRCg7b, whole genome shotgun sequence	T	18	6230976
NC_052546.1 Gallus gallus isolate bGalGal1 chromosome 15, bGalGal1.mat.broiler.GRCg7b, whole genome shotgun sequence	A	16	6297103
NC_052546.1 Gallus gallus isolate bGalGal1 chromosome 15, bGalGal1.mat.broiler.GRCg7b, whole genome shotgun sequence	A	19	6302009
NC_052546.1 Gallus gallus isolate bGalGal1 chromosome 15, bGalGal1.mat.broiler.GRCg7b, whole genome shotgun sequence	A	18	6362575
NC_052546.1 Gallus gallus isolate bGalGal1 chromosome 15, bGalGal1.mat.broiler.GRCg7b, whole genome shotgun sequence	T	17	6426996
NC_052546.1 Gallus gallus isolate bGalGal1 chromosome 15, bGalGal1.mat.broiler.GRCg7b, whole genome shotgun sequence	C	18	6503358
NC_052546.1 Gallus gallus isolate bGalGal1 chromosome 15, bGalGal1.mat.broiler.GRCg7b, whole genome shotgun sequence	A	23	6533745
NC_052546.1 Gallus gallus isolate bGalGal1 chromosome 15, bGalGal1.mat.broiler.GRCg7b, whole genome shotgun sequence	T	18	6571423
NC_052546.1 Gallus gallus isolate bGalGal1 chromosome 15, bGalGal1.mat.broiler.GRCg7b, whole genome shotgun sequence	A	22	6577219
NC_052546.1 Gallus gallus isolate bGalGal1 chromosome 15, bGalGal1.mat.broiler.GRCg7b, whole genome shotgun sequence	A	16	6585773
NC_052546.1 Gallus gallus isolate bGalGal1 chromosome 15, bGalGal1.mat.broiler.GRCg7b, whole genome shotgun sequence	A	17	6708256
NC_052546.1 Gallus gallus isolate bGalGal1 chromosome 15, bGalGal1.mat.broiler.GRCg7b, whole genome shotgun sequence	C	23	6824765
NC_052546.1 Gallus gallus isolate bGalGal1 chromosome 15, bGalGal1.mat.broiler.GRCg7b, whole genome shotgun sequence	G	18	6827251
NC_052546.1 Gallus gallus isolate bGalGal1 chromosome 15, bGalGal1.mat.broiler.GRCg7b, whole genome shotgun sequence	T	17	6851430
NC_052546.1 Gallus gallus isolate bGalGal1 chromosome 15, bGalGal1.mat.broiler.GRCg7b, whole genome shotgun sequence	A	17	6851767
NC_052546.1 Gallus gallus isolate bGalGal1 chromosome 15, bGalGal1.mat.broiler.GRCg7b, whole genome shotgun sequence	T	16	6876546
NC_052546.1 Gallus gallus isolate bGalGal1 chromosome 15, bGalGal1.mat.broiler.GRCg7b, whole genome shotgun sequence	A	18	6877199
NC_052546.1 Gallus gallus isolate bGalGal1 chromosome 15, bGalGal1.mat.broiler.GRCg7b, whole genome shotgun sequence	A	18	6880636
NC_052546.1 Gallus gallus isolate bGalGal1 chromosome 15, bGalGal1.mat.broiler.GRCg7b, whole genome shotgun sequence	G	18	6909180
NC_052546.1 Gallus gallus isolate bGalGal1 chromosome 15, bGalGal1.mat.broiler.GRCg7b, whole genome shotgun sequence	G	20	6911102
NC_052546.1 Gallus gallus isolate bGalGal1 chromosome 15, bGalGal1.mat.broiler.GRCg7b, whole genome shotgun sequence	T	19	6924129
NC_052546.1 Gallus gallus isolate bGalGal1 chromosome 15, bGalGal1.mat.broiler.GRCg7b, whole genome shotgun sequence	G	16	6924461
NC_052546.1 Gallus gallus isolate bGalGal1 chromosome 15, bGalGal1.mat.broiler.GRCg7b, whole genome shotgun sequence	T	24	6945244
NC_052546.1 Gallus gallus isolate bGalGal1 chromosome 15, bGalGal1.mat.broiler.GRCg7b, whole genome shotgun sequence	G	16	7013251
NC_052546.1 Gallus gallus isolate bGalGal1 chromosome 15, bGalGal1.mat.broiler.GRCg7b, whole genome shotgun sequence	C	16	7014059
NC_052546.1 Gallus gallus isolate bGalGal1 chromosome 15, bGalGal1.mat.broiler.GRCg7b, whole genome shotgun sequence	T	17	7021414
NC_052546.1 Gallus gallus isolate bGalGal1 chromosome 15, bGalGal1.mat.broiler.GRCg7b, whole genome shotgun sequence	T	19	7025164
NC_052546.1 Gallus gallus isolate bGalGal1 chromosome 15, bGalGal1.mat.broiler.GRCg7b, whole genome shotgun sequence	G	21	7057370
NC_052546.1 Gallus gallus isolate bGalGal1 chromosome 15, bGalGal1.mat.broiler.GRCg7b, whole genome shotgun sequence	T	16	7143083
NC_052546.1 Gallus gallus isolate bGalGal1 chromosome 15, bGalGal1.mat.broiler.GRCg7b, whole genome shotgun sequence	A	24	7177328
NC_052546.1 Gallus gallus isolate bGalGal1 chromosome 15, bGalGal1.mat.broiler.GRCg7b, whole genome shotgun sequence	C	17	7196841
NC_052546.1 Gallus gallus isolate bGalGal1 chromosome 15, bGalGal1.mat.broiler.GRCg7b, whole genome shotgun sequence	A	19	7237515
NC_052546.1 Gallus gallus isolate bGalGal1 chromosome 15, bGalGal1.mat.broiler.GRCg7b, whole genome shotgun sequence	A	17	7255408
NC_052546.1 Gallus gallus isolate bGalGal1 chromosome 15, bGalGal1.mat.broiler.GRCg7b, whole genome shotgun sequence	C	20	7266538
NC_052546.1 Gallus gallus isolate bGalGal1 chromosome 15, bGalGal1.mat.broiler.GRCg7b, whole genome shotgun sequence	T	16	7273787
NC_052546.1 Gallus gallus isolate bGalGal1 chromosome 15, bGalGal1.mat.broiler.GRCg7b, whole genome shotgun sequence	A	16	7288871
NC_052546.1 Gallus gallus isolate bGalGal1 chromosome 15, bGalGal1.mat.broiler.GRCg7b, whole genome shotgun sequence	T	21	7313382
NC_052546.1 Gallus gallus isolate bGalGal1 chromosome 15, bGalGal1.mat.broiler.GRCg7b, whole genome shotgun sequence	A	17	7320786
NC_052546.1 Gallus gallus isolate bGalGal1 chromosome 15, bGalGal1.mat.broiler.GRCg7b, whole genome shotgun sequence	A	16	7344231
NC_052546.1 Gallus gallus isolate bGalGal1 chromosome 15, bGalGal1.mat.broiler.GRCg7b, whole genome shotgun sequence	T	19	7367212
NC_052546.1 Gallus gallus isolate bGalGal1 chromosome 15, bGalGal1.mat.broiler.GRCg7b, whole genome shotgun sequence	C	24	7434733
NC_052546.1 Gallus gallus isolate bGalGal1 chromosome 15, bGalGal1.mat.broiler.GRCg7b, whole genome shotgun sequence	T	27	7445567
NC_052546.1 Gallus gallus isolate bGalGal1 chromosome 15, bGalGal1.mat.broiler.GRCg7b, whole genome shotgun sequence	A	19	7450500
NC_052546.1 Gallus gallus isolate bGalGal1 chromosome 15, bGalGal1.mat.broiler.GRCg7b, whole genome shotgun sequence	C	16	7491962
NC_052546.1 Gallus gallus isolate bGalGal1 chromosome 15, bGalGal1.mat.broiler.GRCg7b, whole genome shotgun sequence	T	18	7494322
NC_052546.1 Gallus gallus isolate bGalGal1 chromosome 15, bGalGal1.mat.broiler.GRCg7b, whole genome shotgun sequence	C	16	7514237
NC_052546.1 Gallus gallus isolate bGalGal1 chromosome 15, bGalGal1.mat.broiler.GRCg7b, whole genome shotgun sequence	A	22	7521013
NC_052546.1 Gallus gallus isolate bGalGal1 chromosome 15, bGalGal1.mat.broiler.GRCg7b, whole genome shotgun sequence	A	20	7530548
NC_052546.1 Gallus gallus isolate bGalGal1 chromosome 15, bGalGal1.mat.broiler.GRCg7b, whole genome shotgun sequence	A	19	7532636
NC_052546.1 Gallus gallus isolate bGalGal1 chromosome 15, bGalGal1.mat.broiler.GRCg7b, whole genome shotgun sequence	T	18	7532788
NC_052546.1 Gallus gallus isolate bGalGal1 chromosome 15, bGalGal1.mat.broiler.GRCg7b, whole genome shotgun sequence	A	16	7533235
NC_052546.1 Gallus gallus isolate bGalGal1 chromosome 15, bGalGal1.mat.broiler.GRCg7b, whole genome shotgun sequence	T	25	7537889
NC_052546.1 Gallus gallus isolate bGalGal1 chromosome 15, bGalGal1.mat.broiler.GRCg7b, whole genome shotgun sequence	A	17	7661691
NC_052546.1 Gallus gallus isolate bGalGal1 chromosome 15, bGalGal1.mat.broiler.GRCg7b, whole genome shotgun sequence	G	16	7676810
NC_052546.1 Gallus gallus isolate bGalGal1 chromosome 15, bGalGal1.mat.broiler.GRCg7b, whole genome shotgun sequence	A	16	7683197
NC_052546.1 Gallus gallus isolate bGalGal1 chromosome 15, bGalGal1.mat.broiler.GRCg7b, whole genome shotgun sequence	A	19	7883472
NC_052546.1 Gallus gallus isolate bGalGal1 chromosome 15, bGalGal1.mat.broiler.GRCg7b, whole genome shotgun sequence	C	16	7933138
NC_052546.1 Gallus gallus isolate bGalGal1 chromosome 15, bGalGal1.mat.broiler.GRCg7b, whole genome shotgun sequence	A	16	7936107
NC_052546.1 Gallus gallus isolate bGalGal1 chromosome 15, bGalGal1.mat.broiler.GRCg7b, whole genome shotgun sequence	T	21	7950773
NC_052546.1 Gallus gallus isolate bGalGal1 chromosome 15, bGalGal1.mat.broiler.GRCg7b, whole genome shotgun sequence	T	16	8036195
NC_052546.1 Gallus gallus isolate bGalGal1 chromosome 15, bGalGal1.mat.broiler.GRCg7b, whole genome shotgun sequence	T	32	8089029
NC_052546.1 Gallus gallus isolate bGalGal1 chromosome 15, bGalGal1.mat.broiler.GRCg7b, whole genome shotgun sequence	T	19	8094061
NC_052546.1 Gallus gallus isolate bGalGal1 chromosome 15, bGalGal1.mat.broiler.GRCg7b, whole genome shotgun sequence	C	16	8106447
NC_052546.1 Gallus gallus isolate bGalGal1 chromosome 15, bGalGal1.mat.broiler.GRCg7b, whole genome shotgun sequence	A	16	8131218
NC_052546.1 Gallus gallus isolate bGalGal1 chromosome 15, bGalGal1.mat.broiler.GRCg7b, whole genome shotgun sequence	C	17	8175420
NC_052546.1 Gallus gallus isolate bGalGal1 chromosome 15, bGalGal1.mat.broiler.GRCg7b, whole genome shotgun sequence	G	17	8261399
NC_052546.1 Gallus gallus isolate bGalGal1 chromosome 15, bGalGal1.mat.broiler.GRCg7b, whole genome shotgun sequence	C	21	8280372
NC_052546.1 Gallus gallus isolate bGalGal1 chromosome 15, bGalGal1.mat.broiler.GRCg7b, whole genome shotgun sequence	T	16	8286404
NC_052546.1 Gallus gallus isolate bGalGal1 chromosome 15, bGalGal1.mat.broiler.GRCg7b, whole genome shotgun sequence	A	17	8362489
NC_052546.1 Gallus gallus isolate bGalGal1 chromosome 15, bGalGal1.mat.broiler.GRCg7b, whole genome shotgun sequence	T	26	8500168
NC_052546.1 Gallus gallus isolate bGalGal1 chromosome 15, bGalGal1.mat.broiler.GRCg7b, whole genome shotgun sequence	T	18	8515111
NC_052546.1 Gallus gallus isolate bGalGal1 chromosome 15, bGalGal1.mat.broiler.GRCg7b, whole genome shotgun sequence	T	20	8521225
NC_052546.1 Gallus gallus isolate bGalGal1 chromosome 15, bGalGal1.mat.broiler.GRCg7b, whole genome shotgun sequence	A	17	8527861
NC_052546.1 Gallus gallus isolate bGalGal1 chromosome 15, bGalGal1.mat.broiler.GRCg7b, whole genome shotgun sequence	A	16	8582053
NC_052546.1 Gallus gallus isolate bGalGal1 chromosome 15, bGalGal1.mat.broiler.GRCg7b, whole genome shotgun sequence	A	19	8604814
NC_052546.1 Gallus gallus isolate bGalGal1 chromosome 15, bGalGal1.mat.broiler.GRCg7b, whole genome shotgun sequence	A	17	8620253
NC_052546.1 Gallus gallus isolate bGalGal1 chromosome 15, bGalGal1.mat.broiler.GRCg7b, whole genome shotgun sequence	A	18	8629967
NC_052546.1 Gallus gallus isolate bGalGal1 chromosome 15, bGalGal1.mat.broiler.GRCg7b, whole genome shotgun sequence	C	26	8635332
NC_052546.1 Gallus gallus isolate bGalGal1 chromosome 15, bGalGal1.mat.broiler.GRCg7b, whole genome shotgun sequence	T	16	8641038
NC_052546.1 Gallus gallus isolate bGalGal1 chromosome 15, bGalGal1.mat.broiler.GRCg7b, whole genome shotgun sequence	C	26	8664624
NC_052546.1 Gallus gallus isolate bGalGal1 chromosome 15, bGalGal1.mat.broiler.GRCg7b, whole genome shotgun sequence	C	16	8708956
NC_052546.1 Gallus gallus isolate bGalGal1 chromosome 15, bGalGal1.mat.broiler.GRCg7b, whole genome shotgun sequence	A	16	8716468
NC_052546.1 Gallus gallus isolate bGalGal1 chromosome 15, bGalGal1.mat.broiler.GRCg7b, whole genome shotgun sequence	T	23	8730355
NC_052546.1 Gallus gallus isolate bGalGal1 chromosome 15, bGalGal1.mat.broiler.GRCg7b, whole genome shotgun sequence	A	18	8739461
NC_052546.1 Gallus gallus isolate bGalGal1 chromosome 15, bGalGal1.mat.broiler.GRCg7b, whole genome shotgun sequence	T	25	8759727
NC_052546.1 Gallus gallus isolate bGalGal1 chromosome 15, bGalGal1.mat.broiler.GRCg7b, whole genome shotgun sequence	A	17	8768263
NC_052546.1 Gallus gallus isolate bGalGal1 chromosome 15, bGalGal1.mat.broiler.GRCg7b, whole genome shotgun sequence	A	16	8797397
NC_052546.1 Gallus gallus isolate bGalGal1 chromosome 15, bGalGal1.mat.broiler.GRCg7b, whole genome shotgun sequence	T	17	8799944
NC_052546.1 Gallus gallus isolate bGalGal1 chromosome 15, bGalGal1.mat.broiler.GRCg7b, whole genome shotgun sequence	A	41	8803245
NC_052546.1 Gallus gallus isolate bGalGal1 chromosome 15, bGalGal1.mat.broiler.GRCg7b, whole genome shotgun sequence	A	16	8834799
NC_052546.1 Gallus gallus isolate bGalGal1 chromosome 15, bGalGal1.mat.broiler.GRCg7b, whole genome shotgun sequence	A	22	8894046
NC_052546.1 Gallus gallus isolate bGalGal1 chromosome 15, bGalGal1.mat.broiler.GRCg7b, whole genome shotgun sequence	T	19	8909885
NC_052546.1 Gallus gallus isolate bGalGal1 chromosome 15, bGalGal1.mat.broiler.GRCg7b, whole genome shotgun sequence	A	17	8914647
NC_052546.1 Gallus gallus isolate bGalGal1 chromosome 15, bGalGal1.mat.broiler.GRCg7b, whole genome shotgun sequence	T	20	8914987
NC_052546.1 Gallus gallus isolate bGalGal1 chromosome 15, bGalGal1.mat.broiler.GRCg7b, whole genome shotgun sequence	A	20	8917567
NC_052546.1 Gallus gallus isolate bGalGal1 chromosome 15, bGalGal1.mat.broiler.GRCg7b, whole genome shotgun sequence	T	16	8932300
NC_052546.1 Gallus gallus isolate bGalGal1 chromosome 15, bGalGal1.mat.broiler.GRCg7b, whole genome shotgun sequence	A	21	8933313
NC_052546.1 Gallus gallus isolate bGalGal1 chromosome 15, bGalGal1.mat.broiler.GRCg7b, whole genome shotgun sequence	T	22	8959691
NC_052546.1 Gallus gallus isolate bGalGal1 chromosome 15, bGalGal1.mat.broiler.GRCg7b, whole genome shotgun sequence	C	21	8968544
NC_052546.1 Gallus gallus isolate bGalGal1 chromosome 15, bGalGal1.mat.broiler.GRCg7b, whole genome shotgun sequence	T	16	9014226
NC_052546.1 Gallus gallus isolate bGalGal1 chromosome 15, bGalGal1.mat.broiler.GRCg7b, whole genome shotgun sequence	T	21	9024601
NC_052546.1 Gallus gallus isolate bGalGal1 chromosome 15, bGalGal1.mat.broiler.GRCg7b, whole genome shotgun sequence	A	17	9043536
NC_052546.1 Gallus gallus isolate bGalGal1 chromosome 15, bGalGal1.mat.broiler.GRCg7b, whole genome shotgun sequence	G	23	9096408
NC_052546.1 Gallus gallus isolate bGalGal1 chromosome 15, bGalGal1.mat.broiler.GRCg7b, whole genome shotgun sequence	A	19	9173383
NC_052546.1 Gallus gallus isolate bGalGal1 chromosome 15, bGalGal1.mat.broiler.GRCg7b, whole genome shotgun sequence	A	19	9197649
NC_052546.1 Gallus gallus isolate bGalGal1 chromosome 15, bGalGal1.mat.broiler.GRCg7b, whole genome shotgun sequence	G	19	9236162
NC_052546.1 Gallus gallus isolate bGalGal1 chromosome 15, bGalGal1.mat.broiler.GRCg7b, whole genome shotgun sequence	G	19	9305047
NC_052546.1 Gallus gallus isolate bGalGal1 chromosome 15, bGalGal1.mat.broiler.GRCg7b, whole genome shotgun sequence	A	24	9337236
NC_052546.1 Gallus gallus isolate bGalGal1 chromosome 15, bGalGal1.mat.broiler.GRCg7b, whole genome shotgun sequence	T	17	9346201
NC_052546.1 Gallus gallus isolate bGalGal1 chromosome 15, bGalGal1.mat.broiler.GRCg7b, whole genome shotgun sequence	G	21	9359033
NC_052546.1 Gallus gallus isolate bGalGal1 chromosome 15, bGalGal1.mat.broiler.GRCg7b, whole genome shotgun sequence	T	16	9382882
NC_052546.1 Gallus gallus isolate bGalGal1 chromosome 15, bGalGal1.mat.broiler.GRCg7b, whole genome shotgun sequence	T	17	9396459
NC_052546.1 Gallus gallus isolate bGalGal1 chromosome 15, bGalGal1.mat.broiler.GRCg7b, whole genome shotgun sequence	G	22	9406946
NC_052546.1 Gallus gallus isolate bGalGal1 chromosome 15, bGalGal1.mat.broiler.GRCg7b, whole genome shotgun sequence	T	18	9419001
NC_052546.1 Gallus gallus isolate bGalGal1 chromosome 15, bGalGal1.mat.broiler.GRCg7b, whole genome shotgun sequence	G	30	9444321
NC_052546.1 Gallus gallus isolate bGalGal1 chromosome 15, bGalGal1.mat.broiler.GRCg7b, whole genome shotgun sequence	C	26	9536686
NC_052546.1 Gallus gallus isolate bGalGal1 chromosome 15, bGalGal1.mat.broiler.GRCg7b, whole genome shotgun sequence	A	21	9610797
NC_052546.1 Gallus gallus isolate bGalGal1 chromosome 15, bGalGal1.mat.broiler.GRCg7b, whole genome shotgun sequence	A	20	9622967
NC_052546.1 Gallus gallus isolate bGalGal1 chromosome 15, bGalGal1.mat.broiler.GRCg7b, whole genome shotgun sequence	T	23	9624359
NC_052546.1 Gallus gallus isolate bGalGal1 chromosome 15, bGalGal1.mat.broiler.GRCg7b, whole genome shotgun sequence	T	17	9632873
NC_052546.1 Gallus gallus isolate bGalGal1 chromosome 15, bGalGal1.mat.broiler.GRCg7b, whole genome shotgun sequence	A	17	9672113
NC_052546.1 Gallus gallus isolate bGalGal1 chromosome 15, bGalGal1.mat.broiler.GRCg7b, whole genome shotgun sequence	A	16	9737867
NC_052546.1 Gallus gallus isolate bGalGal1 chromosome 15, bGalGal1.mat.broiler.GRCg7b, whole genome shotgun sequence	A	17	9817780
NC_052546.1 Gallus gallus isolate bGalGal1 chromosome 15, bGalGal1.mat.broiler.GRCg7b, whole genome shotgun sequence	T	19	9821903
NC_052546.1 Gallus gallus isolate bGalGal1 chromosome 15, bGalGal1.mat.broiler.GRCg7b, whole genome shotgun sequence	A	16	9881167
NC_052546.1 Gallus gallus isolate bGalGal1 chromosome 15, bGalGal1.mat.broiler.GRCg7b, whole genome shotgun sequence	A	17	9881208
NC_052546.1 Gallus gallus isolate bGalGal1 chromosome 15, bGalGal1.mat.broiler.GRCg7b, whole genome shotgun sequence	T	26	9882084
NC_052546.1 Gallus gallus isolate bGalGal1 chromosome 15, bGalGal1.mat.broiler.GRCg7b, whole genome shotgun sequence	A	16	9886988
NC_052546.1 Gallus gallus isolate bGalGal1 chromosome 15, bGalGal1.mat.broiler.GRCg7b, whole genome shotgun sequence	A	17	9894611
NC_052546.1 Gallus gallus isolate bGalGal1 chromosome 15, bGalGal1.mat.broiler.GRCg7b, whole genome shotgun sequence	A	17	9894885
NC_052546.1 Gallus gallus isolate bGalGal1 chromosome 15, bGalGal1.mat.broiler.GRCg7b, whole genome shotgun sequence	A	20	9895279
NC_052546.1 Gallus gallus isolate bGalGal1 chromosome 15, bGalGal1.mat.broiler.GRCg7b, whole genome shotgun sequence	G	21	9906405
NC_052546.1 Gallus gallus isolate bGalGal1 chromosome 15, bGalGal1.mat.broiler.GRCg7b, whole genome shotgun sequence	A	32	9968901
NC_052546.1 Gallus gallus isolate bGalGal1 chromosome 15, bGalGal1.mat.broiler.GRCg7b, whole genome shotgun sequence	T	39	10052782
NC_052546.1 Gallus gallus isolate bGalGal1 chromosome 15, bGalGal1.mat.broiler.GRCg7b, whole genome shotgun sequence	T	16	10096484
NC_052546.1 Gallus gallus isolate bGalGal1 chromosome 15, bGalGal1.mat.broiler.GRCg7b, whole genome shotgun sequence	T	20	10100686
NC_052546.1 Gallus gallus isolate bGalGal1 chromosome 15, bGalGal1.mat.broiler.GRCg7b, whole genome shotgun sequence	G	17	10117606
NC_052546.1 Gallus gallus isolate bGalGal1 chromosome 15, bGalGal1.mat.broiler.GRCg7b, whole genome shotgun sequence	C	26	10125682
NC_052546.1 Gallus gallus isolate bGalGal1 chromosome 15, bGalGal1.mat.broiler.GRCg7b, whole genome shotgun sequence	T	20	10223204
NC_052546.1 Gallus gallus isolate bGalGal1 chromosome 15, bGalGal1.mat.broiler.GRCg7b, whole genome shotgun sequence	A	26	10225307
NC_052546.1 Gallus gallus isolate bGalGal1 chromosome 15, bGalGal1.mat.broiler.GRCg7b, whole genome shotgun sequence	T	18	10251984
NC_052546.1 Gallus gallus isolate bGalGal1 chromosome 15, bGalGal1.mat.broiler.GRCg7b, whole genome shotgun sequence	T	18	10311012
NC_052546.1 Gallus gallus isolate bGalGal1 chromosome 15, bGalGal1.mat.broiler.GRCg7b, whole genome shotgun sequence	T	24	10372250
NC_052546.1 Gallus gallus isolate bGalGal1 chromosome 15, bGalGal1.mat.broiler.GRCg7b, whole genome shotgun sequence	A	17	10382236
NC_052546.1 Gallus gallus isolate bGalGal1 chromosome 15, bGalGal1.mat.broiler.GRCg7b, whole genome shotgun sequence	T	23	10416116
NC_052546.1 Gallus gallus isolate bGalGal1 chromosome 15, bGalGal1.mat.broiler.GRCg7b, whole genome shotgun sequence	T	16	10416879
NC_052546.1 Gallus gallus isolate bGalGal1 chromosome 15, bGalGal1.mat.broiler.GRCg7b, whole genome shotgun sequence	T	17	10462165
NC_052546.1 Gallus gallus isolate bGalGal1 chromosome 15, bGalGal1.mat.broiler.GRCg7b, whole genome shotgun sequence	T	28	10471635
NC_052546.1 Gallus gallus isolate bGalGal1 chromosome 15, bGalGal1.mat.broiler.GRCg7b, whole genome shotgun sequence	T	23	10499657
NC_052546.1 Gallus gallus isolate bGalGal1 chromosome 15, bGalGal1.mat.broiler.GRCg7b, whole genome shotgun sequence	T	23	10511818
NC_052546.1 Gallus gallus isolate bGalGal1 chromosome 15, bGalGal1.mat.broiler.GRCg7b, whole genome shotgun sequence	C	20	10520625
NC_052546.1 Gallus gallus isolate bGalGal1 chromosome 15, bGalGal1.mat.broiler.GRCg7b, whole genome shotgun sequence	A	20	10525943
NC_052546.1 Gallus gallus isolate bGalGal1 chromosome 15, bGalGal1.mat.broiler.GRCg7b, whole genome shotgun sequence	A	24	10529068
NC_052546.1 Gallus gallus isolate bGalGal1 chromosome 15, bGalGal1.mat.broiler.GRCg7b, whole genome shotgun sequence	T	24	10552275
NC_052546.1 Gallus gallus isolate bGalGal1 chromosome 15, bGalGal1.mat.broiler.GRCg7b, whole genome shotgun sequence	T	32	10586999
NC_052546.1 Gallus gallus isolate bGalGal1 chromosome 15, bGalGal1.mat.broiler.GRCg7b, whole genome shotgun sequence	A	16	10599639
NC_052546.1 Gallus gallus isolate bGalGal1 chromosome 15, bGalGal1.mat.broiler.GRCg7b, whole genome shotgun sequence	T	16	10607080
NC_052546.1 Gallus gallus isolate bGalGal1 chromosome 15, bGalGal1.mat.broiler.GRCg7b, whole genome shotgun sequence	A	30	10642458
NC_052546.1 Gallus gallus isolate bGalGal1 chromosome 15, bGalGal1.mat.broiler.GRCg7b, whole genome shotgun sequence	A	19	10645152
NC_052546.1 Gallus gallus isolate bGalGal1 chromosome 15, bGalGal1.mat.broiler.GRCg7b, whole genome shotgun sequence	C	23	10657319
NC_052546.1 Gallus gallus isolate bGalGal1 chromosome 15, bGalGal1.mat.broiler.GRCg7b, whole genome shotgun sequence	G	18	10742017
NC_052546.1 Gallus gallus isolate bGalGal1 chromosome 15, bGalGal1.mat.broiler.GRCg7b, whole genome shotgun sequence	T	19	10743556
NC_052546.1 Gallus gallus isolate bGalGal1 chromosome 15, bGalGal1.mat.broiler.GRCg7b, whole genome shotgun sequence	C	33	10868606
NC_052546.1 Gallus gallus isolate bGalGal1 chromosome 15, bGalGal1.mat.broiler.GRCg7b, whole genome shotgun sequence	C	16	10868856
NC_052546.1 Gallus gallus isolate bGalGal1 chromosome 15, bGalGal1.mat.broiler.GRCg7b, whole genome shotgun sequence	G	17	10869025
NC_052546.1 Gallus gallus isolate bGalGal1 chromosome 15, bGalGal1.mat.broiler.GRCg7b, whole genome shotgun sequence	C	17	10872067
NC_052546.1 Gallus gallus isolate bGalGal1 chromosome 15, bGalGal1.mat.broiler.GRCg7b, whole genome shotgun sequence	T	25	10880365
NC_052546.1 Gallus gallus isolate bGalGal1 chromosome 15, bGalGal1.mat.broiler.GRCg7b, whole genome shotgun sequence	A	19	10948598
NC_052546.1 Gallus gallus isolate bGalGal1 chromosome 15, bGalGal1.mat.broiler.GRCg7b, whole genome shotgun sequence	T	20	10977323
NC_052546.1 Gallus gallus isolate bGalGal1 chromosome 15, bGalGal1.mat.broiler.GRCg7b, whole genome shotgun sequence	A	22	11006067
NC_052546.1 Gallus gallus isolate bGalGal1 chromosome 15, bGalGal1.mat.broiler.GRCg7b, whole genome shotgun sequence	G	16	11053264
NC_052546.1 Gallus gallus isolate bGalGal1 chromosome 15, bGalGal1.mat.broiler.GRCg7b, whole genome shotgun sequence	G	16	11053466
NC_052546.1 Gallus gallus isolate bGalGal1 chromosome 15, bGalGal1.mat.broiler.GRCg7b, whole genome shotgun sequence	G	17	11065266
NC_052546.1 Gallus gallus isolate bGalGal1 chromosome 15, bGalGal1.mat.broiler.GRCg7b, whole genome shotgun sequence	T	16	11069029
NC_052546.1 Gallus gallus isolate bGalGal1 chromosome 15, bGalGal1.mat.broiler.GRCg7b, whole genome shotgun sequence	C	17	11099160
NC_052546.1 Gallus gallus isolate bGalGal1 chromosome 15, bGalGal1.mat.broiler.GRCg7b, whole genome shotgun sequence	G	27	11148860
NC_052546.1 Gallus gallus isolate bGalGal1 chromosome 15, bGalGal1.mat.broiler.GRCg7b, whole genome shotgun sequence	G	19	11154124
NC_052546.1 Gallus gallus isolate bGalGal1 chromosome 15, bGalGal1.mat.broiler.GRCg7b, whole genome shotgun sequence	T	21	11159238
NC_052546.1 Gallus gallus isolate bGalGal1 chromosome 15, bGalGal1.mat.broiler.GRCg7b, whole genome shotgun sequence	A	19	11168498
NC_052546.1 Gallus gallus isolate bGalGal1 chromosome 15, bGalGal1.mat.broiler.GRCg7b, whole genome shotgun sequence	C	17	11216908
NC_052546.1 Gallus gallus isolate bGalGal1 chromosome 15, bGalGal1.mat.broiler.GRCg7b, whole genome shotgun sequence	C	20	11221533
NC_052546.1 Gallus gallus isolate bGalGal1 chromosome 15, bGalGal1.mat.broiler.GRCg7b, whole genome shotgun sequence	G	18	11241161
NC_052546.1 Gallus gallus isolate bGalGal1 chromosome 15, bGalGal1.mat.broiler.GRCg7b, whole genome shotgun sequence	G	16	11242163
NC_052546.1 Gallus gallus isolate bGalGal1 chromosome 15, bGalGal1.mat.broiler.GRCg7b, whole genome shotgun sequence	T	25	11248965
NC_052546.1 Gallus gallus isolate bGalGal1 chromosome 15, bGalGal1.mat.broiler.GRCg7b, whole genome shotgun sequence	T	25	11283210
NC_052546.1 Gallus gallus isolate bGalGal1 chromosome 15, bGalGal1.mat.broiler.GRCg7b, whole genome shotgun sequence	A	17	11289849
NC_052546.1 Gallus gallus isolate bGalGal1 chromosome 15, bGalGal1.mat.broiler.GRCg7b, whole genome shotgun sequence	C	34	11339527
NC_052546.1 Gallus gallus isolate bGalGal1 chromosome 15, bGalGal1.mat.broiler.GRCg7b, whole genome shotgun sequence	G	17	11347673
NC_052546.1 Gallus gallus isolate bGalGal1 chromosome 15, bGalGal1.mat.broiler.GRCg7b, whole genome shotgun sequence	A	28	11357184
NC_052546.1 Gallus gallus isolate bGalGal1 chromosome 15, bGalGal1.mat.broiler.GRCg7b, whole genome shotgun sequence	A	18	11365003
NC_052546.1 Gallus gallus isolate bGalGal1 chromosome 15, bGalGal1.mat.broiler.GRCg7b, whole genome shotgun sequence	A	17	11366912
NC_052546.1 Gallus gallus isolate bGalGal1 chromosome 15, bGalGal1.mat.broiler.GRCg7b, whole genome shotgun sequence	T	17	11442474
NC_052546.1 Gallus gallus isolate bGalGal1 chromosome 15, bGalGal1.mat.broiler.GRCg7b, whole genome shotgun sequence	G	19	11450162
NC_052546.1 Gallus gallus isolate bGalGal1 chromosome 15, bGalGal1.mat.broiler.GRCg7b, whole genome shotgun sequence	A	19	11471956
NC_052546.1 Gallus gallus isolate bGalGal1 chromosome 15, bGalGal1.mat.broiler.GRCg7b, whole genome shotgun sequence	T	18	11485666
NC_052546.1 Gallus gallus isolate bGalGal1 chromosome 15, bGalGal1.mat.broiler.GRCg7b, whole genome shotgun sequence	T	18	11517064
NC_052546.1 Gallus gallus isolate bGalGal1 chromosome 15, bGalGal1.mat.broiler.GRCg7b, whole genome shotgun sequence	T	16	11538671
NC_052546.1 Gallus gallus isolate bGalGal1 chromosome 15, bGalGal1.mat.broiler.GRCg7b, whole genome shotgun sequence	A	16	11554674
NC_052546.1 Gallus gallus isolate bGalGal1 chromosome 15, bGalGal1.mat.broiler.GRCg7b, whole genome shotgun sequence	T	24	11568601
NC_052546.1 Gallus gallus isolate bGalGal1 chromosome 15, bGalGal1.mat.broiler.GRCg7b, whole genome shotgun sequence	A	20	11586948
NC_052546.1 Gallus gallus isolate bGalGal1 chromosome 15, bGalGal1.mat.broiler.GRCg7b, whole genome shotgun sequence	T	18	11649669
NC_052546.1 Gallus gallus isolate bGalGal1 chromosome 15, bGalGal1.mat.broiler.GRCg7b, whole genome shotgun sequence	T	18	11660069
NC_052546.1 Gallus gallus isolate bGalGal1 chromosome 15, bGalGal1.mat.broiler.GRCg7b, whole genome shotgun sequence	A	17	11740292
NC_052546.1 Gallus gallus isolate bGalGal1 chromosome 15, bGalGal1.mat.broiler.GRCg7b, whole genome shotgun sequence	T	16	11741084
NC_052546.1 Gallus gallus isolate bGalGal1 chromosome 15, bGalGal1.mat.broiler.GRCg7b, whole genome shotgun sequence	T	21	11744484
NC_052546.1 Gallus gallus isolate bGalGal1 chromosome 15, bGalGal1.mat.broiler.GRCg7b, whole genome shotgun sequence	A	19	11745654
NC_052546.1 Gallus gallus isolate bGalGal1 chromosome 15, bGalGal1.mat.broiler.GRCg7b, whole genome shotgun sequence	A	17	11748894
NC_052546.1 Gallus gallus isolate bGalGal1 chromosome 15, bGalGal1.mat.broiler.GRCg7b, whole genome shotgun sequence	A	16	11778410
NC_052546.1 Gallus gallus isolate bGalGal1 chromosome 15, bGalGal1.mat.broiler.GRCg7b, whole genome shotgun sequence	A	17	11784554
NC_052546.1 Gallus gallus isolate bGalGal1 chromosome 15, bGalGal1.mat.broiler.GRCg7b, whole genome shotgun sequence	T	17	11787839
NC_052546.1 Gallus gallus isolate bGalGal1 chromosome 15, bGalGal1.mat.broiler.GRCg7b, whole genome shotgun sequence	T	20	11789028
NC_052546.1 Gallus gallus isolate bGalGal1 chromosome 15, bGalGal1.mat.broiler.GRCg7b, whole genome shotgun sequence	G	21	11791653
NC_052546.1 Gallus gallus isolate bGalGal1 chromosome 15, bGalGal1.mat.broiler.GRCg7b, whole genome shotgun sequence	C	17	11815549
NC_052546.1 Gallus gallus isolate bGalGal1 chromosome 15, bGalGal1.mat.broiler.GRCg7b, whole genome shotgun sequence	G	42	11831755
NC_052546.1 Gallus gallus isolate bGalGal1 chromosome 15, bGalGal1.mat.broiler.GRCg7b, whole genome shotgun sequence	T	25	11847337
NC_052546.1 Gallus gallus isolate bGalGal1 chromosome 15, bGalGal1.mat.broiler.GRCg7b, whole genome shotgun sequence	A	18	11854479
NC_052546.1 Gallus gallus isolate bGalGal1 chromosome 15, bGalGal1.mat.broiler.GRCg7b, whole genome shotgun sequence	A	16	11878070
NC_052546.1 Gallus gallus isolate bGalGal1 chromosome 15, bGalGal1.mat.broiler.GRCg7b, whole genome shotgun sequence	T	22	11883549
NC_052546.1 Gallus gallus isolate bGalGal1 chromosome 15, bGalGal1.mat.broiler.GRCg7b, whole genome shotgun sequence	T	18	11952514
NC_052546.1 Gallus gallus isolate bGalGal1 chromosome 15, bGalGal1.mat.broiler.GRCg7b, whole genome shotgun sequence	T	17	11984125
NC_052546.1 Gallus gallus isolate bGalGal1 chromosome 15, bGalGal1.mat.broiler.GRCg7b, whole genome shotgun sequence	T	17	11989876
NC_052546.1 Gallus gallus isolate bGalGal1 chromosome 15, bGalGal1.mat.broiler.GRCg7b, whole genome shotgun sequence	T	19	11993389
NC_052546.1 Gallus gallus isolate bGalGal1 chromosome 15, bGalGal1.mat.broiler.GRCg7b, whole genome shotgun sequence	A	26	12000575
NC_052546.1 Gallus gallus isolate bGalGal1 chromosome 15, bGalGal1.mat.broiler.GRCg7b, whole genome shotgun sequence	T	16	12016624
NC_052546.1 Gallus gallus isolate bGalGal1 chromosome 15, bGalGal1.mat.broiler.GRCg7b, whole genome shotgun sequence	A	18	12038310
NC_052546.1 Gallus gallus isolate bGalGal1 chromosome 15, bGalGal1.mat.broiler.GRCg7b, whole genome shotgun sequence	T	16	12067869
NC_052546.1 Gallus gallus isolate bGalGal1 chromosome 15, bGalGal1.mat.broiler.GRCg7b, whole genome shotgun sequence	A	18	12077318
NC_052546.1 Gallus gallus isolate bGalGal1 chromosome 15, bGalGal1.mat.broiler.GRCg7b, whole genome shotgun sequence	T	19	12090775
NC_052546.1 Gallus gallus isolate bGalGal1 chromosome 15, bGalGal1.mat.broiler.GRCg7b, whole genome shotgun sequence	G	17	12096953
NC_052546.1 Gallus gallus isolate bGalGal1 chromosome 15, bGalGal1.mat.broiler.GRCg7b, whole genome shotgun sequence	G	16	12105870
NC_052546.1 Gallus gallus isolate bGalGal1 chromosome 15, bGalGal1.mat.broiler.GRCg7b, whole genome shotgun sequence	A	16	12109890
NC_052546.1 Gallus gallus isolate bGalGal1 chromosome 15, bGalGal1.mat.broiler.GRCg7b, whole genome shotgun sequence	A	19	12112692
NC_052546.1 Gallus gallus isolate bGalGal1 chromosome 15, bGalGal1.mat.broiler.GRCg7b, whole genome shotgun sequence	T	17	12118903
NC_052546.1 Gallus gallus isolate bGalGal1 chromosome 15, bGalGal1.mat.broiler.GRCg7b, whole genome shotgun sequence	A	23	12125258
NC_052546.1 Gallus gallus isolate bGalGal1 chromosome 15, bGalGal1.mat.broiler.GRCg7b, whole genome shotgun sequence	T	23	12130426
NC_052546.1 Gallus gallus isolate bGalGal1 chromosome 15, bGalGal1.mat.broiler.GRCg7b, whole genome shotgun sequence	A	18	12171554
NC_052546.1 Gallus gallus isolate bGalGal1 chromosome 15, bGalGal1.mat.broiler.GRCg7b, whole genome shotgun sequence	A	18	12172028
NC_052546.1 Gallus gallus isolate bGalGal1 chromosome 15, bGalGal1.mat.broiler.GRCg7b, whole genome shotgun sequence	T	34	12173846
NC_052546.1 Gallus gallus isolate bGalGal1 chromosome 15, bGalGal1.mat.broiler.GRCg7b, whole genome shotgun sequence	T	17	12175424
NC_052546.1 Gallus gallus isolate bGalGal1 chromosome 15, bGalGal1.mat.broiler.GRCg7b, whole genome shotgun sequence	T	20	12177742
NC_052546.1 Gallus gallus isolate bGalGal1 chromosome 15, bGalGal1.mat.broiler.GRCg7b, whole genome shotgun sequence	T	19	12214333
NC_052546.1 Gallus gallus isolate bGalGal1 chromosome 15, bGalGal1.mat.broiler.GRCg7b, whole genome shotgun sequence	G	24	12218488
NC_052546.1 Gallus gallus isolate bGalGal1 chromosome 15, bGalGal1.mat.broiler.GRCg7b, whole genome shotgun sequence	C	18	12224351
NC_052546.1 Gallus gallus isolate bGalGal1 chromosome 15, bGalGal1.mat.broiler.GRCg7b, whole genome shotgun sequence	T	17	12226109
NC_052546.1 Gallus gallus isolate bGalGal1 chromosome 15, bGalGal1.mat.broiler.GRCg7b, whole genome shotgun sequence	C	24	12226234
NC_052546.1 Gallus gallus isolate bGalGal1 chromosome 15, bGalGal1.mat.broiler.GRCg7b, whole genome shotgun sequence	C	22	12228081
NC_052546.1 Gallus gallus isolate bGalGal1 chromosome 15, bGalGal1.mat.broiler.GRCg7b, whole genome shotgun sequence	T	16	12243606
NC_052546.1 Gallus gallus isolate bGalGal1 chromosome 15, bGalGal1.mat.broiler.GRCg7b, whole genome shotgun sequence	A	16	12278864
NC_052546.1 Gallus gallus isolate bGalGal1 chromosome 15, bGalGal1.mat.broiler.GRCg7b, whole genome shotgun sequence	G	20	12294253
NC_052546.1 Gallus gallus isolate bGalGal1 chromosome 15, bGalGal1.mat.broiler.GRCg7b, whole genome shotgun sequence	T	20	12298500
NC_052546.1 Gallus gallus isolate bGalGal1 chromosome 15, bGalGal1.mat.broiler.GRCg7b, whole genome shotgun sequence	T	18	12314394
NC_052546.1 Gallus gallus isolate bGalGal1 chromosome 15, bGalGal1.mat.broiler.GRCg7b, whole genome shotgun sequence	G	17	12316436
NC_052546.1 Gallus gallus isolate bGalGal1 chromosome 15, bGalGal1.mat.broiler.GRCg7b, whole genome shotgun sequence	A	19	12316962
NC_052546.1 Gallus gallus isolate bGalGal1 chromosome 15, bGalGal1.mat.broiler.GRCg7b, whole genome shotgun sequence	A	19	12319157
NC_052546.1 Gallus gallus isolate bGalGal1 chromosome 15, bGalGal1.mat.broiler.GRCg7b, whole genome shotgun sequence	G	19	12320309
NC_052546.1 Gallus gallus isolate bGalGal1 chromosome 15, bGalGal1.mat.broiler.GRCg7b, whole genome shotgun sequence	G	24	12320510
NC_052546.1 Gallus gallus isolate bGalGal1 chromosome 15, bGalGal1.mat.broiler.GRCg7b, whole genome shotgun sequence	T	26	12321647
NC_052546.1 Gallus gallus isolate bGalGal1 chromosome 15, bGalGal1.mat.broiler.GRCg7b, whole genome shotgun sequence	T	17	12322549
NC_052546.1 Gallus gallus isolate bGalGal1 chromosome 15, bGalGal1.mat.broiler.GRCg7b, whole genome shotgun sequence	C	24	12324666
NC_052546.1 Gallus gallus isolate bGalGal1 chromosome 15, bGalGal1.mat.broiler.GRCg7b, whole genome shotgun sequence	T	22	12329095
NC_052546.1 Gallus gallus isolate bGalGal1 chromosome 15, bGalGal1.mat.broiler.GRCg7b, whole genome shotgun sequence	T	24	12357700
NC_052546.1 Gallus gallus isolate bGalGal1 chromosome 15, bGalGal1.mat.broiler.GRCg7b, whole genome shotgun sequence	A	20	12358347
NC_052546.1 Gallus gallus isolate bGalGal1 chromosome 15, bGalGal1.mat.broiler.GRCg7b, whole genome shotgun sequence	T	26	12362121
NC_052546.1 Gallus gallus isolate bGalGal1 chromosome 15, bGalGal1.mat.broiler.GRCg7b, whole genome shotgun sequence	A	24	12362222
NC_052546.1 Gallus gallus isolate bGalGal1 chromosome 15, bGalGal1.mat.broiler.GRCg7b, whole genome shotgun sequence	T	19	12390444
NC_052546.1 Gallus gallus isolate bGalGal1 chromosome 15, bGalGal1.mat.broiler.GRCg7b, whole genome shotgun sequence	A	25	12401856
NC_052546.1 Gallus gallus isolate bGalGal1 chromosome 15, bGalGal1.mat.broiler.GRCg7b, whole genome shotgun sequence	T	22	12412793
NC_052546.1 Gallus gallus isolate bGalGal1 chromosome 15, bGalGal1.mat.broiler.GRCg7b, whole genome shotgun sequence	T	20	12431529
NC_052546.1 Gallus gallus isolate bGalGal1 chromosome 15, bGalGal1.mat.broiler.GRCg7b, whole genome shotgun sequence	G	27	12449857
NC_052546.1 Gallus gallus isolate bGalGal1 chromosome 15, bGalGal1.mat.broiler.GRCg7b, whole genome shotgun sequence	A	21	12472218
NC_052546.1 Gallus gallus isolate bGalGal1 chromosome 15, bGalGal1.mat.broiler.GRCg7b, whole genome shotgun sequence	A	38	12518429
NC_052546.1 Gallus gallus isolate bGalGal1 chromosome 15, bGalGal1.mat.broiler.GRCg7b, whole genome shotgun sequence	A	16	12549966
NC_052546.1 Gallus gallus isolate bGalGal1 chromosome 15, bGalGal1.mat.broiler.GRCg7b, whole genome shotgun sequence	G	18	12571335
NC_052546.1 Gallus gallus isolate bGalGal1 chromosome 15, bGalGal1.mat.broiler.GRCg7b, whole genome shotgun sequence	T	20	12572495
NC_052546.1 Gallus gallus isolate bGalGal1 chromosome 15, bGalGal1.mat.broiler.GRCg7b, whole genome shotgun sequence	C	18	12575241
NC_052546.1 Gallus gallus isolate bGalGal1 chromosome 15, bGalGal1.mat.broiler.GRCg7b, whole genome shotgun sequence	T	36	12576890
NC_052546.1 Gallus gallus isolate bGalGal1 chromosome 15, bGalGal1.mat.broiler.GRCg7b, whole genome shotgun sequence	A	17	12577072
NC_052546.1 Gallus gallus isolate bGalGal1 chromosome 15, bGalGal1.mat.broiler.GRCg7b, whole genome shotgun sequence	C	19	12579169
NC_052546.1 Gallus gallus isolate bGalGal1 chromosome 15, bGalGal1.mat.broiler.GRCg7b, whole genome shotgun sequence	T	22	12594876
NC_052546.1 Gallus gallus isolate bGalGal1 chromosome 15, bGalGal1.mat.broiler.GRCg7b, whole genome shotgun sequence	T	25	12612941
NC_052546.1 Gallus gallus isolate bGalGal1 chromosome 15, bGalGal1.mat.broiler.GRCg7b, whole genome shotgun sequence	T	19	12666631
