#Sequence_Name	SSR	Repeats	Position
NC_052548.1 Gallus gallus isolate bGalGal1 chromosome 17, bGalGal1.mat.broiler.GRCg7b, whole genome shotgun sequence	G	17	246
NC_052548.1 Gallus gallus isolate bGalGal1 chromosome 17, bGalGal1.mat.broiler.GRCg7b, whole genome shotgun sequence	C	19	7237
NC_052548.1 Gallus gallus isolate bGalGal1 chromosome 17, bGalGal1.mat.broiler.GRCg7b, whole genome shotgun sequence	C	17	10261
NC_052548.1 Gallus gallus isolate bGalGal1 chromosome 17, bGalGal1.mat.broiler.GRCg7b, whole genome shotgun sequence	G	17	21297
NC_052548.1 Gallus gallus isolate bGalGal1 chromosome 17, bGalGal1.mat.broiler.GRCg7b, whole genome shotgun sequence	C	18	26057
NC_052548.1 Gallus gallus isolate bGalGal1 chromosome 17, bGalGal1.mat.broiler.GRCg7b, whole genome shotgun sequence	C	44	26258
NC_052548.1 Gallus gallus isolate bGalGal1 chromosome 17, bGalGal1.mat.broiler.GRCg7b, whole genome shotgun sequence	GGAAG	30	469821
NC_052548.1 Gallus gallus isolate bGalGal1 chromosome 17, bGalGal1.mat.broiler.GRCg7b, whole genome shotgun sequence	A	23	448296
NC_052548.1 Gallus gallus isolate bGalGal1 chromosome 17, bGalGal1.mat.broiler.GRCg7b, whole genome shotgun sequence	T	26	450161
NC_052548.1 Gallus gallus isolate bGalGal1 chromosome 17, bGalGal1.mat.broiler.GRCg7b, whole genome shotgun sequence	A	18	454797
NC_052548.1 Gallus gallus isolate bGalGal1 chromosome 17, bGalGal1.mat.broiler.GRCg7b, whole genome shotgun sequence	TTCCCT	16	4183404
NC_052548.1 Gallus gallus isolate bGalGal1 chromosome 17, bGalGal1.mat.broiler.GRCg7b, whole genome shotgun sequence	TCCTTT	18	4203065
NC_052548.1 Gallus gallus isolate bGalGal1 chromosome 17, bGalGal1.mat.broiler.GRCg7b, whole genome shotgun sequence	TCTTTT	24	9932086
NC_052548.1 Gallus gallus isolate bGalGal1 chromosome 17, bGalGal1.mat.broiler.GRCg7b, whole genome shotgun sequence	GGGTTA	39	11064660
NC_052548.1 Gallus gallus isolate bGalGal1 chromosome 17, bGalGal1.mat.broiler.GRCg7b, whole genome shotgun sequence	TAGGGT	524	11064897
NC_052548.1 Gallus gallus isolate bGalGal1 chromosome 17, bGalGal1.mat.broiler.GRCg7b, whole genome shotgun sequence	GGTTAG	822	11068043
NC_052548.1 Gallus gallus isolate bGalGal1 chromosome 17, bGalGal1.mat.broiler.GRCg7b, whole genome shotgun sequence	GGTTAG	389	11072974
NC_052548.1 Gallus gallus isolate bGalGal1 chromosome 17, bGalGal1.mat.broiler.GRCg7b, whole genome shotgun sequence	GGTTAG	200	11075307
NC_052548.1 Gallus gallus isolate bGalGal1 chromosome 17, bGalGal1.mat.broiler.GRCg7b, whole genome shotgun sequence	GGTTAG	196	11076506
NC_052548.1 Gallus gallus isolate bGalGal1 chromosome 17, bGalGal1.mat.broiler.GRCg7b, whole genome shotgun sequence	GGTTAG	21	11077681
NC_052548.1 Gallus gallus isolate bGalGal1 chromosome 17, bGalGal1.mat.broiler.GRCg7b, whole genome shotgun sequence	GGTTAG	50	11077806
NC_052548.1 Gallus gallus isolate bGalGal1 chromosome 17, bGalGal1.mat.broiler.GRCg7b, whole genome shotgun sequence	TAGGGT	51	11078108
NC_052548.1 Gallus gallus isolate bGalGal1 chromosome 17, bGalGal1.mat.broiler.GRCg7b, whole genome shotgun sequence	TAGGGT	14	11078413
NC_052548.1 Gallus gallus isolate bGalGal1 chromosome 17, bGalGal1.mat.broiler.GRCg7b, whole genome shotgun sequence	GGTTAG	18	11078499
NC_052548.1 Gallus gallus isolate bGalGal1 chromosome 17, bGalGal1.mat.broiler.GRCg7b, whole genome shotgun sequence	TAGGGT	32	11078609
NC_052548.1 Gallus gallus isolate bGalGal1 chromosome 17, bGalGal1.mat.broiler.GRCg7b, whole genome shotgun sequence	GGTTAG	17	11078803
NC_052548.1 Gallus gallus isolate bGalGal1 chromosome 17, bGalGal1.mat.broiler.GRCg7b, whole genome shotgun sequence	GGTTAG	27	11078904
NC_052548.1 Gallus gallus isolate bGalGal1 chromosome 17, bGalGal1.mat.broiler.GRCg7b, whole genome shotgun sequence	GGTTAG	18	11079065
NC_052548.1 Gallus gallus isolate bGalGal1 chromosome 17, bGalGal1.mat.broiler.GRCg7b, whole genome shotgun sequence	GGTTAG	14	11079201
NC_052548.1 Gallus gallus isolate bGalGal1 chromosome 17, bGalGal1.mat.broiler.GRCg7b, whole genome shotgun sequence	TAGGGT	22	11079287
NC_052548.1 Gallus gallus isolate bGalGal1 chromosome 17, bGalGal1.mat.broiler.GRCg7b, whole genome shotgun sequence	GGTTAG	18	11079421
NC_052548.1 Gallus gallus isolate bGalGal1 chromosome 17, bGalGal1.mat.broiler.GRCg7b, whole genome shotgun sequence	GGTTAG	22	11079528
NC_052548.1 Gallus gallus isolate bGalGal1 chromosome 17, bGalGal1.mat.broiler.GRCg7b, whole genome shotgun sequence	GGTTAG	22	11079659
NC_052548.1 Gallus gallus isolate bGalGal1 chromosome 17, bGalGal1.mat.broiler.GRCg7b, whole genome shotgun sequence	TTAGGG	22	11079794
NC_052548.1 Gallus gallus isolate bGalGal1 chromosome 17, bGalGal1.mat.broiler.GRCg7b, whole genome shotgun sequence	GGTTAG	45	11080034
NC_052548.1 Gallus gallus isolate bGalGal1 chromosome 17, bGalGal1.mat.broiler.GRCg7b, whole genome shotgun sequence	TAGGGT	14	11080306
NC_052548.1 Gallus gallus isolate bGalGal1 chromosome 17, bGalGal1.mat.broiler.GRCg7b, whole genome shotgun sequence	GGTTAG	16	11080474
NC_052548.1 Gallus gallus isolate bGalGal1 chromosome 17, bGalGal1.mat.broiler.GRCg7b, whole genome shotgun sequence	GTTAGG	20	11080640
NC_052548.1 Gallus gallus isolate bGalGal1 chromosome 17, bGalGal1.mat.broiler.GRCg7b, whole genome shotgun sequence	TTAGGG	24	11080948
NC_052548.1 Gallus gallus isolate bGalGal1 chromosome 17, bGalGal1.mat.broiler.GRCg7b, whole genome shotgun sequence	GGTTAG	17	11081117
NC_052548.1 Gallus gallus isolate bGalGal1 chromosome 17, bGalGal1.mat.broiler.GRCg7b, whole genome shotgun sequence	GGTTAG	20	11081287
NC_052548.1 Gallus gallus isolate bGalGal1 chromosome 17, bGalGal1.mat.broiler.GRCg7b, whole genome shotgun sequence	TAGGGT	24	11081499
NC_052548.1 Gallus gallus isolate bGalGal1 chromosome 17, bGalGal1.mat.broiler.GRCg7b, whole genome shotgun sequence	TTAGGG	19	11081678
NC_052548.1 Gallus gallus isolate bGalGal1 chromosome 17, bGalGal1.mat.broiler.GRCg7b, whole genome shotgun sequence	GGTTAG	41	11081795
NC_052548.1 Gallus gallus isolate bGalGal1 chromosome 17, bGalGal1.mat.broiler.GRCg7b, whole genome shotgun sequence	GGTTAG	32	11082431
NC_052548.1 Gallus gallus isolate bGalGal1 chromosome 17, bGalGal1.mat.broiler.GRCg7b, whole genome shotgun sequence	GGTTAG	22	11082622
NC_052548.1 Gallus gallus isolate bGalGal1 chromosome 17, bGalGal1.mat.broiler.GRCg7b, whole genome shotgun sequence	GGTTAG	53	11082787
NC_052548.1 Gallus gallus isolate bGalGal1 chromosome 17, bGalGal1.mat.broiler.GRCg7b, whole genome shotgun sequence	GGTTAG	21	11083109
NC_052548.1 Gallus gallus isolate bGalGal1 chromosome 17, bGalGal1.mat.broiler.GRCg7b, whole genome shotgun sequence	TTAGGG	19	11083558
NC_052548.1 Gallus gallus isolate bGalGal1 chromosome 17, bGalGal1.mat.broiler.GRCg7b, whole genome shotgun sequence	TAGGGT	20	11083748
NC_052548.1 Gallus gallus isolate bGalGal1 chromosome 17, bGalGal1.mat.broiler.GRCg7b, whole genome shotgun sequence	GGTTAG	32	11083915
NC_052548.1 Gallus gallus isolate bGalGal1 chromosome 17, bGalGal1.mat.broiler.GRCg7b, whole genome shotgun sequence	TAGGGT	28	11084109
NC_052548.1 Gallus gallus isolate bGalGal1 chromosome 17, bGalGal1.mat.broiler.GRCg7b, whole genome shotgun sequence	TAGGGT	16	11084414
NC_052548.1 Gallus gallus isolate bGalGal1 chromosome 17, bGalGal1.mat.broiler.GRCg7b, whole genome shotgun sequence	TAGGGT	27	11084839
NC_052548.1 Gallus gallus isolate bGalGal1 chromosome 17, bGalGal1.mat.broiler.GRCg7b, whole genome shotgun sequence	GGTTAG	14	11085104
NC_052548.1 Gallus gallus isolate bGalGal1 chromosome 17, bGalGal1.mat.broiler.GRCg7b, whole genome shotgun sequence	GGTTAG	14	11085222
NC_052548.1 Gallus gallus isolate bGalGal1 chromosome 17, bGalGal1.mat.broiler.GRCg7b, whole genome shotgun sequence	GGTTAG	28	11085309
NC_052548.1 Gallus gallus isolate bGalGal1 chromosome 17, bGalGal1.mat.broiler.GRCg7b, whole genome shotgun sequence	TAGGGT	26	11085649
NC_052548.1 Gallus gallus isolate bGalGal1 chromosome 17, bGalGal1.mat.broiler.GRCg7b, whole genome shotgun sequence	GGTTAG	50	11085860
NC_052548.1 Gallus gallus isolate bGalGal1 chromosome 17, bGalGal1.mat.broiler.GRCg7b, whole genome shotgun sequence	GGTTAG	34	11086159
NC_052548.1 Gallus gallus isolate bGalGal1 chromosome 17, bGalGal1.mat.broiler.GRCg7b, whole genome shotgun sequence	TAGGGT	20	11086458
NC_052548.1 Gallus gallus isolate bGalGal1 chromosome 17, bGalGal1.mat.broiler.GRCg7b, whole genome shotgun sequence	GGTTAG	30	11086580
NC_052548.1 Gallus gallus isolate bGalGal1 chromosome 17, bGalGal1.mat.broiler.GRCg7b, whole genome shotgun sequence	GGTTAG	26	11086990
NC_052548.1 Gallus gallus isolate bGalGal1 chromosome 17, bGalGal1.mat.broiler.GRCg7b, whole genome shotgun sequence	GGGTTA	15	11087217
NC_052548.1 Gallus gallus isolate bGalGal1 chromosome 17, bGalGal1.mat.broiler.GRCg7b, whole genome shotgun sequence	TTAGGG	22	11087415
NC_052548.1 Gallus gallus isolate bGalGal1 chromosome 17, bGalGal1.mat.broiler.GRCg7b, whole genome shotgun sequence	GGGTTA	18	11087598
NC_052548.1 Gallus gallus isolate bGalGal1 chromosome 17, bGalGal1.mat.broiler.GRCg7b, whole genome shotgun sequence	TAGGGT	14	11087709
NC_052548.1 Gallus gallus isolate bGalGal1 chromosome 17, bGalGal1.mat.broiler.GRCg7b, whole genome shotgun sequence	TAGGGT	16	11087803
NC_052548.1 Gallus gallus isolate bGalGal1 chromosome 17, bGalGal1.mat.broiler.GRCg7b, whole genome shotgun sequence	TTAGGG	42	11088185
NC_052548.1 Gallus gallus isolate bGalGal1 chromosome 17, bGalGal1.mat.broiler.GRCg7b, whole genome shotgun sequence	GGTTAG	17	11088525
NC_052548.1 Gallus gallus isolate bGalGal1 chromosome 17, bGalGal1.mat.broiler.GRCg7b, whole genome shotgun sequence	TAGGGT	19	11088801
NC_052548.1 Gallus gallus isolate bGalGal1 chromosome 17, bGalGal1.mat.broiler.GRCg7b, whole genome shotgun sequence	GGTTAG	15	11088981
NC_052548.1 Gallus gallus isolate bGalGal1 chromosome 17, bGalGal1.mat.broiler.GRCg7b, whole genome shotgun sequence	TAGGGT	31	11089073
NC_052548.1 Gallus gallus isolate bGalGal1 chromosome 17, bGalGal1.mat.broiler.GRCg7b, whole genome shotgun sequence	TAGGGT	15	11089466
NC_052548.1 Gallus gallus isolate bGalGal1 chromosome 17, bGalGal1.mat.broiler.GRCg7b, whole genome shotgun sequence	TAGGGT	20	11089560
NC_052548.1 Gallus gallus isolate bGalGal1 chromosome 17, bGalGal1.mat.broiler.GRCg7b, whole genome shotgun sequence	TTAGGG	21	11089680
NC_052548.1 Gallus gallus isolate bGalGal1 chromosome 17, bGalGal1.mat.broiler.GRCg7b, whole genome shotgun sequence	TAGGGT	51	11089841
NC_052548.1 Gallus gallus isolate bGalGal1 chromosome 17, bGalGal1.mat.broiler.GRCg7b, whole genome shotgun sequence	GGTTAG	29	11090723
NC_052548.1 Gallus gallus isolate bGalGal1 chromosome 17, bGalGal1.mat.broiler.GRCg7b, whole genome shotgun sequence	GGGTTA	20	11091148
NC_052548.1 Gallus gallus isolate bGalGal1 chromosome 17, bGalGal1.mat.broiler.GRCg7b, whole genome shotgun sequence	GGGTTA	18	11091360
NC_052548.1 Gallus gallus isolate bGalGal1 chromosome 17, bGalGal1.mat.broiler.GRCg7b, whole genome shotgun sequence	TTAGGG	19	11091473
NC_052548.1 Gallus gallus isolate bGalGal1 chromosome 17, bGalGal1.mat.broiler.GRCg7b, whole genome shotgun sequence	GGTTAG	19	11091879
NC_052548.1 Gallus gallus isolate bGalGal1 chromosome 17, bGalGal1.mat.broiler.GRCg7b, whole genome shotgun sequence	TAGGGT	21	11092124
NC_052548.1 Gallus gallus isolate bGalGal1 chromosome 17, bGalGal1.mat.broiler.GRCg7b, whole genome shotgun sequence	GGAGA	16	831098
NC_052548.1 Gallus gallus isolate bGalGal1 chromosome 17, bGalGal1.mat.broiler.GRCg7b, whole genome shotgun sequence	GAGGA	18	1069782
NC_052548.1 Gallus gallus isolate bGalGal1 chromosome 17, bGalGal1.mat.broiler.GRCg7b, whole genome shotgun sequence	ACGGC	18	1251311
NC_052548.1 Gallus gallus isolate bGalGal1 chromosome 17, bGalGal1.mat.broiler.GRCg7b, whole genome shotgun sequence	CTCCT	33	1376493
NC_052548.1 Gallus gallus isolate bGalGal1 chromosome 17, bGalGal1.mat.broiler.GRCg7b, whole genome shotgun sequence	GCACC	22	3165821
NC_052548.1 Gallus gallus isolate bGalGal1 chromosome 17, bGalGal1.mat.broiler.GRCg7b, whole genome shotgun sequence	GGGAA	28	3178754
NC_052548.1 Gallus gallus isolate bGalGal1 chromosome 17, bGalGal1.mat.broiler.GRCg7b, whole genome shotgun sequence	AGGAG	37	3178902
NC_052548.1 Gallus gallus isolate bGalGal1 chromosome 17, bGalGal1.mat.broiler.GRCg7b, whole genome shotgun sequence	AGAGG	30	3275786
NC_052548.1 Gallus gallus isolate bGalGal1 chromosome 17, bGalGal1.mat.broiler.GRCg7b, whole genome shotgun sequence	CCCTT	71	4383343
NC_052548.1 Gallus gallus isolate bGalGal1 chromosome 17, bGalGal1.mat.broiler.GRCg7b, whole genome shotgun sequence	CCCTC	14	4383698
NC_052548.1 Gallus gallus isolate bGalGal1 chromosome 17, bGalGal1.mat.broiler.GRCg7b, whole genome shotgun sequence	AGGGA	37	4819631
NC_052548.1 Gallus gallus isolate bGalGal1 chromosome 17, bGalGal1.mat.broiler.GRCg7b, whole genome shotgun sequence	AGGGA	32	5463470
NC_052548.1 Gallus gallus isolate bGalGal1 chromosome 17, bGalGal1.mat.broiler.GRCg7b, whole genome shotgun sequence	TCCT	24	1351310
NC_052548.1 Gallus gallus isolate bGalGal1 chromosome 17, bGalGal1.mat.broiler.GRCg7b, whole genome shotgun sequence	AGGA	21	4354885
NC_052548.1 Gallus gallus isolate bGalGal1 chromosome 17, bGalGal1.mat.broiler.GRCg7b, whole genome shotgun sequence	CTTT	19	5116279
NC_052548.1 Gallus gallus isolate bGalGal1 chromosome 17, bGalGal1.mat.broiler.GRCg7b, whole genome shotgun sequence	TGGA	14	6666290
NC_052548.1 Gallus gallus isolate bGalGal1 chromosome 17, bGalGal1.mat.broiler.GRCg7b, whole genome shotgun sequence	GAAA	15	9493493
NC_052548.1 Gallus gallus isolate bGalGal1 chromosome 17, bGalGal1.mat.broiler.GRCg7b, whole genome shotgun sequence	TG	18	1013552
NC_052548.1 Gallus gallus isolate bGalGal1 chromosome 17, bGalGal1.mat.broiler.GRCg7b, whole genome shotgun sequence	TG	20	2044289
NC_052548.1 Gallus gallus isolate bGalGal1 chromosome 17, bGalGal1.mat.broiler.GRCg7b, whole genome shotgun sequence	TC	14	2323047
NC_052548.1 Gallus gallus isolate bGalGal1 chromosome 17, bGalGal1.mat.broiler.GRCg7b, whole genome shotgun sequence	TG	21	2453864
NC_052548.1 Gallus gallus isolate bGalGal1 chromosome 17, bGalGal1.mat.broiler.GRCg7b, whole genome shotgun sequence	CA	19	2494009
NC_052548.1 Gallus gallus isolate bGalGal1 chromosome 17, bGalGal1.mat.broiler.GRCg7b, whole genome shotgun sequence	AT	15	2964631
NC_052548.1 Gallus gallus isolate bGalGal1 chromosome 17, bGalGal1.mat.broiler.GRCg7b, whole genome shotgun sequence	AC	14	5276857
NC_052548.1 Gallus gallus isolate bGalGal1 chromosome 17, bGalGal1.mat.broiler.GRCg7b, whole genome shotgun sequence	GT	14	6153291
NC_052548.1 Gallus gallus isolate bGalGal1 chromosome 17, bGalGal1.mat.broiler.GRCg7b, whole genome shotgun sequence	GT	16	6236275
NC_052548.1 Gallus gallus isolate bGalGal1 chromosome 17, bGalGal1.mat.broiler.GRCg7b, whole genome shotgun sequence	TG	20	6827630
NC_052548.1 Gallus gallus isolate bGalGal1 chromosome 17, bGalGal1.mat.broiler.GRCg7b, whole genome shotgun sequence	CA	15	6844299
NC_052548.1 Gallus gallus isolate bGalGal1 chromosome 17, bGalGal1.mat.broiler.GRCg7b, whole genome shotgun sequence	CA	17	7912130
NC_052548.1 Gallus gallus isolate bGalGal1 chromosome 17, bGalGal1.mat.broiler.GRCg7b, whole genome shotgun sequence	AT	14	8208421
NC_052548.1 Gallus gallus isolate bGalGal1 chromosome 17, bGalGal1.mat.broiler.GRCg7b, whole genome shotgun sequence	CA	15	8213022
NC_052548.1 Gallus gallus isolate bGalGal1 chromosome 17, bGalGal1.mat.broiler.GRCg7b, whole genome shotgun sequence	TA	14	9014325
NC_052548.1 Gallus gallus isolate bGalGal1 chromosome 17, bGalGal1.mat.broiler.GRCg7b, whole genome shotgun sequence	GT	14	9445074
NC_052548.1 Gallus gallus isolate bGalGal1 chromosome 17, bGalGal1.mat.broiler.GRCg7b, whole genome shotgun sequence	AC	17	9540549
NC_052548.1 Gallus gallus isolate bGalGal1 chromosome 17, bGalGal1.mat.broiler.GRCg7b, whole genome shotgun sequence	TA	15	9711451
NC_052548.1 Gallus gallus isolate bGalGal1 chromosome 17, bGalGal1.mat.broiler.GRCg7b, whole genome shotgun sequence	CT	21	9772625
NC_052548.1 Gallus gallus isolate bGalGal1 chromosome 17, bGalGal1.mat.broiler.GRCg7b, whole genome shotgun sequence	TA	16	10992938
NC_052548.1 Gallus gallus isolate bGalGal1 chromosome 17, bGalGal1.mat.broiler.GRCg7b, whole genome shotgun sequence	T	23	897008
NC_052548.1 Gallus gallus isolate bGalGal1 chromosome 17, bGalGal1.mat.broiler.GRCg7b, whole genome shotgun sequence	C	18	913668
NC_052548.1 Gallus gallus isolate bGalGal1 chromosome 17, bGalGal1.mat.broiler.GRCg7b, whole genome shotgun sequence	T	16	939048
NC_052548.1 Gallus gallus isolate bGalGal1 chromosome 17, bGalGal1.mat.broiler.GRCg7b, whole genome shotgun sequence	A	18	1017850
NC_052548.1 Gallus gallus isolate bGalGal1 chromosome 17, bGalGal1.mat.broiler.GRCg7b, whole genome shotgun sequence	A	16	1019688
NC_052548.1 Gallus gallus isolate bGalGal1 chromosome 17, bGalGal1.mat.broiler.GRCg7b, whole genome shotgun sequence	A	21	1020923
NC_052548.1 Gallus gallus isolate bGalGal1 chromosome 17, bGalGal1.mat.broiler.GRCg7b, whole genome shotgun sequence	A	32	1031186
NC_052548.1 Gallus gallus isolate bGalGal1 chromosome 17, bGalGal1.mat.broiler.GRCg7b, whole genome shotgun sequence	A	16	1033925
NC_052548.1 Gallus gallus isolate bGalGal1 chromosome 17, bGalGal1.mat.broiler.GRCg7b, whole genome shotgun sequence	G	20	1054982
NC_052548.1 Gallus gallus isolate bGalGal1 chromosome 17, bGalGal1.mat.broiler.GRCg7b, whole genome shotgun sequence	C	18	1152541
NC_052548.1 Gallus gallus isolate bGalGal1 chromosome 17, bGalGal1.mat.broiler.GRCg7b, whole genome shotgun sequence	C	20	1182462
NC_052548.1 Gallus gallus isolate bGalGal1 chromosome 17, bGalGal1.mat.broiler.GRCg7b, whole genome shotgun sequence	T	17	1254531
NC_052548.1 Gallus gallus isolate bGalGal1 chromosome 17, bGalGal1.mat.broiler.GRCg7b, whole genome shotgun sequence	A	17	1277021
NC_052548.1 Gallus gallus isolate bGalGal1 chromosome 17, bGalGal1.mat.broiler.GRCg7b, whole genome shotgun sequence	A	16	1279557
NC_052548.1 Gallus gallus isolate bGalGal1 chromosome 17, bGalGal1.mat.broiler.GRCg7b, whole genome shotgun sequence	A	17	1284171
NC_052548.1 Gallus gallus isolate bGalGal1 chromosome 17, bGalGal1.mat.broiler.GRCg7b, whole genome shotgun sequence	T	35	1291784
NC_052548.1 Gallus gallus isolate bGalGal1 chromosome 17, bGalGal1.mat.broiler.GRCg7b, whole genome shotgun sequence	G	21	1378947
NC_052548.1 Gallus gallus isolate bGalGal1 chromosome 17, bGalGal1.mat.broiler.GRCg7b, whole genome shotgun sequence	T	28	1387772
NC_052548.1 Gallus gallus isolate bGalGal1 chromosome 17, bGalGal1.mat.broiler.GRCg7b, whole genome shotgun sequence	A	20	1396050
NC_052548.1 Gallus gallus isolate bGalGal1 chromosome 17, bGalGal1.mat.broiler.GRCg7b, whole genome shotgun sequence	T	17	1419618
NC_052548.1 Gallus gallus isolate bGalGal1 chromosome 17, bGalGal1.mat.broiler.GRCg7b, whole genome shotgun sequence	C	16	1428822
NC_052548.1 Gallus gallus isolate bGalGal1 chromosome 17, bGalGal1.mat.broiler.GRCg7b, whole genome shotgun sequence	A	18	1466090
NC_052548.1 Gallus gallus isolate bGalGal1 chromosome 17, bGalGal1.mat.broiler.GRCg7b, whole genome shotgun sequence	T	28	1541817
NC_052548.1 Gallus gallus isolate bGalGal1 chromosome 17, bGalGal1.mat.broiler.GRCg7b, whole genome shotgun sequence	A	18	1550974
NC_052548.1 Gallus gallus isolate bGalGal1 chromosome 17, bGalGal1.mat.broiler.GRCg7b, whole genome shotgun sequence	A	29	1558817
NC_052548.1 Gallus gallus isolate bGalGal1 chromosome 17, bGalGal1.mat.broiler.GRCg7b, whole genome shotgun sequence	A	19	1592713
NC_052548.1 Gallus gallus isolate bGalGal1 chromosome 17, bGalGal1.mat.broiler.GRCg7b, whole genome shotgun sequence	T	26	1649635
NC_052548.1 Gallus gallus isolate bGalGal1 chromosome 17, bGalGal1.mat.broiler.GRCg7b, whole genome shotgun sequence	G	16	1653658
NC_052548.1 Gallus gallus isolate bGalGal1 chromosome 17, bGalGal1.mat.broiler.GRCg7b, whole genome shotgun sequence	T	21	1680586
NC_052548.1 Gallus gallus isolate bGalGal1 chromosome 17, bGalGal1.mat.broiler.GRCg7b, whole genome shotgun sequence	T	22	1703302
NC_052548.1 Gallus gallus isolate bGalGal1 chromosome 17, bGalGal1.mat.broiler.GRCg7b, whole genome shotgun sequence	G	16	1814344
NC_052548.1 Gallus gallus isolate bGalGal1 chromosome 17, bGalGal1.mat.broiler.GRCg7b, whole genome shotgun sequence	A	18	1820552
NC_052548.1 Gallus gallus isolate bGalGal1 chromosome 17, bGalGal1.mat.broiler.GRCg7b, whole genome shotgun sequence	A	16	1832568
NC_052548.1 Gallus gallus isolate bGalGal1 chromosome 17, bGalGal1.mat.broiler.GRCg7b, whole genome shotgun sequence	T	16	1855504
NC_052548.1 Gallus gallus isolate bGalGal1 chromosome 17, bGalGal1.mat.broiler.GRCg7b, whole genome shotgun sequence	C	16	1870946
NC_052548.1 Gallus gallus isolate bGalGal1 chromosome 17, bGalGal1.mat.broiler.GRCg7b, whole genome shotgun sequence	T	23	1872594
NC_052548.1 Gallus gallus isolate bGalGal1 chromosome 17, bGalGal1.mat.broiler.GRCg7b, whole genome shotgun sequence	A	18	1873173
NC_052548.1 Gallus gallus isolate bGalGal1 chromosome 17, bGalGal1.mat.broiler.GRCg7b, whole genome shotgun sequence	T	19	1873328
NC_052548.1 Gallus gallus isolate bGalGal1 chromosome 17, bGalGal1.mat.broiler.GRCg7b, whole genome shotgun sequence	A	16	1873458
NC_052548.1 Gallus gallus isolate bGalGal1 chromosome 17, bGalGal1.mat.broiler.GRCg7b, whole genome shotgun sequence	A	19	1874847
NC_052548.1 Gallus gallus isolate bGalGal1 chromosome 17, bGalGal1.mat.broiler.GRCg7b, whole genome shotgun sequence	A	16	1909664
NC_052548.1 Gallus gallus isolate bGalGal1 chromosome 17, bGalGal1.mat.broiler.GRCg7b, whole genome shotgun sequence	A	21	1981570
NC_052548.1 Gallus gallus isolate bGalGal1 chromosome 17, bGalGal1.mat.broiler.GRCg7b, whole genome shotgun sequence	C	25	2068656
NC_052548.1 Gallus gallus isolate bGalGal1 chromosome 17, bGalGal1.mat.broiler.GRCg7b, whole genome shotgun sequence	A	17	2105010
NC_052548.1 Gallus gallus isolate bGalGal1 chromosome 17, bGalGal1.mat.broiler.GRCg7b, whole genome shotgun sequence	C	20	2112536
NC_052548.1 Gallus gallus isolate bGalGal1 chromosome 17, bGalGal1.mat.broiler.GRCg7b, whole genome shotgun sequence	A	19	2116415
NC_052548.1 Gallus gallus isolate bGalGal1 chromosome 17, bGalGal1.mat.broiler.GRCg7b, whole genome shotgun sequence	T	16	2117339
NC_052548.1 Gallus gallus isolate bGalGal1 chromosome 17, bGalGal1.mat.broiler.GRCg7b, whole genome shotgun sequence	T	16	2120102
NC_052548.1 Gallus gallus isolate bGalGal1 chromosome 17, bGalGal1.mat.broiler.GRCg7b, whole genome shotgun sequence	A	16	2169334
NC_052548.1 Gallus gallus isolate bGalGal1 chromosome 17, bGalGal1.mat.broiler.GRCg7b, whole genome shotgun sequence	A	17	2195358
NC_052548.1 Gallus gallus isolate bGalGal1 chromosome 17, bGalGal1.mat.broiler.GRCg7b, whole genome shotgun sequence	A	17	2244441
NC_052548.1 Gallus gallus isolate bGalGal1 chromosome 17, bGalGal1.mat.broiler.GRCg7b, whole genome shotgun sequence	T	22	2259638
NC_052548.1 Gallus gallus isolate bGalGal1 chromosome 17, bGalGal1.mat.broiler.GRCg7b, whole genome shotgun sequence	T	19	2284134
NC_052548.1 Gallus gallus isolate bGalGal1 chromosome 17, bGalGal1.mat.broiler.GRCg7b, whole genome shotgun sequence	T	17	2298780
NC_052548.1 Gallus gallus isolate bGalGal1 chromosome 17, bGalGal1.mat.broiler.GRCg7b, whole genome shotgun sequence	A	17	2322424
NC_052548.1 Gallus gallus isolate bGalGal1 chromosome 17, bGalGal1.mat.broiler.GRCg7b, whole genome shotgun sequence	A	16	2405017
NC_052548.1 Gallus gallus isolate bGalGal1 chromosome 17, bGalGal1.mat.broiler.GRCg7b, whole genome shotgun sequence	T	21	2423004
NC_052548.1 Gallus gallus isolate bGalGal1 chromosome 17, bGalGal1.mat.broiler.GRCg7b, whole genome shotgun sequence	C	16	2487900
NC_052548.1 Gallus gallus isolate bGalGal1 chromosome 17, bGalGal1.mat.broiler.GRCg7b, whole genome shotgun sequence	C	30	2490145
NC_052548.1 Gallus gallus isolate bGalGal1 chromosome 17, bGalGal1.mat.broiler.GRCg7b, whole genome shotgun sequence	G	18	2500129
NC_052548.1 Gallus gallus isolate bGalGal1 chromosome 17, bGalGal1.mat.broiler.GRCg7b, whole genome shotgun sequence	T	17	2520955
NC_052548.1 Gallus gallus isolate bGalGal1 chromosome 17, bGalGal1.mat.broiler.GRCg7b, whole genome shotgun sequence	A	16	2545268
NC_052548.1 Gallus gallus isolate bGalGal1 chromosome 17, bGalGal1.mat.broiler.GRCg7b, whole genome shotgun sequence	G	23	2546287
NC_052548.1 Gallus gallus isolate bGalGal1 chromosome 17, bGalGal1.mat.broiler.GRCg7b, whole genome shotgun sequence	A	19	2621436
NC_052548.1 Gallus gallus isolate bGalGal1 chromosome 17, bGalGal1.mat.broiler.GRCg7b, whole genome shotgun sequence	A	27	2680913
NC_052548.1 Gallus gallus isolate bGalGal1 chromosome 17, bGalGal1.mat.broiler.GRCg7b, whole genome shotgun sequence	A	17	2756713
NC_052548.1 Gallus gallus isolate bGalGal1 chromosome 17, bGalGal1.mat.broiler.GRCg7b, whole genome shotgun sequence	A	24	2759088
NC_052548.1 Gallus gallus isolate bGalGal1 chromosome 17, bGalGal1.mat.broiler.GRCg7b, whole genome shotgun sequence	T	17	2771389
NC_052548.1 Gallus gallus isolate bGalGal1 chromosome 17, bGalGal1.mat.broiler.GRCg7b, whole genome shotgun sequence	A	31	2777607
NC_052548.1 Gallus gallus isolate bGalGal1 chromosome 17, bGalGal1.mat.broiler.GRCg7b, whole genome shotgun sequence	T	28	2781383
NC_052548.1 Gallus gallus isolate bGalGal1 chromosome 17, bGalGal1.mat.broiler.GRCg7b, whole genome shotgun sequence	A	16	2789667
NC_052548.1 Gallus gallus isolate bGalGal1 chromosome 17, bGalGal1.mat.broiler.GRCg7b, whole genome shotgun sequence	T	16	2829020
NC_052548.1 Gallus gallus isolate bGalGal1 chromosome 17, bGalGal1.mat.broiler.GRCg7b, whole genome shotgun sequence	G	17	2832379
NC_052548.1 Gallus gallus isolate bGalGal1 chromosome 17, bGalGal1.mat.broiler.GRCg7b, whole genome shotgun sequence	T	16	2951011
NC_052548.1 Gallus gallus isolate bGalGal1 chromosome 17, bGalGal1.mat.broiler.GRCg7b, whole genome shotgun sequence	C	17	2960289
NC_052548.1 Gallus gallus isolate bGalGal1 chromosome 17, bGalGal1.mat.broiler.GRCg7b, whole genome shotgun sequence	T	16	2963341
NC_052548.1 Gallus gallus isolate bGalGal1 chromosome 17, bGalGal1.mat.broiler.GRCg7b, whole genome shotgun sequence	T	20	2968248
NC_052548.1 Gallus gallus isolate bGalGal1 chromosome 17, bGalGal1.mat.broiler.GRCg7b, whole genome shotgun sequence	T	19	2972515
NC_052548.1 Gallus gallus isolate bGalGal1 chromosome 17, bGalGal1.mat.broiler.GRCg7b, whole genome shotgun sequence	A	16	2984044
NC_052548.1 Gallus gallus isolate bGalGal1 chromosome 17, bGalGal1.mat.broiler.GRCg7b, whole genome shotgun sequence	A	17	2997482
NC_052548.1 Gallus gallus isolate bGalGal1 chromosome 17, bGalGal1.mat.broiler.GRCg7b, whole genome shotgun sequence	T	20	3015067
NC_052548.1 Gallus gallus isolate bGalGal1 chromosome 17, bGalGal1.mat.broiler.GRCg7b, whole genome shotgun sequence	T	19	3033412
NC_052548.1 Gallus gallus isolate bGalGal1 chromosome 17, bGalGal1.mat.broiler.GRCg7b, whole genome shotgun sequence	T	16	3035400
NC_052548.1 Gallus gallus isolate bGalGal1 chromosome 17, bGalGal1.mat.broiler.GRCg7b, whole genome shotgun sequence	A	17	3037435
NC_052548.1 Gallus gallus isolate bGalGal1 chromosome 17, bGalGal1.mat.broiler.GRCg7b, whole genome shotgun sequence	A	16	3046940
NC_052548.1 Gallus gallus isolate bGalGal1 chromosome 17, bGalGal1.mat.broiler.GRCg7b, whole genome shotgun sequence	C	17	3068362
NC_052548.1 Gallus gallus isolate bGalGal1 chromosome 17, bGalGal1.mat.broiler.GRCg7b, whole genome shotgun sequence	A	19	3090395
NC_052548.1 Gallus gallus isolate bGalGal1 chromosome 17, bGalGal1.mat.broiler.GRCg7b, whole genome shotgun sequence	C	18	3104427
NC_052548.1 Gallus gallus isolate bGalGal1 chromosome 17, bGalGal1.mat.broiler.GRCg7b, whole genome shotgun sequence	G	16	3112081
NC_052548.1 Gallus gallus isolate bGalGal1 chromosome 17, bGalGal1.mat.broiler.GRCg7b, whole genome shotgun sequence	T	17	3124092
NC_052548.1 Gallus gallus isolate bGalGal1 chromosome 17, bGalGal1.mat.broiler.GRCg7b, whole genome shotgun sequence	G	26	3124472
NC_052548.1 Gallus gallus isolate bGalGal1 chromosome 17, bGalGal1.mat.broiler.GRCg7b, whole genome shotgun sequence	C	18	3124659
NC_052548.1 Gallus gallus isolate bGalGal1 chromosome 17, bGalGal1.mat.broiler.GRCg7b, whole genome shotgun sequence	C	23	3125895
NC_052548.1 Gallus gallus isolate bGalGal1 chromosome 17, bGalGal1.mat.broiler.GRCg7b, whole genome shotgun sequence	C	17	3126269
NC_052548.1 Gallus gallus isolate bGalGal1 chromosome 17, bGalGal1.mat.broiler.GRCg7b, whole genome shotgun sequence	A	16	3127237
NC_052548.1 Gallus gallus isolate bGalGal1 chromosome 17, bGalGal1.mat.broiler.GRCg7b, whole genome shotgun sequence	A	24	3128991
NC_052548.1 Gallus gallus isolate bGalGal1 chromosome 17, bGalGal1.mat.broiler.GRCg7b, whole genome shotgun sequence	C	16	3129166
NC_052548.1 Gallus gallus isolate bGalGal1 chromosome 17, bGalGal1.mat.broiler.GRCg7b, whole genome shotgun sequence	G	18	3136208
NC_052548.1 Gallus gallus isolate bGalGal1 chromosome 17, bGalGal1.mat.broiler.GRCg7b, whole genome shotgun sequence	G	18	3139228
NC_052548.1 Gallus gallus isolate bGalGal1 chromosome 17, bGalGal1.mat.broiler.GRCg7b, whole genome shotgun sequence	C	16	3166002
NC_052548.1 Gallus gallus isolate bGalGal1 chromosome 17, bGalGal1.mat.broiler.GRCg7b, whole genome shotgun sequence	T	20	3193021
NC_052548.1 Gallus gallus isolate bGalGal1 chromosome 17, bGalGal1.mat.broiler.GRCg7b, whole genome shotgun sequence	T	22	3239994
NC_052548.1 Gallus gallus isolate bGalGal1 chromosome 17, bGalGal1.mat.broiler.GRCg7b, whole genome shotgun sequence	A	18	3252201
NC_052548.1 Gallus gallus isolate bGalGal1 chromosome 17, bGalGal1.mat.broiler.GRCg7b, whole genome shotgun sequence	A	20	3268021
NC_052548.1 Gallus gallus isolate bGalGal1 chromosome 17, bGalGal1.mat.broiler.GRCg7b, whole genome shotgun sequence	A	16	3305428
NC_052548.1 Gallus gallus isolate bGalGal1 chromosome 17, bGalGal1.mat.broiler.GRCg7b, whole genome shotgun sequence	A	18	3321269
NC_052548.1 Gallus gallus isolate bGalGal1 chromosome 17, bGalGal1.mat.broiler.GRCg7b, whole genome shotgun sequence	C	22	3321493
NC_052548.1 Gallus gallus isolate bGalGal1 chromosome 17, bGalGal1.mat.broiler.GRCg7b, whole genome shotgun sequence	A	18	3325021
NC_052548.1 Gallus gallus isolate bGalGal1 chromosome 17, bGalGal1.mat.broiler.GRCg7b, whole genome shotgun sequence	T	24	3326595
NC_052548.1 Gallus gallus isolate bGalGal1 chromosome 17, bGalGal1.mat.broiler.GRCg7b, whole genome shotgun sequence	A	18	3334497
NC_052548.1 Gallus gallus isolate bGalGal1 chromosome 17, bGalGal1.mat.broiler.GRCg7b, whole genome shotgun sequence	T	27	3376735
NC_052548.1 Gallus gallus isolate bGalGal1 chromosome 17, bGalGal1.mat.broiler.GRCg7b, whole genome shotgun sequence	T	18	3396315
NC_052548.1 Gallus gallus isolate bGalGal1 chromosome 17, bGalGal1.mat.broiler.GRCg7b, whole genome shotgun sequence	A	17	3408783
NC_052548.1 Gallus gallus isolate bGalGal1 chromosome 17, bGalGal1.mat.broiler.GRCg7b, whole genome shotgun sequence	T	18	3411651
NC_052548.1 Gallus gallus isolate bGalGal1 chromosome 17, bGalGal1.mat.broiler.GRCg7b, whole genome shotgun sequence	A	17	3419336
NC_052548.1 Gallus gallus isolate bGalGal1 chromosome 17, bGalGal1.mat.broiler.GRCg7b, whole genome shotgun sequence	A	17	3458530
NC_052548.1 Gallus gallus isolate bGalGal1 chromosome 17, bGalGal1.mat.broiler.GRCg7b, whole genome shotgun sequence	T	17	3495188
NC_052548.1 Gallus gallus isolate bGalGal1 chromosome 17, bGalGal1.mat.broiler.GRCg7b, whole genome shotgun sequence	A	16	3517538
NC_052548.1 Gallus gallus isolate bGalGal1 chromosome 17, bGalGal1.mat.broiler.GRCg7b, whole genome shotgun sequence	T	26	3532742
NC_052548.1 Gallus gallus isolate bGalGal1 chromosome 17, bGalGal1.mat.broiler.GRCg7b, whole genome shotgun sequence	A	23	3540221
NC_052548.1 Gallus gallus isolate bGalGal1 chromosome 17, bGalGal1.mat.broiler.GRCg7b, whole genome shotgun sequence	A	23	3578935
NC_052548.1 Gallus gallus isolate bGalGal1 chromosome 17, bGalGal1.mat.broiler.GRCg7b, whole genome shotgun sequence	T	17	3579805
NC_052548.1 Gallus gallus isolate bGalGal1 chromosome 17, bGalGal1.mat.broiler.GRCg7b, whole genome shotgun sequence	T	17	3587283
NC_052548.1 Gallus gallus isolate bGalGal1 chromosome 17, bGalGal1.mat.broiler.GRCg7b, whole genome shotgun sequence	C	16	3657140
NC_052548.1 Gallus gallus isolate bGalGal1 chromosome 17, bGalGal1.mat.broiler.GRCg7b, whole genome shotgun sequence	T	23	3660812
NC_052548.1 Gallus gallus isolate bGalGal1 chromosome 17, bGalGal1.mat.broiler.GRCg7b, whole genome shotgun sequence	A	16	3661012
NC_052548.1 Gallus gallus isolate bGalGal1 chromosome 17, bGalGal1.mat.broiler.GRCg7b, whole genome shotgun sequence	C	28	3671143
NC_052548.1 Gallus gallus isolate bGalGal1 chromosome 17, bGalGal1.mat.broiler.GRCg7b, whole genome shotgun sequence	A	18	3672734
NC_052548.1 Gallus gallus isolate bGalGal1 chromosome 17, bGalGal1.mat.broiler.GRCg7b, whole genome shotgun sequence	T	19	3683045
NC_052548.1 Gallus gallus isolate bGalGal1 chromosome 17, bGalGal1.mat.broiler.GRCg7b, whole genome shotgun sequence	T	16	3690992
NC_052548.1 Gallus gallus isolate bGalGal1 chromosome 17, bGalGal1.mat.broiler.GRCg7b, whole genome shotgun sequence	A	20	3716412
NC_052548.1 Gallus gallus isolate bGalGal1 chromosome 17, bGalGal1.mat.broiler.GRCg7b, whole genome shotgun sequence	A	16	3719314
NC_052548.1 Gallus gallus isolate bGalGal1 chromosome 17, bGalGal1.mat.broiler.GRCg7b, whole genome shotgun sequence	G	18	3744682
NC_052548.1 Gallus gallus isolate bGalGal1 chromosome 17, bGalGal1.mat.broiler.GRCg7b, whole genome shotgun sequence	T	19	3766211
NC_052548.1 Gallus gallus isolate bGalGal1 chromosome 17, bGalGal1.mat.broiler.GRCg7b, whole genome shotgun sequence	T	17	3800312
NC_052548.1 Gallus gallus isolate bGalGal1 chromosome 17, bGalGal1.mat.broiler.GRCg7b, whole genome shotgun sequence	T	41	3821089
NC_052548.1 Gallus gallus isolate bGalGal1 chromosome 17, bGalGal1.mat.broiler.GRCg7b, whole genome shotgun sequence	A	16	3894740
NC_052548.1 Gallus gallus isolate bGalGal1 chromosome 17, bGalGal1.mat.broiler.GRCg7b, whole genome shotgun sequence	A	17	3895129
NC_052548.1 Gallus gallus isolate bGalGal1 chromosome 17, bGalGal1.mat.broiler.GRCg7b, whole genome shotgun sequence	A	16	3911757
NC_052548.1 Gallus gallus isolate bGalGal1 chromosome 17, bGalGal1.mat.broiler.GRCg7b, whole genome shotgun sequence	C	20	3915050
NC_052548.1 Gallus gallus isolate bGalGal1 chromosome 17, bGalGal1.mat.broiler.GRCg7b, whole genome shotgun sequence	T	19	3927607
NC_052548.1 Gallus gallus isolate bGalGal1 chromosome 17, bGalGal1.mat.broiler.GRCg7b, whole genome shotgun sequence	G	17	3942205
NC_052548.1 Gallus gallus isolate bGalGal1 chromosome 17, bGalGal1.mat.broiler.GRCg7b, whole genome shotgun sequence	T	16	4033768
NC_052548.1 Gallus gallus isolate bGalGal1 chromosome 17, bGalGal1.mat.broiler.GRCg7b, whole genome shotgun sequence	A	23	4040028
NC_052548.1 Gallus gallus isolate bGalGal1 chromosome 17, bGalGal1.mat.broiler.GRCg7b, whole genome shotgun sequence	T	17	4066528
NC_052548.1 Gallus gallus isolate bGalGal1 chromosome 17, bGalGal1.mat.broiler.GRCg7b, whole genome shotgun sequence	A	21	4088607
NC_052548.1 Gallus gallus isolate bGalGal1 chromosome 17, bGalGal1.mat.broiler.GRCg7b, whole genome shotgun sequence	A	16	4089728
NC_052548.1 Gallus gallus isolate bGalGal1 chromosome 17, bGalGal1.mat.broiler.GRCg7b, whole genome shotgun sequence	T	19	4093783
NC_052548.1 Gallus gallus isolate bGalGal1 chromosome 17, bGalGal1.mat.broiler.GRCg7b, whole genome shotgun sequence	T	17	4108176
NC_052548.1 Gallus gallus isolate bGalGal1 chromosome 17, bGalGal1.mat.broiler.GRCg7b, whole genome shotgun sequence	G	19	4115618
NC_052548.1 Gallus gallus isolate bGalGal1 chromosome 17, bGalGal1.mat.broiler.GRCg7b, whole genome shotgun sequence	A	22	4122503
NC_052548.1 Gallus gallus isolate bGalGal1 chromosome 17, bGalGal1.mat.broiler.GRCg7b, whole genome shotgun sequence	A	17	4148753
NC_052548.1 Gallus gallus isolate bGalGal1 chromosome 17, bGalGal1.mat.broiler.GRCg7b, whole genome shotgun sequence	T	20	4245567
NC_052548.1 Gallus gallus isolate bGalGal1 chromosome 17, bGalGal1.mat.broiler.GRCg7b, whole genome shotgun sequence	T	16	4291194
NC_052548.1 Gallus gallus isolate bGalGal1 chromosome 17, bGalGal1.mat.broiler.GRCg7b, whole genome shotgun sequence	T	16	4313684
NC_052548.1 Gallus gallus isolate bGalGal1 chromosome 17, bGalGal1.mat.broiler.GRCg7b, whole genome shotgun sequence	T	16	4337287
NC_052548.1 Gallus gallus isolate bGalGal1 chromosome 17, bGalGal1.mat.broiler.GRCg7b, whole genome shotgun sequence	A	16	4371560
NC_052548.1 Gallus gallus isolate bGalGal1 chromosome 17, bGalGal1.mat.broiler.GRCg7b, whole genome shotgun sequence	C	17	4377327
NC_052548.1 Gallus gallus isolate bGalGal1 chromosome 17, bGalGal1.mat.broiler.GRCg7b, whole genome shotgun sequence	A	16	4413407
NC_052548.1 Gallus gallus isolate bGalGal1 chromosome 17, bGalGal1.mat.broiler.GRCg7b, whole genome shotgun sequence	A	18	4480486
NC_052548.1 Gallus gallus isolate bGalGal1 chromosome 17, bGalGal1.mat.broiler.GRCg7b, whole genome shotgun sequence	A	25	4530519
NC_052548.1 Gallus gallus isolate bGalGal1 chromosome 17, bGalGal1.mat.broiler.GRCg7b, whole genome shotgun sequence	T	16	4569743
NC_052548.1 Gallus gallus isolate bGalGal1 chromosome 17, bGalGal1.mat.broiler.GRCg7b, whole genome shotgun sequence	T	19	4654375
NC_052548.1 Gallus gallus isolate bGalGal1 chromosome 17, bGalGal1.mat.broiler.GRCg7b, whole genome shotgun sequence	T	19	4671592
NC_052548.1 Gallus gallus isolate bGalGal1 chromosome 17, bGalGal1.mat.broiler.GRCg7b, whole genome shotgun sequence	A	18	4676351
NC_052548.1 Gallus gallus isolate bGalGal1 chromosome 17, bGalGal1.mat.broiler.GRCg7b, whole genome shotgun sequence	A	24	4698414
NC_052548.1 Gallus gallus isolate bGalGal1 chromosome 17, bGalGal1.mat.broiler.GRCg7b, whole genome shotgun sequence	T	19	4727282
NC_052548.1 Gallus gallus isolate bGalGal1 chromosome 17, bGalGal1.mat.broiler.GRCg7b, whole genome shotgun sequence	T	18	4727734
NC_052548.1 Gallus gallus isolate bGalGal1 chromosome 17, bGalGal1.mat.broiler.GRCg7b, whole genome shotgun sequence	T	17	4738578
NC_052548.1 Gallus gallus isolate bGalGal1 chromosome 17, bGalGal1.mat.broiler.GRCg7b, whole genome shotgun sequence	T	16	4755224
NC_052548.1 Gallus gallus isolate bGalGal1 chromosome 17, bGalGal1.mat.broiler.GRCg7b, whole genome shotgun sequence	T	26	4768196
NC_052548.1 Gallus gallus isolate bGalGal1 chromosome 17, bGalGal1.mat.broiler.GRCg7b, whole genome shotgun sequence	T	17	4791480
NC_052548.1 Gallus gallus isolate bGalGal1 chromosome 17, bGalGal1.mat.broiler.GRCg7b, whole genome shotgun sequence	G	22	4801844
NC_052548.1 Gallus gallus isolate bGalGal1 chromosome 17, bGalGal1.mat.broiler.GRCg7b, whole genome shotgun sequence	T	16	4858551
NC_052548.1 Gallus gallus isolate bGalGal1 chromosome 17, bGalGal1.mat.broiler.GRCg7b, whole genome shotgun sequence	T	18	4896437
NC_052548.1 Gallus gallus isolate bGalGal1 chromosome 17, bGalGal1.mat.broiler.GRCg7b, whole genome shotgun sequence	T	23	4909906
NC_052548.1 Gallus gallus isolate bGalGal1 chromosome 17, bGalGal1.mat.broiler.GRCg7b, whole genome shotgun sequence	A	16	4920704
NC_052548.1 Gallus gallus isolate bGalGal1 chromosome 17, bGalGal1.mat.broiler.GRCg7b, whole genome shotgun sequence	T	22	4959062
NC_052548.1 Gallus gallus isolate bGalGal1 chromosome 17, bGalGal1.mat.broiler.GRCg7b, whole genome shotgun sequence	A	18	4999220
NC_052548.1 Gallus gallus isolate bGalGal1 chromosome 17, bGalGal1.mat.broiler.GRCg7b, whole genome shotgun sequence	C	17	5008679
NC_052548.1 Gallus gallus isolate bGalGal1 chromosome 17, bGalGal1.mat.broiler.GRCg7b, whole genome shotgun sequence	T	17	5011605
NC_052548.1 Gallus gallus isolate bGalGal1 chromosome 17, bGalGal1.mat.broiler.GRCg7b, whole genome shotgun sequence	A	16	5024013
NC_052548.1 Gallus gallus isolate bGalGal1 chromosome 17, bGalGal1.mat.broiler.GRCg7b, whole genome shotgun sequence	T	28	5051957
NC_052548.1 Gallus gallus isolate bGalGal1 chromosome 17, bGalGal1.mat.broiler.GRCg7b, whole genome shotgun sequence	A	21	5064683
NC_052548.1 Gallus gallus isolate bGalGal1 chromosome 17, bGalGal1.mat.broiler.GRCg7b, whole genome shotgun sequence	A	26	5069874
NC_052548.1 Gallus gallus isolate bGalGal1 chromosome 17, bGalGal1.mat.broiler.GRCg7b, whole genome shotgun sequence	A	18	5086147
NC_052548.1 Gallus gallus isolate bGalGal1 chromosome 17, bGalGal1.mat.broiler.GRCg7b, whole genome shotgun sequence	A	16	5086199
NC_052548.1 Gallus gallus isolate bGalGal1 chromosome 17, bGalGal1.mat.broiler.GRCg7b, whole genome shotgun sequence	T	22	5087817
NC_052548.1 Gallus gallus isolate bGalGal1 chromosome 17, bGalGal1.mat.broiler.GRCg7b, whole genome shotgun sequence	T	28	5110878
NC_052548.1 Gallus gallus isolate bGalGal1 chromosome 17, bGalGal1.mat.broiler.GRCg7b, whole genome shotgun sequence	T	23	5130702
NC_052548.1 Gallus gallus isolate bGalGal1 chromosome 17, bGalGal1.mat.broiler.GRCg7b, whole genome shotgun sequence	C	20	5220865
NC_052548.1 Gallus gallus isolate bGalGal1 chromosome 17, bGalGal1.mat.broiler.GRCg7b, whole genome shotgun sequence	A	17	5236995
NC_052548.1 Gallus gallus isolate bGalGal1 chromosome 17, bGalGal1.mat.broiler.GRCg7b, whole genome shotgun sequence	A	17	5260743
NC_052548.1 Gallus gallus isolate bGalGal1 chromosome 17, bGalGal1.mat.broiler.GRCg7b, whole genome shotgun sequence	T	31	5291498
NC_052548.1 Gallus gallus isolate bGalGal1 chromosome 17, bGalGal1.mat.broiler.GRCg7b, whole genome shotgun sequence	T	18	5315149
NC_052548.1 Gallus gallus isolate bGalGal1 chromosome 17, bGalGal1.mat.broiler.GRCg7b, whole genome shotgun sequence	T	17	5315677
NC_052548.1 Gallus gallus isolate bGalGal1 chromosome 17, bGalGal1.mat.broiler.GRCg7b, whole genome shotgun sequence	A	16	5315708
NC_052548.1 Gallus gallus isolate bGalGal1 chromosome 17, bGalGal1.mat.broiler.GRCg7b, whole genome shotgun sequence	T	28	5378966
NC_052548.1 Gallus gallus isolate bGalGal1 chromosome 17, bGalGal1.mat.broiler.GRCg7b, whole genome shotgun sequence	T	16	5383776
NC_052548.1 Gallus gallus isolate bGalGal1 chromosome 17, bGalGal1.mat.broiler.GRCg7b, whole genome shotgun sequence	T	16	5386146
NC_052548.1 Gallus gallus isolate bGalGal1 chromosome 17, bGalGal1.mat.broiler.GRCg7b, whole genome shotgun sequence	A	20	5461824
NC_052548.1 Gallus gallus isolate bGalGal1 chromosome 17, bGalGal1.mat.broiler.GRCg7b, whole genome shotgun sequence	T	28	5462641
NC_052548.1 Gallus gallus isolate bGalGal1 chromosome 17, bGalGal1.mat.broiler.GRCg7b, whole genome shotgun sequence	T	24	5463072
NC_052548.1 Gallus gallus isolate bGalGal1 chromosome 17, bGalGal1.mat.broiler.GRCg7b, whole genome shotgun sequence	T	22	5489602
NC_052548.1 Gallus gallus isolate bGalGal1 chromosome 17, bGalGal1.mat.broiler.GRCg7b, whole genome shotgun sequence	A	17	5530518
NC_052548.1 Gallus gallus isolate bGalGal1 chromosome 17, bGalGal1.mat.broiler.GRCg7b, whole genome shotgun sequence	C	19	5540191
NC_052548.1 Gallus gallus isolate bGalGal1 chromosome 17, bGalGal1.mat.broiler.GRCg7b, whole genome shotgun sequence	G	20	5551428
NC_052548.1 Gallus gallus isolate bGalGal1 chromosome 17, bGalGal1.mat.broiler.GRCg7b, whole genome shotgun sequence	G	18	5551470
NC_052548.1 Gallus gallus isolate bGalGal1 chromosome 17, bGalGal1.mat.broiler.GRCg7b, whole genome shotgun sequence	G	35	5557629
NC_052548.1 Gallus gallus isolate bGalGal1 chromosome 17, bGalGal1.mat.broiler.GRCg7b, whole genome shotgun sequence	G	19	5584860
NC_052548.1 Gallus gallus isolate bGalGal1 chromosome 17, bGalGal1.mat.broiler.GRCg7b, whole genome shotgun sequence	C	26	5613314
NC_052548.1 Gallus gallus isolate bGalGal1 chromosome 17, bGalGal1.mat.broiler.GRCg7b, whole genome shotgun sequence	T	16	5619539
NC_052548.1 Gallus gallus isolate bGalGal1 chromosome 17, bGalGal1.mat.broiler.GRCg7b, whole genome shotgun sequence	G	17	5634595
NC_052548.1 Gallus gallus isolate bGalGal1 chromosome 17, bGalGal1.mat.broiler.GRCg7b, whole genome shotgun sequence	A	16	5647693
NC_052548.1 Gallus gallus isolate bGalGal1 chromosome 17, bGalGal1.mat.broiler.GRCg7b, whole genome shotgun sequence	C	22	5757723
NC_052548.1 Gallus gallus isolate bGalGal1 chromosome 17, bGalGal1.mat.broiler.GRCg7b, whole genome shotgun sequence	A	17	5874454
NC_052548.1 Gallus gallus isolate bGalGal1 chromosome 17, bGalGal1.mat.broiler.GRCg7b, whole genome shotgun sequence	T	28	5898353
NC_052548.1 Gallus gallus isolate bGalGal1 chromosome 17, bGalGal1.mat.broiler.GRCg7b, whole genome shotgun sequence	T	19	5906491
NC_052548.1 Gallus gallus isolate bGalGal1 chromosome 17, bGalGal1.mat.broiler.GRCg7b, whole genome shotgun sequence	T	17	5919749
NC_052548.1 Gallus gallus isolate bGalGal1 chromosome 17, bGalGal1.mat.broiler.GRCg7b, whole genome shotgun sequence	A	17	5936133
NC_052548.1 Gallus gallus isolate bGalGal1 chromosome 17, bGalGal1.mat.broiler.GRCg7b, whole genome shotgun sequence	A	17	5947961
NC_052548.1 Gallus gallus isolate bGalGal1 chromosome 17, bGalGal1.mat.broiler.GRCg7b, whole genome shotgun sequence	G	26	5969665
NC_052548.1 Gallus gallus isolate bGalGal1 chromosome 17, bGalGal1.mat.broiler.GRCg7b, whole genome shotgun sequence	A	16	6090074
NC_052548.1 Gallus gallus isolate bGalGal1 chromosome 17, bGalGal1.mat.broiler.GRCg7b, whole genome shotgun sequence	T	17	6092088
NC_052548.1 Gallus gallus isolate bGalGal1 chromosome 17, bGalGal1.mat.broiler.GRCg7b, whole genome shotgun sequence	G	16	6139891
NC_052548.1 Gallus gallus isolate bGalGal1 chromosome 17, bGalGal1.mat.broiler.GRCg7b, whole genome shotgun sequence	A	17	6140317
NC_052548.1 Gallus gallus isolate bGalGal1 chromosome 17, bGalGal1.mat.broiler.GRCg7b, whole genome shotgun sequence	C	18	6140980
NC_052548.1 Gallus gallus isolate bGalGal1 chromosome 17, bGalGal1.mat.broiler.GRCg7b, whole genome shotgun sequence	C	25	6147101
NC_052548.1 Gallus gallus isolate bGalGal1 chromosome 17, bGalGal1.mat.broiler.GRCg7b, whole genome shotgun sequence	A	16	6175009
NC_052548.1 Gallus gallus isolate bGalGal1 chromosome 17, bGalGal1.mat.broiler.GRCg7b, whole genome shotgun sequence	A	17	6181614
NC_052548.1 Gallus gallus isolate bGalGal1 chromosome 17, bGalGal1.mat.broiler.GRCg7b, whole genome shotgun sequence	T	16	6215066
NC_052548.1 Gallus gallus isolate bGalGal1 chromosome 17, bGalGal1.mat.broiler.GRCg7b, whole genome shotgun sequence	A	24	6231952
NC_052548.1 Gallus gallus isolate bGalGal1 chromosome 17, bGalGal1.mat.broiler.GRCg7b, whole genome shotgun sequence	C	23	6241082
NC_052548.1 Gallus gallus isolate bGalGal1 chromosome 17, bGalGal1.mat.broiler.GRCg7b, whole genome shotgun sequence	T	18	6255771
NC_052548.1 Gallus gallus isolate bGalGal1 chromosome 17, bGalGal1.mat.broiler.GRCg7b, whole genome shotgun sequence	C	16	6256347
NC_052548.1 Gallus gallus isolate bGalGal1 chromosome 17, bGalGal1.mat.broiler.GRCg7b, whole genome shotgun sequence	C	22	6256711
NC_052548.1 Gallus gallus isolate bGalGal1 chromosome 17, bGalGal1.mat.broiler.GRCg7b, whole genome shotgun sequence	G	23	6264193
NC_052548.1 Gallus gallus isolate bGalGal1 chromosome 17, bGalGal1.mat.broiler.GRCg7b, whole genome shotgun sequence	A	25	6274042
NC_052548.1 Gallus gallus isolate bGalGal1 chromosome 17, bGalGal1.mat.broiler.GRCg7b, whole genome shotgun sequence	T	17	6327262
NC_052548.1 Gallus gallus isolate bGalGal1 chromosome 17, bGalGal1.mat.broiler.GRCg7b, whole genome shotgun sequence	T	19	6360979
NC_052548.1 Gallus gallus isolate bGalGal1 chromosome 17, bGalGal1.mat.broiler.GRCg7b, whole genome shotgun sequence	C	19	6402016
NC_052548.1 Gallus gallus isolate bGalGal1 chromosome 17, bGalGal1.mat.broiler.GRCg7b, whole genome shotgun sequence	C	19	6470143
NC_052548.1 Gallus gallus isolate bGalGal1 chromosome 17, bGalGal1.mat.broiler.GRCg7b, whole genome shotgun sequence	T	18	6476646
NC_052548.1 Gallus gallus isolate bGalGal1 chromosome 17, bGalGal1.mat.broiler.GRCg7b, whole genome shotgun sequence	T	16	6495800
NC_052548.1 Gallus gallus isolate bGalGal1 chromosome 17, bGalGal1.mat.broiler.GRCg7b, whole genome shotgun sequence	T	16	6507152
NC_052548.1 Gallus gallus isolate bGalGal1 chromosome 17, bGalGal1.mat.broiler.GRCg7b, whole genome shotgun sequence	T	20	6507965
NC_052548.1 Gallus gallus isolate bGalGal1 chromosome 17, bGalGal1.mat.broiler.GRCg7b, whole genome shotgun sequence	A	22	6515400
NC_052548.1 Gallus gallus isolate bGalGal1 chromosome 17, bGalGal1.mat.broiler.GRCg7b, whole genome shotgun sequence	T	24	6515869
NC_052548.1 Gallus gallus isolate bGalGal1 chromosome 17, bGalGal1.mat.broiler.GRCg7b, whole genome shotgun sequence	A	21	6535209
NC_052548.1 Gallus gallus isolate bGalGal1 chromosome 17, bGalGal1.mat.broiler.GRCg7b, whole genome shotgun sequence	C	30	6557692
NC_052548.1 Gallus gallus isolate bGalGal1 chromosome 17, bGalGal1.mat.broiler.GRCg7b, whole genome shotgun sequence	T	17	6572959
NC_052548.1 Gallus gallus isolate bGalGal1 chromosome 17, bGalGal1.mat.broiler.GRCg7b, whole genome shotgun sequence	A	21	6603457
NC_052548.1 Gallus gallus isolate bGalGal1 chromosome 17, bGalGal1.mat.broiler.GRCg7b, whole genome shotgun sequence	A	23	6633503
NC_052548.1 Gallus gallus isolate bGalGal1 chromosome 17, bGalGal1.mat.broiler.GRCg7b, whole genome shotgun sequence	T	23	6647296
NC_052548.1 Gallus gallus isolate bGalGal1 chromosome 17, bGalGal1.mat.broiler.GRCg7b, whole genome shotgun sequence	T	20	6694048
NC_052548.1 Gallus gallus isolate bGalGal1 chromosome 17, bGalGal1.mat.broiler.GRCg7b, whole genome shotgun sequence	C	25	6751727
NC_052548.1 Gallus gallus isolate bGalGal1 chromosome 17, bGalGal1.mat.broiler.GRCg7b, whole genome shotgun sequence	A	20	6755193
NC_052548.1 Gallus gallus isolate bGalGal1 chromosome 17, bGalGal1.mat.broiler.GRCg7b, whole genome shotgun sequence	C	19	6767634
NC_052548.1 Gallus gallus isolate bGalGal1 chromosome 17, bGalGal1.mat.broiler.GRCg7b, whole genome shotgun sequence	A	17	6800744
NC_052548.1 Gallus gallus isolate bGalGal1 chromosome 17, bGalGal1.mat.broiler.GRCg7b, whole genome shotgun sequence	A	16	6892293
NC_052548.1 Gallus gallus isolate bGalGal1 chromosome 17, bGalGal1.mat.broiler.GRCg7b, whole genome shotgun sequence	G	29	6923498
NC_052548.1 Gallus gallus isolate bGalGal1 chromosome 17, bGalGal1.mat.broiler.GRCg7b, whole genome shotgun sequence	C	23	6925979
NC_052548.1 Gallus gallus isolate bGalGal1 chromosome 17, bGalGal1.mat.broiler.GRCg7b, whole genome shotgun sequence	A	16	7029065
NC_052548.1 Gallus gallus isolate bGalGal1 chromosome 17, bGalGal1.mat.broiler.GRCg7b, whole genome shotgun sequence	T	16	7033557
NC_052548.1 Gallus gallus isolate bGalGal1 chromosome 17, bGalGal1.mat.broiler.GRCg7b, whole genome shotgun sequence	A	23	7129918
NC_052548.1 Gallus gallus isolate bGalGal1 chromosome 17, bGalGal1.mat.broiler.GRCg7b, whole genome shotgun sequence	A	18	7184004
NC_052548.1 Gallus gallus isolate bGalGal1 chromosome 17, bGalGal1.mat.broiler.GRCg7b, whole genome shotgun sequence	T	20	7190776
NC_052548.1 Gallus gallus isolate bGalGal1 chromosome 17, bGalGal1.mat.broiler.GRCg7b, whole genome shotgun sequence	T	19	7190814
NC_052548.1 Gallus gallus isolate bGalGal1 chromosome 17, bGalGal1.mat.broiler.GRCg7b, whole genome shotgun sequence	G	21	7192212
NC_052548.1 Gallus gallus isolate bGalGal1 chromosome 17, bGalGal1.mat.broiler.GRCg7b, whole genome shotgun sequence	G	16	7192296
NC_052548.1 Gallus gallus isolate bGalGal1 chromosome 17, bGalGal1.mat.broiler.GRCg7b, whole genome shotgun sequence	A	17	7196355
NC_052548.1 Gallus gallus isolate bGalGal1 chromosome 17, bGalGal1.mat.broiler.GRCg7b, whole genome shotgun sequence	C	16	7196885
NC_052548.1 Gallus gallus isolate bGalGal1 chromosome 17, bGalGal1.mat.broiler.GRCg7b, whole genome shotgun sequence	C	19	7207352
NC_052548.1 Gallus gallus isolate bGalGal1 chromosome 17, bGalGal1.mat.broiler.GRCg7b, whole genome shotgun sequence	T	17	7213068
NC_052548.1 Gallus gallus isolate bGalGal1 chromosome 17, bGalGal1.mat.broiler.GRCg7b, whole genome shotgun sequence	A	17	7237890
NC_052548.1 Gallus gallus isolate bGalGal1 chromosome 17, bGalGal1.mat.broiler.GRCg7b, whole genome shotgun sequence	T	16	7275164
NC_052548.1 Gallus gallus isolate bGalGal1 chromosome 17, bGalGal1.mat.broiler.GRCg7b, whole genome shotgun sequence	A	17	7297614
NC_052548.1 Gallus gallus isolate bGalGal1 chromosome 17, bGalGal1.mat.broiler.GRCg7b, whole genome shotgun sequence	T	17	7298807
NC_052548.1 Gallus gallus isolate bGalGal1 chromosome 17, bGalGal1.mat.broiler.GRCg7b, whole genome shotgun sequence	T	18	7333640
NC_052548.1 Gallus gallus isolate bGalGal1 chromosome 17, bGalGal1.mat.broiler.GRCg7b, whole genome shotgun sequence	A	18	7353412
NC_052548.1 Gallus gallus isolate bGalGal1 chromosome 17, bGalGal1.mat.broiler.GRCg7b, whole genome shotgun sequence	A	16	7396059
NC_052548.1 Gallus gallus isolate bGalGal1 chromosome 17, bGalGal1.mat.broiler.GRCg7b, whole genome shotgun sequence	G	23	7413663
NC_052548.1 Gallus gallus isolate bGalGal1 chromosome 17, bGalGal1.mat.broiler.GRCg7b, whole genome shotgun sequence	A	23	7440710
NC_052548.1 Gallus gallus isolate bGalGal1 chromosome 17, bGalGal1.mat.broiler.GRCg7b, whole genome shotgun sequence	A	16	7489063
NC_052548.1 Gallus gallus isolate bGalGal1 chromosome 17, bGalGal1.mat.broiler.GRCg7b, whole genome shotgun sequence	T	24	7493964
NC_052548.1 Gallus gallus isolate bGalGal1 chromosome 17, bGalGal1.mat.broiler.GRCg7b, whole genome shotgun sequence	A	16	7500806
NC_052548.1 Gallus gallus isolate bGalGal1 chromosome 17, bGalGal1.mat.broiler.GRCg7b, whole genome shotgun sequence	T	16	7542123
NC_052548.1 Gallus gallus isolate bGalGal1 chromosome 17, bGalGal1.mat.broiler.GRCg7b, whole genome shotgun sequence	T	17	7553980
NC_052548.1 Gallus gallus isolate bGalGal1 chromosome 17, bGalGal1.mat.broiler.GRCg7b, whole genome shotgun sequence	G	23	7554633
NC_052548.1 Gallus gallus isolate bGalGal1 chromosome 17, bGalGal1.mat.broiler.GRCg7b, whole genome shotgun sequence	A	24	7565441
NC_052548.1 Gallus gallus isolate bGalGal1 chromosome 17, bGalGal1.mat.broiler.GRCg7b, whole genome shotgun sequence	C	17	7578085
NC_052548.1 Gallus gallus isolate bGalGal1 chromosome 17, bGalGal1.mat.broiler.GRCg7b, whole genome shotgun sequence	G	28	7579397
NC_052548.1 Gallus gallus isolate bGalGal1 chromosome 17, bGalGal1.mat.broiler.GRCg7b, whole genome shotgun sequence	C	24	7597976
NC_052548.1 Gallus gallus isolate bGalGal1 chromosome 17, bGalGal1.mat.broiler.GRCg7b, whole genome shotgun sequence	C	18	7604701
NC_052548.1 Gallus gallus isolate bGalGal1 chromosome 17, bGalGal1.mat.broiler.GRCg7b, whole genome shotgun sequence	C	16	7613769
NC_052548.1 Gallus gallus isolate bGalGal1 chromosome 17, bGalGal1.mat.broiler.GRCg7b, whole genome shotgun sequence	G	26	7691866
NC_052548.1 Gallus gallus isolate bGalGal1 chromosome 17, bGalGal1.mat.broiler.GRCg7b, whole genome shotgun sequence	C	16	7750283
NC_052548.1 Gallus gallus isolate bGalGal1 chromosome 17, bGalGal1.mat.broiler.GRCg7b, whole genome shotgun sequence	T	16	7754923
NC_052548.1 Gallus gallus isolate bGalGal1 chromosome 17, bGalGal1.mat.broiler.GRCg7b, whole genome shotgun sequence	G	19	7798523
NC_052548.1 Gallus gallus isolate bGalGal1 chromosome 17, bGalGal1.mat.broiler.GRCg7b, whole genome shotgun sequence	G	22	7854163
NC_052548.1 Gallus gallus isolate bGalGal1 chromosome 17, bGalGal1.mat.broiler.GRCg7b, whole genome shotgun sequence	C	22	7864392
NC_052548.1 Gallus gallus isolate bGalGal1 chromosome 17, bGalGal1.mat.broiler.GRCg7b, whole genome shotgun sequence	G	16	7878872
NC_052548.1 Gallus gallus isolate bGalGal1 chromosome 17, bGalGal1.mat.broiler.GRCg7b, whole genome shotgun sequence	G	16	7885468
NC_052548.1 Gallus gallus isolate bGalGal1 chromosome 17, bGalGal1.mat.broiler.GRCg7b, whole genome shotgun sequence	T	19	7895277
NC_052548.1 Gallus gallus isolate bGalGal1 chromosome 17, bGalGal1.mat.broiler.GRCg7b, whole genome shotgun sequence	G	24	7906354
NC_052548.1 Gallus gallus isolate bGalGal1 chromosome 17, bGalGal1.mat.broiler.GRCg7b, whole genome shotgun sequence	G	23	7907893
NC_052548.1 Gallus gallus isolate bGalGal1 chromosome 17, bGalGal1.mat.broiler.GRCg7b, whole genome shotgun sequence	A	19	7931008
NC_052548.1 Gallus gallus isolate bGalGal1 chromosome 17, bGalGal1.mat.broiler.GRCg7b, whole genome shotgun sequence	A	17	7932051
NC_052548.1 Gallus gallus isolate bGalGal1 chromosome 17, bGalGal1.mat.broiler.GRCg7b, whole genome shotgun sequence	C	20	7935794
NC_052548.1 Gallus gallus isolate bGalGal1 chromosome 17, bGalGal1.mat.broiler.GRCg7b, whole genome shotgun sequence	T	16	7962730
NC_052548.1 Gallus gallus isolate bGalGal1 chromosome 17, bGalGal1.mat.broiler.GRCg7b, whole genome shotgun sequence	A	21	7963134
NC_052548.1 Gallus gallus isolate bGalGal1 chromosome 17, bGalGal1.mat.broiler.GRCg7b, whole genome shotgun sequence	A	18	7991766
NC_052548.1 Gallus gallus isolate bGalGal1 chromosome 17, bGalGal1.mat.broiler.GRCg7b, whole genome shotgun sequence	T	21	8116295
NC_052548.1 Gallus gallus isolate bGalGal1 chromosome 17, bGalGal1.mat.broiler.GRCg7b, whole genome shotgun sequence	G	19	8125377
NC_052548.1 Gallus gallus isolate bGalGal1 chromosome 17, bGalGal1.mat.broiler.GRCg7b, whole genome shotgun sequence	A	22	8163013
NC_052548.1 Gallus gallus isolate bGalGal1 chromosome 17, bGalGal1.mat.broiler.GRCg7b, whole genome shotgun sequence	A	17	8168497
NC_052548.1 Gallus gallus isolate bGalGal1 chromosome 17, bGalGal1.mat.broiler.GRCg7b, whole genome shotgun sequence	T	24	8169758
NC_052548.1 Gallus gallus isolate bGalGal1 chromosome 17, bGalGal1.mat.broiler.GRCg7b, whole genome shotgun sequence	T	17	8176504
NC_052548.1 Gallus gallus isolate bGalGal1 chromosome 17, bGalGal1.mat.broiler.GRCg7b, whole genome shotgun sequence	A	17	8178529
NC_052548.1 Gallus gallus isolate bGalGal1 chromosome 17, bGalGal1.mat.broiler.GRCg7b, whole genome shotgun sequence	T	16	8193254
NC_052548.1 Gallus gallus isolate bGalGal1 chromosome 17, bGalGal1.mat.broiler.GRCg7b, whole genome shotgun sequence	T	16	8207490
NC_052548.1 Gallus gallus isolate bGalGal1 chromosome 17, bGalGal1.mat.broiler.GRCg7b, whole genome shotgun sequence	G	17	8208245
NC_052548.1 Gallus gallus isolate bGalGal1 chromosome 17, bGalGal1.mat.broiler.GRCg7b, whole genome shotgun sequence	T	17	8240211
NC_052548.1 Gallus gallus isolate bGalGal1 chromosome 17, bGalGal1.mat.broiler.GRCg7b, whole genome shotgun sequence	T	16	8316807
NC_052548.1 Gallus gallus isolate bGalGal1 chromosome 17, bGalGal1.mat.broiler.GRCg7b, whole genome shotgun sequence	A	21	8323671
NC_052548.1 Gallus gallus isolate bGalGal1 chromosome 17, bGalGal1.mat.broiler.GRCg7b, whole genome shotgun sequence	T	17	8371677
NC_052548.1 Gallus gallus isolate bGalGal1 chromosome 17, bGalGal1.mat.broiler.GRCg7b, whole genome shotgun sequence	T	28	8398572
NC_052548.1 Gallus gallus isolate bGalGal1 chromosome 17, bGalGal1.mat.broiler.GRCg7b, whole genome shotgun sequence	G	16	8417294
NC_052548.1 Gallus gallus isolate bGalGal1 chromosome 17, bGalGal1.mat.broiler.GRCg7b, whole genome shotgun sequence	C	18	8417340
NC_052548.1 Gallus gallus isolate bGalGal1 chromosome 17, bGalGal1.mat.broiler.GRCg7b, whole genome shotgun sequence	T	22	8450528
NC_052548.1 Gallus gallus isolate bGalGal1 chromosome 17, bGalGal1.mat.broiler.GRCg7b, whole genome shotgun sequence	T	16	8467743
NC_052548.1 Gallus gallus isolate bGalGal1 chromosome 17, bGalGal1.mat.broiler.GRCg7b, whole genome shotgun sequence	G	22	8483550
NC_052548.1 Gallus gallus isolate bGalGal1 chromosome 17, bGalGal1.mat.broiler.GRCg7b, whole genome shotgun sequence	G	23	8486009
NC_052548.1 Gallus gallus isolate bGalGal1 chromosome 17, bGalGal1.mat.broiler.GRCg7b, whole genome shotgun sequence	C	23	8550476
NC_052548.1 Gallus gallus isolate bGalGal1 chromosome 17, bGalGal1.mat.broiler.GRCg7b, whole genome shotgun sequence	C	18	8556817
NC_052548.1 Gallus gallus isolate bGalGal1 chromosome 17, bGalGal1.mat.broiler.GRCg7b, whole genome shotgun sequence	T	18	8604833
NC_052548.1 Gallus gallus isolate bGalGal1 chromosome 17, bGalGal1.mat.broiler.GRCg7b, whole genome shotgun sequence	T	20	8609022
NC_052548.1 Gallus gallus isolate bGalGal1 chromosome 17, bGalGal1.mat.broiler.GRCg7b, whole genome shotgun sequence	C	22	8613724
NC_052548.1 Gallus gallus isolate bGalGal1 chromosome 17, bGalGal1.mat.broiler.GRCg7b, whole genome shotgun sequence	A	19	8676636
NC_052548.1 Gallus gallus isolate bGalGal1 chromosome 17, bGalGal1.mat.broiler.GRCg7b, whole genome shotgun sequence	T	16	8705263
NC_052548.1 Gallus gallus isolate bGalGal1 chromosome 17, bGalGal1.mat.broiler.GRCg7b, whole genome shotgun sequence	A	18	8710949
NC_052548.1 Gallus gallus isolate bGalGal1 chromosome 17, bGalGal1.mat.broiler.GRCg7b, whole genome shotgun sequence	A	16	8715458
NC_052548.1 Gallus gallus isolate bGalGal1 chromosome 17, bGalGal1.mat.broiler.GRCg7b, whole genome shotgun sequence	A	25	8743102
NC_052548.1 Gallus gallus isolate bGalGal1 chromosome 17, bGalGal1.mat.broiler.GRCg7b, whole genome shotgun sequence	T	17	8743285
NC_052548.1 Gallus gallus isolate bGalGal1 chromosome 17, bGalGal1.mat.broiler.GRCg7b, whole genome shotgun sequence	T	17	8747044
NC_052548.1 Gallus gallus isolate bGalGal1 chromosome 17, bGalGal1.mat.broiler.GRCg7b, whole genome shotgun sequence	T	17	8748611
NC_052548.1 Gallus gallus isolate bGalGal1 chromosome 17, bGalGal1.mat.broiler.GRCg7b, whole genome shotgun sequence	A	17	8749931
NC_052548.1 Gallus gallus isolate bGalGal1 chromosome 17, bGalGal1.mat.broiler.GRCg7b, whole genome shotgun sequence	T	22	8772213
NC_052548.1 Gallus gallus isolate bGalGal1 chromosome 17, bGalGal1.mat.broiler.GRCg7b, whole genome shotgun sequence	T	18	8862586
NC_052548.1 Gallus gallus isolate bGalGal1 chromosome 17, bGalGal1.mat.broiler.GRCg7b, whole genome shotgun sequence	C	26	8870250
NC_052548.1 Gallus gallus isolate bGalGal1 chromosome 17, bGalGal1.mat.broiler.GRCg7b, whole genome shotgun sequence	A	16	8901963
NC_052548.1 Gallus gallus isolate bGalGal1 chromosome 17, bGalGal1.mat.broiler.GRCg7b, whole genome shotgun sequence	A	19	8902074
NC_052548.1 Gallus gallus isolate bGalGal1 chromosome 17, bGalGal1.mat.broiler.GRCg7b, whole genome shotgun sequence	A	17	8932526
NC_052548.1 Gallus gallus isolate bGalGal1 chromosome 17, bGalGal1.mat.broiler.GRCg7b, whole genome shotgun sequence	T	24	8941637
NC_052548.1 Gallus gallus isolate bGalGal1 chromosome 17, bGalGal1.mat.broiler.GRCg7b, whole genome shotgun sequence	A	16	8951874
NC_052548.1 Gallus gallus isolate bGalGal1 chromosome 17, bGalGal1.mat.broiler.GRCg7b, whole genome shotgun sequence	T	20	8959550
NC_052548.1 Gallus gallus isolate bGalGal1 chromosome 17, bGalGal1.mat.broiler.GRCg7b, whole genome shotgun sequence	T	17	9072036
NC_052548.1 Gallus gallus isolate bGalGal1 chromosome 17, bGalGal1.mat.broiler.GRCg7b, whole genome shotgun sequence	C	16	9199976
NC_052548.1 Gallus gallus isolate bGalGal1 chromosome 17, bGalGal1.mat.broiler.GRCg7b, whole genome shotgun sequence	A	23	9221096
NC_052548.1 Gallus gallus isolate bGalGal1 chromosome 17, bGalGal1.mat.broiler.GRCg7b, whole genome shotgun sequence	T	16	9237432
NC_052548.1 Gallus gallus isolate bGalGal1 chromosome 17, bGalGal1.mat.broiler.GRCg7b, whole genome shotgun sequence	T	18	9269678
NC_052548.1 Gallus gallus isolate bGalGal1 chromosome 17, bGalGal1.mat.broiler.GRCg7b, whole genome shotgun sequence	A	17	9317068
NC_052548.1 Gallus gallus isolate bGalGal1 chromosome 17, bGalGal1.mat.broiler.GRCg7b, whole genome shotgun sequence	G	26	9364394
NC_052548.1 Gallus gallus isolate bGalGal1 chromosome 17, bGalGal1.mat.broiler.GRCg7b, whole genome shotgun sequence	T	18	9420882
NC_052548.1 Gallus gallus isolate bGalGal1 chromosome 17, bGalGal1.mat.broiler.GRCg7b, whole genome shotgun sequence	A	17	9427418
NC_052548.1 Gallus gallus isolate bGalGal1 chromosome 17, bGalGal1.mat.broiler.GRCg7b, whole genome shotgun sequence	G	22	9428732
NC_052548.1 Gallus gallus isolate bGalGal1 chromosome 17, bGalGal1.mat.broiler.GRCg7b, whole genome shotgun sequence	T	19	9478863
NC_052548.1 Gallus gallus isolate bGalGal1 chromosome 17, bGalGal1.mat.broiler.GRCg7b, whole genome shotgun sequence	A	18	9481277
NC_052548.1 Gallus gallus isolate bGalGal1 chromosome 17, bGalGal1.mat.broiler.GRCg7b, whole genome shotgun sequence	T	18	9485321
NC_052548.1 Gallus gallus isolate bGalGal1 chromosome 17, bGalGal1.mat.broiler.GRCg7b, whole genome shotgun sequence	T	18	9493670
NC_052548.1 Gallus gallus isolate bGalGal1 chromosome 17, bGalGal1.mat.broiler.GRCg7b, whole genome shotgun sequence	T	16	9510827
NC_052548.1 Gallus gallus isolate bGalGal1 chromosome 17, bGalGal1.mat.broiler.GRCg7b, whole genome shotgun sequence	T	16	9525491
NC_052548.1 Gallus gallus isolate bGalGal1 chromosome 17, bGalGal1.mat.broiler.GRCg7b, whole genome shotgun sequence	A	25	9534875
NC_052548.1 Gallus gallus isolate bGalGal1 chromosome 17, bGalGal1.mat.broiler.GRCg7b, whole genome shotgun sequence	A	23	9539727
NC_052548.1 Gallus gallus isolate bGalGal1 chromosome 17, bGalGal1.mat.broiler.GRCg7b, whole genome shotgun sequence	C	20	9557620
NC_052548.1 Gallus gallus isolate bGalGal1 chromosome 17, bGalGal1.mat.broiler.GRCg7b, whole genome shotgun sequence	A	16	9558554
NC_052548.1 Gallus gallus isolate bGalGal1 chromosome 17, bGalGal1.mat.broiler.GRCg7b, whole genome shotgun sequence	A	23	9577209
NC_052548.1 Gallus gallus isolate bGalGal1 chromosome 17, bGalGal1.mat.broiler.GRCg7b, whole genome shotgun sequence	T	20	9578985
NC_052548.1 Gallus gallus isolate bGalGal1 chromosome 17, bGalGal1.mat.broiler.GRCg7b, whole genome shotgun sequence	A	26	9605044
NC_052548.1 Gallus gallus isolate bGalGal1 chromosome 17, bGalGal1.mat.broiler.GRCg7b, whole genome shotgun sequence	T	19	9605641
NC_052548.1 Gallus gallus isolate bGalGal1 chromosome 17, bGalGal1.mat.broiler.GRCg7b, whole genome shotgun sequence	T	16	9614470
NC_052548.1 Gallus gallus isolate bGalGal1 chromosome 17, bGalGal1.mat.broiler.GRCg7b, whole genome shotgun sequence	A	18	9626566
NC_052548.1 Gallus gallus isolate bGalGal1 chromosome 17, bGalGal1.mat.broiler.GRCg7b, whole genome shotgun sequence	T	22	9644481
NC_052548.1 Gallus gallus isolate bGalGal1 chromosome 17, bGalGal1.mat.broiler.GRCg7b, whole genome shotgun sequence	A	23	9663537
NC_052548.1 Gallus gallus isolate bGalGal1 chromosome 17, bGalGal1.mat.broiler.GRCg7b, whole genome shotgun sequence	T	16	9668607
NC_052548.1 Gallus gallus isolate bGalGal1 chromosome 17, bGalGal1.mat.broiler.GRCg7b, whole genome shotgun sequence	T	17	9680546
NC_052548.1 Gallus gallus isolate bGalGal1 chromosome 17, bGalGal1.mat.broiler.GRCg7b, whole genome shotgun sequence	A	17	9682467
NC_052548.1 Gallus gallus isolate bGalGal1 chromosome 17, bGalGal1.mat.broiler.GRCg7b, whole genome shotgun sequence	A	20	9716298
NC_052548.1 Gallus gallus isolate bGalGal1 chromosome 17, bGalGal1.mat.broiler.GRCg7b, whole genome shotgun sequence	T	19	9720930
NC_052548.1 Gallus gallus isolate bGalGal1 chromosome 17, bGalGal1.mat.broiler.GRCg7b, whole genome shotgun sequence	A	21	9745964
NC_052548.1 Gallus gallus isolate bGalGal1 chromosome 17, bGalGal1.mat.broiler.GRCg7b, whole genome shotgun sequence	A	19	9752702
NC_052548.1 Gallus gallus isolate bGalGal1 chromosome 17, bGalGal1.mat.broiler.GRCg7b, whole genome shotgun sequence	A	21	9782136
NC_052548.1 Gallus gallus isolate bGalGal1 chromosome 17, bGalGal1.mat.broiler.GRCg7b, whole genome shotgun sequence	T	27	9789212
NC_052548.1 Gallus gallus isolate bGalGal1 chromosome 17, bGalGal1.mat.broiler.GRCg7b, whole genome shotgun sequence	A	18	9790291
NC_052548.1 Gallus gallus isolate bGalGal1 chromosome 17, bGalGal1.mat.broiler.GRCg7b, whole genome shotgun sequence	A	24	9801811
NC_052548.1 Gallus gallus isolate bGalGal1 chromosome 17, bGalGal1.mat.broiler.GRCg7b, whole genome shotgun sequence	T	41	9805059
NC_052548.1 Gallus gallus isolate bGalGal1 chromosome 17, bGalGal1.mat.broiler.GRCg7b, whole genome shotgun sequence	A	16	9812869
NC_052548.1 Gallus gallus isolate bGalGal1 chromosome 17, bGalGal1.mat.broiler.GRCg7b, whole genome shotgun sequence	T	26	9823143
NC_052548.1 Gallus gallus isolate bGalGal1 chromosome 17, bGalGal1.mat.broiler.GRCg7b, whole genome shotgun sequence	A	16	9826314
NC_052548.1 Gallus gallus isolate bGalGal1 chromosome 17, bGalGal1.mat.broiler.GRCg7b, whole genome shotgun sequence	T	19	9833710
NC_052548.1 Gallus gallus isolate bGalGal1 chromosome 17, bGalGal1.mat.broiler.GRCg7b, whole genome shotgun sequence	T	19	9834836
NC_052548.1 Gallus gallus isolate bGalGal1 chromosome 17, bGalGal1.mat.broiler.GRCg7b, whole genome shotgun sequence	G	19	9837040
NC_052548.1 Gallus gallus isolate bGalGal1 chromosome 17, bGalGal1.mat.broiler.GRCg7b, whole genome shotgun sequence	G	16	9837972
NC_052548.1 Gallus gallus isolate bGalGal1 chromosome 17, bGalGal1.mat.broiler.GRCg7b, whole genome shotgun sequence	C	16	9839138
NC_052548.1 Gallus gallus isolate bGalGal1 chromosome 17, bGalGal1.mat.broiler.GRCg7b, whole genome shotgun sequence	T	18	9839227
NC_052548.1 Gallus gallus isolate bGalGal1 chromosome 17, bGalGal1.mat.broiler.GRCg7b, whole genome shotgun sequence	T	20	9842971
NC_052548.1 Gallus gallus isolate bGalGal1 chromosome 17, bGalGal1.mat.broiler.GRCg7b, whole genome shotgun sequence	T	29	9854967
NC_052548.1 Gallus gallus isolate bGalGal1 chromosome 17, bGalGal1.mat.broiler.GRCg7b, whole genome shotgun sequence	T	22	9934178
NC_052548.1 Gallus gallus isolate bGalGal1 chromosome 17, bGalGal1.mat.broiler.GRCg7b, whole genome shotgun sequence	A	20	9936543
NC_052548.1 Gallus gallus isolate bGalGal1 chromosome 17, bGalGal1.mat.broiler.GRCg7b, whole genome shotgun sequence	T	18	9957833
NC_052548.1 Gallus gallus isolate bGalGal1 chromosome 17, bGalGal1.mat.broiler.GRCg7b, whole genome shotgun sequence	A	30	9972276
NC_052548.1 Gallus gallus isolate bGalGal1 chromosome 17, bGalGal1.mat.broiler.GRCg7b, whole genome shotgun sequence	A	16	10005155
NC_052548.1 Gallus gallus isolate bGalGal1 chromosome 17, bGalGal1.mat.broiler.GRCg7b, whole genome shotgun sequence	A	25	10094358
NC_052548.1 Gallus gallus isolate bGalGal1 chromosome 17, bGalGal1.mat.broiler.GRCg7b, whole genome shotgun sequence	T	17	10156894
NC_052548.1 Gallus gallus isolate bGalGal1 chromosome 17, bGalGal1.mat.broiler.GRCg7b, whole genome shotgun sequence	T	19	10229482
NC_052548.1 Gallus gallus isolate bGalGal1 chromosome 17, bGalGal1.mat.broiler.GRCg7b, whole genome shotgun sequence	T	20	10290365
NC_052548.1 Gallus gallus isolate bGalGal1 chromosome 17, bGalGal1.mat.broiler.GRCg7b, whole genome shotgun sequence	T	16	10304198
NC_052548.1 Gallus gallus isolate bGalGal1 chromosome 17, bGalGal1.mat.broiler.GRCg7b, whole genome shotgun sequence	T	18	10317713
NC_052548.1 Gallus gallus isolate bGalGal1 chromosome 17, bGalGal1.mat.broiler.GRCg7b, whole genome shotgun sequence	A	22	10321621
NC_052548.1 Gallus gallus isolate bGalGal1 chromosome 17, bGalGal1.mat.broiler.GRCg7b, whole genome shotgun sequence	T	16	10336178
NC_052548.1 Gallus gallus isolate bGalGal1 chromosome 17, bGalGal1.mat.broiler.GRCg7b, whole genome shotgun sequence	T	19	10338029
NC_052548.1 Gallus gallus isolate bGalGal1 chromosome 17, bGalGal1.mat.broiler.GRCg7b, whole genome shotgun sequence	T	16	10341775
NC_052548.1 Gallus gallus isolate bGalGal1 chromosome 17, bGalGal1.mat.broiler.GRCg7b, whole genome shotgun sequence	A	27	10346959
NC_052548.1 Gallus gallus isolate bGalGal1 chromosome 17, bGalGal1.mat.broiler.GRCg7b, whole genome shotgun sequence	T	16	10350241
NC_052548.1 Gallus gallus isolate bGalGal1 chromosome 17, bGalGal1.mat.broiler.GRCg7b, whole genome shotgun sequence	T	16	10359333
NC_052548.1 Gallus gallus isolate bGalGal1 chromosome 17, bGalGal1.mat.broiler.GRCg7b, whole genome shotgun sequence	A	19	10426770
NC_052548.1 Gallus gallus isolate bGalGal1 chromosome 17, bGalGal1.mat.broiler.GRCg7b, whole genome shotgun sequence	C	16	10427721
NC_052548.1 Gallus gallus isolate bGalGal1 chromosome 17, bGalGal1.mat.broiler.GRCg7b, whole genome shotgun sequence	T	24	10438753
NC_052548.1 Gallus gallus isolate bGalGal1 chromosome 17, bGalGal1.mat.broiler.GRCg7b, whole genome shotgun sequence	A	16	10475919
NC_052548.1 Gallus gallus isolate bGalGal1 chromosome 17, bGalGal1.mat.broiler.GRCg7b, whole genome shotgun sequence	A	17	10514760
NC_052548.1 Gallus gallus isolate bGalGal1 chromosome 17, bGalGal1.mat.broiler.GRCg7b, whole genome shotgun sequence	T	16	10518333
NC_052548.1 Gallus gallus isolate bGalGal1 chromosome 17, bGalGal1.mat.broiler.GRCg7b, whole genome shotgun sequence	A	22	10540664
NC_052548.1 Gallus gallus isolate bGalGal1 chromosome 17, bGalGal1.mat.broiler.GRCg7b, whole genome shotgun sequence	T	26	10560850
NC_052548.1 Gallus gallus isolate bGalGal1 chromosome 17, bGalGal1.mat.broiler.GRCg7b, whole genome shotgun sequence	A	19	10569683
NC_052548.1 Gallus gallus isolate bGalGal1 chromosome 17, bGalGal1.mat.broiler.GRCg7b, whole genome shotgun sequence	T	17	10580667
NC_052548.1 Gallus gallus isolate bGalGal1 chromosome 17, bGalGal1.mat.broiler.GRCg7b, whole genome shotgun sequence	T	18	10594649
NC_052548.1 Gallus gallus isolate bGalGal1 chromosome 17, bGalGal1.mat.broiler.GRCg7b, whole genome shotgun sequence	T	23	10643568
NC_052548.1 Gallus gallus isolate bGalGal1 chromosome 17, bGalGal1.mat.broiler.GRCg7b, whole genome shotgun sequence	A	35	10656889
NC_052548.1 Gallus gallus isolate bGalGal1 chromosome 17, bGalGal1.mat.broiler.GRCg7b, whole genome shotgun sequence	A	21	10662453
NC_052548.1 Gallus gallus isolate bGalGal1 chromosome 17, bGalGal1.mat.broiler.GRCg7b, whole genome shotgun sequence	G	31	10669023
NC_052548.1 Gallus gallus isolate bGalGal1 chromosome 17, bGalGal1.mat.broiler.GRCg7b, whole genome shotgun sequence	T	16	10669658
NC_052548.1 Gallus gallus isolate bGalGal1 chromosome 17, bGalGal1.mat.broiler.GRCg7b, whole genome shotgun sequence	A	16	10672453
NC_052548.1 Gallus gallus isolate bGalGal1 chromosome 17, bGalGal1.mat.broiler.GRCg7b, whole genome shotgun sequence	T	19	10692611
NC_052548.1 Gallus gallus isolate bGalGal1 chromosome 17, bGalGal1.mat.broiler.GRCg7b, whole genome shotgun sequence	T	18	10719308
NC_052548.1 Gallus gallus isolate bGalGal1 chromosome 17, bGalGal1.mat.broiler.GRCg7b, whole genome shotgun sequence	T	18	10732744
NC_052548.1 Gallus gallus isolate bGalGal1 chromosome 17, bGalGal1.mat.broiler.GRCg7b, whole genome shotgun sequence	T	28	10741875
NC_052548.1 Gallus gallus isolate bGalGal1 chromosome 17, bGalGal1.mat.broiler.GRCg7b, whole genome shotgun sequence	T	18	10746058
NC_052548.1 Gallus gallus isolate bGalGal1 chromosome 17, bGalGal1.mat.broiler.GRCg7b, whole genome shotgun sequence	T	40	10762049
NC_052548.1 Gallus gallus isolate bGalGal1 chromosome 17, bGalGal1.mat.broiler.GRCg7b, whole genome shotgun sequence	A	30	10767309
NC_052548.1 Gallus gallus isolate bGalGal1 chromosome 17, bGalGal1.mat.broiler.GRCg7b, whole genome shotgun sequence	A	27	10770267
NC_052548.1 Gallus gallus isolate bGalGal1 chromosome 17, bGalGal1.mat.broiler.GRCg7b, whole genome shotgun sequence	A	16	10780165
NC_052548.1 Gallus gallus isolate bGalGal1 chromosome 17, bGalGal1.mat.broiler.GRCg7b, whole genome shotgun sequence	T	24	10781568
NC_052548.1 Gallus gallus isolate bGalGal1 chromosome 17, bGalGal1.mat.broiler.GRCg7b, whole genome shotgun sequence	A	20	10785950
NC_052548.1 Gallus gallus isolate bGalGal1 chromosome 17, bGalGal1.mat.broiler.GRCg7b, whole genome shotgun sequence	A	17	10787659
NC_052548.1 Gallus gallus isolate bGalGal1 chromosome 17, bGalGal1.mat.broiler.GRCg7b, whole genome shotgun sequence	A	40	10794170
NC_052548.1 Gallus gallus isolate bGalGal1 chromosome 17, bGalGal1.mat.broiler.GRCg7b, whole genome shotgun sequence	A	20	10802331
NC_052548.1 Gallus gallus isolate bGalGal1 chromosome 17, bGalGal1.mat.broiler.GRCg7b, whole genome shotgun sequence	A	20	10814505
NC_052548.1 Gallus gallus isolate bGalGal1 chromosome 17, bGalGal1.mat.broiler.GRCg7b, whole genome shotgun sequence	T	28	10819842
NC_052548.1 Gallus gallus isolate bGalGal1 chromosome 17, bGalGal1.mat.broiler.GRCg7b, whole genome shotgun sequence	C	19	10825200
NC_052548.1 Gallus gallus isolate bGalGal1 chromosome 17, bGalGal1.mat.broiler.GRCg7b, whole genome shotgun sequence	A	19	10825866
NC_052548.1 Gallus gallus isolate bGalGal1 chromosome 17, bGalGal1.mat.broiler.GRCg7b, whole genome shotgun sequence	A	19	10830322
NC_052548.1 Gallus gallus isolate bGalGal1 chromosome 17, bGalGal1.mat.broiler.GRCg7b, whole genome shotgun sequence	T	26	10846845
NC_052548.1 Gallus gallus isolate bGalGal1 chromosome 17, bGalGal1.mat.broiler.GRCg7b, whole genome shotgun sequence	T	16	10848321
NC_052548.1 Gallus gallus isolate bGalGal1 chromosome 17, bGalGal1.mat.broiler.GRCg7b, whole genome shotgun sequence	A	24	10854615
NC_052548.1 Gallus gallus isolate bGalGal1 chromosome 17, bGalGal1.mat.broiler.GRCg7b, whole genome shotgun sequence	A	24	10874296
NC_052548.1 Gallus gallus isolate bGalGal1 chromosome 17, bGalGal1.mat.broiler.GRCg7b, whole genome shotgun sequence	A	20	10876198
NC_052548.1 Gallus gallus isolate bGalGal1 chromosome 17, bGalGal1.mat.broiler.GRCg7b, whole genome shotgun sequence	A	23	10881218
NC_052548.1 Gallus gallus isolate bGalGal1 chromosome 17, bGalGal1.mat.broiler.GRCg7b, whole genome shotgun sequence	A	24	10887355
NC_052548.1 Gallus gallus isolate bGalGal1 chromosome 17, bGalGal1.mat.broiler.GRCg7b, whole genome shotgun sequence	G	29	10891235
NC_052548.1 Gallus gallus isolate bGalGal1 chromosome 17, bGalGal1.mat.broiler.GRCg7b, whole genome shotgun sequence	T	16	10898441
NC_052548.1 Gallus gallus isolate bGalGal1 chromosome 17, bGalGal1.mat.broiler.GRCg7b, whole genome shotgun sequence	T	20	10911892
NC_052548.1 Gallus gallus isolate bGalGal1 chromosome 17, bGalGal1.mat.broiler.GRCg7b, whole genome shotgun sequence	A	16	10915372
NC_052548.1 Gallus gallus isolate bGalGal1 chromosome 17, bGalGal1.mat.broiler.GRCg7b, whole genome shotgun sequence	A	23	10925423
NC_052548.1 Gallus gallus isolate bGalGal1 chromosome 17, bGalGal1.mat.broiler.GRCg7b, whole genome shotgun sequence	A	24	10933911
NC_052548.1 Gallus gallus isolate bGalGal1 chromosome 17, bGalGal1.mat.broiler.GRCg7b, whole genome shotgun sequence	T	22	10954235
NC_052548.1 Gallus gallus isolate bGalGal1 chromosome 17, bGalGal1.mat.broiler.GRCg7b, whole genome shotgun sequence	T	16	10989135
NC_052548.1 Gallus gallus isolate bGalGal1 chromosome 17, bGalGal1.mat.broiler.GRCg7b, whole genome shotgun sequence	T	26	10997297
NC_052548.1 Gallus gallus isolate bGalGal1 chromosome 17, bGalGal1.mat.broiler.GRCg7b, whole genome shotgun sequence	C	28	11015362
NC_052548.1 Gallus gallus isolate bGalGal1 chromosome 17, bGalGal1.mat.broiler.GRCg7b, whole genome shotgun sequence	T	18	11024138
NC_052548.1 Gallus gallus isolate bGalGal1 chromosome 17, bGalGal1.mat.broiler.GRCg7b, whole genome shotgun sequence	A	19	11025267
NC_052548.1 Gallus gallus isolate bGalGal1 chromosome 17, bGalGal1.mat.broiler.GRCg7b, whole genome shotgun sequence	A	18	11031183
NC_052548.1 Gallus gallus isolate bGalGal1 chromosome 17, bGalGal1.mat.broiler.GRCg7b, whole genome shotgun sequence	T	25	11041885
