#Sequence_Name	SSR	Repeats	Position
NC_052555.1 Gallus gallus isolate bGalGal1 chromosome 24, bGalGal1.mat.broiler.GRCg7b, whole genome shotgun sequence	CTTGC	15	6453716
NC_052555.1 Gallus gallus isolate bGalGal1 chromosome 24, bGalGal1.mat.broiler.GRCg7b, whole genome shotgun sequence	T	30	6469818
NC_052555.1 Gallus gallus isolate bGalGal1 chromosome 24, bGalGal1.mat.broiler.GRCg7b, whole genome shotgun sequence	CCTAAC	484	19
NC_052555.1 Gallus gallus isolate bGalGal1 chromosome 24, bGalGal1.mat.broiler.GRCg7b, whole genome shotgun sequence	CCTAAC	23	2922
NC_052555.1 Gallus gallus isolate bGalGal1 chromosome 24, bGalGal1.mat.broiler.GRCg7b, whole genome shotgun sequence	CCTAAC	15	3059
NC_052555.1 Gallus gallus isolate bGalGal1 chromosome 24, bGalGal1.mat.broiler.GRCg7b, whole genome shotgun sequence	CCTAAC	40	3148
NC_052555.1 Gallus gallus isolate bGalGal1 chromosome 24, bGalGal1.mat.broiler.GRCg7b, whole genome shotgun sequence	ACCCTA	32	3508
NC_052555.1 Gallus gallus isolate bGalGal1 chromosome 24, bGalGal1.mat.broiler.GRCg7b, whole genome shotgun sequence	AACCCT	23	3700
NC_052555.1 Gallus gallus isolate bGalGal1 chromosome 24, bGalGal1.mat.broiler.GRCg7b, whole genome shotgun sequence	AACCCT	35	3839
NC_052555.1 Gallus gallus isolate bGalGal1 chromosome 24, bGalGal1.mat.broiler.GRCg7b, whole genome shotgun sequence	ACCCTA	15	4639
NC_052555.1 Gallus gallus isolate bGalGal1 chromosome 24, bGalGal1.mat.broiler.GRCg7b, whole genome shotgun sequence	AACCCT	18	4736
NC_052555.1 Gallus gallus isolate bGalGal1 chromosome 24, bGalGal1.mat.broiler.GRCg7b, whole genome shotgun sequence	CCTAAC	18	4847
NC_052555.1 Gallus gallus isolate bGalGal1 chromosome 24, bGalGal1.mat.broiler.GRCg7b, whole genome shotgun sequence	CCTAAC	57	4954
NC_052555.1 Gallus gallus isolate bGalGal1 chromosome 24, bGalGal1.mat.broiler.GRCg7b, whole genome shotgun sequence	CCTAAC	20	5295
NC_052555.1 Gallus gallus isolate bGalGal1 chromosome 24, bGalGal1.mat.broiler.GRCg7b, whole genome shotgun sequence	CCTAAC	16	5414
NC_052555.1 Gallus gallus isolate bGalGal1 chromosome 24, bGalGal1.mat.broiler.GRCg7b, whole genome shotgun sequence	CCTAAC	22	5558
NC_052555.1 Gallus gallus isolate bGalGal1 chromosome 24, bGalGal1.mat.broiler.GRCg7b, whole genome shotgun sequence	CCTAAC	20	5689
NC_052555.1 Gallus gallus isolate bGalGal1 chromosome 24, bGalGal1.mat.broiler.GRCg7b, whole genome shotgun sequence	CCTAAC	54	5808
NC_052555.1 Gallus gallus isolate bGalGal1 chromosome 24, bGalGal1.mat.broiler.GRCg7b, whole genome shotgun sequence	CCTAAC	25	6196
NC_052555.1 Gallus gallus isolate bGalGal1 chromosome 24, bGalGal1.mat.broiler.GRCg7b, whole genome shotgun sequence	CCTAAC	21	6345
NC_052555.1 Gallus gallus isolate bGalGal1 chromosome 24, bGalGal1.mat.broiler.GRCg7b, whole genome shotgun sequence	CCTAAC	14	6470
NC_052555.1 Gallus gallus isolate bGalGal1 chromosome 24, bGalGal1.mat.broiler.GRCg7b, whole genome shotgun sequence	CCTAAC	36	6553
NC_052555.1 Gallus gallus isolate bGalGal1 chromosome 24, bGalGal1.mat.broiler.GRCg7b, whole genome shotgun sequence	CCTAAC	24	6768
NC_052555.1 Gallus gallus isolate bGalGal1 chromosome 24, bGalGal1.mat.broiler.GRCg7b, whole genome shotgun sequence	CCTAAC	23	6911
NC_052555.1 Gallus gallus isolate bGalGal1 chromosome 24, bGalGal1.mat.broiler.GRCg7b, whole genome shotgun sequence	CCTAAC	108	7048
NC_052555.1 Gallus gallus isolate bGalGal1 chromosome 24, bGalGal1.mat.broiler.GRCg7b, whole genome shotgun sequence	CCTAAC	55	7695
NC_052555.1 Gallus gallus isolate bGalGal1 chromosome 24, bGalGal1.mat.broiler.GRCg7b, whole genome shotgun sequence	CCTAAC	20	8024
NC_052555.1 Gallus gallus isolate bGalGal1 chromosome 24, bGalGal1.mat.broiler.GRCg7b, whole genome shotgun sequence	CCTAAC	32	8143
NC_052555.1 Gallus gallus isolate bGalGal1 chromosome 24, bGalGal1.mat.broiler.GRCg7b, whole genome shotgun sequence	CCTAAC	636	8334
NC_052555.1 Gallus gallus isolate bGalGal1 chromosome 24, bGalGal1.mat.broiler.GRCg7b, whole genome shotgun sequence	ACCCTA	148	12153
NC_052555.1 Gallus gallus isolate bGalGal1 chromosome 24, bGalGal1.mat.broiler.GRCg7b, whole genome shotgun sequence	ACCCTA	36	13040
NC_052555.1 Gallus gallus isolate bGalGal1 chromosome 24, bGalGal1.mat.broiler.GRCg7b, whole genome shotgun sequence	TTTCTT	17	1043324
NC_052555.1 Gallus gallus isolate bGalGal1 chromosome 24, bGalGal1.mat.broiler.GRCg7b, whole genome shotgun sequence	GGAAGA	14	6133582
NC_052555.1 Gallus gallus isolate bGalGal1 chromosome 24, bGalGal1.mat.broiler.GRCg7b, whole genome shotgun sequence	TTCCT	90	1011337
NC_052555.1 Gallus gallus isolate bGalGal1 chromosome 24, bGalGal1.mat.broiler.GRCg7b, whole genome shotgun sequence	TTCCC	20	1102873
NC_052555.1 Gallus gallus isolate bGalGal1 chromosome 24, bGalGal1.mat.broiler.GRCg7b, whole genome shotgun sequence	CTTCC	38	1756885
NC_052555.1 Gallus gallus isolate bGalGal1 chromosome 24, bGalGal1.mat.broiler.GRCg7b, whole genome shotgun sequence	CCTTC	39	2026541
NC_052555.1 Gallus gallus isolate bGalGal1 chromosome 24, bGalGal1.mat.broiler.GRCg7b, whole genome shotgun sequence	CCCTT	71	2031024
NC_052555.1 Gallus gallus isolate bGalGal1 chromosome 24, bGalGal1.mat.broiler.GRCg7b, whole genome shotgun sequence	AAGGG	19	2461157
NC_052555.1 Gallus gallus isolate bGalGal1 chromosome 24, bGalGal1.mat.broiler.GRCg7b, whole genome shotgun sequence	CAAGG	35	2705613
NC_052555.1 Gallus gallus isolate bGalGal1 chromosome 24, bGalGal1.mat.broiler.GRCg7b, whole genome shotgun sequence	AAGGA	30	2705784
NC_052555.1 Gallus gallus isolate bGalGal1 chromosome 24, bGalGal1.mat.broiler.GRCg7b, whole genome shotgun sequence	GAGAG	41	4765722
NC_052555.1 Gallus gallus isolate bGalGal1 chromosome 24, bGalGal1.mat.broiler.GRCg7b, whole genome shotgun sequence	CCTCT	35	4951806
NC_052555.1 Gallus gallus isolate bGalGal1 chromosome 24, bGalGal1.mat.broiler.GRCg7b, whole genome shotgun sequence	CCCTT	31	5599186
NC_052555.1 Gallus gallus isolate bGalGal1 chromosome 24, bGalGal1.mat.broiler.GRCg7b, whole genome shotgun sequence	CTTCC	17	6079916
NC_052555.1 Gallus gallus isolate bGalGal1 chromosome 24, bGalGal1.mat.broiler.GRCg7b, whole genome shotgun sequence	AGGGA	44	6133292
NC_052555.1 Gallus gallus isolate bGalGal1 chromosome 24, bGalGal1.mat.broiler.GRCg7b, whole genome shotgun sequence	GAGAG	40	6181001
NC_052555.1 Gallus gallus isolate bGalGal1 chromosome 24, bGalGal1.mat.broiler.GRCg7b, whole genome shotgun sequence	AGAGA	28	6181197
NC_052555.1 Gallus gallus isolate bGalGal1 chromosome 24, bGalGal1.mat.broiler.GRCg7b, whole genome shotgun sequence	CAAGG	15	6406323
NC_052555.1 Gallus gallus isolate bGalGal1 chromosome 24, bGalGal1.mat.broiler.GRCg7b, whole genome shotgun sequence	TTCC	43	1043481
NC_052555.1 Gallus gallus isolate bGalGal1 chromosome 24, bGalGal1.mat.broiler.GRCg7b, whole genome shotgun sequence	AGC	22	1731504
NC_052555.1 Gallus gallus isolate bGalGal1 chromosome 24, bGalGal1.mat.broiler.GRCg7b, whole genome shotgun sequence	TC	15	1043294
NC_052555.1 Gallus gallus isolate bGalGal1 chromosome 24, bGalGal1.mat.broiler.GRCg7b, whole genome shotgun sequence	GT	22	1348505
NC_052555.1 Gallus gallus isolate bGalGal1 chromosome 24, bGalGal1.mat.broiler.GRCg7b, whole genome shotgun sequence	TA	15	2289575
NC_052555.1 Gallus gallus isolate bGalGal1 chromosome 24, bGalGal1.mat.broiler.GRCg7b, whole genome shotgun sequence	CA	27	2488830
NC_052555.1 Gallus gallus isolate bGalGal1 chromosome 24, bGalGal1.mat.broiler.GRCg7b, whole genome shotgun sequence	AG	16	3187484
NC_052555.1 Gallus gallus isolate bGalGal1 chromosome 24, bGalGal1.mat.broiler.GRCg7b, whole genome shotgun sequence	CA	15	4131341
NC_052555.1 Gallus gallus isolate bGalGal1 chromosome 24, bGalGal1.mat.broiler.GRCg7b, whole genome shotgun sequence	AT	17	4428258
NC_052555.1 Gallus gallus isolate bGalGal1 chromosome 24, bGalGal1.mat.broiler.GRCg7b, whole genome shotgun sequence	TG	14	5090019
NC_052555.1 Gallus gallus isolate bGalGal1 chromosome 24, bGalGal1.mat.broiler.GRCg7b, whole genome shotgun sequence	GT	15	5320380
NC_052555.1 Gallus gallus isolate bGalGal1 chromosome 24, bGalGal1.mat.broiler.GRCg7b, whole genome shotgun sequence	AT	16	6180499
NC_052555.1 Gallus gallus isolate bGalGal1 chromosome 24, bGalGal1.mat.broiler.GRCg7b, whole genome shotgun sequence	A	16	61398
NC_052555.1 Gallus gallus isolate bGalGal1 chromosome 24, bGalGal1.mat.broiler.GRCg7b, whole genome shotgun sequence	A	21	75170
NC_052555.1 Gallus gallus isolate bGalGal1 chromosome 24, bGalGal1.mat.broiler.GRCg7b, whole genome shotgun sequence	T	16	85857
NC_052555.1 Gallus gallus isolate bGalGal1 chromosome 24, bGalGal1.mat.broiler.GRCg7b, whole genome shotgun sequence	T	36	120970
NC_052555.1 Gallus gallus isolate bGalGal1 chromosome 24, bGalGal1.mat.broiler.GRCg7b, whole genome shotgun sequence	T	18	169427
NC_052555.1 Gallus gallus isolate bGalGal1 chromosome 24, bGalGal1.mat.broiler.GRCg7b, whole genome shotgun sequence	A	19	203499
NC_052555.1 Gallus gallus isolate bGalGal1 chromosome 24, bGalGal1.mat.broiler.GRCg7b, whole genome shotgun sequence	A	16	228681
NC_052555.1 Gallus gallus isolate bGalGal1 chromosome 24, bGalGal1.mat.broiler.GRCg7b, whole genome shotgun sequence	A	26	267340
NC_052555.1 Gallus gallus isolate bGalGal1 chromosome 24, bGalGal1.mat.broiler.GRCg7b, whole genome shotgun sequence	A	18	275850
NC_052555.1 Gallus gallus isolate bGalGal1 chromosome 24, bGalGal1.mat.broiler.GRCg7b, whole genome shotgun sequence	A	17	280207
NC_052555.1 Gallus gallus isolate bGalGal1 chromosome 24, bGalGal1.mat.broiler.GRCg7b, whole genome shotgun sequence	G	22	294647
NC_052555.1 Gallus gallus isolate bGalGal1 chromosome 24, bGalGal1.mat.broiler.GRCg7b, whole genome shotgun sequence	G	18	313061
NC_052555.1 Gallus gallus isolate bGalGal1 chromosome 24, bGalGal1.mat.broiler.GRCg7b, whole genome shotgun sequence	T	20	354627
NC_052555.1 Gallus gallus isolate bGalGal1 chromosome 24, bGalGal1.mat.broiler.GRCg7b, whole genome shotgun sequence	T	25	363441
NC_052555.1 Gallus gallus isolate bGalGal1 chromosome 24, bGalGal1.mat.broiler.GRCg7b, whole genome shotgun sequence	T	23	369576
NC_052555.1 Gallus gallus isolate bGalGal1 chromosome 24, bGalGal1.mat.broiler.GRCg7b, whole genome shotgun sequence	T	23	391249
NC_052555.1 Gallus gallus isolate bGalGal1 chromosome 24, bGalGal1.mat.broiler.GRCg7b, whole genome shotgun sequence	T	31	394311
NC_052555.1 Gallus gallus isolate bGalGal1 chromosome 24, bGalGal1.mat.broiler.GRCg7b, whole genome shotgun sequence	T	16	428076
NC_052555.1 Gallus gallus isolate bGalGal1 chromosome 24, bGalGal1.mat.broiler.GRCg7b, whole genome shotgun sequence	T	20	455678
NC_052555.1 Gallus gallus isolate bGalGal1 chromosome 24, bGalGal1.mat.broiler.GRCg7b, whole genome shotgun sequence	G	19	475120
NC_052555.1 Gallus gallus isolate bGalGal1 chromosome 24, bGalGal1.mat.broiler.GRCg7b, whole genome shotgun sequence	T	17	487721
NC_052555.1 Gallus gallus isolate bGalGal1 chromosome 24, bGalGal1.mat.broiler.GRCg7b, whole genome shotgun sequence	T	17	500455
NC_052555.1 Gallus gallus isolate bGalGal1 chromosome 24, bGalGal1.mat.broiler.GRCg7b, whole genome shotgun sequence	T	16	537637
NC_052555.1 Gallus gallus isolate bGalGal1 chromosome 24, bGalGal1.mat.broiler.GRCg7b, whole genome shotgun sequence	T	16	552679
NC_052555.1 Gallus gallus isolate bGalGal1 chromosome 24, bGalGal1.mat.broiler.GRCg7b, whole genome shotgun sequence	T	16	582202
NC_052555.1 Gallus gallus isolate bGalGal1 chromosome 24, bGalGal1.mat.broiler.GRCg7b, whole genome shotgun sequence	T	19	625359
NC_052555.1 Gallus gallus isolate bGalGal1 chromosome 24, bGalGal1.mat.broiler.GRCg7b, whole genome shotgun sequence	A	18	699442
NC_052555.1 Gallus gallus isolate bGalGal1 chromosome 24, bGalGal1.mat.broiler.GRCg7b, whole genome shotgun sequence	A	24	708090
NC_052555.1 Gallus gallus isolate bGalGal1 chromosome 24, bGalGal1.mat.broiler.GRCg7b, whole genome shotgun sequence	T	16	817852
NC_052555.1 Gallus gallus isolate bGalGal1 chromosome 24, bGalGal1.mat.broiler.GRCg7b, whole genome shotgun sequence	A	16	848549
NC_052555.1 Gallus gallus isolate bGalGal1 chromosome 24, bGalGal1.mat.broiler.GRCg7b, whole genome shotgun sequence	A	19	863307
NC_052555.1 Gallus gallus isolate bGalGal1 chromosome 24, bGalGal1.mat.broiler.GRCg7b, whole genome shotgun sequence	T	17	905109
NC_052555.1 Gallus gallus isolate bGalGal1 chromosome 24, bGalGal1.mat.broiler.GRCg7b, whole genome shotgun sequence	A	23	923215
NC_052555.1 Gallus gallus isolate bGalGal1 chromosome 24, bGalGal1.mat.broiler.GRCg7b, whole genome shotgun sequence	A	20	927136
NC_052555.1 Gallus gallus isolate bGalGal1 chromosome 24, bGalGal1.mat.broiler.GRCg7b, whole genome shotgun sequence	C	16	933738
NC_052555.1 Gallus gallus isolate bGalGal1 chromosome 24, bGalGal1.mat.broiler.GRCg7b, whole genome shotgun sequence	A	21	934163
NC_052555.1 Gallus gallus isolate bGalGal1 chromosome 24, bGalGal1.mat.broiler.GRCg7b, whole genome shotgun sequence	T	20	964748
NC_052555.1 Gallus gallus isolate bGalGal1 chromosome 24, bGalGal1.mat.broiler.GRCg7b, whole genome shotgun sequence	G	21	967199
NC_052555.1 Gallus gallus isolate bGalGal1 chromosome 24, bGalGal1.mat.broiler.GRCg7b, whole genome shotgun sequence	A	31	974386
NC_052555.1 Gallus gallus isolate bGalGal1 chromosome 24, bGalGal1.mat.broiler.GRCg7b, whole genome shotgun sequence	G	22	1016826
NC_052555.1 Gallus gallus isolate bGalGal1 chromosome 24, bGalGal1.mat.broiler.GRCg7b, whole genome shotgun sequence	T	29	1024132
NC_052555.1 Gallus gallus isolate bGalGal1 chromosome 24, bGalGal1.mat.broiler.GRCg7b, whole genome shotgun sequence	T	30	1041076
NC_052555.1 Gallus gallus isolate bGalGal1 chromosome 24, bGalGal1.mat.broiler.GRCg7b, whole genome shotgun sequence	T	29	1045386
NC_052555.1 Gallus gallus isolate bGalGal1 chromosome 24, bGalGal1.mat.broiler.GRCg7b, whole genome shotgun sequence	A	16	1057123
NC_052555.1 Gallus gallus isolate bGalGal1 chromosome 24, bGalGal1.mat.broiler.GRCg7b, whole genome shotgun sequence	T	16	1068042
NC_052555.1 Gallus gallus isolate bGalGal1 chromosome 24, bGalGal1.mat.broiler.GRCg7b, whole genome shotgun sequence	T	19	1081537
NC_052555.1 Gallus gallus isolate bGalGal1 chromosome 24, bGalGal1.mat.broiler.GRCg7b, whole genome shotgun sequence	A	38	1088993
NC_052555.1 Gallus gallus isolate bGalGal1 chromosome 24, bGalGal1.mat.broiler.GRCg7b, whole genome shotgun sequence	T	19	1106950
NC_052555.1 Gallus gallus isolate bGalGal1 chromosome 24, bGalGal1.mat.broiler.GRCg7b, whole genome shotgun sequence	T	18	1110952
NC_052555.1 Gallus gallus isolate bGalGal1 chromosome 24, bGalGal1.mat.broiler.GRCg7b, whole genome shotgun sequence	T	19	1113983
NC_052555.1 Gallus gallus isolate bGalGal1 chromosome 24, bGalGal1.mat.broiler.GRCg7b, whole genome shotgun sequence	A	17	1146856
NC_052555.1 Gallus gallus isolate bGalGal1 chromosome 24, bGalGal1.mat.broiler.GRCg7b, whole genome shotgun sequence	G	19	1187581
NC_052555.1 Gallus gallus isolate bGalGal1 chromosome 24, bGalGal1.mat.broiler.GRCg7b, whole genome shotgun sequence	A	17	1295772
NC_052555.1 Gallus gallus isolate bGalGal1 chromosome 24, bGalGal1.mat.broiler.GRCg7b, whole genome shotgun sequence	A	24	1346845
NC_052555.1 Gallus gallus isolate bGalGal1 chromosome 24, bGalGal1.mat.broiler.GRCg7b, whole genome shotgun sequence	C	16	1357638
NC_052555.1 Gallus gallus isolate bGalGal1 chromosome 24, bGalGal1.mat.broiler.GRCg7b, whole genome shotgun sequence	G	20	1388022
NC_052555.1 Gallus gallus isolate bGalGal1 chromosome 24, bGalGal1.mat.broiler.GRCg7b, whole genome shotgun sequence	A	16	1398522
NC_052555.1 Gallus gallus isolate bGalGal1 chromosome 24, bGalGal1.mat.broiler.GRCg7b, whole genome shotgun sequence	A	27	1400078
NC_052555.1 Gallus gallus isolate bGalGal1 chromosome 24, bGalGal1.mat.broiler.GRCg7b, whole genome shotgun sequence	G	17	1401971
NC_052555.1 Gallus gallus isolate bGalGal1 chromosome 24, bGalGal1.mat.broiler.GRCg7b, whole genome shotgun sequence	T	24	1404145
NC_052555.1 Gallus gallus isolate bGalGal1 chromosome 24, bGalGal1.mat.broiler.GRCg7b, whole genome shotgun sequence	T	16	1410799
NC_052555.1 Gallus gallus isolate bGalGal1 chromosome 24, bGalGal1.mat.broiler.GRCg7b, whole genome shotgun sequence	T	16	1421690
NC_052555.1 Gallus gallus isolate bGalGal1 chromosome 24, bGalGal1.mat.broiler.GRCg7b, whole genome shotgun sequence	T	23	1454860
NC_052555.1 Gallus gallus isolate bGalGal1 chromosome 24, bGalGal1.mat.broiler.GRCg7b, whole genome shotgun sequence	A	17	1473815
NC_052555.1 Gallus gallus isolate bGalGal1 chromosome 24, bGalGal1.mat.broiler.GRCg7b, whole genome shotgun sequence	A	18	1482077
NC_052555.1 Gallus gallus isolate bGalGal1 chromosome 24, bGalGal1.mat.broiler.GRCg7b, whole genome shotgun sequence	G	21	1482677
NC_052555.1 Gallus gallus isolate bGalGal1 chromosome 24, bGalGal1.mat.broiler.GRCg7b, whole genome shotgun sequence	C	22	1554822
NC_052555.1 Gallus gallus isolate bGalGal1 chromosome 24, bGalGal1.mat.broiler.GRCg7b, whole genome shotgun sequence	A	18	1653141
NC_052555.1 Gallus gallus isolate bGalGal1 chromosome 24, bGalGal1.mat.broiler.GRCg7b, whole genome shotgun sequence	A	18	1724435
NC_052555.1 Gallus gallus isolate bGalGal1 chromosome 24, bGalGal1.mat.broiler.GRCg7b, whole genome shotgun sequence	A	18	1724464
NC_052555.1 Gallus gallus isolate bGalGal1 chromosome 24, bGalGal1.mat.broiler.GRCg7b, whole genome shotgun sequence	A	17	1771568
NC_052555.1 Gallus gallus isolate bGalGal1 chromosome 24, bGalGal1.mat.broiler.GRCg7b, whole genome shotgun sequence	A	20	1781249
NC_052555.1 Gallus gallus isolate bGalGal1 chromosome 24, bGalGal1.mat.broiler.GRCg7b, whole genome shotgun sequence	A	18	1794693
NC_052555.1 Gallus gallus isolate bGalGal1 chromosome 24, bGalGal1.mat.broiler.GRCg7b, whole genome shotgun sequence	G	16	1852286
NC_052555.1 Gallus gallus isolate bGalGal1 chromosome 24, bGalGal1.mat.broiler.GRCg7b, whole genome shotgun sequence	C	19	1920614
NC_052555.1 Gallus gallus isolate bGalGal1 chromosome 24, bGalGal1.mat.broiler.GRCg7b, whole genome shotgun sequence	G	32	1974682
NC_052555.1 Gallus gallus isolate bGalGal1 chromosome 24, bGalGal1.mat.broiler.GRCg7b, whole genome shotgun sequence	T	24	2042722
NC_052555.1 Gallus gallus isolate bGalGal1 chromosome 24, bGalGal1.mat.broiler.GRCg7b, whole genome shotgun sequence	T	17	2045067
NC_052555.1 Gallus gallus isolate bGalGal1 chromosome 24, bGalGal1.mat.broiler.GRCg7b, whole genome shotgun sequence	A	21	2083198
NC_052555.1 Gallus gallus isolate bGalGal1 chromosome 24, bGalGal1.mat.broiler.GRCg7b, whole genome shotgun sequence	C	16	2116477
NC_052555.1 Gallus gallus isolate bGalGal1 chromosome 24, bGalGal1.mat.broiler.GRCg7b, whole genome shotgun sequence	A	17	2163490
NC_052555.1 Gallus gallus isolate bGalGal1 chromosome 24, bGalGal1.mat.broiler.GRCg7b, whole genome shotgun sequence	A	32	2164056
NC_052555.1 Gallus gallus isolate bGalGal1 chromosome 24, bGalGal1.mat.broiler.GRCg7b, whole genome shotgun sequence	G	26	2180988
NC_052555.1 Gallus gallus isolate bGalGal1 chromosome 24, bGalGal1.mat.broiler.GRCg7b, whole genome shotgun sequence	A	16	2201260
NC_052555.1 Gallus gallus isolate bGalGal1 chromosome 24, bGalGal1.mat.broiler.GRCg7b, whole genome shotgun sequence	T	16	2252553
NC_052555.1 Gallus gallus isolate bGalGal1 chromosome 24, bGalGal1.mat.broiler.GRCg7b, whole genome shotgun sequence	A	21	2256967
NC_052555.1 Gallus gallus isolate bGalGal1 chromosome 24, bGalGal1.mat.broiler.GRCg7b, whole genome shotgun sequence	A	16	2291346
NC_052555.1 Gallus gallus isolate bGalGal1 chromosome 24, bGalGal1.mat.broiler.GRCg7b, whole genome shotgun sequence	G	20	2340309
NC_052555.1 Gallus gallus isolate bGalGal1 chromosome 24, bGalGal1.mat.broiler.GRCg7b, whole genome shotgun sequence	A	18	2416593
NC_052555.1 Gallus gallus isolate bGalGal1 chromosome 24, bGalGal1.mat.broiler.GRCg7b, whole genome shotgun sequence	G	19	2474169
NC_052555.1 Gallus gallus isolate bGalGal1 chromosome 24, bGalGal1.mat.broiler.GRCg7b, whole genome shotgun sequence	T	16	2477464
NC_052555.1 Gallus gallus isolate bGalGal1 chromosome 24, bGalGal1.mat.broiler.GRCg7b, whole genome shotgun sequence	A	16	2513026
NC_052555.1 Gallus gallus isolate bGalGal1 chromosome 24, bGalGal1.mat.broiler.GRCg7b, whole genome shotgun sequence	G	16	2546956
NC_052555.1 Gallus gallus isolate bGalGal1 chromosome 24, bGalGal1.mat.broiler.GRCg7b, whole genome shotgun sequence	T	16	2615100
NC_052555.1 Gallus gallus isolate bGalGal1 chromosome 24, bGalGal1.mat.broiler.GRCg7b, whole genome shotgun sequence	C	19	2649977
NC_052555.1 Gallus gallus isolate bGalGal1 chromosome 24, bGalGal1.mat.broiler.GRCg7b, whole genome shotgun sequence	A	16	2656300
NC_052555.1 Gallus gallus isolate bGalGal1 chromosome 24, bGalGal1.mat.broiler.GRCg7b, whole genome shotgun sequence	A	20	2871180
NC_052555.1 Gallus gallus isolate bGalGal1 chromosome 24, bGalGal1.mat.broiler.GRCg7b, whole genome shotgun sequence	G	18	2883801
NC_052555.1 Gallus gallus isolate bGalGal1 chromosome 24, bGalGal1.mat.broiler.GRCg7b, whole genome shotgun sequence	T	16	2956619
NC_052555.1 Gallus gallus isolate bGalGal1 chromosome 24, bGalGal1.mat.broiler.GRCg7b, whole genome shotgun sequence	G	22	2961110
NC_052555.1 Gallus gallus isolate bGalGal1 chromosome 24, bGalGal1.mat.broiler.GRCg7b, whole genome shotgun sequence	C	16	3072288
NC_052555.1 Gallus gallus isolate bGalGal1 chromosome 24, bGalGal1.mat.broiler.GRCg7b, whole genome shotgun sequence	G	19	3093676
NC_052555.1 Gallus gallus isolate bGalGal1 chromosome 24, bGalGal1.mat.broiler.GRCg7b, whole genome shotgun sequence	C	25	3137682
NC_052555.1 Gallus gallus isolate bGalGal1 chromosome 24, bGalGal1.mat.broiler.GRCg7b, whole genome shotgun sequence	G	23	3152919
NC_052555.1 Gallus gallus isolate bGalGal1 chromosome 24, bGalGal1.mat.broiler.GRCg7b, whole genome shotgun sequence	C	19	3153122
NC_052555.1 Gallus gallus isolate bGalGal1 chromosome 24, bGalGal1.mat.broiler.GRCg7b, whole genome shotgun sequence	A	23	3209987
NC_052555.1 Gallus gallus isolate bGalGal1 chromosome 24, bGalGal1.mat.broiler.GRCg7b, whole genome shotgun sequence	A	16	3236138
NC_052555.1 Gallus gallus isolate bGalGal1 chromosome 24, bGalGal1.mat.broiler.GRCg7b, whole genome shotgun sequence	T	18	3254927
NC_052555.1 Gallus gallus isolate bGalGal1 chromosome 24, bGalGal1.mat.broiler.GRCg7b, whole genome shotgun sequence	T	26	3262659
NC_052555.1 Gallus gallus isolate bGalGal1 chromosome 24, bGalGal1.mat.broiler.GRCg7b, whole genome shotgun sequence	A	18	3264492
NC_052555.1 Gallus gallus isolate bGalGal1 chromosome 24, bGalGal1.mat.broiler.GRCg7b, whole genome shotgun sequence	G	16	3270017
NC_052555.1 Gallus gallus isolate bGalGal1 chromosome 24, bGalGal1.mat.broiler.GRCg7b, whole genome shotgun sequence	A	19	3270618
NC_052555.1 Gallus gallus isolate bGalGal1 chromosome 24, bGalGal1.mat.broiler.GRCg7b, whole genome shotgun sequence	T	23	3315633
NC_052555.1 Gallus gallus isolate bGalGal1 chromosome 24, bGalGal1.mat.broiler.GRCg7b, whole genome shotgun sequence	A	16	3318232
NC_052555.1 Gallus gallus isolate bGalGal1 chromosome 24, bGalGal1.mat.broiler.GRCg7b, whole genome shotgun sequence	C	16	3351437
NC_052555.1 Gallus gallus isolate bGalGal1 chromosome 24, bGalGal1.mat.broiler.GRCg7b, whole genome shotgun sequence	T	18	3362165
NC_052555.1 Gallus gallus isolate bGalGal1 chromosome 24, bGalGal1.mat.broiler.GRCg7b, whole genome shotgun sequence	G	24	3383864
NC_052555.1 Gallus gallus isolate bGalGal1 chromosome 24, bGalGal1.mat.broiler.GRCg7b, whole genome shotgun sequence	T	17	3393876
NC_052555.1 Gallus gallus isolate bGalGal1 chromosome 24, bGalGal1.mat.broiler.GRCg7b, whole genome shotgun sequence	G	23	3413696
NC_052555.1 Gallus gallus isolate bGalGal1 chromosome 24, bGalGal1.mat.broiler.GRCg7b, whole genome shotgun sequence	A	16	3414458
NC_052555.1 Gallus gallus isolate bGalGal1 chromosome 24, bGalGal1.mat.broiler.GRCg7b, whole genome shotgun sequence	A	18	3414590
NC_052555.1 Gallus gallus isolate bGalGal1 chromosome 24, bGalGal1.mat.broiler.GRCg7b, whole genome shotgun sequence	A	21	3426902
NC_052555.1 Gallus gallus isolate bGalGal1 chromosome 24, bGalGal1.mat.broiler.GRCg7b, whole genome shotgun sequence	T	18	3430987
NC_052555.1 Gallus gallus isolate bGalGal1 chromosome 24, bGalGal1.mat.broiler.GRCg7b, whole genome shotgun sequence	T	19	3438669
NC_052555.1 Gallus gallus isolate bGalGal1 chromosome 24, bGalGal1.mat.broiler.GRCg7b, whole genome shotgun sequence	T	17	3464300
NC_052555.1 Gallus gallus isolate bGalGal1 chromosome 24, bGalGal1.mat.broiler.GRCg7b, whole genome shotgun sequence	A	28	3473184
NC_052555.1 Gallus gallus isolate bGalGal1 chromosome 24, bGalGal1.mat.broiler.GRCg7b, whole genome shotgun sequence	T	26	3481349
NC_052555.1 Gallus gallus isolate bGalGal1 chromosome 24, bGalGal1.mat.broiler.GRCg7b, whole genome shotgun sequence	T	16	3492901
NC_052555.1 Gallus gallus isolate bGalGal1 chromosome 24, bGalGal1.mat.broiler.GRCg7b, whole genome shotgun sequence	A	22	3537373
NC_052555.1 Gallus gallus isolate bGalGal1 chromosome 24, bGalGal1.mat.broiler.GRCg7b, whole genome shotgun sequence	G	16	3539987
NC_052555.1 Gallus gallus isolate bGalGal1 chromosome 24, bGalGal1.mat.broiler.GRCg7b, whole genome shotgun sequence	A	17	3541239
NC_052555.1 Gallus gallus isolate bGalGal1 chromosome 24, bGalGal1.mat.broiler.GRCg7b, whole genome shotgun sequence	A	20	3541258
NC_052555.1 Gallus gallus isolate bGalGal1 chromosome 24, bGalGal1.mat.broiler.GRCg7b, whole genome shotgun sequence	A	17	3582509
NC_052555.1 Gallus gallus isolate bGalGal1 chromosome 24, bGalGal1.mat.broiler.GRCg7b, whole genome shotgun sequence	G	20	3582745
NC_052555.1 Gallus gallus isolate bGalGal1 chromosome 24, bGalGal1.mat.broiler.GRCg7b, whole genome shotgun sequence	G	21	3590415
NC_052555.1 Gallus gallus isolate bGalGal1 chromosome 24, bGalGal1.mat.broiler.GRCg7b, whole genome shotgun sequence	A	26	3674971
NC_052555.1 Gallus gallus isolate bGalGal1 chromosome 24, bGalGal1.mat.broiler.GRCg7b, whole genome shotgun sequence	A	16	3710123
NC_052555.1 Gallus gallus isolate bGalGal1 chromosome 24, bGalGal1.mat.broiler.GRCg7b, whole genome shotgun sequence	T	26	3723741
NC_052555.1 Gallus gallus isolate bGalGal1 chromosome 24, bGalGal1.mat.broiler.GRCg7b, whole genome shotgun sequence	T	21	3737184
NC_052555.1 Gallus gallus isolate bGalGal1 chromosome 24, bGalGal1.mat.broiler.GRCg7b, whole genome shotgun sequence	T	21	3747668
NC_052555.1 Gallus gallus isolate bGalGal1 chromosome 24, bGalGal1.mat.broiler.GRCg7b, whole genome shotgun sequence	T	21	3809617
NC_052555.1 Gallus gallus isolate bGalGal1 chromosome 24, bGalGal1.mat.broiler.GRCg7b, whole genome shotgun sequence	A	16	3810612
NC_052555.1 Gallus gallus isolate bGalGal1 chromosome 24, bGalGal1.mat.broiler.GRCg7b, whole genome shotgun sequence	G	17	3842941
NC_052555.1 Gallus gallus isolate bGalGal1 chromosome 24, bGalGal1.mat.broiler.GRCg7b, whole genome shotgun sequence	A	17	3849332
NC_052555.1 Gallus gallus isolate bGalGal1 chromosome 24, bGalGal1.mat.broiler.GRCg7b, whole genome shotgun sequence	C	19	3872550
NC_052555.1 Gallus gallus isolate bGalGal1 chromosome 24, bGalGal1.mat.broiler.GRCg7b, whole genome shotgun sequence	G	16	3873465
NC_052555.1 Gallus gallus isolate bGalGal1 chromosome 24, bGalGal1.mat.broiler.GRCg7b, whole genome shotgun sequence	A	16	3881239
NC_052555.1 Gallus gallus isolate bGalGal1 chromosome 24, bGalGal1.mat.broiler.GRCg7b, whole genome shotgun sequence	G	16	3882605
NC_052555.1 Gallus gallus isolate bGalGal1 chromosome 24, bGalGal1.mat.broiler.GRCg7b, whole genome shotgun sequence	C	19	3887521
NC_052555.1 Gallus gallus isolate bGalGal1 chromosome 24, bGalGal1.mat.broiler.GRCg7b, whole genome shotgun sequence	T	18	3889056
NC_052555.1 Gallus gallus isolate bGalGal1 chromosome 24, bGalGal1.mat.broiler.GRCg7b, whole genome shotgun sequence	A	16	3891716
NC_052555.1 Gallus gallus isolate bGalGal1 chromosome 24, bGalGal1.mat.broiler.GRCg7b, whole genome shotgun sequence	C	17	3897927
NC_052555.1 Gallus gallus isolate bGalGal1 chromosome 24, bGalGal1.mat.broiler.GRCg7b, whole genome shotgun sequence	G	19	3919570
NC_052555.1 Gallus gallus isolate bGalGal1 chromosome 24, bGalGal1.mat.broiler.GRCg7b, whole genome shotgun sequence	T	20	3947162
NC_052555.1 Gallus gallus isolate bGalGal1 chromosome 24, bGalGal1.mat.broiler.GRCg7b, whole genome shotgun sequence	T	16	3983496
NC_052555.1 Gallus gallus isolate bGalGal1 chromosome 24, bGalGal1.mat.broiler.GRCg7b, whole genome shotgun sequence	C	19	3999745
NC_052555.1 Gallus gallus isolate bGalGal1 chromosome 24, bGalGal1.mat.broiler.GRCg7b, whole genome shotgun sequence	C	19	4031681
NC_052555.1 Gallus gallus isolate bGalGal1 chromosome 24, bGalGal1.mat.broiler.GRCg7b, whole genome shotgun sequence	C	19	4033942
NC_052555.1 Gallus gallus isolate bGalGal1 chromosome 24, bGalGal1.mat.broiler.GRCg7b, whole genome shotgun sequence	A	16	4064608
NC_052555.1 Gallus gallus isolate bGalGal1 chromosome 24, bGalGal1.mat.broiler.GRCg7b, whole genome shotgun sequence	T	22	4084785
NC_052555.1 Gallus gallus isolate bGalGal1 chromosome 24, bGalGal1.mat.broiler.GRCg7b, whole genome shotgun sequence	A	19	4121839
NC_052555.1 Gallus gallus isolate bGalGal1 chromosome 24, bGalGal1.mat.broiler.GRCg7b, whole genome shotgun sequence	G	16	4131737
NC_052555.1 Gallus gallus isolate bGalGal1 chromosome 24, bGalGal1.mat.broiler.GRCg7b, whole genome shotgun sequence	T	24	4134704
NC_052555.1 Gallus gallus isolate bGalGal1 chromosome 24, bGalGal1.mat.broiler.GRCg7b, whole genome shotgun sequence	A	33	4233107
NC_052555.1 Gallus gallus isolate bGalGal1 chromosome 24, bGalGal1.mat.broiler.GRCg7b, whole genome shotgun sequence	T	16	4257571
NC_052555.1 Gallus gallus isolate bGalGal1 chromosome 24, bGalGal1.mat.broiler.GRCg7b, whole genome shotgun sequence	G	20	4261640
NC_052555.1 Gallus gallus isolate bGalGal1 chromosome 24, bGalGal1.mat.broiler.GRCg7b, whole genome shotgun sequence	T	18	4275220
NC_052555.1 Gallus gallus isolate bGalGal1 chromosome 24, bGalGal1.mat.broiler.GRCg7b, whole genome shotgun sequence	C	39	4346072
NC_052555.1 Gallus gallus isolate bGalGal1 chromosome 24, bGalGal1.mat.broiler.GRCg7b, whole genome shotgun sequence	A	28	4375126
NC_052555.1 Gallus gallus isolate bGalGal1 chromosome 24, bGalGal1.mat.broiler.GRCg7b, whole genome shotgun sequence	T	27	4399330
NC_052555.1 Gallus gallus isolate bGalGal1 chromosome 24, bGalGal1.mat.broiler.GRCg7b, whole genome shotgun sequence	T	19	4399712
NC_052555.1 Gallus gallus isolate bGalGal1 chromosome 24, bGalGal1.mat.broiler.GRCg7b, whole genome shotgun sequence	A	16	4420511
NC_052555.1 Gallus gallus isolate bGalGal1 chromosome 24, bGalGal1.mat.broiler.GRCg7b, whole genome shotgun sequence	T	16	4421167
NC_052555.1 Gallus gallus isolate bGalGal1 chromosome 24, bGalGal1.mat.broiler.GRCg7b, whole genome shotgun sequence	G	20	4446632
NC_052555.1 Gallus gallus isolate bGalGal1 chromosome 24, bGalGal1.mat.broiler.GRCg7b, whole genome shotgun sequence	G	19	4552434
NC_052555.1 Gallus gallus isolate bGalGal1 chromosome 24, bGalGal1.mat.broiler.GRCg7b, whole genome shotgun sequence	A	18	4555085
NC_052555.1 Gallus gallus isolate bGalGal1 chromosome 24, bGalGal1.mat.broiler.GRCg7b, whole genome shotgun sequence	A	17	4555210
NC_052555.1 Gallus gallus isolate bGalGal1 chromosome 24, bGalGal1.mat.broiler.GRCg7b, whole genome shotgun sequence	A	19	4570071
NC_052555.1 Gallus gallus isolate bGalGal1 chromosome 24, bGalGal1.mat.broiler.GRCg7b, whole genome shotgun sequence	T	16	4573231
NC_052555.1 Gallus gallus isolate bGalGal1 chromosome 24, bGalGal1.mat.broiler.GRCg7b, whole genome shotgun sequence	T	17	4587030
NC_052555.1 Gallus gallus isolate bGalGal1 chromosome 24, bGalGal1.mat.broiler.GRCg7b, whole genome shotgun sequence	A	20	4591103
NC_052555.1 Gallus gallus isolate bGalGal1 chromosome 24, bGalGal1.mat.broiler.GRCg7b, whole genome shotgun sequence	T	21	4640513
NC_052555.1 Gallus gallus isolate bGalGal1 chromosome 24, bGalGal1.mat.broiler.GRCg7b, whole genome shotgun sequence	A	16	4653186
NC_052555.1 Gallus gallus isolate bGalGal1 chromosome 24, bGalGal1.mat.broiler.GRCg7b, whole genome shotgun sequence	T	16	4662044
NC_052555.1 Gallus gallus isolate bGalGal1 chromosome 24, bGalGal1.mat.broiler.GRCg7b, whole genome shotgun sequence	T	17	4687853
NC_052555.1 Gallus gallus isolate bGalGal1 chromosome 24, bGalGal1.mat.broiler.GRCg7b, whole genome shotgun sequence	A	18	4689852
NC_052555.1 Gallus gallus isolate bGalGal1 chromosome 24, bGalGal1.mat.broiler.GRCg7b, whole genome shotgun sequence	T	22	4704751
NC_052555.1 Gallus gallus isolate bGalGal1 chromosome 24, bGalGal1.mat.broiler.GRCg7b, whole genome shotgun sequence	T	17	4726046
NC_052555.1 Gallus gallus isolate bGalGal1 chromosome 24, bGalGal1.mat.broiler.GRCg7b, whole genome shotgun sequence	A	20	4735447
NC_052555.1 Gallus gallus isolate bGalGal1 chromosome 24, bGalGal1.mat.broiler.GRCg7b, whole genome shotgun sequence	A	19	4739525
NC_052555.1 Gallus gallus isolate bGalGal1 chromosome 24, bGalGal1.mat.broiler.GRCg7b, whole genome shotgun sequence	A	17	4760200
NC_052555.1 Gallus gallus isolate bGalGal1 chromosome 24, bGalGal1.mat.broiler.GRCg7b, whole genome shotgun sequence	T	28	4772144
NC_052555.1 Gallus gallus isolate bGalGal1 chromosome 24, bGalGal1.mat.broiler.GRCg7b, whole genome shotgun sequence	A	16	4783316
NC_052555.1 Gallus gallus isolate bGalGal1 chromosome 24, bGalGal1.mat.broiler.GRCg7b, whole genome shotgun sequence	A	20	4794196
NC_052555.1 Gallus gallus isolate bGalGal1 chromosome 24, bGalGal1.mat.broiler.GRCg7b, whole genome shotgun sequence	T	20	4830752
NC_052555.1 Gallus gallus isolate bGalGal1 chromosome 24, bGalGal1.mat.broiler.GRCg7b, whole genome shotgun sequence	G	16	4836360
NC_052555.1 Gallus gallus isolate bGalGal1 chromosome 24, bGalGal1.mat.broiler.GRCg7b, whole genome shotgun sequence	T	24	4836848
NC_052555.1 Gallus gallus isolate bGalGal1 chromosome 24, bGalGal1.mat.broiler.GRCg7b, whole genome shotgun sequence	A	19	4887868
NC_052555.1 Gallus gallus isolate bGalGal1 chromosome 24, bGalGal1.mat.broiler.GRCg7b, whole genome shotgun sequence	T	18	4941578
NC_052555.1 Gallus gallus isolate bGalGal1 chromosome 24, bGalGal1.mat.broiler.GRCg7b, whole genome shotgun sequence	T	18	4955572
NC_052555.1 Gallus gallus isolate bGalGal1 chromosome 24, bGalGal1.mat.broiler.GRCg7b, whole genome shotgun sequence	T	16	5018339
NC_052555.1 Gallus gallus isolate bGalGal1 chromosome 24, bGalGal1.mat.broiler.GRCg7b, whole genome shotgun sequence	G	20	5054607
NC_052555.1 Gallus gallus isolate bGalGal1 chromosome 24, bGalGal1.mat.broiler.GRCg7b, whole genome shotgun sequence	A	16	5068027
NC_052555.1 Gallus gallus isolate bGalGal1 chromosome 24, bGalGal1.mat.broiler.GRCg7b, whole genome shotgun sequence	A	18	5070239
NC_052555.1 Gallus gallus isolate bGalGal1 chromosome 24, bGalGal1.mat.broiler.GRCg7b, whole genome shotgun sequence	T	16	5081156
NC_052555.1 Gallus gallus isolate bGalGal1 chromosome 24, bGalGal1.mat.broiler.GRCg7b, whole genome shotgun sequence	T	16	5117577
NC_052555.1 Gallus gallus isolate bGalGal1 chromosome 24, bGalGal1.mat.broiler.GRCg7b, whole genome shotgun sequence	T	16	5140569
NC_052555.1 Gallus gallus isolate bGalGal1 chromosome 24, bGalGal1.mat.broiler.GRCg7b, whole genome shotgun sequence	A	27	5169285
NC_052555.1 Gallus gallus isolate bGalGal1 chromosome 24, bGalGal1.mat.broiler.GRCg7b, whole genome shotgun sequence	G	19	5169846
NC_052555.1 Gallus gallus isolate bGalGal1 chromosome 24, bGalGal1.mat.broiler.GRCg7b, whole genome shotgun sequence	A	21	5170897
NC_052555.1 Gallus gallus isolate bGalGal1 chromosome 24, bGalGal1.mat.broiler.GRCg7b, whole genome shotgun sequence	T	17	5234269
NC_052555.1 Gallus gallus isolate bGalGal1 chromosome 24, bGalGal1.mat.broiler.GRCg7b, whole genome shotgun sequence	G	16	5254575
NC_052555.1 Gallus gallus isolate bGalGal1 chromosome 24, bGalGal1.mat.broiler.GRCg7b, whole genome shotgun sequence	T	16	5299413
NC_052555.1 Gallus gallus isolate bGalGal1 chromosome 24, bGalGal1.mat.broiler.GRCg7b, whole genome shotgun sequence	T	16	5319185
NC_052555.1 Gallus gallus isolate bGalGal1 chromosome 24, bGalGal1.mat.broiler.GRCg7b, whole genome shotgun sequence	T	16	5380183
NC_052555.1 Gallus gallus isolate bGalGal1 chromosome 24, bGalGal1.mat.broiler.GRCg7b, whole genome shotgun sequence	C	22	5445908
NC_052555.1 Gallus gallus isolate bGalGal1 chromosome 24, bGalGal1.mat.broiler.GRCg7b, whole genome shotgun sequence	C	16	5461763
NC_052555.1 Gallus gallus isolate bGalGal1 chromosome 24, bGalGal1.mat.broiler.GRCg7b, whole genome shotgun sequence	C	16	5486112
NC_052555.1 Gallus gallus isolate bGalGal1 chromosome 24, bGalGal1.mat.broiler.GRCg7b, whole genome shotgun sequence	T	16	5533223
NC_052555.1 Gallus gallus isolate bGalGal1 chromosome 24, bGalGal1.mat.broiler.GRCg7b, whole genome shotgun sequence	C	21	5551812
NC_052555.1 Gallus gallus isolate bGalGal1 chromosome 24, bGalGal1.mat.broiler.GRCg7b, whole genome shotgun sequence	T	27	5565692
NC_052555.1 Gallus gallus isolate bGalGal1 chromosome 24, bGalGal1.mat.broiler.GRCg7b, whole genome shotgun sequence	T	17	5589926
NC_052555.1 Gallus gallus isolate bGalGal1 chromosome 24, bGalGal1.mat.broiler.GRCg7b, whole genome shotgun sequence	T	21	5663311
NC_052555.1 Gallus gallus isolate bGalGal1 chromosome 24, bGalGal1.mat.broiler.GRCg7b, whole genome shotgun sequence	G	17	5663470
NC_052555.1 Gallus gallus isolate bGalGal1 chromosome 24, bGalGal1.mat.broiler.GRCg7b, whole genome shotgun sequence	C	31	5668649
NC_052555.1 Gallus gallus isolate bGalGal1 chromosome 24, bGalGal1.mat.broiler.GRCg7b, whole genome shotgun sequence	T	22	5755691
NC_052555.1 Gallus gallus isolate bGalGal1 chromosome 24, bGalGal1.mat.broiler.GRCg7b, whole genome shotgun sequence	A	31	5803489
NC_052555.1 Gallus gallus isolate bGalGal1 chromosome 24, bGalGal1.mat.broiler.GRCg7b, whole genome shotgun sequence	A	16	5812635
NC_052555.1 Gallus gallus isolate bGalGal1 chromosome 24, bGalGal1.mat.broiler.GRCg7b, whole genome shotgun sequence	A	17	5843629
NC_052555.1 Gallus gallus isolate bGalGal1 chromosome 24, bGalGal1.mat.broiler.GRCg7b, whole genome shotgun sequence	T	20	5874544
NC_052555.1 Gallus gallus isolate bGalGal1 chromosome 24, bGalGal1.mat.broiler.GRCg7b, whole genome shotgun sequence	A	29	5895043
NC_052555.1 Gallus gallus isolate bGalGal1 chromosome 24, bGalGal1.mat.broiler.GRCg7b, whole genome shotgun sequence	G	24	5917838
NC_052555.1 Gallus gallus isolate bGalGal1 chromosome 24, bGalGal1.mat.broiler.GRCg7b, whole genome shotgun sequence	A	21	6062685
NC_052555.1 Gallus gallus isolate bGalGal1 chromosome 24, bGalGal1.mat.broiler.GRCg7b, whole genome shotgun sequence	A	19	6068613
NC_052555.1 Gallus gallus isolate bGalGal1 chromosome 24, bGalGal1.mat.broiler.GRCg7b, whole genome shotgun sequence	A	22	6097716
NC_052555.1 Gallus gallus isolate bGalGal1 chromosome 24, bGalGal1.mat.broiler.GRCg7b, whole genome shotgun sequence	A	21	6104105
NC_052555.1 Gallus gallus isolate bGalGal1 chromosome 24, bGalGal1.mat.broiler.GRCg7b, whole genome shotgun sequence	A	26	6124379
NC_052555.1 Gallus gallus isolate bGalGal1 chromosome 24, bGalGal1.mat.broiler.GRCg7b, whole genome shotgun sequence	T	25	6163892
NC_052555.1 Gallus gallus isolate bGalGal1 chromosome 24, bGalGal1.mat.broiler.GRCg7b, whole genome shotgun sequence	A	30	6184048
NC_052555.1 Gallus gallus isolate bGalGal1 chromosome 24, bGalGal1.mat.broiler.GRCg7b, whole genome shotgun sequence	A	31	6185414
NC_052555.1 Gallus gallus isolate bGalGal1 chromosome 24, bGalGal1.mat.broiler.GRCg7b, whole genome shotgun sequence	T	16	6198336
NC_052555.1 Gallus gallus isolate bGalGal1 chromosome 24, bGalGal1.mat.broiler.GRCg7b, whole genome shotgun sequence	A	19	6200758
NC_052555.1 Gallus gallus isolate bGalGal1 chromosome 24, bGalGal1.mat.broiler.GRCg7b, whole genome shotgun sequence	A	22	6206191
NC_052555.1 Gallus gallus isolate bGalGal1 chromosome 24, bGalGal1.mat.broiler.GRCg7b, whole genome shotgun sequence	A	19	6208047
NC_052555.1 Gallus gallus isolate bGalGal1 chromosome 24, bGalGal1.mat.broiler.GRCg7b, whole genome shotgun sequence	A	20	6211608
NC_052555.1 Gallus gallus isolate bGalGal1 chromosome 24, bGalGal1.mat.broiler.GRCg7b, whole genome shotgun sequence	T	17	6222769
NC_052555.1 Gallus gallus isolate bGalGal1 chromosome 24, bGalGal1.mat.broiler.GRCg7b, whole genome shotgun sequence	C	16	6265840
NC_052555.1 Gallus gallus isolate bGalGal1 chromosome 24, bGalGal1.mat.broiler.GRCg7b, whole genome shotgun sequence	T	17	6287275
NC_052555.1 Gallus gallus isolate bGalGal1 chromosome 24, bGalGal1.mat.broiler.GRCg7b, whole genome shotgun sequence	T	17	6289785
NC_052555.1 Gallus gallus isolate bGalGal1 chromosome 24, bGalGal1.mat.broiler.GRCg7b, whole genome shotgun sequence	T	19	6289841
NC_052555.1 Gallus gallus isolate bGalGal1 chromosome 24, bGalGal1.mat.broiler.GRCg7b, whole genome shotgun sequence	A	19	6310345
NC_052555.1 Gallus gallus isolate bGalGal1 chromosome 24, bGalGal1.mat.broiler.GRCg7b, whole genome shotgun sequence	T	20	6333509
NC_052555.1 Gallus gallus isolate bGalGal1 chromosome 24, bGalGal1.mat.broiler.GRCg7b, whole genome shotgun sequence	T	17	6345365
NC_052555.1 Gallus gallus isolate bGalGal1 chromosome 24, bGalGal1.mat.broiler.GRCg7b, whole genome shotgun sequence	A	17	6352387
NC_052555.1 Gallus gallus isolate bGalGal1 chromosome 24, bGalGal1.mat.broiler.GRCg7b, whole genome shotgun sequence	T	27	6369650
NC_052555.1 Gallus gallus isolate bGalGal1 chromosome 24, bGalGal1.mat.broiler.GRCg7b, whole genome shotgun sequence	A	26	6375493
NC_052555.1 Gallus gallus isolate bGalGal1 chromosome 24, bGalGal1.mat.broiler.GRCg7b, whole genome shotgun sequence	A	28	6389855
