#Sequence_Name	SSR	Repeats	Position
NC_052553.1 Gallus gallus isolate bGalGal1 chromosome 22, bGalGal1.mat.broiler.GRCg7b, whole genome shotgun sequence	CCCTT	27	3002067
NC_052553.1 Gallus gallus isolate bGalGal1 chromosome 22, bGalGal1.mat.broiler.GRCg7b, whole genome shotgun sequence	TG	15	3224507
NC_052553.1 Gallus gallus isolate bGalGal1 chromosome 22, bGalGal1.mat.broiler.GRCg7b, whole genome shotgun sequence	C	20	2968208
NC_052553.1 Gallus gallus isolate bGalGal1 chromosome 22, bGalGal1.mat.broiler.GRCg7b, whole genome shotgun sequence	C	19	2968602
NC_052553.1 Gallus gallus isolate bGalGal1 chromosome 22, bGalGal1.mat.broiler.GRCg7b, whole genome shotgun sequence	G	19	2970063
NC_052553.1 Gallus gallus isolate bGalGal1 chromosome 22, bGalGal1.mat.broiler.GRCg7b, whole genome shotgun sequence	G	16	2978114
NC_052553.1 Gallus gallus isolate bGalGal1 chromosome 22, bGalGal1.mat.broiler.GRCg7b, whole genome shotgun sequence	G	17	2978726
NC_052553.1 Gallus gallus isolate bGalGal1 chromosome 22, bGalGal1.mat.broiler.GRCg7b, whole genome shotgun sequence	G	16	2989410
NC_052553.1 Gallus gallus isolate bGalGal1 chromosome 22, bGalGal1.mat.broiler.GRCg7b, whole genome shotgun sequence	G	18	3042462
NC_052553.1 Gallus gallus isolate bGalGal1 chromosome 22, bGalGal1.mat.broiler.GRCg7b, whole genome shotgun sequence	C	32	3042570
NC_052553.1 Gallus gallus isolate bGalGal1 chromosome 22, bGalGal1.mat.broiler.GRCg7b, whole genome shotgun sequence	C	16	3042659
NC_052553.1 Gallus gallus isolate bGalGal1 chromosome 22, bGalGal1.mat.broiler.GRCg7b, whole genome shotgun sequence	C	22	3099801
NC_052553.1 Gallus gallus isolate bGalGal1 chromosome 22, bGalGal1.mat.broiler.GRCg7b, whole genome shotgun sequence	G	19	3107581
NC_052553.1 Gallus gallus isolate bGalGal1 chromosome 22, bGalGal1.mat.broiler.GRCg7b, whole genome shotgun sequence	C	16	3110828
NC_052553.1 Gallus gallus isolate bGalGal1 chromosome 22, bGalGal1.mat.broiler.GRCg7b, whole genome shotgun sequence	T	18	3112323
NC_052553.1 Gallus gallus isolate bGalGal1 chromosome 22, bGalGal1.mat.broiler.GRCg7b, whole genome shotgun sequence	A	18	3112658
NC_052553.1 Gallus gallus isolate bGalGal1 chromosome 22, bGalGal1.mat.broiler.GRCg7b, whole genome shotgun sequence	T	22	3115748
NC_052553.1 Gallus gallus isolate bGalGal1 chromosome 22, bGalGal1.mat.broiler.GRCg7b, whole genome shotgun sequence	A	22	3128584
NC_052553.1 Gallus gallus isolate bGalGal1 chromosome 22, bGalGal1.mat.broiler.GRCg7b, whole genome shotgun sequence	A	16	3130218
NC_052553.1 Gallus gallus isolate bGalGal1 chromosome 22, bGalGal1.mat.broiler.GRCg7b, whole genome shotgun sequence	C	18	3133799
NC_052553.1 Gallus gallus isolate bGalGal1 chromosome 22, bGalGal1.mat.broiler.GRCg7b, whole genome shotgun sequence	A	21	3135823
NC_052553.1 Gallus gallus isolate bGalGal1 chromosome 22, bGalGal1.mat.broiler.GRCg7b, whole genome shotgun sequence	C	21	3141923
NC_052553.1 Gallus gallus isolate bGalGal1 chromosome 22, bGalGal1.mat.broiler.GRCg7b, whole genome shotgun sequence	G	19	3151324
NC_052553.1 Gallus gallus isolate bGalGal1 chromosome 22, bGalGal1.mat.broiler.GRCg7b, whole genome shotgun sequence	G	16	3151895
NC_052553.1 Gallus gallus isolate bGalGal1 chromosome 22, bGalGal1.mat.broiler.GRCg7b, whole genome shotgun sequence	G	16	3152041
NC_052553.1 Gallus gallus isolate bGalGal1 chromosome 22, bGalGal1.mat.broiler.GRCg7b, whole genome shotgun sequence	T	16	3155625
NC_052553.1 Gallus gallus isolate bGalGal1 chromosome 22, bGalGal1.mat.broiler.GRCg7b, whole genome shotgun sequence	A	16	3193129
NC_052553.1 Gallus gallus isolate bGalGal1 chromosome 22, bGalGal1.mat.broiler.GRCg7b, whole genome shotgun sequence	A	27	3199105
NC_052553.1 Gallus gallus isolate bGalGal1 chromosome 22, bGalGal1.mat.broiler.GRCg7b, whole genome shotgun sequence	G	16	3291254
NC_052553.1 Gallus gallus isolate bGalGal1 chromosome 22, bGalGal1.mat.broiler.GRCg7b, whole genome shotgun sequence	G	17	3292939
NC_052553.1 Gallus gallus isolate bGalGal1 chromosome 22, bGalGal1.mat.broiler.GRCg7b, whole genome shotgun sequence	G	20	3298433
NC_052553.1 Gallus gallus isolate bGalGal1 chromosome 22, bGalGal1.mat.broiler.GRCg7b, whole genome shotgun sequence	G	16	3298756
NC_052553.1 Gallus gallus isolate bGalGal1 chromosome 22, bGalGal1.mat.broiler.GRCg7b, whole genome shotgun sequence	C	19	3298936
NC_052553.1 Gallus gallus isolate bGalGal1 chromosome 22, bGalGal1.mat.broiler.GRCg7b, whole genome shotgun sequence	T	16	3311059
NC_052553.1 Gallus gallus isolate bGalGal1 chromosome 22, bGalGal1.mat.broiler.GRCg7b, whole genome shotgun sequence	A	18	3314041
NC_052553.1 Gallus gallus isolate bGalGal1 chromosome 22, bGalGal1.mat.broiler.GRCg7b, whole genome shotgun sequence	G	17	3314361
NC_052553.1 Gallus gallus isolate bGalGal1 chromosome 22, bGalGal1.mat.broiler.GRCg7b, whole genome shotgun sequence	C	21	3317054
NC_052553.1 Gallus gallus isolate bGalGal1 chromosome 22, bGalGal1.mat.broiler.GRCg7b, whole genome shotgun sequence	G	18	3317192
NC_052553.1 Gallus gallus isolate bGalGal1 chromosome 22, bGalGal1.mat.broiler.GRCg7b, whole genome shotgun sequence	G	17	3333269
NC_052553.1 Gallus gallus isolate bGalGal1 chromosome 22, bGalGal1.mat.broiler.GRCg7b, whole genome shotgun sequence	C	18	3336324
NC_052553.1 Gallus gallus isolate bGalGal1 chromosome 22, bGalGal1.mat.broiler.GRCg7b, whole genome shotgun sequence	G	32	3352595
NC_052553.1 Gallus gallus isolate bGalGal1 chromosome 22, bGalGal1.mat.broiler.GRCg7b, whole genome shotgun sequence	GGATG	14	2327997
NC_052553.1 Gallus gallus isolate bGalGal1 chromosome 22, bGalGal1.mat.broiler.GRCg7b, whole genome shotgun sequence	GAGGA	55	2568364
NC_052553.1 Gallus gallus isolate bGalGal1 chromosome 22, bGalGal1.mat.broiler.GRCg7b, whole genome shotgun sequence	AAAG	24	2416539
NC_052553.1 Gallus gallus isolate bGalGal1 chromosome 22, bGalGal1.mat.broiler.GRCg7b, whole genome shotgun sequence	TC	16	1517843
NC_052553.1 Gallus gallus isolate bGalGal1 chromosome 22, bGalGal1.mat.broiler.GRCg7b, whole genome shotgun sequence	C	18	1492723
NC_052553.1 Gallus gallus isolate bGalGal1 chromosome 22, bGalGal1.mat.broiler.GRCg7b, whole genome shotgun sequence	G	20	1497492
NC_052553.1 Gallus gallus isolate bGalGal1 chromosome 22, bGalGal1.mat.broiler.GRCg7b, whole genome shotgun sequence	G	17	1498002
NC_052553.1 Gallus gallus isolate bGalGal1 chromosome 22, bGalGal1.mat.broiler.GRCg7b, whole genome shotgun sequence	C	16	1498805
NC_052553.1 Gallus gallus isolate bGalGal1 chromosome 22, bGalGal1.mat.broiler.GRCg7b, whole genome shotgun sequence	C	17	1507713
NC_052553.1 Gallus gallus isolate bGalGal1 chromosome 22, bGalGal1.mat.broiler.GRCg7b, whole genome shotgun sequence	G	17	1508227
NC_052553.1 Gallus gallus isolate bGalGal1 chromosome 22, bGalGal1.mat.broiler.GRCg7b, whole genome shotgun sequence	G	16	1509782
NC_052553.1 Gallus gallus isolate bGalGal1 chromosome 22, bGalGal1.mat.broiler.GRCg7b, whole genome shotgun sequence	G	16	1511493
NC_052553.1 Gallus gallus isolate bGalGal1 chromosome 22, bGalGal1.mat.broiler.GRCg7b, whole genome shotgun sequence	C	20	1512141
NC_052553.1 Gallus gallus isolate bGalGal1 chromosome 22, bGalGal1.mat.broiler.GRCg7b, whole genome shotgun sequence	G	20	1512193
NC_052553.1 Gallus gallus isolate bGalGal1 chromosome 22, bGalGal1.mat.broiler.GRCg7b, whole genome shotgun sequence	C	21	1512789
NC_052553.1 Gallus gallus isolate bGalGal1 chromosome 22, bGalGal1.mat.broiler.GRCg7b, whole genome shotgun sequence	G	16	1517622
NC_052553.1 Gallus gallus isolate bGalGal1 chromosome 22, bGalGal1.mat.broiler.GRCg7b, whole genome shotgun sequence	T	16	1518032
NC_052553.1 Gallus gallus isolate bGalGal1 chromosome 22, bGalGal1.mat.broiler.GRCg7b, whole genome shotgun sequence	T	21	1572363
NC_052553.1 Gallus gallus isolate bGalGal1 chromosome 22, bGalGal1.mat.broiler.GRCg7b, whole genome shotgun sequence	T	16	1578357
NC_052553.1 Gallus gallus isolate bGalGal1 chromosome 22, bGalGal1.mat.broiler.GRCg7b, whole genome shotgun sequence	T	19	1606920
NC_052553.1 Gallus gallus isolate bGalGal1 chromosome 22, bGalGal1.mat.broiler.GRCg7b, whole genome shotgun sequence	A	21	1629296
NC_052553.1 Gallus gallus isolate bGalGal1 chromosome 22, bGalGal1.mat.broiler.GRCg7b, whole genome shotgun sequence	T	17	1629336
NC_052553.1 Gallus gallus isolate bGalGal1 chromosome 22, bGalGal1.mat.broiler.GRCg7b, whole genome shotgun sequence	G	16	1669543
NC_052553.1 Gallus gallus isolate bGalGal1 chromosome 22, bGalGal1.mat.broiler.GRCg7b, whole genome shotgun sequence	A	18	1689370
NC_052553.1 Gallus gallus isolate bGalGal1 chromosome 22, bGalGal1.mat.broiler.GRCg7b, whole genome shotgun sequence	T	16	1699925
NC_052553.1 Gallus gallus isolate bGalGal1 chromosome 22, bGalGal1.mat.broiler.GRCg7b, whole genome shotgun sequence	T	19	1706145
NC_052553.1 Gallus gallus isolate bGalGal1 chromosome 22, bGalGal1.mat.broiler.GRCg7b, whole genome shotgun sequence	C	22	1710803
NC_052553.1 Gallus gallus isolate bGalGal1 chromosome 22, bGalGal1.mat.broiler.GRCg7b, whole genome shotgun sequence	G	21	1720627
NC_052553.1 Gallus gallus isolate bGalGal1 chromosome 22, bGalGal1.mat.broiler.GRCg7b, whole genome shotgun sequence	G	16	1789073
NC_052553.1 Gallus gallus isolate bGalGal1 chromosome 22, bGalGal1.mat.broiler.GRCg7b, whole genome shotgun sequence	G	19	1792528
NC_052553.1 Gallus gallus isolate bGalGal1 chromosome 22, bGalGal1.mat.broiler.GRCg7b, whole genome shotgun sequence	C	18	1836236
NC_052553.1 Gallus gallus isolate bGalGal1 chromosome 22, bGalGal1.mat.broiler.GRCg7b, whole genome shotgun sequence	A	17	1993024
NC_052553.1 Gallus gallus isolate bGalGal1 chromosome 22, bGalGal1.mat.broiler.GRCg7b, whole genome shotgun sequence	C	24	1999805
NC_052553.1 Gallus gallus isolate bGalGal1 chromosome 22, bGalGal1.mat.broiler.GRCg7b, whole genome shotgun sequence	T	17	2001163
NC_052553.1 Gallus gallus isolate bGalGal1 chromosome 22, bGalGal1.mat.broiler.GRCg7b, whole genome shotgun sequence	T	17	2033835
NC_052553.1 Gallus gallus isolate bGalGal1 chromosome 22, bGalGal1.mat.broiler.GRCg7b, whole genome shotgun sequence	G	16	2153037
NC_052553.1 Gallus gallus isolate bGalGal1 chromosome 22, bGalGal1.mat.broiler.GRCg7b, whole genome shotgun sequence	G	16	2159936
NC_052553.1 Gallus gallus isolate bGalGal1 chromosome 22, bGalGal1.mat.broiler.GRCg7b, whole genome shotgun sequence	A	16	2232930
NC_052553.1 Gallus gallus isolate bGalGal1 chromosome 22, bGalGal1.mat.broiler.GRCg7b, whole genome shotgun sequence	A	16	2258101
NC_052553.1 Gallus gallus isolate bGalGal1 chromosome 22, bGalGal1.mat.broiler.GRCg7b, whole genome shotgun sequence	A	16	2278329
NC_052553.1 Gallus gallus isolate bGalGal1 chromosome 22, bGalGal1.mat.broiler.GRCg7b, whole genome shotgun sequence	A	17	2340639
NC_052553.1 Gallus gallus isolate bGalGal1 chromosome 22, bGalGal1.mat.broiler.GRCg7b, whole genome shotgun sequence	T	16	2340765
NC_052553.1 Gallus gallus isolate bGalGal1 chromosome 22, bGalGal1.mat.broiler.GRCg7b, whole genome shotgun sequence	A	17	2340857
NC_052553.1 Gallus gallus isolate bGalGal1 chromosome 22, bGalGal1.mat.broiler.GRCg7b, whole genome shotgun sequence	A	17	2353318
NC_052553.1 Gallus gallus isolate bGalGal1 chromosome 22, bGalGal1.mat.broiler.GRCg7b, whole genome shotgun sequence	G	29	2426698
NC_052553.1 Gallus gallus isolate bGalGal1 chromosome 22, bGalGal1.mat.broiler.GRCg7b, whole genome shotgun sequence	G	18	2447649
NC_052553.1 Gallus gallus isolate bGalGal1 chromosome 22, bGalGal1.mat.broiler.GRCg7b, whole genome shotgun sequence	T	18	2461863
NC_052553.1 Gallus gallus isolate bGalGal1 chromosome 22, bGalGal1.mat.broiler.GRCg7b, whole genome shotgun sequence	G	25	2503597
NC_052553.1 Gallus gallus isolate bGalGal1 chromosome 22, bGalGal1.mat.broiler.GRCg7b, whole genome shotgun sequence	G	16	2504261
NC_052553.1 Gallus gallus isolate bGalGal1 chromosome 22, bGalGal1.mat.broiler.GRCg7b, whole genome shotgun sequence	G	23	2504946
NC_052553.1 Gallus gallus isolate bGalGal1 chromosome 22, bGalGal1.mat.broiler.GRCg7b, whole genome shotgun sequence	A	28	2553849
NC_052553.1 Gallus gallus isolate bGalGal1 chromosome 22, bGalGal1.mat.broiler.GRCg7b, whole genome shotgun sequence	G	21	2639888
NC_052553.1 Gallus gallus isolate bGalGal1 chromosome 22, bGalGal1.mat.broiler.GRCg7b, whole genome shotgun sequence	A	17	2684923
NC_052553.1 Gallus gallus isolate bGalGal1 chromosome 22, bGalGal1.mat.broiler.GRCg7b, whole genome shotgun sequence	T	19	2703422
NC_052553.1 Gallus gallus isolate bGalGal1 chromosome 22, bGalGal1.mat.broiler.GRCg7b, whole genome shotgun sequence	C	17	2760441
NC_052553.1 Gallus gallus isolate bGalGal1 chromosome 22, bGalGal1.mat.broiler.GRCg7b, whole genome shotgun sequence	T	17	2763421
NC_052553.1 Gallus gallus isolate bGalGal1 chromosome 22, bGalGal1.mat.broiler.GRCg7b, whole genome shotgun sequence	G	25	2768972
NC_052553.1 Gallus gallus isolate bGalGal1 chromosome 22, bGalGal1.mat.broiler.GRCg7b, whole genome shotgun sequence	C	20	2829162
NC_052553.1 Gallus gallus isolate bGalGal1 chromosome 22, bGalGal1.mat.broiler.GRCg7b, whole genome shotgun sequence	A	16	2835407
NC_052553.1 Gallus gallus isolate bGalGal1 chromosome 22, bGalGal1.mat.broiler.GRCg7b, whole genome shotgun sequence	T	20	2840026
NC_052553.1 Gallus gallus isolate bGalGal1 chromosome 22, bGalGal1.mat.broiler.GRCg7b, whole genome shotgun sequence	T	25	2840676
NC_052553.1 Gallus gallus isolate bGalGal1 chromosome 22, bGalGal1.mat.broiler.GRCg7b, whole genome shotgun sequence	A	17	2848620
NC_052553.1 Gallus gallus isolate bGalGal1 chromosome 22, bGalGal1.mat.broiler.GRCg7b, whole genome shotgun sequence	A	26	2850394
NC_052553.1 Gallus gallus isolate bGalGal1 chromosome 22, bGalGal1.mat.broiler.GRCg7b, whole genome shotgun sequence	A	39	2851035
NC_052553.1 Gallus gallus isolate bGalGal1 chromosome 22, bGalGal1.mat.broiler.GRCg7b, whole genome shotgun sequence	A	19	2859061
NC_052553.1 Gallus gallus isolate bGalGal1 chromosome 22, bGalGal1.mat.broiler.GRCg7b, whole genome shotgun sequence	T	25	2860518
NC_052553.1 Gallus gallus isolate bGalGal1 chromosome 22, bGalGal1.mat.broiler.GRCg7b, whole genome shotgun sequence	T	18	2869423
NC_052553.1 Gallus gallus isolate bGalGal1 chromosome 22, bGalGal1.mat.broiler.GRCg7b, whole genome shotgun sequence	G	21	2915206
NC_052553.1 Gallus gallus isolate bGalGal1 chromosome 22, bGalGal1.mat.broiler.GRCg7b, whole genome shotgun sequence	A	18	2918994
NC_052553.1 Gallus gallus isolate bGalGal1 chromosome 22, bGalGal1.mat.broiler.GRCg7b, whole genome shotgun sequence	CCTAAC	441	9144
NC_052553.1 Gallus gallus isolate bGalGal1 chromosome 22, bGalGal1.mat.broiler.GRCg7b, whole genome shotgun sequence	AACCCT	18	11794
NC_052553.1 Gallus gallus isolate bGalGal1 chromosome 22, bGalGal1.mat.broiler.GRCg7b, whole genome shotgun sequence	CCTAAC	20	11904
NC_052553.1 Gallus gallus isolate bGalGal1 chromosome 22, bGalGal1.mat.broiler.GRCg7b, whole genome shotgun sequence	CCTAAC	45	12028
NC_052553.1 Gallus gallus isolate bGalGal1 chromosome 22, bGalGal1.mat.broiler.GRCg7b, whole genome shotgun sequence	CCTAAC	19	12297
NC_052553.1 Gallus gallus isolate bGalGal1 chromosome 22, bGalGal1.mat.broiler.GRCg7b, whole genome shotgun sequence	CCTAAC	31	12421
NC_052553.1 Gallus gallus isolate bGalGal1 chromosome 22, bGalGal1.mat.broiler.GRCg7b, whole genome shotgun sequence	AACCCT	25	12611
NC_052553.1 Gallus gallus isolate bGalGal1 chromosome 22, bGalGal1.mat.broiler.GRCg7b, whole genome shotgun sequence	AACCCT	38	12762
NC_052553.1 Gallus gallus isolate bGalGal1 chromosome 22, bGalGal1.mat.broiler.GRCg7b, whole genome shotgun sequence	ACCCTA	58	13092
NC_052553.1 Gallus gallus isolate bGalGal1 chromosome 22, bGalGal1.mat.broiler.GRCg7b, whole genome shotgun sequence	CCTAAC	16	13518
NC_052553.1 Gallus gallus isolate bGalGal1 chromosome 22, bGalGal1.mat.broiler.GRCg7b, whole genome shotgun sequence	ACCCTA	24	13693
NC_052553.1 Gallus gallus isolate bGalGal1 chromosome 22, bGalGal1.mat.broiler.GRCg7b, whole genome shotgun sequence	CCTAAC	25	14265
NC_052553.1 Gallus gallus isolate bGalGal1 chromosome 22, bGalGal1.mat.broiler.GRCg7b, whole genome shotgun sequence	CCTAAC	35	14537
NC_052553.1 Gallus gallus isolate bGalGal1 chromosome 22, bGalGal1.mat.broiler.GRCg7b, whole genome shotgun sequence	ACCCTA	38	14750
NC_052553.1 Gallus gallus isolate bGalGal1 chromosome 22, bGalGal1.mat.broiler.GRCg7b, whole genome shotgun sequence	CCTAAC	24	15038
NC_052553.1 Gallus gallus isolate bGalGal1 chromosome 22, bGalGal1.mat.broiler.GRCg7b, whole genome shotgun sequence	CCTAAC	23	15234
NC_052553.1 Gallus gallus isolate bGalGal1 chromosome 22, bGalGal1.mat.broiler.GRCg7b, whole genome shotgun sequence	CCTAAC	58	15447
NC_052553.1 Gallus gallus isolate bGalGal1 chromosome 22, bGalGal1.mat.broiler.GRCg7b, whole genome shotgun sequence	CCTAAC	24	15794
NC_052553.1 Gallus gallus isolate bGalGal1 chromosome 22, bGalGal1.mat.broiler.GRCg7b, whole genome shotgun sequence	CCTAAC	24	16252
NC_052553.1 Gallus gallus isolate bGalGal1 chromosome 22, bGalGal1.mat.broiler.GRCg7b, whole genome shotgun sequence	CCTAAC	27	16659
NC_052553.1 Gallus gallus isolate bGalGal1 chromosome 22, bGalGal1.mat.broiler.GRCg7b, whole genome shotgun sequence	CCTAAC	29	16820
NC_052553.1 Gallus gallus isolate bGalGal1 chromosome 22, bGalGal1.mat.broiler.GRCg7b, whole genome shotgun sequence	CCTAAC	36	17010
NC_052553.1 Gallus gallus isolate bGalGal1 chromosome 22, bGalGal1.mat.broiler.GRCg7b, whole genome shotgun sequence	CCCTAA	31	17227
NC_052553.1 Gallus gallus isolate bGalGal1 chromosome 22, bGalGal1.mat.broiler.GRCg7b, whole genome shotgun sequence	AACCCT	24	17413
NC_052553.1 Gallus gallus isolate bGalGal1 chromosome 22, bGalGal1.mat.broiler.GRCg7b, whole genome shotgun sequence	CCTAAC	15	17681
NC_052553.1 Gallus gallus isolate bGalGal1 chromosome 22, bGalGal1.mat.broiler.GRCg7b, whole genome shotgun sequence	CCTAAC	26	17841
NC_052553.1 Gallus gallus isolate bGalGal1 chromosome 22, bGalGal1.mat.broiler.GRCg7b, whole genome shotgun sequence	AACCCT	19	18004
NC_052553.1 Gallus gallus isolate bGalGal1 chromosome 22, bGalGal1.mat.broiler.GRCg7b, whole genome shotgun sequence	CCTAAC	35	18120
NC_052553.1 Gallus gallus isolate bGalGal1 chromosome 22, bGalGal1.mat.broiler.GRCg7b, whole genome shotgun sequence	CCTAAC	829	18364
NC_052553.1 Gallus gallus isolate bGalGal1 chromosome 22, bGalGal1.mat.broiler.GRCg7b, whole genome shotgun sequence	CTTTC	28	325659
NC_052553.1 Gallus gallus isolate bGalGal1 chromosome 22, bGalGal1.mat.broiler.GRCg7b, whole genome shotgun sequence	CCTTC	66	325798
NC_052553.1 Gallus gallus isolate bGalGal1 chromosome 22, bGalGal1.mat.broiler.GRCg7b, whole genome shotgun sequence	AAGGC	22	492970
NC_052553.1 Gallus gallus isolate bGalGal1 chromosome 22, bGalGal1.mat.broiler.GRCg7b, whole genome shotgun sequence	AAGAG	48	493080
NC_052553.1 Gallus gallus isolate bGalGal1 chromosome 22, bGalGal1.mat.broiler.GRCg7b, whole genome shotgun sequence	TCCTT	41	1013113
NC_052553.1 Gallus gallus isolate bGalGal1 chromosome 22, bGalGal1.mat.broiler.GRCg7b, whole genome shotgun sequence	GAGAG	59	1322785
NC_052553.1 Gallus gallus isolate bGalGal1 chromosome 22, bGalGal1.mat.broiler.GRCg7b, whole genome shotgun sequence	CA	18	1488514
NC_052553.1 Gallus gallus isolate bGalGal1 chromosome 22, bGalGal1.mat.broiler.GRCg7b, whole genome shotgun sequence	T	20	147791
NC_052553.1 Gallus gallus isolate bGalGal1 chromosome 22, bGalGal1.mat.broiler.GRCg7b, whole genome shotgun sequence	C	17	149437
NC_052553.1 Gallus gallus isolate bGalGal1 chromosome 22, bGalGal1.mat.broiler.GRCg7b, whole genome shotgun sequence	T	18	242429
NC_052553.1 Gallus gallus isolate bGalGal1 chromosome 22, bGalGal1.mat.broiler.GRCg7b, whole genome shotgun sequence	A	18	258224
NC_052553.1 Gallus gallus isolate bGalGal1 chromosome 22, bGalGal1.mat.broiler.GRCg7b, whole genome shotgun sequence	T	20	335062
NC_052553.1 Gallus gallus isolate bGalGal1 chromosome 22, bGalGal1.mat.broiler.GRCg7b, whole genome shotgun sequence	A	16	339376
NC_052553.1 Gallus gallus isolate bGalGal1 chromosome 22, bGalGal1.mat.broiler.GRCg7b, whole genome shotgun sequence	T	17	359671
NC_052553.1 Gallus gallus isolate bGalGal1 chromosome 22, bGalGal1.mat.broiler.GRCg7b, whole genome shotgun sequence	A	18	467366
NC_052553.1 Gallus gallus isolate bGalGal1 chromosome 22, bGalGal1.mat.broiler.GRCg7b, whole genome shotgun sequence	A	26	479992
NC_052553.1 Gallus gallus isolate bGalGal1 chromosome 22, bGalGal1.mat.broiler.GRCg7b, whole genome shotgun sequence	T	16	512554
NC_052553.1 Gallus gallus isolate bGalGal1 chromosome 22, bGalGal1.mat.broiler.GRCg7b, whole genome shotgun sequence	G	18	514382
NC_052553.1 Gallus gallus isolate bGalGal1 chromosome 22, bGalGal1.mat.broiler.GRCg7b, whole genome shotgun sequence	A	19	514661
NC_052553.1 Gallus gallus isolate bGalGal1 chromosome 22, bGalGal1.mat.broiler.GRCg7b, whole genome shotgun sequence	A	19	519149
NC_052553.1 Gallus gallus isolate bGalGal1 chromosome 22, bGalGal1.mat.broiler.GRCg7b, whole genome shotgun sequence	A	16	525093
NC_052553.1 Gallus gallus isolate bGalGal1 chromosome 22, bGalGal1.mat.broiler.GRCg7b, whole genome shotgun sequence	G	20	546712
NC_052553.1 Gallus gallus isolate bGalGal1 chromosome 22, bGalGal1.mat.broiler.GRCg7b, whole genome shotgun sequence	C	17	659294
NC_052553.1 Gallus gallus isolate bGalGal1 chromosome 22, bGalGal1.mat.broiler.GRCg7b, whole genome shotgun sequence	C	22	662564
NC_052553.1 Gallus gallus isolate bGalGal1 chromosome 22, bGalGal1.mat.broiler.GRCg7b, whole genome shotgun sequence	A	19	670114
NC_052553.1 Gallus gallus isolate bGalGal1 chromosome 22, bGalGal1.mat.broiler.GRCg7b, whole genome shotgun sequence	A	17	682335
NC_052553.1 Gallus gallus isolate bGalGal1 chromosome 22, bGalGal1.mat.broiler.GRCg7b, whole genome shotgun sequence	C	17	686624
NC_052553.1 Gallus gallus isolate bGalGal1 chromosome 22, bGalGal1.mat.broiler.GRCg7b, whole genome shotgun sequence	A	20	694459
NC_052553.1 Gallus gallus isolate bGalGal1 chromosome 22, bGalGal1.mat.broiler.GRCg7b, whole genome shotgun sequence	A	25	727449
NC_052553.1 Gallus gallus isolate bGalGal1 chromosome 22, bGalGal1.mat.broiler.GRCg7b, whole genome shotgun sequence	A	18	728549
NC_052553.1 Gallus gallus isolate bGalGal1 chromosome 22, bGalGal1.mat.broiler.GRCg7b, whole genome shotgun sequence	C	22	739868
NC_052553.1 Gallus gallus isolate bGalGal1 chromosome 22, bGalGal1.mat.broiler.GRCg7b, whole genome shotgun sequence	T	19	751805
NC_052553.1 Gallus gallus isolate bGalGal1 chromosome 22, bGalGal1.mat.broiler.GRCg7b, whole genome shotgun sequence	A	32	752093
NC_052553.1 Gallus gallus isolate bGalGal1 chromosome 22, bGalGal1.mat.broiler.GRCg7b, whole genome shotgun sequence	A	31	754068
NC_052553.1 Gallus gallus isolate bGalGal1 chromosome 22, bGalGal1.mat.broiler.GRCg7b, whole genome shotgun sequence	A	17	755044
NC_052553.1 Gallus gallus isolate bGalGal1 chromosome 22, bGalGal1.mat.broiler.GRCg7b, whole genome shotgun sequence	T	23	771959
NC_052553.1 Gallus gallus isolate bGalGal1 chromosome 22, bGalGal1.mat.broiler.GRCg7b, whole genome shotgun sequence	T	19	783312
NC_052553.1 Gallus gallus isolate bGalGal1 chromosome 22, bGalGal1.mat.broiler.GRCg7b, whole genome shotgun sequence	T	26	788992
NC_052553.1 Gallus gallus isolate bGalGal1 chromosome 22, bGalGal1.mat.broiler.GRCg7b, whole genome shotgun sequence	A	21	790903
NC_052553.1 Gallus gallus isolate bGalGal1 chromosome 22, bGalGal1.mat.broiler.GRCg7b, whole genome shotgun sequence	T	19	817579
NC_052553.1 Gallus gallus isolate bGalGal1 chromosome 22, bGalGal1.mat.broiler.GRCg7b, whole genome shotgun sequence	A	17	862718
NC_052553.1 Gallus gallus isolate bGalGal1 chromosome 22, bGalGal1.mat.broiler.GRCg7b, whole genome shotgun sequence	A	20	864093
NC_052553.1 Gallus gallus isolate bGalGal1 chromosome 22, bGalGal1.mat.broiler.GRCg7b, whole genome shotgun sequence	G	20	871412
NC_052553.1 Gallus gallus isolate bGalGal1 chromosome 22, bGalGal1.mat.broiler.GRCg7b, whole genome shotgun sequence	T	20	905986
NC_052553.1 Gallus gallus isolate bGalGal1 chromosome 22, bGalGal1.mat.broiler.GRCg7b, whole genome shotgun sequence	A	18	950923
NC_052553.1 Gallus gallus isolate bGalGal1 chromosome 22, bGalGal1.mat.broiler.GRCg7b, whole genome shotgun sequence	A	16	962853
NC_052553.1 Gallus gallus isolate bGalGal1 chromosome 22, bGalGal1.mat.broiler.GRCg7b, whole genome shotgun sequence	T	19	997741
NC_052553.1 Gallus gallus isolate bGalGal1 chromosome 22, bGalGal1.mat.broiler.GRCg7b, whole genome shotgun sequence	T	21	1037310
NC_052553.1 Gallus gallus isolate bGalGal1 chromosome 22, bGalGal1.mat.broiler.GRCg7b, whole genome shotgun sequence	G	16	1072309
NC_052553.1 Gallus gallus isolate bGalGal1 chromosome 22, bGalGal1.mat.broiler.GRCg7b, whole genome shotgun sequence	T	16	1094706
NC_052553.1 Gallus gallus isolate bGalGal1 chromosome 22, bGalGal1.mat.broiler.GRCg7b, whole genome shotgun sequence	A	16	1138260
NC_052553.1 Gallus gallus isolate bGalGal1 chromosome 22, bGalGal1.mat.broiler.GRCg7b, whole genome shotgun sequence	T	16	1148872
NC_052553.1 Gallus gallus isolate bGalGal1 chromosome 22, bGalGal1.mat.broiler.GRCg7b, whole genome shotgun sequence	C	23	1160295
NC_052553.1 Gallus gallus isolate bGalGal1 chromosome 22, bGalGal1.mat.broiler.GRCg7b, whole genome shotgun sequence	T	23	1170022
NC_052553.1 Gallus gallus isolate bGalGal1 chromosome 22, bGalGal1.mat.broiler.GRCg7b, whole genome shotgun sequence	T	16	1175757
NC_052553.1 Gallus gallus isolate bGalGal1 chromosome 22, bGalGal1.mat.broiler.GRCg7b, whole genome shotgun sequence	A	16	1190342
NC_052553.1 Gallus gallus isolate bGalGal1 chromosome 22, bGalGal1.mat.broiler.GRCg7b, whole genome shotgun sequence	C	20	1194649
NC_052553.1 Gallus gallus isolate bGalGal1 chromosome 22, bGalGal1.mat.broiler.GRCg7b, whole genome shotgun sequence	A	21	1197379
NC_052553.1 Gallus gallus isolate bGalGal1 chromosome 22, bGalGal1.mat.broiler.GRCg7b, whole genome shotgun sequence	T	19	1197653
NC_052553.1 Gallus gallus isolate bGalGal1 chromosome 22, bGalGal1.mat.broiler.GRCg7b, whole genome shotgun sequence	T	18	1206245
NC_052553.1 Gallus gallus isolate bGalGal1 chromosome 22, bGalGal1.mat.broiler.GRCg7b, whole genome shotgun sequence	T	40	1207509
NC_052553.1 Gallus gallus isolate bGalGal1 chromosome 22, bGalGal1.mat.broiler.GRCg7b, whole genome shotgun sequence	T	19	1210291
NC_052553.1 Gallus gallus isolate bGalGal1 chromosome 22, bGalGal1.mat.broiler.GRCg7b, whole genome shotgun sequence	A	17	1212144
NC_052553.1 Gallus gallus isolate bGalGal1 chromosome 22, bGalGal1.mat.broiler.GRCg7b, whole genome shotgun sequence	C	30	1216950
NC_052553.1 Gallus gallus isolate bGalGal1 chromosome 22, bGalGal1.mat.broiler.GRCg7b, whole genome shotgun sequence	C	22	1217313
NC_052553.1 Gallus gallus isolate bGalGal1 chromosome 22, bGalGal1.mat.broiler.GRCg7b, whole genome shotgun sequence	A	16	1226450
NC_052553.1 Gallus gallus isolate bGalGal1 chromosome 22, bGalGal1.mat.broiler.GRCg7b, whole genome shotgun sequence	A	18	1233200
NC_052553.1 Gallus gallus isolate bGalGal1 chromosome 22, bGalGal1.mat.broiler.GRCg7b, whole genome shotgun sequence	A	20	1233623
NC_052553.1 Gallus gallus isolate bGalGal1 chromosome 22, bGalGal1.mat.broiler.GRCg7b, whole genome shotgun sequence	T	19	1258964
NC_052553.1 Gallus gallus isolate bGalGal1 chromosome 22, bGalGal1.mat.broiler.GRCg7b, whole genome shotgun sequence	A	17	1269838
NC_052553.1 Gallus gallus isolate bGalGal1 chromosome 22, bGalGal1.mat.broiler.GRCg7b, whole genome shotgun sequence	T	17	1331619
NC_052553.1 Gallus gallus isolate bGalGal1 chromosome 22, bGalGal1.mat.broiler.GRCg7b, whole genome shotgun sequence	T	17	1332557
NC_052553.1 Gallus gallus isolate bGalGal1 chromosome 22, bGalGal1.mat.broiler.GRCg7b, whole genome shotgun sequence	G	23	1338947
NC_052553.1 Gallus gallus isolate bGalGal1 chromosome 22, bGalGal1.mat.broiler.GRCg7b, whole genome shotgun sequence	C	17	1341595
NC_052553.1 Gallus gallus isolate bGalGal1 chromosome 22, bGalGal1.mat.broiler.GRCg7b, whole genome shotgun sequence	C	44	1343048
NC_052553.1 Gallus gallus isolate bGalGal1 chromosome 22, bGalGal1.mat.broiler.GRCg7b, whole genome shotgun sequence	T	20	1369250
NC_052553.1 Gallus gallus isolate bGalGal1 chromosome 22, bGalGal1.mat.broiler.GRCg7b, whole genome shotgun sequence	C	16	1374012
NC_052553.1 Gallus gallus isolate bGalGal1 chromosome 22, bGalGal1.mat.broiler.GRCg7b, whole genome shotgun sequence	T	20	1375459
NC_052553.1 Gallus gallus isolate bGalGal1 chromosome 22, bGalGal1.mat.broiler.GRCg7b, whole genome shotgun sequence	A	21	1376053
NC_052553.1 Gallus gallus isolate bGalGal1 chromosome 22, bGalGal1.mat.broiler.GRCg7b, whole genome shotgun sequence	A	16	1382224
NC_052553.1 Gallus gallus isolate bGalGal1 chromosome 22, bGalGal1.mat.broiler.GRCg7b, whole genome shotgun sequence	T	24	1392845
NC_052553.1 Gallus gallus isolate bGalGal1 chromosome 22, bGalGal1.mat.broiler.GRCg7b, whole genome shotgun sequence	G	16	1402379
NC_052553.1 Gallus gallus isolate bGalGal1 chromosome 22, bGalGal1.mat.broiler.GRCg7b, whole genome shotgun sequence	G	18	1403825
NC_052553.1 Gallus gallus isolate bGalGal1 chromosome 22, bGalGal1.mat.broiler.GRCg7b, whole genome shotgun sequence	G	18	1413045
NC_052553.1 Gallus gallus isolate bGalGal1 chromosome 22, bGalGal1.mat.broiler.GRCg7b, whole genome shotgun sequence	G	16	1413252
NC_052553.1 Gallus gallus isolate bGalGal1 chromosome 22, bGalGal1.mat.broiler.GRCg7b, whole genome shotgun sequence	G	19	1414314
NC_052553.1 Gallus gallus isolate bGalGal1 chromosome 22, bGalGal1.mat.broiler.GRCg7b, whole genome shotgun sequence	G	17	1414629
NC_052553.1 Gallus gallus isolate bGalGal1 chromosome 22, bGalGal1.mat.broiler.GRCg7b, whole genome shotgun sequence	C	22	1416859
NC_052553.1 Gallus gallus isolate bGalGal1 chromosome 22, bGalGal1.mat.broiler.GRCg7b, whole genome shotgun sequence	T	16	1417028
NC_052553.1 Gallus gallus isolate bGalGal1 chromosome 22, bGalGal1.mat.broiler.GRCg7b, whole genome shotgun sequence	C	17	1417399
NC_052553.1 Gallus gallus isolate bGalGal1 chromosome 22, bGalGal1.mat.broiler.GRCg7b, whole genome shotgun sequence	C	17	1417706
NC_052553.1 Gallus gallus isolate bGalGal1 chromosome 22, bGalGal1.mat.broiler.GRCg7b, whole genome shotgun sequence	A	19	1422614
NC_052553.1 Gallus gallus isolate bGalGal1 chromosome 22, bGalGal1.mat.broiler.GRCg7b, whole genome shotgun sequence	C	36	1458173
NC_052553.1 Gallus gallus isolate bGalGal1 chromosome 22, bGalGal1.mat.broiler.GRCg7b, whole genome shotgun sequence	G	20	1464832
NC_052553.1 Gallus gallus isolate bGalGal1 chromosome 22, bGalGal1.mat.broiler.GRCg7b, whole genome shotgun sequence	C	18	1470844
NC_052553.1 Gallus gallus isolate bGalGal1 chromosome 22, bGalGal1.mat.broiler.GRCg7b, whole genome shotgun sequence	C	23	1470867
NC_052553.1 Gallus gallus isolate bGalGal1 chromosome 22, bGalGal1.mat.broiler.GRCg7b, whole genome shotgun sequence	C	17	1472999
NC_052553.1 Gallus gallus isolate bGalGal1 chromosome 22, bGalGal1.mat.broiler.GRCg7b, whole genome shotgun sequence	G	22	1473171
NC_052553.1 Gallus gallus isolate bGalGal1 chromosome 22, bGalGal1.mat.broiler.GRCg7b, whole genome shotgun sequence	G	20	1473323
NC_052553.1 Gallus gallus isolate bGalGal1 chromosome 22, bGalGal1.mat.broiler.GRCg7b, whole genome shotgun sequence	G	20	1479183
NC_052553.1 Gallus gallus isolate bGalGal1 chromosome 22, bGalGal1.mat.broiler.GRCg7b, whole genome shotgun sequence	C	20	1479512
NC_052553.1 Gallus gallus isolate bGalGal1 chromosome 22, bGalGal1.mat.broiler.GRCg7b, whole genome shotgun sequence	G	17	1482999
NC_052553.1 Gallus gallus isolate bGalGal1 chromosome 22, bGalGal1.mat.broiler.GRCg7b, whole genome shotgun sequence	G	17	1485045
NC_052553.1 Gallus gallus isolate bGalGal1 chromosome 22, bGalGal1.mat.broiler.GRCg7b, whole genome shotgun sequence	CTTCC	56	3478788
NC_052553.1 Gallus gallus isolate bGalGal1 chromosome 22, bGalGal1.mat.broiler.GRCg7b, whole genome shotgun sequence	CCTTC	66	3483402
NC_052553.1 Gallus gallus isolate bGalGal1 chromosome 22, bGalGal1.mat.broiler.GRCg7b, whole genome shotgun sequence	GAGAG	24	4150847
NC_052553.1 Gallus gallus isolate bGalGal1 chromosome 22, bGalGal1.mat.broiler.GRCg7b, whole genome shotgun sequence	GAGGA	42	4405522
NC_052553.1 Gallus gallus isolate bGalGal1 chromosome 22, bGalGal1.mat.broiler.GRCg7b, whole genome shotgun sequence	CCTCT	52	4654256
NC_052553.1 Gallus gallus isolate bGalGal1 chromosome 22, bGalGal1.mat.broiler.GRCg7b, whole genome shotgun sequence	TC	14	4532647
NC_052553.1 Gallus gallus isolate bGalGal1 chromosome 22, bGalGal1.mat.broiler.GRCg7b, whole genome shotgun sequence	G	18	3375075
NC_052553.1 Gallus gallus isolate bGalGal1 chromosome 22, bGalGal1.mat.broiler.GRCg7b, whole genome shotgun sequence	G	18	3375559
NC_052553.1 Gallus gallus isolate bGalGal1 chromosome 22, bGalGal1.mat.broiler.GRCg7b, whole genome shotgun sequence	G	35	3375802
NC_052553.1 Gallus gallus isolate bGalGal1 chromosome 22, bGalGal1.mat.broiler.GRCg7b, whole genome shotgun sequence	G	16	3376400
NC_052553.1 Gallus gallus isolate bGalGal1 chromosome 22, bGalGal1.mat.broiler.GRCg7b, whole genome shotgun sequence	C	16	3393982
NC_052553.1 Gallus gallus isolate bGalGal1 chromosome 22, bGalGal1.mat.broiler.GRCg7b, whole genome shotgun sequence	C	17	3394681
NC_052553.1 Gallus gallus isolate bGalGal1 chromosome 22, bGalGal1.mat.broiler.GRCg7b, whole genome shotgun sequence	A	16	3406349
NC_052553.1 Gallus gallus isolate bGalGal1 chromosome 22, bGalGal1.mat.broiler.GRCg7b, whole genome shotgun sequence	A	16	3415334
NC_052553.1 Gallus gallus isolate bGalGal1 chromosome 22, bGalGal1.mat.broiler.GRCg7b, whole genome shotgun sequence	G	16	3415514
NC_052553.1 Gallus gallus isolate bGalGal1 chromosome 22, bGalGal1.mat.broiler.GRCg7b, whole genome shotgun sequence	G	24	3427824
NC_052553.1 Gallus gallus isolate bGalGal1 chromosome 22, bGalGal1.mat.broiler.GRCg7b, whole genome shotgun sequence	G	16	3456814
NC_052553.1 Gallus gallus isolate bGalGal1 chromosome 22, bGalGal1.mat.broiler.GRCg7b, whole genome shotgun sequence	G	16	3466035
NC_052553.1 Gallus gallus isolate bGalGal1 chromosome 22, bGalGal1.mat.broiler.GRCg7b, whole genome shotgun sequence	C	31	3479507
NC_052553.1 Gallus gallus isolate bGalGal1 chromosome 22, bGalGal1.mat.broiler.GRCg7b, whole genome shotgun sequence	T	17	3526432
NC_052553.1 Gallus gallus isolate bGalGal1 chromosome 22, bGalGal1.mat.broiler.GRCg7b, whole genome shotgun sequence	T	16	3568449
NC_052553.1 Gallus gallus isolate bGalGal1 chromosome 22, bGalGal1.mat.broiler.GRCg7b, whole genome shotgun sequence	A	16	3574619
NC_052553.1 Gallus gallus isolate bGalGal1 chromosome 22, bGalGal1.mat.broiler.GRCg7b, whole genome shotgun sequence	T	17	3583452
NC_052553.1 Gallus gallus isolate bGalGal1 chromosome 22, bGalGal1.mat.broiler.GRCg7b, whole genome shotgun sequence	A	17	3612899
NC_052553.1 Gallus gallus isolate bGalGal1 chromosome 22, bGalGal1.mat.broiler.GRCg7b, whole genome shotgun sequence	A	22	3643336
NC_052553.1 Gallus gallus isolate bGalGal1 chromosome 22, bGalGal1.mat.broiler.GRCg7b, whole genome shotgun sequence	T	16	3702373
NC_052553.1 Gallus gallus isolate bGalGal1 chromosome 22, bGalGal1.mat.broiler.GRCg7b, whole genome shotgun sequence	A	26	3713138
NC_052553.1 Gallus gallus isolate bGalGal1 chromosome 22, bGalGal1.mat.broiler.GRCg7b, whole genome shotgun sequence	A	16	3767384
NC_052553.1 Gallus gallus isolate bGalGal1 chromosome 22, bGalGal1.mat.broiler.GRCg7b, whole genome shotgun sequence	A	18	3794801
NC_052553.1 Gallus gallus isolate bGalGal1 chromosome 22, bGalGal1.mat.broiler.GRCg7b, whole genome shotgun sequence	A	16	3806057
NC_052553.1 Gallus gallus isolate bGalGal1 chromosome 22, bGalGal1.mat.broiler.GRCg7b, whole genome shotgun sequence	A	16	3822699
NC_052553.1 Gallus gallus isolate bGalGal1 chromosome 22, bGalGal1.mat.broiler.GRCg7b, whole genome shotgun sequence	C	20	3836098
NC_052553.1 Gallus gallus isolate bGalGal1 chromosome 22, bGalGal1.mat.broiler.GRCg7b, whole genome shotgun sequence	A	24	3836118
NC_052553.1 Gallus gallus isolate bGalGal1 chromosome 22, bGalGal1.mat.broiler.GRCg7b, whole genome shotgun sequence	T	19	3844703
NC_052553.1 Gallus gallus isolate bGalGal1 chromosome 22, bGalGal1.mat.broiler.GRCg7b, whole genome shotgun sequence	T	22	3858609
NC_052553.1 Gallus gallus isolate bGalGal1 chromosome 22, bGalGal1.mat.broiler.GRCg7b, whole genome shotgun sequence	T	16	3881278
NC_052553.1 Gallus gallus isolate bGalGal1 chromosome 22, bGalGal1.mat.broiler.GRCg7b, whole genome shotgun sequence	G	20	3895345
NC_052553.1 Gallus gallus isolate bGalGal1 chromosome 22, bGalGal1.mat.broiler.GRCg7b, whole genome shotgun sequence	A	30	3908240
NC_052553.1 Gallus gallus isolate bGalGal1 chromosome 22, bGalGal1.mat.broiler.GRCg7b, whole genome shotgun sequence	A	21	3916268
NC_052553.1 Gallus gallus isolate bGalGal1 chromosome 22, bGalGal1.mat.broiler.GRCg7b, whole genome shotgun sequence	T	17	3938577
NC_052553.1 Gallus gallus isolate bGalGal1 chromosome 22, bGalGal1.mat.broiler.GRCg7b, whole genome shotgun sequence	A	20	3954996
NC_052553.1 Gallus gallus isolate bGalGal1 chromosome 22, bGalGal1.mat.broiler.GRCg7b, whole genome shotgun sequence	A	16	3978448
NC_052553.1 Gallus gallus isolate bGalGal1 chromosome 22, bGalGal1.mat.broiler.GRCg7b, whole genome shotgun sequence	T	17	3983736
NC_052553.1 Gallus gallus isolate bGalGal1 chromosome 22, bGalGal1.mat.broiler.GRCg7b, whole genome shotgun sequence	G	16	3992318
NC_052553.1 Gallus gallus isolate bGalGal1 chromosome 22, bGalGal1.mat.broiler.GRCg7b, whole genome shotgun sequence	A	30	3995099
NC_052553.1 Gallus gallus isolate bGalGal1 chromosome 22, bGalGal1.mat.broiler.GRCg7b, whole genome shotgun sequence	T	16	4011559
NC_052553.1 Gallus gallus isolate bGalGal1 chromosome 22, bGalGal1.mat.broiler.GRCg7b, whole genome shotgun sequence	T	19	4014497
NC_052553.1 Gallus gallus isolate bGalGal1 chromosome 22, bGalGal1.mat.broiler.GRCg7b, whole genome shotgun sequence	A	18	4033499
NC_052553.1 Gallus gallus isolate bGalGal1 chromosome 22, bGalGal1.mat.broiler.GRCg7b, whole genome shotgun sequence	A	18	4045628
NC_052553.1 Gallus gallus isolate bGalGal1 chromosome 22, bGalGal1.mat.broiler.GRCg7b, whole genome shotgun sequence	T	19	4068273
NC_052553.1 Gallus gallus isolate bGalGal1 chromosome 22, bGalGal1.mat.broiler.GRCg7b, whole genome shotgun sequence	T	17	4069188
NC_052553.1 Gallus gallus isolate bGalGal1 chromosome 22, bGalGal1.mat.broiler.GRCg7b, whole genome shotgun sequence	T	17	4072370
NC_052553.1 Gallus gallus isolate bGalGal1 chromosome 22, bGalGal1.mat.broiler.GRCg7b, whole genome shotgun sequence	T	17	4082244
NC_052553.1 Gallus gallus isolate bGalGal1 chromosome 22, bGalGal1.mat.broiler.GRCg7b, whole genome shotgun sequence	C	18	4087972
NC_052553.1 Gallus gallus isolate bGalGal1 chromosome 22, bGalGal1.mat.broiler.GRCg7b, whole genome shotgun sequence	A	17	4120904
NC_052553.1 Gallus gallus isolate bGalGal1 chromosome 22, bGalGal1.mat.broiler.GRCg7b, whole genome shotgun sequence	T	17	4159874
NC_052553.1 Gallus gallus isolate bGalGal1 chromosome 22, bGalGal1.mat.broiler.GRCg7b, whole genome shotgun sequence	A	31	4193691
NC_052553.1 Gallus gallus isolate bGalGal1 chromosome 22, bGalGal1.mat.broiler.GRCg7b, whole genome shotgun sequence	T	21	4207703
NC_052553.1 Gallus gallus isolate bGalGal1 chromosome 22, bGalGal1.mat.broiler.GRCg7b, whole genome shotgun sequence	T	18	4233119
NC_052553.1 Gallus gallus isolate bGalGal1 chromosome 22, bGalGal1.mat.broiler.GRCg7b, whole genome shotgun sequence	A	16	4243437
NC_052553.1 Gallus gallus isolate bGalGal1 chromosome 22, bGalGal1.mat.broiler.GRCg7b, whole genome shotgun sequence	T	18	4252694
NC_052553.1 Gallus gallus isolate bGalGal1 chromosome 22, bGalGal1.mat.broiler.GRCg7b, whole genome shotgun sequence	A	16	4252845
NC_052553.1 Gallus gallus isolate bGalGal1 chromosome 22, bGalGal1.mat.broiler.GRCg7b, whole genome shotgun sequence	C	16	4293781
NC_052553.1 Gallus gallus isolate bGalGal1 chromosome 22, bGalGal1.mat.broiler.GRCg7b, whole genome shotgun sequence	A	18	4305724
NC_052553.1 Gallus gallus isolate bGalGal1 chromosome 22, bGalGal1.mat.broiler.GRCg7b, whole genome shotgun sequence	T	16	4390260
NC_052553.1 Gallus gallus isolate bGalGal1 chromosome 22, bGalGal1.mat.broiler.GRCg7b, whole genome shotgun sequence	T	16	4399768
NC_052553.1 Gallus gallus isolate bGalGal1 chromosome 22, bGalGal1.mat.broiler.GRCg7b, whole genome shotgun sequence	C	20	4440656
NC_052553.1 Gallus gallus isolate bGalGal1 chromosome 22, bGalGal1.mat.broiler.GRCg7b, whole genome shotgun sequence	G	23	4444935
NC_052553.1 Gallus gallus isolate bGalGal1 chromosome 22, bGalGal1.mat.broiler.GRCg7b, whole genome shotgun sequence	C	31	4446025
NC_052553.1 Gallus gallus isolate bGalGal1 chromosome 22, bGalGal1.mat.broiler.GRCg7b, whole genome shotgun sequence	G	18	4446176
NC_052553.1 Gallus gallus isolate bGalGal1 chromosome 22, bGalGal1.mat.broiler.GRCg7b, whole genome shotgun sequence	G	19	4448900
NC_052553.1 Gallus gallus isolate bGalGal1 chromosome 22, bGalGal1.mat.broiler.GRCg7b, whole genome shotgun sequence	C	19	4483633
NC_052553.1 Gallus gallus isolate bGalGal1 chromosome 22, bGalGal1.mat.broiler.GRCg7b, whole genome shotgun sequence	G	16	4484507
NC_052553.1 Gallus gallus isolate bGalGal1 chromosome 22, bGalGal1.mat.broiler.GRCg7b, whole genome shotgun sequence	G	16	4498555
NC_052553.1 Gallus gallus isolate bGalGal1 chromosome 22, bGalGal1.mat.broiler.GRCg7b, whole genome shotgun sequence	C	18	4499719
NC_052553.1 Gallus gallus isolate bGalGal1 chromosome 22, bGalGal1.mat.broiler.GRCg7b, whole genome shotgun sequence	G	16	4499819
NC_052553.1 Gallus gallus isolate bGalGal1 chromosome 22, bGalGal1.mat.broiler.GRCg7b, whole genome shotgun sequence	C	20	4500200
NC_052553.1 Gallus gallus isolate bGalGal1 chromosome 22, bGalGal1.mat.broiler.GRCg7b, whole genome shotgun sequence	C	19	4501665
NC_052553.1 Gallus gallus isolate bGalGal1 chromosome 22, bGalGal1.mat.broiler.GRCg7b, whole genome shotgun sequence	C	20	4520574
NC_052553.1 Gallus gallus isolate bGalGal1 chromosome 22, bGalGal1.mat.broiler.GRCg7b, whole genome shotgun sequence	G	17	4521823
NC_052553.1 Gallus gallus isolate bGalGal1 chromosome 22, bGalGal1.mat.broiler.GRCg7b, whole genome shotgun sequence	C	25	4522149
NC_052553.1 Gallus gallus isolate bGalGal1 chromosome 22, bGalGal1.mat.broiler.GRCg7b, whole genome shotgun sequence	C	17	4525331
NC_052553.1 Gallus gallus isolate bGalGal1 chromosome 22, bGalGal1.mat.broiler.GRCg7b, whole genome shotgun sequence	C	18	4526547
NC_052553.1 Gallus gallus isolate bGalGal1 chromosome 22, bGalGal1.mat.broiler.GRCg7b, whole genome shotgun sequence	G	16	4528375
NC_052553.1 Gallus gallus isolate bGalGal1 chromosome 22, bGalGal1.mat.broiler.GRCg7b, whole genome shotgun sequence	A	16	4537114
NC_052553.1 Gallus gallus isolate bGalGal1 chromosome 22, bGalGal1.mat.broiler.GRCg7b, whole genome shotgun sequence	C	18	4537166
NC_052553.1 Gallus gallus isolate bGalGal1 chromosome 22, bGalGal1.mat.broiler.GRCg7b, whole genome shotgun sequence	C	22	4537812
NC_052553.1 Gallus gallus isolate bGalGal1 chromosome 22, bGalGal1.mat.broiler.GRCg7b, whole genome shotgun sequence	G	16	4562271
NC_052553.1 Gallus gallus isolate bGalGal1 chromosome 22, bGalGal1.mat.broiler.GRCg7b, whole genome shotgun sequence	C	16	4569355
NC_052553.1 Gallus gallus isolate bGalGal1 chromosome 22, bGalGal1.mat.broiler.GRCg7b, whole genome shotgun sequence	C	17	4583237
NC_052553.1 Gallus gallus isolate bGalGal1 chromosome 22, bGalGal1.mat.broiler.GRCg7b, whole genome shotgun sequence	C	16	4583633
NC_052553.1 Gallus gallus isolate bGalGal1 chromosome 22, bGalGal1.mat.broiler.GRCg7b, whole genome shotgun sequence	T	19	4589658
NC_052553.1 Gallus gallus isolate bGalGal1 chromosome 22, bGalGal1.mat.broiler.GRCg7b, whole genome shotgun sequence	G	20	4599137
NC_052553.1 Gallus gallus isolate bGalGal1 chromosome 22, bGalGal1.mat.broiler.GRCg7b, whole genome shotgun sequence	C	18	4608248
NC_052553.1 Gallus gallus isolate bGalGal1 chromosome 22, bGalGal1.mat.broiler.GRCg7b, whole genome shotgun sequence	T	18	4631235
