#Sequence_Name	SSR	Repeats	Position
NC_052558.1 Gallus gallus isolate bGalGal1 chromosome 27, bGalGal1.mat.broiler.GRCg7b, whole genome shotgun sequence	A	30	23742
NC_052558.1 Gallus gallus isolate bGalGal1 chromosome 27, bGalGal1.mat.broiler.GRCg7b, whole genome shotgun sequence	A	17	29675
NC_052558.1 Gallus gallus isolate bGalGal1 chromosome 27, bGalGal1.mat.broiler.GRCg7b, whole genome shotgun sequence	G	20	41211
NC_052558.1 Gallus gallus isolate bGalGal1 chromosome 27, bGalGal1.mat.broiler.GRCg7b, whole genome shotgun sequence	G	25	180067
NC_052558.1 Gallus gallus isolate bGalGal1 chromosome 27, bGalGal1.mat.broiler.GRCg7b, whole genome shotgun sequence	T	17	190187
NC_052558.1 Gallus gallus isolate bGalGal1 chromosome 27, bGalGal1.mat.broiler.GRCg7b, whole genome shotgun sequence	T	20	190278
NC_052558.1 Gallus gallus isolate bGalGal1 chromosome 27, bGalGal1.mat.broiler.GRCg7b, whole genome shotgun sequence	T	21	203786
NC_052558.1 Gallus gallus isolate bGalGal1 chromosome 27, bGalGal1.mat.broiler.GRCg7b, whole genome shotgun sequence	A	17	204635
NC_052558.1 Gallus gallus isolate bGalGal1 chromosome 27, bGalGal1.mat.broiler.GRCg7b, whole genome shotgun sequence	A	17	84939
NC_052558.1 Gallus gallus isolate bGalGal1 chromosome 27, bGalGal1.mat.broiler.GRCg7b, whole genome shotgun sequence	A	17	93467
NC_052558.1 Gallus gallus isolate bGalGal1 chromosome 27, bGalGal1.mat.broiler.GRCg7b, whole genome shotgun sequence	A	29	97629
NC_052558.1 Gallus gallus isolate bGalGal1 chromosome 27, bGalGal1.mat.broiler.GRCg7b, whole genome shotgun sequence	A	27	98483
NC_052558.1 Gallus gallus isolate bGalGal1 chromosome 27, bGalGal1.mat.broiler.GRCg7b, whole genome shotgun sequence	G	28	99215
NC_052558.1 Gallus gallus isolate bGalGal1 chromosome 27, bGalGal1.mat.broiler.GRCg7b, whole genome shotgun sequence	A	27	111038
NC_052558.1 Gallus gallus isolate bGalGal1 chromosome 27, bGalGal1.mat.broiler.GRCg7b, whole genome shotgun sequence	T	23	115014
NC_052558.1 Gallus gallus isolate bGalGal1 chromosome 27, bGalGal1.mat.broiler.GRCg7b, whole genome shotgun sequence	A	22	121452
NC_052558.1 Gallus gallus isolate bGalGal1 chromosome 27, bGalGal1.mat.broiler.GRCg7b, whole genome shotgun sequence	T	18	123033
NC_052558.1 Gallus gallus isolate bGalGal1 chromosome 27, bGalGal1.mat.broiler.GRCg7b, whole genome shotgun sequence	A	24	125079
NC_052558.1 Gallus gallus isolate bGalGal1 chromosome 27, bGalGal1.mat.broiler.GRCg7b, whole genome shotgun sequence	A	25	126580
NC_052558.1 Gallus gallus isolate bGalGal1 chromosome 27, bGalGal1.mat.broiler.GRCg7b, whole genome shotgun sequence	A	22	402559
NC_052558.1 Gallus gallus isolate bGalGal1 chromosome 27, bGalGal1.mat.broiler.GRCg7b, whole genome shotgun sequence	AAGAGA	17	3446678
NC_052558.1 Gallus gallus isolate bGalGal1 chromosome 27, bGalGal1.mat.broiler.GRCg7b, whole genome shotgun sequence	ATCCT	21	2720234
NC_052558.1 Gallus gallus isolate bGalGal1 chromosome 27, bGalGal1.mat.broiler.GRCg7b, whole genome shotgun sequence	CATCC	16	2814493
NC_052558.1 Gallus gallus isolate bGalGal1 chromosome 27, bGalGal1.mat.broiler.GRCg7b, whole genome shotgun sequence	AGAGA	24	2821779
NC_052558.1 Gallus gallus isolate bGalGal1 chromosome 27, bGalGal1.mat.broiler.GRCg7b, whole genome shotgun sequence	CTCCT	17	3049760
NC_052558.1 Gallus gallus isolate bGalGal1 chromosome 27, bGalGal1.mat.broiler.GRCg7b, whole genome shotgun sequence	CCTTC	16	3049842
NC_052558.1 Gallus gallus isolate bGalGal1 chromosome 27, bGalGal1.mat.broiler.GRCg7b, whole genome shotgun sequence	GAAGG	42	3134665
NC_052558.1 Gallus gallus isolate bGalGal1 chromosome 27, bGalGal1.mat.broiler.GRCg7b, whole genome shotgun sequence	CTCTT	36	3355272
NC_052558.1 Gallus gallus isolate bGalGal1 chromosome 27, bGalGal1.mat.broiler.GRCg7b, whole genome shotgun sequence	CTCTC	52	3355452
NC_052558.1 Gallus gallus isolate bGalGal1 chromosome 27, bGalGal1.mat.broiler.GRCg7b, whole genome shotgun sequence	TTTCC	26	3434282
NC_052558.1 Gallus gallus isolate bGalGal1 chromosome 27, bGalGal1.mat.broiler.GRCg7b, whole genome shotgun sequence	GAGAG	19	3435946
NC_052558.1 Gallus gallus isolate bGalGal1 chromosome 27, bGalGal1.mat.broiler.GRCg7b, whole genome shotgun sequence	GAGGA	44	3451295
NC_052558.1 Gallus gallus isolate bGalGal1 chromosome 27, bGalGal1.mat.broiler.GRCg7b, whole genome shotgun sequence	AAAAG	17	3458118
NC_052558.1 Gallus gallus isolate bGalGal1 chromosome 27, bGalGal1.mat.broiler.GRCg7b, whole genome shotgun sequence	GGAGA	35	3606939
NC_052558.1 Gallus gallus isolate bGalGal1 chromosome 27, bGalGal1.mat.broiler.GRCg7b, whole genome shotgun sequence	AAGGG	50	3607122
NC_052558.1 Gallus gallus isolate bGalGal1 chromosome 27, bGalGal1.mat.broiler.GRCg7b, whole genome shotgun sequence	AAGGA	23	3607372
NC_052558.1 Gallus gallus isolate bGalGal1 chromosome 27, bGalGal1.mat.broiler.GRCg7b, whole genome shotgun sequence	CATC	14	2756820
NC_052558.1 Gallus gallus isolate bGalGal1 chromosome 27, bGalGal1.mat.broiler.GRCg7b, whole genome shotgun sequence	CCAT	16	2769495
NC_052558.1 Gallus gallus isolate bGalGal1 chromosome 27, bGalGal1.mat.broiler.GRCg7b, whole genome shotgun sequence	TTCC	35	3359813
NC_052558.1 Gallus gallus isolate bGalGal1 chromosome 27, bGalGal1.mat.broiler.GRCg7b, whole genome shotgun sequence	TTCC	25	3359954
NC_052558.1 Gallus gallus isolate bGalGal1 chromosome 27, bGalGal1.mat.broiler.GRCg7b, whole genome shotgun sequence	GAAA	16	3413814
NC_052558.1 Gallus gallus isolate bGalGal1 chromosome 27, bGalGal1.mat.broiler.GRCg7b, whole genome shotgun sequence	AGAA	28	3413879
NC_052558.1 Gallus gallus isolate bGalGal1 chromosome 27, bGalGal1.mat.broiler.GRCg7b, whole genome shotgun sequence	AGAA	20	3424720
NC_052558.1 Gallus gallus isolate bGalGal1 chromosome 27, bGalGal1.mat.broiler.GRCg7b, whole genome shotgun sequence	AAAG	23	3446977
NC_052558.1 Gallus gallus isolate bGalGal1 chromosome 27, bGalGal1.mat.broiler.GRCg7b, whole genome shotgun sequence	CA	14	2797870
NC_052558.1 Gallus gallus isolate bGalGal1 chromosome 27, bGalGal1.mat.broiler.GRCg7b, whole genome shotgun sequence	TA	15	2968944
NC_052558.1 Gallus gallus isolate bGalGal1 chromosome 27, bGalGal1.mat.broiler.GRCg7b, whole genome shotgun sequence	TG	14	3332010
NC_052558.1 Gallus gallus isolate bGalGal1 chromosome 27, bGalGal1.mat.broiler.GRCg7b, whole genome shotgun sequence	TA	15	3382015
NC_052558.1 Gallus gallus isolate bGalGal1 chromosome 27, bGalGal1.mat.broiler.GRCg7b, whole genome shotgun sequence	CA	15	3391850
NC_052558.1 Gallus gallus isolate bGalGal1 chromosome 27, bGalGal1.mat.broiler.GRCg7b, whole genome shotgun sequence	CA	14	3394380
NC_052558.1 Gallus gallus isolate bGalGal1 chromosome 27, bGalGal1.mat.broiler.GRCg7b, whole genome shotgun sequence	G	17	2686507
NC_052558.1 Gallus gallus isolate bGalGal1 chromosome 27, bGalGal1.mat.broiler.GRCg7b, whole genome shotgun sequence	C	20	2687273
NC_052558.1 Gallus gallus isolate bGalGal1 chromosome 27, bGalGal1.mat.broiler.GRCg7b, whole genome shotgun sequence	G	16	2687592
NC_052558.1 Gallus gallus isolate bGalGal1 chromosome 27, bGalGal1.mat.broiler.GRCg7b, whole genome shotgun sequence	C	16	2695015
NC_052558.1 Gallus gallus isolate bGalGal1 chromosome 27, bGalGal1.mat.broiler.GRCg7b, whole genome shotgun sequence	A	18	2696549
NC_052558.1 Gallus gallus isolate bGalGal1 chromosome 27, bGalGal1.mat.broiler.GRCg7b, whole genome shotgun sequence	G	16	2704749
NC_052558.1 Gallus gallus isolate bGalGal1 chromosome 27, bGalGal1.mat.broiler.GRCg7b, whole genome shotgun sequence	G	16	2719331
NC_052558.1 Gallus gallus isolate bGalGal1 chromosome 27, bGalGal1.mat.broiler.GRCg7b, whole genome shotgun sequence	G	27	2729730
NC_052558.1 Gallus gallus isolate bGalGal1 chromosome 27, bGalGal1.mat.broiler.GRCg7b, whole genome shotgun sequence	C	16	2729899
NC_052558.1 Gallus gallus isolate bGalGal1 chromosome 27, bGalGal1.mat.broiler.GRCg7b, whole genome shotgun sequence	C	17	2730425
NC_052558.1 Gallus gallus isolate bGalGal1 chromosome 27, bGalGal1.mat.broiler.GRCg7b, whole genome shotgun sequence	G	17	2735868
NC_052558.1 Gallus gallus isolate bGalGal1 chromosome 27, bGalGal1.mat.broiler.GRCg7b, whole genome shotgun sequence	A	16	2736101
NC_052558.1 Gallus gallus isolate bGalGal1 chromosome 27, bGalGal1.mat.broiler.GRCg7b, whole genome shotgun sequence	G	24	2739448
NC_052558.1 Gallus gallus isolate bGalGal1 chromosome 27, bGalGal1.mat.broiler.GRCg7b, whole genome shotgun sequence	A	22	2755382
NC_052558.1 Gallus gallus isolate bGalGal1 chromosome 27, bGalGal1.mat.broiler.GRCg7b, whole genome shotgun sequence	A	24	2755451
NC_052558.1 Gallus gallus isolate bGalGal1 chromosome 27, bGalGal1.mat.broiler.GRCg7b, whole genome shotgun sequence	C	16	2755673
NC_052558.1 Gallus gallus isolate bGalGal1 chromosome 27, bGalGal1.mat.broiler.GRCg7b, whole genome shotgun sequence	C	16	2758386
NC_052558.1 Gallus gallus isolate bGalGal1 chromosome 27, bGalGal1.mat.broiler.GRCg7b, whole genome shotgun sequence	G	22	2762569
NC_052558.1 Gallus gallus isolate bGalGal1 chromosome 27, bGalGal1.mat.broiler.GRCg7b, whole genome shotgun sequence	G	17	2764455
NC_052558.1 Gallus gallus isolate bGalGal1 chromosome 27, bGalGal1.mat.broiler.GRCg7b, whole genome shotgun sequence	G	29	2765295
NC_052558.1 Gallus gallus isolate bGalGal1 chromosome 27, bGalGal1.mat.broiler.GRCg7b, whole genome shotgun sequence	C	17	2775491
NC_052558.1 Gallus gallus isolate bGalGal1 chromosome 27, bGalGal1.mat.broiler.GRCg7b, whole genome shotgun sequence	C	16	2776692
NC_052558.1 Gallus gallus isolate bGalGal1 chromosome 27, bGalGal1.mat.broiler.GRCg7b, whole genome shotgun sequence	G	16	2776873
NC_052558.1 Gallus gallus isolate bGalGal1 chromosome 27, bGalGal1.mat.broiler.GRCg7b, whole genome shotgun sequence	C	23	2777914
NC_052558.1 Gallus gallus isolate bGalGal1 chromosome 27, bGalGal1.mat.broiler.GRCg7b, whole genome shotgun sequence	C	17	2784835
NC_052558.1 Gallus gallus isolate bGalGal1 chromosome 27, bGalGal1.mat.broiler.GRCg7b, whole genome shotgun sequence	G	20	2790083
NC_052558.1 Gallus gallus isolate bGalGal1 chromosome 27, bGalGal1.mat.broiler.GRCg7b, whole genome shotgun sequence	G	28	2794329
NC_052558.1 Gallus gallus isolate bGalGal1 chromosome 27, bGalGal1.mat.broiler.GRCg7b, whole genome shotgun sequence	C	22	2795266
NC_052558.1 Gallus gallus isolate bGalGal1 chromosome 27, bGalGal1.mat.broiler.GRCg7b, whole genome shotgun sequence	G	17	2796654
NC_052558.1 Gallus gallus isolate bGalGal1 chromosome 27, bGalGal1.mat.broiler.GRCg7b, whole genome shotgun sequence	G	18	2796827
NC_052558.1 Gallus gallus isolate bGalGal1 chromosome 27, bGalGal1.mat.broiler.GRCg7b, whole genome shotgun sequence	G	19	2797256
NC_052558.1 Gallus gallus isolate bGalGal1 chromosome 27, bGalGal1.mat.broiler.GRCg7b, whole genome shotgun sequence	C	17	2799942
NC_052558.1 Gallus gallus isolate bGalGal1 chromosome 27, bGalGal1.mat.broiler.GRCg7b, whole genome shotgun sequence	G	22	2800300
NC_052558.1 Gallus gallus isolate bGalGal1 chromosome 27, bGalGal1.mat.broiler.GRCg7b, whole genome shotgun sequence	C	18	2807664
NC_052558.1 Gallus gallus isolate bGalGal1 chromosome 27, bGalGal1.mat.broiler.GRCg7b, whole genome shotgun sequence	C	21	2807723
NC_052558.1 Gallus gallus isolate bGalGal1 chromosome 27, bGalGal1.mat.broiler.GRCg7b, whole genome shotgun sequence	G	20	2808056
NC_052558.1 Gallus gallus isolate bGalGal1 chromosome 27, bGalGal1.mat.broiler.GRCg7b, whole genome shotgun sequence	G	19	2808603
NC_052558.1 Gallus gallus isolate bGalGal1 chromosome 27, bGalGal1.mat.broiler.GRCg7b, whole genome shotgun sequence	G	28	2808679
NC_052558.1 Gallus gallus isolate bGalGal1 chromosome 27, bGalGal1.mat.broiler.GRCg7b, whole genome shotgun sequence	G	16	2808802
NC_052558.1 Gallus gallus isolate bGalGal1 chromosome 27, bGalGal1.mat.broiler.GRCg7b, whole genome shotgun sequence	G	17	2809722
NC_052558.1 Gallus gallus isolate bGalGal1 chromosome 27, bGalGal1.mat.broiler.GRCg7b, whole genome shotgun sequence	C	18	2812198
NC_052558.1 Gallus gallus isolate bGalGal1 chromosome 27, bGalGal1.mat.broiler.GRCg7b, whole genome shotgun sequence	C	18	2812600
NC_052558.1 Gallus gallus isolate bGalGal1 chromosome 27, bGalGal1.mat.broiler.GRCg7b, whole genome shotgun sequence	G	16	2815053
NC_052558.1 Gallus gallus isolate bGalGal1 chromosome 27, bGalGal1.mat.broiler.GRCg7b, whole genome shotgun sequence	G	24	2820942
NC_052558.1 Gallus gallus isolate bGalGal1 chromosome 27, bGalGal1.mat.broiler.GRCg7b, whole genome shotgun sequence	C	17	2823042
NC_052558.1 Gallus gallus isolate bGalGal1 chromosome 27, bGalGal1.mat.broiler.GRCg7b, whole genome shotgun sequence	C	21	2873609
NC_052558.1 Gallus gallus isolate bGalGal1 chromosome 27, bGalGal1.mat.broiler.GRCg7b, whole genome shotgun sequence	A	16	2924270
NC_052558.1 Gallus gallus isolate bGalGal1 chromosome 27, bGalGal1.mat.broiler.GRCg7b, whole genome shotgun sequence	A	22	2960237
NC_052558.1 Gallus gallus isolate bGalGal1 chromosome 27, bGalGal1.mat.broiler.GRCg7b, whole genome shotgun sequence	A	21	2972510
NC_052558.1 Gallus gallus isolate bGalGal1 chromosome 27, bGalGal1.mat.broiler.GRCg7b, whole genome shotgun sequence	T	20	2994635
NC_052558.1 Gallus gallus isolate bGalGal1 chromosome 27, bGalGal1.mat.broiler.GRCg7b, whole genome shotgun sequence	C	21	2998511
NC_052558.1 Gallus gallus isolate bGalGal1 chromosome 27, bGalGal1.mat.broiler.GRCg7b, whole genome shotgun sequence	A	17	2998532
NC_052558.1 Gallus gallus isolate bGalGal1 chromosome 27, bGalGal1.mat.broiler.GRCg7b, whole genome shotgun sequence	C	16	3020133
NC_052558.1 Gallus gallus isolate bGalGal1 chromosome 27, bGalGal1.mat.broiler.GRCg7b, whole genome shotgun sequence	G	16	3022521
NC_052558.1 Gallus gallus isolate bGalGal1 chromosome 27, bGalGal1.mat.broiler.GRCg7b, whole genome shotgun sequence	C	22	3044619
NC_052558.1 Gallus gallus isolate bGalGal1 chromosome 27, bGalGal1.mat.broiler.GRCg7b, whole genome shotgun sequence	C	16	3133739
NC_052558.1 Gallus gallus isolate bGalGal1 chromosome 27, bGalGal1.mat.broiler.GRCg7b, whole genome shotgun sequence	G	33	3156283
NC_052558.1 Gallus gallus isolate bGalGal1 chromosome 27, bGalGal1.mat.broiler.GRCg7b, whole genome shotgun sequence	A	17	3236256
NC_052558.1 Gallus gallus isolate bGalGal1 chromosome 27, bGalGal1.mat.broiler.GRCg7b, whole genome shotgun sequence	G	25	3253757
NC_052558.1 Gallus gallus isolate bGalGal1 chromosome 27, bGalGal1.mat.broiler.GRCg7b, whole genome shotgun sequence	T	16	3256312
NC_052558.1 Gallus gallus isolate bGalGal1 chromosome 27, bGalGal1.mat.broiler.GRCg7b, whole genome shotgun sequence	A	16	3257098
NC_052558.1 Gallus gallus isolate bGalGal1 chromosome 27, bGalGal1.mat.broiler.GRCg7b, whole genome shotgun sequence	C	16	3278507
NC_052558.1 Gallus gallus isolate bGalGal1 chromosome 27, bGalGal1.mat.broiler.GRCg7b, whole genome shotgun sequence	C	17	3282622
NC_052558.1 Gallus gallus isolate bGalGal1 chromosome 27, bGalGal1.mat.broiler.GRCg7b, whole genome shotgun sequence	T	18	3283391
NC_052558.1 Gallus gallus isolate bGalGal1 chromosome 27, bGalGal1.mat.broiler.GRCg7b, whole genome shotgun sequence	T	22	3283436
NC_052558.1 Gallus gallus isolate bGalGal1 chromosome 27, bGalGal1.mat.broiler.GRCg7b, whole genome shotgun sequence	C	18	3284464
NC_052558.1 Gallus gallus isolate bGalGal1 chromosome 27, bGalGal1.mat.broiler.GRCg7b, whole genome shotgun sequence	G	20	3348569
NC_052558.1 Gallus gallus isolate bGalGal1 chromosome 27, bGalGal1.mat.broiler.GRCg7b, whole genome shotgun sequence	T	25	3350675
NC_052558.1 Gallus gallus isolate bGalGal1 chromosome 27, bGalGal1.mat.broiler.GRCg7b, whole genome shotgun sequence	A	26	3352799
NC_052558.1 Gallus gallus isolate bGalGal1 chromosome 27, bGalGal1.mat.broiler.GRCg7b, whole genome shotgun sequence	C	16	3375906
NC_052558.1 Gallus gallus isolate bGalGal1 chromosome 27, bGalGal1.mat.broiler.GRCg7b, whole genome shotgun sequence	G	20	3379198
NC_052558.1 Gallus gallus isolate bGalGal1 chromosome 27, bGalGal1.mat.broiler.GRCg7b, whole genome shotgun sequence	A	17	3389445
NC_052558.1 Gallus gallus isolate bGalGal1 chromosome 27, bGalGal1.mat.broiler.GRCg7b, whole genome shotgun sequence	G	37	3396276
NC_052558.1 Gallus gallus isolate bGalGal1 chromosome 27, bGalGal1.mat.broiler.GRCg7b, whole genome shotgun sequence	T	19	3397780
NC_052558.1 Gallus gallus isolate bGalGal1 chromosome 27, bGalGal1.mat.broiler.GRCg7b, whole genome shotgun sequence	C	26	3400196
NC_052558.1 Gallus gallus isolate bGalGal1 chromosome 27, bGalGal1.mat.broiler.GRCg7b, whole genome shotgun sequence	T	26	3402633
NC_052558.1 Gallus gallus isolate bGalGal1 chromosome 27, bGalGal1.mat.broiler.GRCg7b, whole genome shotgun sequence	T	20	3402820
NC_052558.1 Gallus gallus isolate bGalGal1 chromosome 27, bGalGal1.mat.broiler.GRCg7b, whole genome shotgun sequence	C	20	3403994
NC_052558.1 Gallus gallus isolate bGalGal1 chromosome 27, bGalGal1.mat.broiler.GRCg7b, whole genome shotgun sequence	G	16	3404868
NC_052558.1 Gallus gallus isolate bGalGal1 chromosome 27, bGalGal1.mat.broiler.GRCg7b, whole genome shotgun sequence	C	30	3406648
NC_052558.1 Gallus gallus isolate bGalGal1 chromosome 27, bGalGal1.mat.broiler.GRCg7b, whole genome shotgun sequence	T	20	3410481
NC_052558.1 Gallus gallus isolate bGalGal1 chromosome 27, bGalGal1.mat.broiler.GRCg7b, whole genome shotgun sequence	G	23	3411532
NC_052558.1 Gallus gallus isolate bGalGal1 chromosome 27, bGalGal1.mat.broiler.GRCg7b, whole genome shotgun sequence	A	17	3416477
NC_052558.1 Gallus gallus isolate bGalGal1 chromosome 27, bGalGal1.mat.broiler.GRCg7b, whole genome shotgun sequence	C	16	3416741
NC_052558.1 Gallus gallus isolate bGalGal1 chromosome 27, bGalGal1.mat.broiler.GRCg7b, whole genome shotgun sequence	A	18	3422955
NC_052558.1 Gallus gallus isolate bGalGal1 chromosome 27, bGalGal1.mat.broiler.GRCg7b, whole genome shotgun sequence	A	16	3428151
NC_052558.1 Gallus gallus isolate bGalGal1 chromosome 27, bGalGal1.mat.broiler.GRCg7b, whole genome shotgun sequence	T	16	3432362
NC_052558.1 Gallus gallus isolate bGalGal1 chromosome 27, bGalGal1.mat.broiler.GRCg7b, whole genome shotgun sequence	G	18	3433144
NC_052558.1 Gallus gallus isolate bGalGal1 chromosome 27, bGalGal1.mat.broiler.GRCg7b, whole genome shotgun sequence	G	23	3436154
NC_052558.1 Gallus gallus isolate bGalGal1 chromosome 27, bGalGal1.mat.broiler.GRCg7b, whole genome shotgun sequence	G	16	3442696
NC_052558.1 Gallus gallus isolate bGalGal1 chromosome 27, bGalGal1.mat.broiler.GRCg7b, whole genome shotgun sequence	G	22	3444244
NC_052558.1 Gallus gallus isolate bGalGal1 chromosome 27, bGalGal1.mat.broiler.GRCg7b, whole genome shotgun sequence	T	17	3444323
NC_052558.1 Gallus gallus isolate bGalGal1 chromosome 27, bGalGal1.mat.broiler.GRCg7b, whole genome shotgun sequence	T	17	3445112
NC_052558.1 Gallus gallus isolate bGalGal1 chromosome 27, bGalGal1.mat.broiler.GRCg7b, whole genome shotgun sequence	A	27	3447912
NC_052558.1 Gallus gallus isolate bGalGal1 chromosome 27, bGalGal1.mat.broiler.GRCg7b, whole genome shotgun sequence	G	23	3452021
NC_052558.1 Gallus gallus isolate bGalGal1 chromosome 27, bGalGal1.mat.broiler.GRCg7b, whole genome shotgun sequence	G	18	3453054
NC_052558.1 Gallus gallus isolate bGalGal1 chromosome 27, bGalGal1.mat.broiler.GRCg7b, whole genome shotgun sequence	T	17	3457247
NC_052558.1 Gallus gallus isolate bGalGal1 chromosome 27, bGalGal1.mat.broiler.GRCg7b, whole genome shotgun sequence	C	22	3461543
NC_052558.1 Gallus gallus isolate bGalGal1 chromosome 27, bGalGal1.mat.broiler.GRCg7b, whole genome shotgun sequence	C	18	3461710
NC_052558.1 Gallus gallus isolate bGalGal1 chromosome 27, bGalGal1.mat.broiler.GRCg7b, whole genome shotgun sequence	A	22	3461800
NC_052558.1 Gallus gallus isolate bGalGal1 chromosome 27, bGalGal1.mat.broiler.GRCg7b, whole genome shotgun sequence	G	22	3463775
NC_052558.1 Gallus gallus isolate bGalGal1 chromosome 27, bGalGal1.mat.broiler.GRCg7b, whole genome shotgun sequence	G	20	3465089
NC_052558.1 Gallus gallus isolate bGalGal1 chromosome 27, bGalGal1.mat.broiler.GRCg7b, whole genome shotgun sequence	T	20	3465139
NC_052558.1 Gallus gallus isolate bGalGal1 chromosome 27, bGalGal1.mat.broiler.GRCg7b, whole genome shotgun sequence	C	34	3465330
NC_052558.1 Gallus gallus isolate bGalGal1 chromosome 27, bGalGal1.mat.broiler.GRCg7b, whole genome shotgun sequence	T	48	3465960
NC_052558.1 Gallus gallus isolate bGalGal1 chromosome 27, bGalGal1.mat.broiler.GRCg7b, whole genome shotgun sequence	T	18	3467446
NC_052558.1 Gallus gallus isolate bGalGal1 chromosome 27, bGalGal1.mat.broiler.GRCg7b, whole genome shotgun sequence	T	24	3476696
NC_052558.1 Gallus gallus isolate bGalGal1 chromosome 27, bGalGal1.mat.broiler.GRCg7b, whole genome shotgun sequence	T	19	3480317
NC_052558.1 Gallus gallus isolate bGalGal1 chromosome 27, bGalGal1.mat.broiler.GRCg7b, whole genome shotgun sequence	G	23	3480717
NC_052558.1 Gallus gallus isolate bGalGal1 chromosome 27, bGalGal1.mat.broiler.GRCg7b, whole genome shotgun sequence	G	17	3488036
NC_052558.1 Gallus gallus isolate bGalGal1 chromosome 27, bGalGal1.mat.broiler.GRCg7b, whole genome shotgun sequence	T	16	3513712
NC_052558.1 Gallus gallus isolate bGalGal1 chromosome 27, bGalGal1.mat.broiler.GRCg7b, whole genome shotgun sequence	A	18	3515206
NC_052558.1 Gallus gallus isolate bGalGal1 chromosome 27, bGalGal1.mat.broiler.GRCg7b, whole genome shotgun sequence	A	16	3522191
NC_052558.1 Gallus gallus isolate bGalGal1 chromosome 27, bGalGal1.mat.broiler.GRCg7b, whole genome shotgun sequence	G	17	3538329
NC_052558.1 Gallus gallus isolate bGalGal1 chromosome 27, bGalGal1.mat.broiler.GRCg7b, whole genome shotgun sequence	C	20	3578014
NC_052558.1 Gallus gallus isolate bGalGal1 chromosome 27, bGalGal1.mat.broiler.GRCg7b, whole genome shotgun sequence	C	18	3578402
NC_052558.1 Gallus gallus isolate bGalGal1 chromosome 27, bGalGal1.mat.broiler.GRCg7b, whole genome shotgun sequence	C	16	3653846
NC_052558.1 Gallus gallus isolate bGalGal1 chromosome 27, bGalGal1.mat.broiler.GRCg7b, whole genome shotgun sequence	C	22	3660714
NC_052558.1 Gallus gallus isolate bGalGal1 chromosome 27, bGalGal1.mat.broiler.GRCg7b, whole genome shotgun sequence	G	16	3661208
NC_052558.1 Gallus gallus isolate bGalGal1 chromosome 27, bGalGal1.mat.broiler.GRCg7b, whole genome shotgun sequence	C	19	3661667
NC_052558.1 Gallus gallus isolate bGalGal1 chromosome 27, bGalGal1.mat.broiler.GRCg7b, whole genome shotgun sequence	G	22	3691517
NC_052558.1 Gallus gallus isolate bGalGal1 chromosome 27, bGalGal1.mat.broiler.GRCg7b, whole genome shotgun sequence	G	16	3692268
NC_052558.1 Gallus gallus isolate bGalGal1 chromosome 27, bGalGal1.mat.broiler.GRCg7b, whole genome shotgun sequence	G	17	3694871
NC_052558.1 Gallus gallus isolate bGalGal1 chromosome 27, bGalGal1.mat.broiler.GRCg7b, whole genome shotgun sequence	C	16	3712450
NC_052558.1 Gallus gallus isolate bGalGal1 chromosome 27, bGalGal1.mat.broiler.GRCg7b, whole genome shotgun sequence	C	16	3715311
NC_052558.1 Gallus gallus isolate bGalGal1 chromosome 27, bGalGal1.mat.broiler.GRCg7b, whole genome shotgun sequence	C	19	3717445
NC_052558.1 Gallus gallus isolate bGalGal1 chromosome 27, bGalGal1.mat.broiler.GRCg7b, whole genome shotgun sequence	G	19	3721247
NC_052558.1 Gallus gallus isolate bGalGal1 chromosome 27, bGalGal1.mat.broiler.GRCg7b, whole genome shotgun sequence	C	17	3721814
NC_052558.1 Gallus gallus isolate bGalGal1 chromosome 27, bGalGal1.mat.broiler.GRCg7b, whole genome shotgun sequence	C	16	3737667
NC_052558.1 Gallus gallus isolate bGalGal1 chromosome 27, bGalGal1.mat.broiler.GRCg7b, whole genome shotgun sequence	C	18	3737970
NC_052558.1 Gallus gallus isolate bGalGal1 chromosome 27, bGalGal1.mat.broiler.GRCg7b, whole genome shotgun sequence	G	16	3741430
NC_052558.1 Gallus gallus isolate bGalGal1 chromosome 27, bGalGal1.mat.broiler.GRCg7b, whole genome shotgun sequence	G	21	3743704
NC_052558.1 Gallus gallus isolate bGalGal1 chromosome 27, bGalGal1.mat.broiler.GRCg7b, whole genome shotgun sequence	C	21	3744109
NC_052558.1 Gallus gallus isolate bGalGal1 chromosome 27, bGalGal1.mat.broiler.GRCg7b, whole genome shotgun sequence	G	16	3745320
NC_052558.1 Gallus gallus isolate bGalGal1 chromosome 27, bGalGal1.mat.broiler.GRCg7b, whole genome shotgun sequence	C	18	3745916
NC_052558.1 Gallus gallus isolate bGalGal1 chromosome 27, bGalGal1.mat.broiler.GRCg7b, whole genome shotgun sequence	C	16	3754308
NC_052558.1 Gallus gallus isolate bGalGal1 chromosome 27, bGalGal1.mat.broiler.GRCg7b, whole genome shotgun sequence	C	21	3754536
NC_052558.1 Gallus gallus isolate bGalGal1 chromosome 27, bGalGal1.mat.broiler.GRCg7b, whole genome shotgun sequence	C	16	3760436
NC_052558.1 Gallus gallus isolate bGalGal1 chromosome 27, bGalGal1.mat.broiler.GRCg7b, whole genome shotgun sequence	G	17	3760952
NC_052558.1 Gallus gallus isolate bGalGal1 chromosome 27, bGalGal1.mat.broiler.GRCg7b, whole genome shotgun sequence	G	17	3761210
NC_052558.1 Gallus gallus isolate bGalGal1 chromosome 27, bGalGal1.mat.broiler.GRCg7b, whole genome shotgun sequence	G	21	3766950
NC_052558.1 Gallus gallus isolate bGalGal1 chromosome 27, bGalGal1.mat.broiler.GRCg7b, whole genome shotgun sequence	C	23	3772703
NC_052558.1 Gallus gallus isolate bGalGal1 chromosome 27, bGalGal1.mat.broiler.GRCg7b, whole genome shotgun sequence	T	16	3773044
NC_052558.1 Gallus gallus isolate bGalGal1 chromosome 27, bGalGal1.mat.broiler.GRCg7b, whole genome shotgun sequence	G	21	3795216
NC_052558.1 Gallus gallus isolate bGalGal1 chromosome 27, bGalGal1.mat.broiler.GRCg7b, whole genome shotgun sequence	C	31	3849671
NC_052558.1 Gallus gallus isolate bGalGal1 chromosome 27, bGalGal1.mat.broiler.GRCg7b, whole genome shotgun sequence	C	23	3850178
NC_052558.1 Gallus gallus isolate bGalGal1 chromosome 27, bGalGal1.mat.broiler.GRCg7b, whole genome shotgun sequence	C	19	3850346
NC_052558.1 Gallus gallus isolate bGalGal1 chromosome 27, bGalGal1.mat.broiler.GRCg7b, whole genome shotgun sequence	G	16	3850695
NC_052558.1 Gallus gallus isolate bGalGal1 chromosome 27, bGalGal1.mat.broiler.GRCg7b, whole genome shotgun sequence	ACCCTA	15	5212358
NC_052558.1 Gallus gallus isolate bGalGal1 chromosome 27, bGalGal1.mat.broiler.GRCg7b, whole genome shotgun sequence	ACCCTA	16	5212617
NC_052558.1 Gallus gallus isolate bGalGal1 chromosome 27, bGalGal1.mat.broiler.GRCg7b, whole genome shotgun sequence	AACCCT	23	5213068
NC_052558.1 Gallus gallus isolate bGalGal1 chromosome 27, bGalGal1.mat.broiler.GRCg7b, whole genome shotgun sequence	AACCCT	14	5213264
NC_052558.1 Gallus gallus isolate bGalGal1 chromosome 27, bGalGal1.mat.broiler.GRCg7b, whole genome shotgun sequence	CCTAAC	20	5214040
NC_052558.1 Gallus gallus isolate bGalGal1 chromosome 27, bGalGal1.mat.broiler.GRCg7b, whole genome shotgun sequence	ACCCTA	37	5214163
NC_052558.1 Gallus gallus isolate bGalGal1 chromosome 27, bGalGal1.mat.broiler.GRCg7b, whole genome shotgun sequence	AACCCT	15	5214400
NC_052558.1 Gallus gallus isolate bGalGal1 chromosome 27, bGalGal1.mat.broiler.GRCg7b, whole genome shotgun sequence	ACCCTA	18	5214545
NC_052558.1 Gallus gallus isolate bGalGal1 chromosome 27, bGalGal1.mat.broiler.GRCg7b, whole genome shotgun sequence	ACCCTA	16	5214730
NC_052558.1 Gallus gallus isolate bGalGal1 chromosome 27, bGalGal1.mat.broiler.GRCg7b, whole genome shotgun sequence	CCTAAC	34	5214872
NC_052558.1 Gallus gallus isolate bGalGal1 chromosome 27, bGalGal1.mat.broiler.GRCg7b, whole genome shotgun sequence	CCTAAC	18	5215259
NC_052558.1 Gallus gallus isolate bGalGal1 chromosome 27, bGalGal1.mat.broiler.GRCg7b, whole genome shotgun sequence	AACCCT	21	5215371
NC_052558.1 Gallus gallus isolate bGalGal1 chromosome 27, bGalGal1.mat.broiler.GRCg7b, whole genome shotgun sequence	CCCTAA	19	5215523
NC_052558.1 Gallus gallus isolate bGalGal1 chromosome 27, bGalGal1.mat.broiler.GRCg7b, whole genome shotgun sequence	CCTAAC	23	5215637
NC_052558.1 Gallus gallus isolate bGalGal1 chromosome 27, bGalGal1.mat.broiler.GRCg7b, whole genome shotgun sequence	CCTAAC	817	5215774
NC_052558.1 Gallus gallus isolate bGalGal1 chromosome 27, bGalGal1.mat.broiler.GRCg7b, whole genome shotgun sequence	A	21	5221795
NC_052558.1 Gallus gallus isolate bGalGal1 chromosome 27, bGalGal1.mat.broiler.GRCg7b, whole genome shotgun sequence	GGGAA	71	4176547
NC_052558.1 Gallus gallus isolate bGalGal1 chromosome 27, bGalGal1.mat.broiler.GRCg7b, whole genome shotgun sequence	GGAT	15	4173439
NC_052558.1 Gallus gallus isolate bGalGal1 chromosome 27, bGalGal1.mat.broiler.GRCg7b, whole genome shotgun sequence	AGC	14	4833720
NC_052558.1 Gallus gallus isolate bGalGal1 chromosome 27, bGalGal1.mat.broiler.GRCg7b, whole genome shotgun sequence	GT	37	3919939
NC_052558.1 Gallus gallus isolate bGalGal1 chromosome 27, bGalGal1.mat.broiler.GRCg7b, whole genome shotgun sequence	AC	14	3973097
NC_052558.1 Gallus gallus isolate bGalGal1 chromosome 27, bGalGal1.mat.broiler.GRCg7b, whole genome shotgun sequence	CA	22	4055467
NC_052558.1 Gallus gallus isolate bGalGal1 chromosome 27, bGalGal1.mat.broiler.GRCg7b, whole genome shotgun sequence	AC	31	4206653
NC_052558.1 Gallus gallus isolate bGalGal1 chromosome 27, bGalGal1.mat.broiler.GRCg7b, whole genome shotgun sequence	AT	14	4343184
NC_052558.1 Gallus gallus isolate bGalGal1 chromosome 27, bGalGal1.mat.broiler.GRCg7b, whole genome shotgun sequence	GT	14	4352685
NC_052558.1 Gallus gallus isolate bGalGal1 chromosome 27, bGalGal1.mat.broiler.GRCg7b, whole genome shotgun sequence	AT	31	4946098
NC_052558.1 Gallus gallus isolate bGalGal1 chromosome 27, bGalGal1.mat.broiler.GRCg7b, whole genome shotgun sequence	TC	22	5179650
NC_052558.1 Gallus gallus isolate bGalGal1 chromosome 27, bGalGal1.mat.broiler.GRCg7b, whole genome shotgun sequence	C	18	3854390
NC_052558.1 Gallus gallus isolate bGalGal1 chromosome 27, bGalGal1.mat.broiler.GRCg7b, whole genome shotgun sequence	G	22	3854642
NC_052558.1 Gallus gallus isolate bGalGal1 chromosome 27, bGalGal1.mat.broiler.GRCg7b, whole genome shotgun sequence	C	17	3856934
NC_052558.1 Gallus gallus isolate bGalGal1 chromosome 27, bGalGal1.mat.broiler.GRCg7b, whole genome shotgun sequence	G	19	3857780
NC_052558.1 Gallus gallus isolate bGalGal1 chromosome 27, bGalGal1.mat.broiler.GRCg7b, whole genome shotgun sequence	C	23	3858086
NC_052558.1 Gallus gallus isolate bGalGal1 chromosome 27, bGalGal1.mat.broiler.GRCg7b, whole genome shotgun sequence	C	19	3858775
NC_052558.1 Gallus gallus isolate bGalGal1 chromosome 27, bGalGal1.mat.broiler.GRCg7b, whole genome shotgun sequence	G	16	3859213
NC_052558.1 Gallus gallus isolate bGalGal1 chromosome 27, bGalGal1.mat.broiler.GRCg7b, whole genome shotgun sequence	G	16	3861489
NC_052558.1 Gallus gallus isolate bGalGal1 chromosome 27, bGalGal1.mat.broiler.GRCg7b, whole genome shotgun sequence	G	16	3862273
NC_052558.1 Gallus gallus isolate bGalGal1 chromosome 27, bGalGal1.mat.broiler.GRCg7b, whole genome shotgun sequence	G	16	3862298
NC_052558.1 Gallus gallus isolate bGalGal1 chromosome 27, bGalGal1.mat.broiler.GRCg7b, whole genome shotgun sequence	C	37	3863515
NC_052558.1 Gallus gallus isolate bGalGal1 chromosome 27, bGalGal1.mat.broiler.GRCg7b, whole genome shotgun sequence	G	25	3878080
NC_052558.1 Gallus gallus isolate bGalGal1 chromosome 27, bGalGal1.mat.broiler.GRCg7b, whole genome shotgun sequence	G	16	3895744
NC_052558.1 Gallus gallus isolate bGalGal1 chromosome 27, bGalGal1.mat.broiler.GRCg7b, whole genome shotgun sequence	G	18	3921487
NC_052558.1 Gallus gallus isolate bGalGal1 chromosome 27, bGalGal1.mat.broiler.GRCg7b, whole genome shotgun sequence	G	18	3922487
NC_052558.1 Gallus gallus isolate bGalGal1 chromosome 27, bGalGal1.mat.broiler.GRCg7b, whole genome shotgun sequence	C	16	3925703
NC_052558.1 Gallus gallus isolate bGalGal1 chromosome 27, bGalGal1.mat.broiler.GRCg7b, whole genome shotgun sequence	C	26	3929300
NC_052558.1 Gallus gallus isolate bGalGal1 chromosome 27, bGalGal1.mat.broiler.GRCg7b, whole genome shotgun sequence	C	22	3933518
NC_052558.1 Gallus gallus isolate bGalGal1 chromosome 27, bGalGal1.mat.broiler.GRCg7b, whole genome shotgun sequence	A	22	3936523
NC_052558.1 Gallus gallus isolate bGalGal1 chromosome 27, bGalGal1.mat.broiler.GRCg7b, whole genome shotgun sequence	G	17	3973999
NC_052558.1 Gallus gallus isolate bGalGal1 chromosome 27, bGalGal1.mat.broiler.GRCg7b, whole genome shotgun sequence	C	25	3974254
NC_052558.1 Gallus gallus isolate bGalGal1 chromosome 27, bGalGal1.mat.broiler.GRCg7b, whole genome shotgun sequence	G	18	3984510
NC_052558.1 Gallus gallus isolate bGalGal1 chromosome 27, bGalGal1.mat.broiler.GRCg7b, whole genome shotgun sequence	C	17	3995740
NC_052558.1 Gallus gallus isolate bGalGal1 chromosome 27, bGalGal1.mat.broiler.GRCg7b, whole genome shotgun sequence	C	16	3997906
NC_052558.1 Gallus gallus isolate bGalGal1 chromosome 27, bGalGal1.mat.broiler.GRCg7b, whole genome shotgun sequence	T	18	3998318
NC_052558.1 Gallus gallus isolate bGalGal1 chromosome 27, bGalGal1.mat.broiler.GRCg7b, whole genome shotgun sequence	T	17	3998441
NC_052558.1 Gallus gallus isolate bGalGal1 chromosome 27, bGalGal1.mat.broiler.GRCg7b, whole genome shotgun sequence	C	16	4037843
NC_052558.1 Gallus gallus isolate bGalGal1 chromosome 27, bGalGal1.mat.broiler.GRCg7b, whole genome shotgun sequence	G	18	4039925
NC_052558.1 Gallus gallus isolate bGalGal1 chromosome 27, bGalGal1.mat.broiler.GRCg7b, whole genome shotgun sequence	C	20	4042444
NC_052558.1 Gallus gallus isolate bGalGal1 chromosome 27, bGalGal1.mat.broiler.GRCg7b, whole genome shotgun sequence	G	18	4044503
NC_052558.1 Gallus gallus isolate bGalGal1 chromosome 27, bGalGal1.mat.broiler.GRCg7b, whole genome shotgun sequence	G	17	4044540
NC_052558.1 Gallus gallus isolate bGalGal1 chromosome 27, bGalGal1.mat.broiler.GRCg7b, whole genome shotgun sequence	G	16	4046866
NC_052558.1 Gallus gallus isolate bGalGal1 chromosome 27, bGalGal1.mat.broiler.GRCg7b, whole genome shotgun sequence	C	18	4055194
NC_052558.1 Gallus gallus isolate bGalGal1 chromosome 27, bGalGal1.mat.broiler.GRCg7b, whole genome shotgun sequence	A	16	4056779
NC_052558.1 Gallus gallus isolate bGalGal1 chromosome 27, bGalGal1.mat.broiler.GRCg7b, whole genome shotgun sequence	A	16	4067967
NC_052558.1 Gallus gallus isolate bGalGal1 chromosome 27, bGalGal1.mat.broiler.GRCg7b, whole genome shotgun sequence	T	17	4068840
NC_052558.1 Gallus gallus isolate bGalGal1 chromosome 27, bGalGal1.mat.broiler.GRCg7b, whole genome shotgun sequence	C	16	4080500
NC_052558.1 Gallus gallus isolate bGalGal1 chromosome 27, bGalGal1.mat.broiler.GRCg7b, whole genome shotgun sequence	A	16	4096495
NC_052558.1 Gallus gallus isolate bGalGal1 chromosome 27, bGalGal1.mat.broiler.GRCg7b, whole genome shotgun sequence	G	19	4169413
NC_052558.1 Gallus gallus isolate bGalGal1 chromosome 27, bGalGal1.mat.broiler.GRCg7b, whole genome shotgun sequence	C	17	4172027
NC_052558.1 Gallus gallus isolate bGalGal1 chromosome 27, bGalGal1.mat.broiler.GRCg7b, whole genome shotgun sequence	A	16	4172187
NC_052558.1 Gallus gallus isolate bGalGal1 chromosome 27, bGalGal1.mat.broiler.GRCg7b, whole genome shotgun sequence	G	21	4172240
NC_052558.1 Gallus gallus isolate bGalGal1 chromosome 27, bGalGal1.mat.broiler.GRCg7b, whole genome shotgun sequence	A	18	4183577
NC_052558.1 Gallus gallus isolate bGalGal1 chromosome 27, bGalGal1.mat.broiler.GRCg7b, whole genome shotgun sequence	C	18	4214586
NC_052558.1 Gallus gallus isolate bGalGal1 chromosome 27, bGalGal1.mat.broiler.GRCg7b, whole genome shotgun sequence	C	19	4216806
NC_052558.1 Gallus gallus isolate bGalGal1 chromosome 27, bGalGal1.mat.broiler.GRCg7b, whole genome shotgun sequence	C	19	4224670
NC_052558.1 Gallus gallus isolate bGalGal1 chromosome 27, bGalGal1.mat.broiler.GRCg7b, whole genome shotgun sequence	C	23	4228633
NC_052558.1 Gallus gallus isolate bGalGal1 chromosome 27, bGalGal1.mat.broiler.GRCg7b, whole genome shotgun sequence	C	19	4245937
NC_052558.1 Gallus gallus isolate bGalGal1 chromosome 27, bGalGal1.mat.broiler.GRCg7b, whole genome shotgun sequence	A	21	4249019
NC_052558.1 Gallus gallus isolate bGalGal1 chromosome 27, bGalGal1.mat.broiler.GRCg7b, whole genome shotgun sequence	A	16	4251127
NC_052558.1 Gallus gallus isolate bGalGal1 chromosome 27, bGalGal1.mat.broiler.GRCg7b, whole genome shotgun sequence	A	16	4253519
NC_052558.1 Gallus gallus isolate bGalGal1 chromosome 27, bGalGal1.mat.broiler.GRCg7b, whole genome shotgun sequence	G	20	4260218
NC_052558.1 Gallus gallus isolate bGalGal1 chromosome 27, bGalGal1.mat.broiler.GRCg7b, whole genome shotgun sequence	C	20	4263115
NC_052558.1 Gallus gallus isolate bGalGal1 chromosome 27, bGalGal1.mat.broiler.GRCg7b, whole genome shotgun sequence	T	24	4267797
NC_052558.1 Gallus gallus isolate bGalGal1 chromosome 27, bGalGal1.mat.broiler.GRCg7b, whole genome shotgun sequence	T	18	4294225
NC_052558.1 Gallus gallus isolate bGalGal1 chromosome 27, bGalGal1.mat.broiler.GRCg7b, whole genome shotgun sequence	G	20	4309523
NC_052558.1 Gallus gallus isolate bGalGal1 chromosome 27, bGalGal1.mat.broiler.GRCg7b, whole genome shotgun sequence	G	21	4324604
NC_052558.1 Gallus gallus isolate bGalGal1 chromosome 27, bGalGal1.mat.broiler.GRCg7b, whole genome shotgun sequence	G	17	4331101
NC_052558.1 Gallus gallus isolate bGalGal1 chromosome 27, bGalGal1.mat.broiler.GRCg7b, whole genome shotgun sequence	T	30	4331652
NC_052558.1 Gallus gallus isolate bGalGal1 chromosome 27, bGalGal1.mat.broiler.GRCg7b, whole genome shotgun sequence	C	16	4343352
NC_052558.1 Gallus gallus isolate bGalGal1 chromosome 27, bGalGal1.mat.broiler.GRCg7b, whole genome shotgun sequence	G	17	4344487
NC_052558.1 Gallus gallus isolate bGalGal1 chromosome 27, bGalGal1.mat.broiler.GRCg7b, whole genome shotgun sequence	C	20	4347795
NC_052558.1 Gallus gallus isolate bGalGal1 chromosome 27, bGalGal1.mat.broiler.GRCg7b, whole genome shotgun sequence	G	21	4348369
NC_052558.1 Gallus gallus isolate bGalGal1 chromosome 27, bGalGal1.mat.broiler.GRCg7b, whole genome shotgun sequence	G	16	4348641
NC_052558.1 Gallus gallus isolate bGalGal1 chromosome 27, bGalGal1.mat.broiler.GRCg7b, whole genome shotgun sequence	G	16	4349379
NC_052558.1 Gallus gallus isolate bGalGal1 chromosome 27, bGalGal1.mat.broiler.GRCg7b, whole genome shotgun sequence	C	16	4350089
NC_052558.1 Gallus gallus isolate bGalGal1 chromosome 27, bGalGal1.mat.broiler.GRCg7b, whole genome shotgun sequence	G	17	4373523
NC_052558.1 Gallus gallus isolate bGalGal1 chromosome 27, bGalGal1.mat.broiler.GRCg7b, whole genome shotgun sequence	G	16	4375740
NC_052558.1 Gallus gallus isolate bGalGal1 chromosome 27, bGalGal1.mat.broiler.GRCg7b, whole genome shotgun sequence	G	19	4397059
NC_052558.1 Gallus gallus isolate bGalGal1 chromosome 27, bGalGal1.mat.broiler.GRCg7b, whole genome shotgun sequence	C	16	4400519
NC_052558.1 Gallus gallus isolate bGalGal1 chromosome 27, bGalGal1.mat.broiler.GRCg7b, whole genome shotgun sequence	C	18	4400937
NC_052558.1 Gallus gallus isolate bGalGal1 chromosome 27, bGalGal1.mat.broiler.GRCg7b, whole genome shotgun sequence	C	16	4401138
NC_052558.1 Gallus gallus isolate bGalGal1 chromosome 27, bGalGal1.mat.broiler.GRCg7b, whole genome shotgun sequence	C	16	4402979
NC_052558.1 Gallus gallus isolate bGalGal1 chromosome 27, bGalGal1.mat.broiler.GRCg7b, whole genome shotgun sequence	G	17	4411002
NC_052558.1 Gallus gallus isolate bGalGal1 chromosome 27, bGalGal1.mat.broiler.GRCg7b, whole genome shotgun sequence	A	17	4479818
NC_052558.1 Gallus gallus isolate bGalGal1 chromosome 27, bGalGal1.mat.broiler.GRCg7b, whole genome shotgun sequence	A	17	4495991
NC_052558.1 Gallus gallus isolate bGalGal1 chromosome 27, bGalGal1.mat.broiler.GRCg7b, whole genome shotgun sequence	G	19	4505265
NC_052558.1 Gallus gallus isolate bGalGal1 chromosome 27, bGalGal1.mat.broiler.GRCg7b, whole genome shotgun sequence	A	21	4506857
NC_052558.1 Gallus gallus isolate bGalGal1 chromosome 27, bGalGal1.mat.broiler.GRCg7b, whole genome shotgun sequence	T	16	4539304
NC_052558.1 Gallus gallus isolate bGalGal1 chromosome 27, bGalGal1.mat.broiler.GRCg7b, whole genome shotgun sequence	C	19	4547274
NC_052558.1 Gallus gallus isolate bGalGal1 chromosome 27, bGalGal1.mat.broiler.GRCg7b, whole genome shotgun sequence	C	16	4649401
NC_052558.1 Gallus gallus isolate bGalGal1 chromosome 27, bGalGal1.mat.broiler.GRCg7b, whole genome shotgun sequence	G	16	4665609
NC_052558.1 Gallus gallus isolate bGalGal1 chromosome 27, bGalGal1.mat.broiler.GRCg7b, whole genome shotgun sequence	T	17	4704688
NC_052558.1 Gallus gallus isolate bGalGal1 chromosome 27, bGalGal1.mat.broiler.GRCg7b, whole genome shotgun sequence	A	17	4710672
NC_052558.1 Gallus gallus isolate bGalGal1 chromosome 27, bGalGal1.mat.broiler.GRCg7b, whole genome shotgun sequence	G	21	4725194
NC_052558.1 Gallus gallus isolate bGalGal1 chromosome 27, bGalGal1.mat.broiler.GRCg7b, whole genome shotgun sequence	A	17	4752225
NC_052558.1 Gallus gallus isolate bGalGal1 chromosome 27, bGalGal1.mat.broiler.GRCg7b, whole genome shotgun sequence	G	28	4782149
NC_052558.1 Gallus gallus isolate bGalGal1 chromosome 27, bGalGal1.mat.broiler.GRCg7b, whole genome shotgun sequence	A	24	4790539
NC_052558.1 Gallus gallus isolate bGalGal1 chromosome 27, bGalGal1.mat.broiler.GRCg7b, whole genome shotgun sequence	C	18	4825365
NC_052558.1 Gallus gallus isolate bGalGal1 chromosome 27, bGalGal1.mat.broiler.GRCg7b, whole genome shotgun sequence	C	18	4846550
NC_052558.1 Gallus gallus isolate bGalGal1 chromosome 27, bGalGal1.mat.broiler.GRCg7b, whole genome shotgun sequence	C	17	4847578
NC_052558.1 Gallus gallus isolate bGalGal1 chromosome 27, bGalGal1.mat.broiler.GRCg7b, whole genome shotgun sequence	G	18	4870506
NC_052558.1 Gallus gallus isolate bGalGal1 chromosome 27, bGalGal1.mat.broiler.GRCg7b, whole genome shotgun sequence	C	29	4894774
NC_052558.1 Gallus gallus isolate bGalGal1 chromosome 27, bGalGal1.mat.broiler.GRCg7b, whole genome shotgun sequence	A	20	4899139
NC_052558.1 Gallus gallus isolate bGalGal1 chromosome 27, bGalGal1.mat.broiler.GRCg7b, whole genome shotgun sequence	A	16	4900640
NC_052558.1 Gallus gallus isolate bGalGal1 chromosome 27, bGalGal1.mat.broiler.GRCg7b, whole genome shotgun sequence	T	24	4932800
NC_052558.1 Gallus gallus isolate bGalGal1 chromosome 27, bGalGal1.mat.broiler.GRCg7b, whole genome shotgun sequence	A	16	4934526
NC_052558.1 Gallus gallus isolate bGalGal1 chromosome 27, bGalGal1.mat.broiler.GRCg7b, whole genome shotgun sequence	A	19	4936103
NC_052558.1 Gallus gallus isolate bGalGal1 chromosome 27, bGalGal1.mat.broiler.GRCg7b, whole genome shotgun sequence	T	41	4941124
NC_052558.1 Gallus gallus isolate bGalGal1 chromosome 27, bGalGal1.mat.broiler.GRCg7b, whole genome shotgun sequence	A	23	4973236
NC_052558.1 Gallus gallus isolate bGalGal1 chromosome 27, bGalGal1.mat.broiler.GRCg7b, whole genome shotgun sequence	C	21	5004601
NC_052558.1 Gallus gallus isolate bGalGal1 chromosome 27, bGalGal1.mat.broiler.GRCg7b, whole genome shotgun sequence	C	31	5026479
NC_052558.1 Gallus gallus isolate bGalGal1 chromosome 27, bGalGal1.mat.broiler.GRCg7b, whole genome shotgun sequence	C	17	5082508
NC_052558.1 Gallus gallus isolate bGalGal1 chromosome 27, bGalGal1.mat.broiler.GRCg7b, whole genome shotgun sequence	T	17	5131538
NC_052558.1 Gallus gallus isolate bGalGal1 chromosome 27, bGalGal1.mat.broiler.GRCg7b, whole genome shotgun sequence	A	20	5151626
NC_052558.1 Gallus gallus isolate bGalGal1 chromosome 27, bGalGal1.mat.broiler.GRCg7b, whole genome shotgun sequence	T	22	5155825
NC_052558.1 Gallus gallus isolate bGalGal1 chromosome 27, bGalGal1.mat.broiler.GRCg7b, whole genome shotgun sequence	A	19	5162997
NC_052558.1 Gallus gallus isolate bGalGal1 chromosome 27, bGalGal1.mat.broiler.GRCg7b, whole genome shotgun sequence	A	16	5164794
NC_052558.1 Gallus gallus isolate bGalGal1 chromosome 27, bGalGal1.mat.broiler.GRCg7b, whole genome shotgun sequence	T	25	5167735
NC_052558.1 Gallus gallus isolate bGalGal1 chromosome 27, bGalGal1.mat.broiler.GRCg7b, whole genome shotgun sequence	C	20	5188876
NC_052558.1 Gallus gallus isolate bGalGal1 chromosome 27, bGalGal1.mat.broiler.GRCg7b, whole genome shotgun sequence	G	20	5196913
NC_052558.1 Gallus gallus isolate bGalGal1 chromosome 27, bGalGal1.mat.broiler.GRCg7b, whole genome shotgun sequence	C	19	5198512
NC_052558.1 Gallus gallus isolate bGalGal1 chromosome 27, bGalGal1.mat.broiler.GRCg7b, whole genome shotgun sequence	T	27	5202347
NC_052558.1 Gallus gallus isolate bGalGal1 chromosome 27, bGalGal1.mat.broiler.GRCg7b, whole genome shotgun sequence	A	21	5203915
NC_052558.1 Gallus gallus isolate bGalGal1 chromosome 27, bGalGal1.mat.broiler.GRCg7b, whole genome shotgun sequence	AAGGGA	15	2309662
NC_052558.1 Gallus gallus isolate bGalGal1 chromosome 27, bGalGal1.mat.broiler.GRCg7b, whole genome shotgun sequence	GATGG	14	977603
NC_052558.1 Gallus gallus isolate bGalGal1 chromosome 27, bGalGal1.mat.broiler.GRCg7b, whole genome shotgun sequence	TTCCC	31	1319432
NC_052558.1 Gallus gallus isolate bGalGal1 chromosome 27, bGalGal1.mat.broiler.GRCg7b, whole genome shotgun sequence	GAAGG	52	1442062
NC_052558.1 Gallus gallus isolate bGalGal1 chromosome 27, bGalGal1.mat.broiler.GRCg7b, whole genome shotgun sequence	AAGGA	33	1442318
NC_052558.1 Gallus gallus isolate bGalGal1 chromosome 27, bGalGal1.mat.broiler.GRCg7b, whole genome shotgun sequence	ATGCC	15	1875532
NC_052558.1 Gallus gallus isolate bGalGal1 chromosome 27, bGalGal1.mat.broiler.GRCg7b, whole genome shotgun sequence	GGAAA	14	2309749
NC_052558.1 Gallus gallus isolate bGalGal1 chromosome 27, bGalGal1.mat.broiler.GRCg7b, whole genome shotgun sequence	GATGG	15	2340896
NC_052558.1 Gallus gallus isolate bGalGal1 chromosome 27, bGalGal1.mat.broiler.GRCg7b, whole genome shotgun sequence	TCCT	16	949820
NC_052558.1 Gallus gallus isolate bGalGal1 chromosome 27, bGalGal1.mat.broiler.GRCg7b, whole genome shotgun sequence	AGGA	26	1619244
NC_052558.1 Gallus gallus isolate bGalGal1 chromosome 27, bGalGal1.mat.broiler.GRCg7b, whole genome shotgun sequence	TGGA	15	1973202
NC_052558.1 Gallus gallus isolate bGalGal1 chromosome 27, bGalGal1.mat.broiler.GRCg7b, whole genome shotgun sequence	ATA	20	1449175
NC_052558.1 Gallus gallus isolate bGalGal1 chromosome 27, bGalGal1.mat.broiler.GRCg7b, whole genome shotgun sequence	AT	17	820945
NC_052558.1 Gallus gallus isolate bGalGal1 chromosome 27, bGalGal1.mat.broiler.GRCg7b, whole genome shotgun sequence	TG	16	980001
NC_052558.1 Gallus gallus isolate bGalGal1 chromosome 27, bGalGal1.mat.broiler.GRCg7b, whole genome shotgun sequence	GT	16	1048213
NC_052558.1 Gallus gallus isolate bGalGal1 chromosome 27, bGalGal1.mat.broiler.GRCg7b, whole genome shotgun sequence	GT	22	2596566
NC_052558.1 Gallus gallus isolate bGalGal1 chromosome 27, bGalGal1.mat.broiler.GRCg7b, whole genome shotgun sequence	CA	23	2597328
NC_052558.1 Gallus gallus isolate bGalGal1 chromosome 27, bGalGal1.mat.broiler.GRCg7b, whole genome shotgun sequence	CA	19	2598458
NC_052558.1 Gallus gallus isolate bGalGal1 chromosome 27, bGalGal1.mat.broiler.GRCg7b, whole genome shotgun sequence	GT	22	2648629
NC_052558.1 Gallus gallus isolate bGalGal1 chromosome 27, bGalGal1.mat.broiler.GRCg7b, whole genome shotgun sequence	GT	19	2648759
NC_052558.1 Gallus gallus isolate bGalGal1 chromosome 27, bGalGal1.mat.broiler.GRCg7b, whole genome shotgun sequence	GT	19	2667400
NC_052558.1 Gallus gallus isolate bGalGal1 chromosome 27, bGalGal1.mat.broiler.GRCg7b, whole genome shotgun sequence	CA	17	2672641
NC_052558.1 Gallus gallus isolate bGalGal1 chromosome 27, bGalGal1.mat.broiler.GRCg7b, whole genome shotgun sequence	A	16	462106
NC_052558.1 Gallus gallus isolate bGalGal1 chromosome 27, bGalGal1.mat.broiler.GRCg7b, whole genome shotgun sequence	A	43	513256
NC_052558.1 Gallus gallus isolate bGalGal1 chromosome 27, bGalGal1.mat.broiler.GRCg7b, whole genome shotgun sequence	A	20	516279
NC_052558.1 Gallus gallus isolate bGalGal1 chromosome 27, bGalGal1.mat.broiler.GRCg7b, whole genome shotgun sequence	A	18	526678
NC_052558.1 Gallus gallus isolate bGalGal1 chromosome 27, bGalGal1.mat.broiler.GRCg7b, whole genome shotgun sequence	T	16	535429
NC_052558.1 Gallus gallus isolate bGalGal1 chromosome 27, bGalGal1.mat.broiler.GRCg7b, whole genome shotgun sequence	A	32	540716
NC_052558.1 Gallus gallus isolate bGalGal1 chromosome 27, bGalGal1.mat.broiler.GRCg7b, whole genome shotgun sequence	T	17	676481
NC_052558.1 Gallus gallus isolate bGalGal1 chromosome 27, bGalGal1.mat.broiler.GRCg7b, whole genome shotgun sequence	C	18	689869
NC_052558.1 Gallus gallus isolate bGalGal1 chromosome 27, bGalGal1.mat.broiler.GRCg7b, whole genome shotgun sequence	T	23	701394
NC_052558.1 Gallus gallus isolate bGalGal1 chromosome 27, bGalGal1.mat.broiler.GRCg7b, whole genome shotgun sequence	T	26	706157
NC_052558.1 Gallus gallus isolate bGalGal1 chromosome 27, bGalGal1.mat.broiler.GRCg7b, whole genome shotgun sequence	C	17	706540
NC_052558.1 Gallus gallus isolate bGalGal1 chromosome 27, bGalGal1.mat.broiler.GRCg7b, whole genome shotgun sequence	A	18	706943
NC_052558.1 Gallus gallus isolate bGalGal1 chromosome 27, bGalGal1.mat.broiler.GRCg7b, whole genome shotgun sequence	T	16	727487
NC_052558.1 Gallus gallus isolate bGalGal1 chromosome 27, bGalGal1.mat.broiler.GRCg7b, whole genome shotgun sequence	A	21	728179
NC_052558.1 Gallus gallus isolate bGalGal1 chromosome 27, bGalGal1.mat.broiler.GRCg7b, whole genome shotgun sequence	A	17	753313
NC_052558.1 Gallus gallus isolate bGalGal1 chromosome 27, bGalGal1.mat.broiler.GRCg7b, whole genome shotgun sequence	T	25	753645
NC_052558.1 Gallus gallus isolate bGalGal1 chromosome 27, bGalGal1.mat.broiler.GRCg7b, whole genome shotgun sequence	T	16	753672
NC_052558.1 Gallus gallus isolate bGalGal1 chromosome 27, bGalGal1.mat.broiler.GRCg7b, whole genome shotgun sequence	T	16	754823
NC_052558.1 Gallus gallus isolate bGalGal1 chromosome 27, bGalGal1.mat.broiler.GRCg7b, whole genome shotgun sequence	T	19	755423
NC_052558.1 Gallus gallus isolate bGalGal1 chromosome 27, bGalGal1.mat.broiler.GRCg7b, whole genome shotgun sequence	A	16	789784
NC_052558.1 Gallus gallus isolate bGalGal1 chromosome 27, bGalGal1.mat.broiler.GRCg7b, whole genome shotgun sequence	T	16	808187
NC_052558.1 Gallus gallus isolate bGalGal1 chromosome 27, bGalGal1.mat.broiler.GRCg7b, whole genome shotgun sequence	A	16	822982
NC_052558.1 Gallus gallus isolate bGalGal1 chromosome 27, bGalGal1.mat.broiler.GRCg7b, whole genome shotgun sequence	A	19	825491
NC_052558.1 Gallus gallus isolate bGalGal1 chromosome 27, bGalGal1.mat.broiler.GRCg7b, whole genome shotgun sequence	G	31	872711
NC_052558.1 Gallus gallus isolate bGalGal1 chromosome 27, bGalGal1.mat.broiler.GRCg7b, whole genome shotgun sequence	T	20	888936
NC_052558.1 Gallus gallus isolate bGalGal1 chromosome 27, bGalGal1.mat.broiler.GRCg7b, whole genome shotgun sequence	G	18	889108
NC_052558.1 Gallus gallus isolate bGalGal1 chromosome 27, bGalGal1.mat.broiler.GRCg7b, whole genome shotgun sequence	C	35	889336
NC_052558.1 Gallus gallus isolate bGalGal1 chromosome 27, bGalGal1.mat.broiler.GRCg7b, whole genome shotgun sequence	T	17	900520
NC_052558.1 Gallus gallus isolate bGalGal1 chromosome 27, bGalGal1.mat.broiler.GRCg7b, whole genome shotgun sequence	T	17	914778
NC_052558.1 Gallus gallus isolate bGalGal1 chromosome 27, bGalGal1.mat.broiler.GRCg7b, whole genome shotgun sequence	C	22	916525
NC_052558.1 Gallus gallus isolate bGalGal1 chromosome 27, bGalGal1.mat.broiler.GRCg7b, whole genome shotgun sequence	C	18	958315
NC_052558.1 Gallus gallus isolate bGalGal1 chromosome 27, bGalGal1.mat.broiler.GRCg7b, whole genome shotgun sequence	C	20	1006508
NC_052558.1 Gallus gallus isolate bGalGal1 chromosome 27, bGalGal1.mat.broiler.GRCg7b, whole genome shotgun sequence	T	21	1076865
NC_052558.1 Gallus gallus isolate bGalGal1 chromosome 27, bGalGal1.mat.broiler.GRCg7b, whole genome shotgun sequence	C	16	1118573
NC_052558.1 Gallus gallus isolate bGalGal1 chromosome 27, bGalGal1.mat.broiler.GRCg7b, whole genome shotgun sequence	T	16	1119919
NC_052558.1 Gallus gallus isolate bGalGal1 chromosome 27, bGalGal1.mat.broiler.GRCg7b, whole genome shotgun sequence	C	18	1120333
NC_052558.1 Gallus gallus isolate bGalGal1 chromosome 27, bGalGal1.mat.broiler.GRCg7b, whole genome shotgun sequence	C	16	1147028
NC_052558.1 Gallus gallus isolate bGalGal1 chromosome 27, bGalGal1.mat.broiler.GRCg7b, whole genome shotgun sequence	G	16	1195271
NC_052558.1 Gallus gallus isolate bGalGal1 chromosome 27, bGalGal1.mat.broiler.GRCg7b, whole genome shotgun sequence	G	21	1198305
NC_052558.1 Gallus gallus isolate bGalGal1 chromosome 27, bGalGal1.mat.broiler.GRCg7b, whole genome shotgun sequence	G	17	1212279
NC_052558.1 Gallus gallus isolate bGalGal1 chromosome 27, bGalGal1.mat.broiler.GRCg7b, whole genome shotgun sequence	C	19	1214961
NC_052558.1 Gallus gallus isolate bGalGal1 chromosome 27, bGalGal1.mat.broiler.GRCg7b, whole genome shotgun sequence	G	16	1227606
NC_052558.1 Gallus gallus isolate bGalGal1 chromosome 27, bGalGal1.mat.broiler.GRCg7b, whole genome shotgun sequence	C	16	1258595
NC_052558.1 Gallus gallus isolate bGalGal1 chromosome 27, bGalGal1.mat.broiler.GRCg7b, whole genome shotgun sequence	C	19	1303777
NC_052558.1 Gallus gallus isolate bGalGal1 chromosome 27, bGalGal1.mat.broiler.GRCg7b, whole genome shotgun sequence	T	16	1319347
NC_052558.1 Gallus gallus isolate bGalGal1 chromosome 27, bGalGal1.mat.broiler.GRCg7b, whole genome shotgun sequence	C	20	1364341
NC_052558.1 Gallus gallus isolate bGalGal1 chromosome 27, bGalGal1.mat.broiler.GRCg7b, whole genome shotgun sequence	T	16	1376812
NC_052558.1 Gallus gallus isolate bGalGal1 chromosome 27, bGalGal1.mat.broiler.GRCg7b, whole genome shotgun sequence	C	18	1419331
NC_052558.1 Gallus gallus isolate bGalGal1 chromosome 27, bGalGal1.mat.broiler.GRCg7b, whole genome shotgun sequence	G	19	1440902
NC_052558.1 Gallus gallus isolate bGalGal1 chromosome 27, bGalGal1.mat.broiler.GRCg7b, whole genome shotgun sequence	A	16	1459672
NC_052558.1 Gallus gallus isolate bGalGal1 chromosome 27, bGalGal1.mat.broiler.GRCg7b, whole genome shotgun sequence	T	18	1471593
NC_052558.1 Gallus gallus isolate bGalGal1 chromosome 27, bGalGal1.mat.broiler.GRCg7b, whole genome shotgun sequence	T	16	1492035
NC_052558.1 Gallus gallus isolate bGalGal1 chromosome 27, bGalGal1.mat.broiler.GRCg7b, whole genome shotgun sequence	C	23	1514959
NC_052558.1 Gallus gallus isolate bGalGal1 chromosome 27, bGalGal1.mat.broiler.GRCg7b, whole genome shotgun sequence	A	31	1538414
NC_052558.1 Gallus gallus isolate bGalGal1 chromosome 27, bGalGal1.mat.broiler.GRCg7b, whole genome shotgun sequence	T	16	1553520
NC_052558.1 Gallus gallus isolate bGalGal1 chromosome 27, bGalGal1.mat.broiler.GRCg7b, whole genome shotgun sequence	T	17	1612990
NC_052558.1 Gallus gallus isolate bGalGal1 chromosome 27, bGalGal1.mat.broiler.GRCg7b, whole genome shotgun sequence	A	17	1637648
NC_052558.1 Gallus gallus isolate bGalGal1 chromosome 27, bGalGal1.mat.broiler.GRCg7b, whole genome shotgun sequence	A	31	1722964
NC_052558.1 Gallus gallus isolate bGalGal1 chromosome 27, bGalGal1.mat.broiler.GRCg7b, whole genome shotgun sequence	A	18	1732543
NC_052558.1 Gallus gallus isolate bGalGal1 chromosome 27, bGalGal1.mat.broiler.GRCg7b, whole genome shotgun sequence	A	20	1760797
NC_052558.1 Gallus gallus isolate bGalGal1 chromosome 27, bGalGal1.mat.broiler.GRCg7b, whole genome shotgun sequence	A	17	1780409
NC_052558.1 Gallus gallus isolate bGalGal1 chromosome 27, bGalGal1.mat.broiler.GRCg7b, whole genome shotgun sequence	A	17	1793429
NC_052558.1 Gallus gallus isolate bGalGal1 chromosome 27, bGalGal1.mat.broiler.GRCg7b, whole genome shotgun sequence	A	38	1825118
NC_052558.1 Gallus gallus isolate bGalGal1 chromosome 27, bGalGal1.mat.broiler.GRCg7b, whole genome shotgun sequence	C	16	1834916
NC_052558.1 Gallus gallus isolate bGalGal1 chromosome 27, bGalGal1.mat.broiler.GRCg7b, whole genome shotgun sequence	T	18	1984274
NC_052558.1 Gallus gallus isolate bGalGal1 chromosome 27, bGalGal1.mat.broiler.GRCg7b, whole genome shotgun sequence	A	16	1999549
NC_052558.1 Gallus gallus isolate bGalGal1 chromosome 27, bGalGal1.mat.broiler.GRCg7b, whole genome shotgun sequence	C	21	2007292
NC_052558.1 Gallus gallus isolate bGalGal1 chromosome 27, bGalGal1.mat.broiler.GRCg7b, whole genome shotgun sequence	T	17	2010201
NC_052558.1 Gallus gallus isolate bGalGal1 chromosome 27, bGalGal1.mat.broiler.GRCg7b, whole genome shotgun sequence	A	18	2027044
NC_052558.1 Gallus gallus isolate bGalGal1 chromosome 27, bGalGal1.mat.broiler.GRCg7b, whole genome shotgun sequence	T	16	2058761
NC_052558.1 Gallus gallus isolate bGalGal1 chromosome 27, bGalGal1.mat.broiler.GRCg7b, whole genome shotgun sequence	A	20	2064938
NC_052558.1 Gallus gallus isolate bGalGal1 chromosome 27, bGalGal1.mat.broiler.GRCg7b, whole genome shotgun sequence	T	39	2080321
NC_052558.1 Gallus gallus isolate bGalGal1 chromosome 27, bGalGal1.mat.broiler.GRCg7b, whole genome shotgun sequence	T	16	2081579
NC_052558.1 Gallus gallus isolate bGalGal1 chromosome 27, bGalGal1.mat.broiler.GRCg7b, whole genome shotgun sequence	T	27	2135186
NC_052558.1 Gallus gallus isolate bGalGal1 chromosome 27, bGalGal1.mat.broiler.GRCg7b, whole genome shotgun sequence	G	17	2141622
NC_052558.1 Gallus gallus isolate bGalGal1 chromosome 27, bGalGal1.mat.broiler.GRCg7b, whole genome shotgun sequence	C	17	2152098
NC_052558.1 Gallus gallus isolate bGalGal1 chromosome 27, bGalGal1.mat.broiler.GRCg7b, whole genome shotgun sequence	T	26	2167208
NC_052558.1 Gallus gallus isolate bGalGal1 chromosome 27, bGalGal1.mat.broiler.GRCg7b, whole genome shotgun sequence	C	16	2171224
NC_052558.1 Gallus gallus isolate bGalGal1 chromosome 27, bGalGal1.mat.broiler.GRCg7b, whole genome shotgun sequence	T	16	2274298
NC_052558.1 Gallus gallus isolate bGalGal1 chromosome 27, bGalGal1.mat.broiler.GRCg7b, whole genome shotgun sequence	T	17	2286449
NC_052558.1 Gallus gallus isolate bGalGal1 chromosome 27, bGalGal1.mat.broiler.GRCg7b, whole genome shotgun sequence	C	17	2290587
NC_052558.1 Gallus gallus isolate bGalGal1 chromosome 27, bGalGal1.mat.broiler.GRCg7b, whole genome shotgun sequence	G	17	2292869
NC_052558.1 Gallus gallus isolate bGalGal1 chromosome 27, bGalGal1.mat.broiler.GRCg7b, whole genome shotgun sequence	A	22	2318256
NC_052558.1 Gallus gallus isolate bGalGal1 chromosome 27, bGalGal1.mat.broiler.GRCg7b, whole genome shotgun sequence	C	23	2322326
NC_052558.1 Gallus gallus isolate bGalGal1 chromosome 27, bGalGal1.mat.broiler.GRCg7b, whole genome shotgun sequence	C	22	2324008
NC_052558.1 Gallus gallus isolate bGalGal1 chromosome 27, bGalGal1.mat.broiler.GRCg7b, whole genome shotgun sequence	T	16	2417042
NC_052558.1 Gallus gallus isolate bGalGal1 chromosome 27, bGalGal1.mat.broiler.GRCg7b, whole genome shotgun sequence	A	16	2456898
NC_052558.1 Gallus gallus isolate bGalGal1 chromosome 27, bGalGal1.mat.broiler.GRCg7b, whole genome shotgun sequence	T	16	2465198
NC_052558.1 Gallus gallus isolate bGalGal1 chromosome 27, bGalGal1.mat.broiler.GRCg7b, whole genome shotgun sequence	A	21	2493007
NC_052558.1 Gallus gallus isolate bGalGal1 chromosome 27, bGalGal1.mat.broiler.GRCg7b, whole genome shotgun sequence	C	23	2513056
NC_052558.1 Gallus gallus isolate bGalGal1 chromosome 27, bGalGal1.mat.broiler.GRCg7b, whole genome shotgun sequence	C	17	2565461
NC_052558.1 Gallus gallus isolate bGalGal1 chromosome 27, bGalGal1.mat.broiler.GRCg7b, whole genome shotgun sequence	T	19	2591907
NC_052558.1 Gallus gallus isolate bGalGal1 chromosome 27, bGalGal1.mat.broiler.GRCg7b, whole genome shotgun sequence	C	24	2592048
NC_052558.1 Gallus gallus isolate bGalGal1 chromosome 27, bGalGal1.mat.broiler.GRCg7b, whole genome shotgun sequence	C	18	2593180
NC_052558.1 Gallus gallus isolate bGalGal1 chromosome 27, bGalGal1.mat.broiler.GRCg7b, whole genome shotgun sequence	G	16	2631185
NC_052558.1 Gallus gallus isolate bGalGal1 chromosome 27, bGalGal1.mat.broiler.GRCg7b, whole genome shotgun sequence	G	25	2631303
NC_052558.1 Gallus gallus isolate bGalGal1 chromosome 27, bGalGal1.mat.broiler.GRCg7b, whole genome shotgun sequence	C	19	2646781
NC_052558.1 Gallus gallus isolate bGalGal1 chromosome 27, bGalGal1.mat.broiler.GRCg7b, whole genome shotgun sequence	C	17	2646981
NC_052558.1 Gallus gallus isolate bGalGal1 chromosome 27, bGalGal1.mat.broiler.GRCg7b, whole genome shotgun sequence	C	16	2652771
NC_052558.1 Gallus gallus isolate bGalGal1 chromosome 27, bGalGal1.mat.broiler.GRCg7b, whole genome shotgun sequence	C	29	2654053
NC_052558.1 Gallus gallus isolate bGalGal1 chromosome 27, bGalGal1.mat.broiler.GRCg7b, whole genome shotgun sequence	C	18	2656189
NC_052558.1 Gallus gallus isolate bGalGal1 chromosome 27, bGalGal1.mat.broiler.GRCg7b, whole genome shotgun sequence	C	21	2656376
NC_052558.1 Gallus gallus isolate bGalGal1 chromosome 27, bGalGal1.mat.broiler.GRCg7b, whole genome shotgun sequence	A	17	2670458
NC_052558.1 Gallus gallus isolate bGalGal1 chromosome 27, bGalGal1.mat.broiler.GRCg7b, whole genome shotgun sequence	C	18	2670678
NC_052558.1 Gallus gallus isolate bGalGal1 chromosome 27, bGalGal1.mat.broiler.GRCg7b, whole genome shotgun sequence	T	16	2670703
NC_052558.1 Gallus gallus isolate bGalGal1 chromosome 27, bGalGal1.mat.broiler.GRCg7b, whole genome shotgun sequence	C	16	2674355
NC_052558.1 Gallus gallus isolate bGalGal1 chromosome 27, bGalGal1.mat.broiler.GRCg7b, whole genome shotgun sequence	G	19	2674584
NC_052558.1 Gallus gallus isolate bGalGal1 chromosome 27, bGalGal1.mat.broiler.GRCg7b, whole genome shotgun sequence	C	16	2685399
NC_052558.1 Gallus gallus isolate bGalGal1 chromosome 27, bGalGal1.mat.broiler.GRCg7b, whole genome shotgun sequence	G	16	2685568
NC_052558.1 Gallus gallus isolate bGalGal1 chromosome 27, bGalGal1.mat.broiler.GRCg7b, whole genome shotgun sequence	T	16	2685794
