#Sequence_Name	SSR	Repeats	Position
NC_052552.1 Gallus gallus isolate bGalGal1 chromosome 21, bGalGal1.mat.broiler.GRCg7b, whole genome shotgun sequence	AGGGA	19	735531
NC_052552.1 Gallus gallus isolate bGalGal1 chromosome 21, bGalGal1.mat.broiler.GRCg7b, whole genome shotgun sequence	CCCTT	48	4509530
NC_052552.1 Gallus gallus isolate bGalGal1 chromosome 21, bGalGal1.mat.broiler.GRCg7b, whole genome shotgun sequence	TTCCC	33	4967638
NC_052552.1 Gallus gallus isolate bGalGal1 chromosome 21, bGalGal1.mat.broiler.GRCg7b, whole genome shotgun sequence	GGAGA	39	5192004
NC_052552.1 Gallus gallus isolate bGalGal1 chromosome 21, bGalGal1.mat.broiler.GRCg7b, whole genome shotgun sequence	GAGAG	43	5838093
NC_052552.1 Gallus gallus isolate bGalGal1 chromosome 21, bGalGal1.mat.broiler.GRCg7b, whole genome shotgun sequence	TCCCT	40	5839748
NC_052552.1 Gallus gallus isolate bGalGal1 chromosome 21, bGalGal1.mat.broiler.GRCg7b, whole genome shotgun sequence	GGGAA	36	6055418
NC_052552.1 Gallus gallus isolate bGalGal1 chromosome 21, bGalGal1.mat.broiler.GRCg7b, whole genome shotgun sequence	TCCTC	40	6066160
NC_052552.1 Gallus gallus isolate bGalGal1 chromosome 21, bGalGal1.mat.broiler.GRCg7b, whole genome shotgun sequence	GATAA	16	6280452
NC_052552.1 Gallus gallus isolate bGalGal1 chromosome 21, bGalGal1.mat.broiler.GRCg7b, whole genome shotgun sequence	GGGAG	20	6312532
NC_052552.1 Gallus gallus isolate bGalGal1 chromosome 21, bGalGal1.mat.broiler.GRCg7b, whole genome shotgun sequence	GGAAG	31	6312637
NC_052552.1 Gallus gallus isolate bGalGal1 chromosome 21, bGalGal1.mat.broiler.GRCg7b, whole genome shotgun sequence	AGAAG	37	6478818
NC_052552.1 Gallus gallus isolate bGalGal1 chromosome 21, bGalGal1.mat.broiler.GRCg7b, whole genome shotgun sequence	TGGA	14	1133064
NC_052552.1 Gallus gallus isolate bGalGal1 chromosome 21, bGalGal1.mat.broiler.GRCg7b, whole genome shotgun sequence	GGAA	35	6274310
NC_052552.1 Gallus gallus isolate bGalGal1 chromosome 21, bGalGal1.mat.broiler.GRCg7b, whole genome shotgun sequence	GGAA	46	6274466
NC_052552.1 Gallus gallus isolate bGalGal1 chromosome 21, bGalGal1.mat.broiler.GRCg7b, whole genome shotgun sequence	TTA	23	6224569
NC_052552.1 Gallus gallus isolate bGalGal1 chromosome 21, bGalGal1.mat.broiler.GRCg7b, whole genome shotgun sequence	AC	14	220777
NC_052552.1 Gallus gallus isolate bGalGal1 chromosome 21, bGalGal1.mat.broiler.GRCg7b, whole genome shotgun sequence	GT	30	505193
NC_052552.1 Gallus gallus isolate bGalGal1 chromosome 21, bGalGal1.mat.broiler.GRCg7b, whole genome shotgun sequence	TA	16	1173710
NC_052552.1 Gallus gallus isolate bGalGal1 chromosome 21, bGalGal1.mat.broiler.GRCg7b, whole genome shotgun sequence	AT	19	1433887
NC_052552.1 Gallus gallus isolate bGalGal1 chromosome 21, bGalGal1.mat.broiler.GRCg7b, whole genome shotgun sequence	GT	16	2137666
NC_052552.1 Gallus gallus isolate bGalGal1 chromosome 21, bGalGal1.mat.broiler.GRCg7b, whole genome shotgun sequence	CA	19	2167991
NC_052552.1 Gallus gallus isolate bGalGal1 chromosome 21, bGalGal1.mat.broiler.GRCg7b, whole genome shotgun sequence	AT	15	3202476
NC_052552.1 Gallus gallus isolate bGalGal1 chromosome 21, bGalGal1.mat.broiler.GRCg7b, whole genome shotgun sequence	TA	20	3395201
NC_052552.1 Gallus gallus isolate bGalGal1 chromosome 21, bGalGal1.mat.broiler.GRCg7b, whole genome shotgun sequence	AC	14	3634368
NC_052552.1 Gallus gallus isolate bGalGal1 chromosome 21, bGalGal1.mat.broiler.GRCg7b, whole genome shotgun sequence	AG	15	3821644
NC_052552.1 Gallus gallus isolate bGalGal1 chromosome 21, bGalGal1.mat.broiler.GRCg7b, whole genome shotgun sequence	GA	19	3908583
NC_052552.1 Gallus gallus isolate bGalGal1 chromosome 21, bGalGal1.mat.broiler.GRCg7b, whole genome shotgun sequence	CA	17	3952708
NC_052552.1 Gallus gallus isolate bGalGal1 chromosome 21, bGalGal1.mat.broiler.GRCg7b, whole genome shotgun sequence	AC	17	4029577
NC_052552.1 Gallus gallus isolate bGalGal1 chromosome 21, bGalGal1.mat.broiler.GRCg7b, whole genome shotgun sequence	TG	17	5080040
NC_052552.1 Gallus gallus isolate bGalGal1 chromosome 21, bGalGal1.mat.broiler.GRCg7b, whole genome shotgun sequence	TA	14	6421165
NC_052552.1 Gallus gallus isolate bGalGal1 chromosome 21, bGalGal1.mat.broiler.GRCg7b, whole genome shotgun sequence	CA	18	6523291
NC_052552.1 Gallus gallus isolate bGalGal1 chromosome 21, bGalGal1.mat.broiler.GRCg7b, whole genome shotgun sequence	A	26	26036
NC_052552.1 Gallus gallus isolate bGalGal1 chromosome 21, bGalGal1.mat.broiler.GRCg7b, whole genome shotgun sequence	T	19	26655
NC_052552.1 Gallus gallus isolate bGalGal1 chromosome 21, bGalGal1.mat.broiler.GRCg7b, whole genome shotgun sequence	G	25	26674
NC_052552.1 Gallus gallus isolate bGalGal1 chromosome 21, bGalGal1.mat.broiler.GRCg7b, whole genome shotgun sequence	A	27	46572
NC_052552.1 Gallus gallus isolate bGalGal1 chromosome 21, bGalGal1.mat.broiler.GRCg7b, whole genome shotgun sequence	T	16	47472
NC_052552.1 Gallus gallus isolate bGalGal1 chromosome 21, bGalGal1.mat.broiler.GRCg7b, whole genome shotgun sequence	T	32	49562
NC_052552.1 Gallus gallus isolate bGalGal1 chromosome 21, bGalGal1.mat.broiler.GRCg7b, whole genome shotgun sequence	A	17	51980
NC_052552.1 Gallus gallus isolate bGalGal1 chromosome 21, bGalGal1.mat.broiler.GRCg7b, whole genome shotgun sequence	A	19	55537
NC_052552.1 Gallus gallus isolate bGalGal1 chromosome 21, bGalGal1.mat.broiler.GRCg7b, whole genome shotgun sequence	A	18	64415
NC_052552.1 Gallus gallus isolate bGalGal1 chromosome 21, bGalGal1.mat.broiler.GRCg7b, whole genome shotgun sequence	C	20	66078
NC_052552.1 Gallus gallus isolate bGalGal1 chromosome 21, bGalGal1.mat.broiler.GRCg7b, whole genome shotgun sequence	C	17	72185
NC_052552.1 Gallus gallus isolate bGalGal1 chromosome 21, bGalGal1.mat.broiler.GRCg7b, whole genome shotgun sequence	T	17	73383
NC_052552.1 Gallus gallus isolate bGalGal1 chromosome 21, bGalGal1.mat.broiler.GRCg7b, whole genome shotgun sequence	A	18	76293
NC_052552.1 Gallus gallus isolate bGalGal1 chromosome 21, bGalGal1.mat.broiler.GRCg7b, whole genome shotgun sequence	G	23	80784
NC_052552.1 Gallus gallus isolate bGalGal1 chromosome 21, bGalGal1.mat.broiler.GRCg7b, whole genome shotgun sequence	C	25	89704
NC_052552.1 Gallus gallus isolate bGalGal1 chromosome 21, bGalGal1.mat.broiler.GRCg7b, whole genome shotgun sequence	A	19	90799
NC_052552.1 Gallus gallus isolate bGalGal1 chromosome 21, bGalGal1.mat.broiler.GRCg7b, whole genome shotgun sequence	T	24	106572
NC_052552.1 Gallus gallus isolate bGalGal1 chromosome 21, bGalGal1.mat.broiler.GRCg7b, whole genome shotgun sequence	T	22	108611
NC_052552.1 Gallus gallus isolate bGalGal1 chromosome 21, bGalGal1.mat.broiler.GRCg7b, whole genome shotgun sequence	G	18	110192
NC_052552.1 Gallus gallus isolate bGalGal1 chromosome 21, bGalGal1.mat.broiler.GRCg7b, whole genome shotgun sequence	G	16	119951
NC_052552.1 Gallus gallus isolate bGalGal1 chromosome 21, bGalGal1.mat.broiler.GRCg7b, whole genome shotgun sequence	A	16	124934
NC_052552.1 Gallus gallus isolate bGalGal1 chromosome 21, bGalGal1.mat.broiler.GRCg7b, whole genome shotgun sequence	T	19	127583
NC_052552.1 Gallus gallus isolate bGalGal1 chromosome 21, bGalGal1.mat.broiler.GRCg7b, whole genome shotgun sequence	T	18	128342
NC_052552.1 Gallus gallus isolate bGalGal1 chromosome 21, bGalGal1.mat.broiler.GRCg7b, whole genome shotgun sequence	G	24	132406
NC_052552.1 Gallus gallus isolate bGalGal1 chromosome 21, bGalGal1.mat.broiler.GRCg7b, whole genome shotgun sequence	T	16	142565
NC_052552.1 Gallus gallus isolate bGalGal1 chromosome 21, bGalGal1.mat.broiler.GRCg7b, whole genome shotgun sequence	A	16	148038
NC_052552.1 Gallus gallus isolate bGalGal1 chromosome 21, bGalGal1.mat.broiler.GRCg7b, whole genome shotgun sequence	T	24	148421
NC_052552.1 Gallus gallus isolate bGalGal1 chromosome 21, bGalGal1.mat.broiler.GRCg7b, whole genome shotgun sequence	A	28	156073
NC_052552.1 Gallus gallus isolate bGalGal1 chromosome 21, bGalGal1.mat.broiler.GRCg7b, whole genome shotgun sequence	A	17	164445
NC_052552.1 Gallus gallus isolate bGalGal1 chromosome 21, bGalGal1.mat.broiler.GRCg7b, whole genome shotgun sequence	T	29	185564
NC_052552.1 Gallus gallus isolate bGalGal1 chromosome 21, bGalGal1.mat.broiler.GRCg7b, whole genome shotgun sequence	A	18	223774
NC_052552.1 Gallus gallus isolate bGalGal1 chromosome 21, bGalGal1.mat.broiler.GRCg7b, whole genome shotgun sequence	T	28	263652
NC_052552.1 Gallus gallus isolate bGalGal1 chromosome 21, bGalGal1.mat.broiler.GRCg7b, whole genome shotgun sequence	A	20	269715
NC_052552.1 Gallus gallus isolate bGalGal1 chromosome 21, bGalGal1.mat.broiler.GRCg7b, whole genome shotgun sequence	A	25	277668
NC_052552.1 Gallus gallus isolate bGalGal1 chromosome 21, bGalGal1.mat.broiler.GRCg7b, whole genome shotgun sequence	A	16	286940
NC_052552.1 Gallus gallus isolate bGalGal1 chromosome 21, bGalGal1.mat.broiler.GRCg7b, whole genome shotgun sequence	A	21	295776
NC_052552.1 Gallus gallus isolate bGalGal1 chromosome 21, bGalGal1.mat.broiler.GRCg7b, whole genome shotgun sequence	T	17	318477
NC_052552.1 Gallus gallus isolate bGalGal1 chromosome 21, bGalGal1.mat.broiler.GRCg7b, whole genome shotgun sequence	T	21	390628
NC_052552.1 Gallus gallus isolate bGalGal1 chromosome 21, bGalGal1.mat.broiler.GRCg7b, whole genome shotgun sequence	G	20	419977
NC_052552.1 Gallus gallus isolate bGalGal1 chromosome 21, bGalGal1.mat.broiler.GRCg7b, whole genome shotgun sequence	C	18	420782
NC_052552.1 Gallus gallus isolate bGalGal1 chromosome 21, bGalGal1.mat.broiler.GRCg7b, whole genome shotgun sequence	A	17	429585
NC_052552.1 Gallus gallus isolate bGalGal1 chromosome 21, bGalGal1.mat.broiler.GRCg7b, whole genome shotgun sequence	T	17	436052
NC_052552.1 Gallus gallus isolate bGalGal1 chromosome 21, bGalGal1.mat.broiler.GRCg7b, whole genome shotgun sequence	T	16	446829
NC_052552.1 Gallus gallus isolate bGalGal1 chromosome 21, bGalGal1.mat.broiler.GRCg7b, whole genome shotgun sequence	G	17	486092
NC_052552.1 Gallus gallus isolate bGalGal1 chromosome 21, bGalGal1.mat.broiler.GRCg7b, whole genome shotgun sequence	A	19	569567
NC_052552.1 Gallus gallus isolate bGalGal1 chromosome 21, bGalGal1.mat.broiler.GRCg7b, whole genome shotgun sequence	C	18	573121
NC_052552.1 Gallus gallus isolate bGalGal1 chromosome 21, bGalGal1.mat.broiler.GRCg7b, whole genome shotgun sequence	G	17	588374
NC_052552.1 Gallus gallus isolate bGalGal1 chromosome 21, bGalGal1.mat.broiler.GRCg7b, whole genome shotgun sequence	G	23	605345
NC_052552.1 Gallus gallus isolate bGalGal1 chromosome 21, bGalGal1.mat.broiler.GRCg7b, whole genome shotgun sequence	A	16	742749
NC_052552.1 Gallus gallus isolate bGalGal1 chromosome 21, bGalGal1.mat.broiler.GRCg7b, whole genome shotgun sequence	G	18	833332
NC_052552.1 Gallus gallus isolate bGalGal1 chromosome 21, bGalGal1.mat.broiler.GRCg7b, whole genome shotgun sequence	T	20	867114
NC_052552.1 Gallus gallus isolate bGalGal1 chromosome 21, bGalGal1.mat.broiler.GRCg7b, whole genome shotgun sequence	T	21	904592
NC_052552.1 Gallus gallus isolate bGalGal1 chromosome 21, bGalGal1.mat.broiler.GRCg7b, whole genome shotgun sequence	A	27	935068
NC_052552.1 Gallus gallus isolate bGalGal1 chromosome 21, bGalGal1.mat.broiler.GRCg7b, whole genome shotgun sequence	C	16	985780
NC_052552.1 Gallus gallus isolate bGalGal1 chromosome 21, bGalGal1.mat.broiler.GRCg7b, whole genome shotgun sequence	C	24	998606
NC_052552.1 Gallus gallus isolate bGalGal1 chromosome 21, bGalGal1.mat.broiler.GRCg7b, whole genome shotgun sequence	G	16	1088750
NC_052552.1 Gallus gallus isolate bGalGal1 chromosome 21, bGalGal1.mat.broiler.GRCg7b, whole genome shotgun sequence	T	17	1107116
NC_052552.1 Gallus gallus isolate bGalGal1 chromosome 21, bGalGal1.mat.broiler.GRCg7b, whole genome shotgun sequence	T	20	1136712
NC_052552.1 Gallus gallus isolate bGalGal1 chromosome 21, bGalGal1.mat.broiler.GRCg7b, whole genome shotgun sequence	T	19	1172441
NC_052552.1 Gallus gallus isolate bGalGal1 chromosome 21, bGalGal1.mat.broiler.GRCg7b, whole genome shotgun sequence	A	16	1187001
NC_052552.1 Gallus gallus isolate bGalGal1 chromosome 21, bGalGal1.mat.broiler.GRCg7b, whole genome shotgun sequence	A	23	1195329
NC_052552.1 Gallus gallus isolate bGalGal1 chromosome 21, bGalGal1.mat.broiler.GRCg7b, whole genome shotgun sequence	A	18	1227470
NC_052552.1 Gallus gallus isolate bGalGal1 chromosome 21, bGalGal1.mat.broiler.GRCg7b, whole genome shotgun sequence	A	35	1232036
NC_052552.1 Gallus gallus isolate bGalGal1 chromosome 21, bGalGal1.mat.broiler.GRCg7b, whole genome shotgun sequence	A	20	1353060
NC_052552.1 Gallus gallus isolate bGalGal1 chromosome 21, bGalGal1.mat.broiler.GRCg7b, whole genome shotgun sequence	A	18	1403907
NC_052552.1 Gallus gallus isolate bGalGal1 chromosome 21, bGalGal1.mat.broiler.GRCg7b, whole genome shotgun sequence	A	16	1468277
NC_052552.1 Gallus gallus isolate bGalGal1 chromosome 21, bGalGal1.mat.broiler.GRCg7b, whole genome shotgun sequence	A	17	1468577
NC_052552.1 Gallus gallus isolate bGalGal1 chromosome 21, bGalGal1.mat.broiler.GRCg7b, whole genome shotgun sequence	A	18	1486507
NC_052552.1 Gallus gallus isolate bGalGal1 chromosome 21, bGalGal1.mat.broiler.GRCg7b, whole genome shotgun sequence	A	20	1507274
NC_052552.1 Gallus gallus isolate bGalGal1 chromosome 21, bGalGal1.mat.broiler.GRCg7b, whole genome shotgun sequence	C	20	1529969
NC_052552.1 Gallus gallus isolate bGalGal1 chromosome 21, bGalGal1.mat.broiler.GRCg7b, whole genome shotgun sequence	T	18	1547284
NC_052552.1 Gallus gallus isolate bGalGal1 chromosome 21, bGalGal1.mat.broiler.GRCg7b, whole genome shotgun sequence	G	19	1618737
NC_052552.1 Gallus gallus isolate bGalGal1 chromosome 21, bGalGal1.mat.broiler.GRCg7b, whole genome shotgun sequence	A	21	1642018
NC_052552.1 Gallus gallus isolate bGalGal1 chromosome 21, bGalGal1.mat.broiler.GRCg7b, whole genome shotgun sequence	A	20	1660222
NC_052552.1 Gallus gallus isolate bGalGal1 chromosome 21, bGalGal1.mat.broiler.GRCg7b, whole genome shotgun sequence	A	21	1674885
NC_052552.1 Gallus gallus isolate bGalGal1 chromosome 21, bGalGal1.mat.broiler.GRCg7b, whole genome shotgun sequence	A	22	1682058
NC_052552.1 Gallus gallus isolate bGalGal1 chromosome 21, bGalGal1.mat.broiler.GRCg7b, whole genome shotgun sequence	A	16	1710401
NC_052552.1 Gallus gallus isolate bGalGal1 chromosome 21, bGalGal1.mat.broiler.GRCg7b, whole genome shotgun sequence	A	20	1718580
NC_052552.1 Gallus gallus isolate bGalGal1 chromosome 21, bGalGal1.mat.broiler.GRCg7b, whole genome shotgun sequence	A	16	1743255
NC_052552.1 Gallus gallus isolate bGalGal1 chromosome 21, bGalGal1.mat.broiler.GRCg7b, whole genome shotgun sequence	A	19	1772165
NC_052552.1 Gallus gallus isolate bGalGal1 chromosome 21, bGalGal1.mat.broiler.GRCg7b, whole genome shotgun sequence	A	19	1923628
NC_052552.1 Gallus gallus isolate bGalGal1 chromosome 21, bGalGal1.mat.broiler.GRCg7b, whole genome shotgun sequence	T	16	1938383
NC_052552.1 Gallus gallus isolate bGalGal1 chromosome 21, bGalGal1.mat.broiler.GRCg7b, whole genome shotgun sequence	A	18	1966916
NC_052552.1 Gallus gallus isolate bGalGal1 chromosome 21, bGalGal1.mat.broiler.GRCg7b, whole genome shotgun sequence	T	16	1969761
NC_052552.1 Gallus gallus isolate bGalGal1 chromosome 21, bGalGal1.mat.broiler.GRCg7b, whole genome shotgun sequence	A	27	1989751
NC_052552.1 Gallus gallus isolate bGalGal1 chromosome 21, bGalGal1.mat.broiler.GRCg7b, whole genome shotgun sequence	A	18	2007229
NC_052552.1 Gallus gallus isolate bGalGal1 chromosome 21, bGalGal1.mat.broiler.GRCg7b, whole genome shotgun sequence	T	16	2008996
NC_052552.1 Gallus gallus isolate bGalGal1 chromosome 21, bGalGal1.mat.broiler.GRCg7b, whole genome shotgun sequence	A	18	2031833
NC_052552.1 Gallus gallus isolate bGalGal1 chromosome 21, bGalGal1.mat.broiler.GRCg7b, whole genome shotgun sequence	A	26	2128767
NC_052552.1 Gallus gallus isolate bGalGal1 chromosome 21, bGalGal1.mat.broiler.GRCg7b, whole genome shotgun sequence	T	16	2129327
NC_052552.1 Gallus gallus isolate bGalGal1 chromosome 21, bGalGal1.mat.broiler.GRCg7b, whole genome shotgun sequence	G	19	2136817
NC_052552.1 Gallus gallus isolate bGalGal1 chromosome 21, bGalGal1.mat.broiler.GRCg7b, whole genome shotgun sequence	A	21	2143497
NC_052552.1 Gallus gallus isolate bGalGal1 chromosome 21, bGalGal1.mat.broiler.GRCg7b, whole genome shotgun sequence	A	16	2348912
NC_052552.1 Gallus gallus isolate bGalGal1 chromosome 21, bGalGal1.mat.broiler.GRCg7b, whole genome shotgun sequence	C	17	2362394
NC_052552.1 Gallus gallus isolate bGalGal1 chromosome 21, bGalGal1.mat.broiler.GRCg7b, whole genome shotgun sequence	C	20	2372439
NC_052552.1 Gallus gallus isolate bGalGal1 chromosome 21, bGalGal1.mat.broiler.GRCg7b, whole genome shotgun sequence	C	19	2374351
NC_052552.1 Gallus gallus isolate bGalGal1 chromosome 21, bGalGal1.mat.broiler.GRCg7b, whole genome shotgun sequence	C	17	2414550
NC_052552.1 Gallus gallus isolate bGalGal1 chromosome 21, bGalGal1.mat.broiler.GRCg7b, whole genome shotgun sequence	T	16	2433336
NC_052552.1 Gallus gallus isolate bGalGal1 chromosome 21, bGalGal1.mat.broiler.GRCg7b, whole genome shotgun sequence	A	41	2459645
NC_052552.1 Gallus gallus isolate bGalGal1 chromosome 21, bGalGal1.mat.broiler.GRCg7b, whole genome shotgun sequence	C	17	2467760
NC_052552.1 Gallus gallus isolate bGalGal1 chromosome 21, bGalGal1.mat.broiler.GRCg7b, whole genome shotgun sequence	A	18	2485431
NC_052552.1 Gallus gallus isolate bGalGal1 chromosome 21, bGalGal1.mat.broiler.GRCg7b, whole genome shotgun sequence	A	19	2490052
NC_052552.1 Gallus gallus isolate bGalGal1 chromosome 21, bGalGal1.mat.broiler.GRCg7b, whole genome shotgun sequence	A	17	2492045
NC_052552.1 Gallus gallus isolate bGalGal1 chromosome 21, bGalGal1.mat.broiler.GRCg7b, whole genome shotgun sequence	G	16	2585910
NC_052552.1 Gallus gallus isolate bGalGal1 chromosome 21, bGalGal1.mat.broiler.GRCg7b, whole genome shotgun sequence	T	26	2666762
NC_052552.1 Gallus gallus isolate bGalGal1 chromosome 21, bGalGal1.mat.broiler.GRCg7b, whole genome shotgun sequence	A	24	2682673
NC_052552.1 Gallus gallus isolate bGalGal1 chromosome 21, bGalGal1.mat.broiler.GRCg7b, whole genome shotgun sequence	A	23	2701998
NC_052552.1 Gallus gallus isolate bGalGal1 chromosome 21, bGalGal1.mat.broiler.GRCg7b, whole genome shotgun sequence	A	27	2720894
NC_052552.1 Gallus gallus isolate bGalGal1 chromosome 21, bGalGal1.mat.broiler.GRCg7b, whole genome shotgun sequence	A	20	2745161
NC_052552.1 Gallus gallus isolate bGalGal1 chromosome 21, bGalGal1.mat.broiler.GRCg7b, whole genome shotgun sequence	G	19	2764697
NC_052552.1 Gallus gallus isolate bGalGal1 chromosome 21, bGalGal1.mat.broiler.GRCg7b, whole genome shotgun sequence	G	20	2778409
NC_052552.1 Gallus gallus isolate bGalGal1 chromosome 21, bGalGal1.mat.broiler.GRCg7b, whole genome shotgun sequence	C	32	2795004
NC_052552.1 Gallus gallus isolate bGalGal1 chromosome 21, bGalGal1.mat.broiler.GRCg7b, whole genome shotgun sequence	A	26	2813463
NC_052552.1 Gallus gallus isolate bGalGal1 chromosome 21, bGalGal1.mat.broiler.GRCg7b, whole genome shotgun sequence	A	16	2815712
NC_052552.1 Gallus gallus isolate bGalGal1 chromosome 21, bGalGal1.mat.broiler.GRCg7b, whole genome shotgun sequence	C	18	2823188
NC_052552.1 Gallus gallus isolate bGalGal1 chromosome 21, bGalGal1.mat.broiler.GRCg7b, whole genome shotgun sequence	T	18	2836285
NC_052552.1 Gallus gallus isolate bGalGal1 chromosome 21, bGalGal1.mat.broiler.GRCg7b, whole genome shotgun sequence	A	17	2837862
NC_052552.1 Gallus gallus isolate bGalGal1 chromosome 21, bGalGal1.mat.broiler.GRCg7b, whole genome shotgun sequence	A	20	2912551
NC_052552.1 Gallus gallus isolate bGalGal1 chromosome 21, bGalGal1.mat.broiler.GRCg7b, whole genome shotgun sequence	G	16	2922482
NC_052552.1 Gallus gallus isolate bGalGal1 chromosome 21, bGalGal1.mat.broiler.GRCg7b, whole genome shotgun sequence	C	20	2935552
NC_052552.1 Gallus gallus isolate bGalGal1 chromosome 21, bGalGal1.mat.broiler.GRCg7b, whole genome shotgun sequence	G	18	2955452
NC_052552.1 Gallus gallus isolate bGalGal1 chromosome 21, bGalGal1.mat.broiler.GRCg7b, whole genome shotgun sequence	A	18	2969965
NC_052552.1 Gallus gallus isolate bGalGal1 chromosome 21, bGalGal1.mat.broiler.GRCg7b, whole genome shotgun sequence	C	22	2970047
NC_052552.1 Gallus gallus isolate bGalGal1 chromosome 21, bGalGal1.mat.broiler.GRCg7b, whole genome shotgun sequence	G	20	2971822
NC_052552.1 Gallus gallus isolate bGalGal1 chromosome 21, bGalGal1.mat.broiler.GRCg7b, whole genome shotgun sequence	C	17	2971946
NC_052552.1 Gallus gallus isolate bGalGal1 chromosome 21, bGalGal1.mat.broiler.GRCg7b, whole genome shotgun sequence	C	30	2978989
NC_052552.1 Gallus gallus isolate bGalGal1 chromosome 21, bGalGal1.mat.broiler.GRCg7b, whole genome shotgun sequence	G	18	3076618
NC_052552.1 Gallus gallus isolate bGalGal1 chromosome 21, bGalGal1.mat.broiler.GRCg7b, whole genome shotgun sequence	A	18	3185274
NC_052552.1 Gallus gallus isolate bGalGal1 chromosome 21, bGalGal1.mat.broiler.GRCg7b, whole genome shotgun sequence	A	16	3248533
NC_052552.1 Gallus gallus isolate bGalGal1 chromosome 21, bGalGal1.mat.broiler.GRCg7b, whole genome shotgun sequence	C	18	3254557
NC_052552.1 Gallus gallus isolate bGalGal1 chromosome 21, bGalGal1.mat.broiler.GRCg7b, whole genome shotgun sequence	A	17	3356697
NC_052552.1 Gallus gallus isolate bGalGal1 chromosome 21, bGalGal1.mat.broiler.GRCg7b, whole genome shotgun sequence	A	31	3374351
NC_052552.1 Gallus gallus isolate bGalGal1 chromosome 21, bGalGal1.mat.broiler.GRCg7b, whole genome shotgun sequence	T	16	3403943
NC_052552.1 Gallus gallus isolate bGalGal1 chromosome 21, bGalGal1.mat.broiler.GRCg7b, whole genome shotgun sequence	T	18	3412870
NC_052552.1 Gallus gallus isolate bGalGal1 chromosome 21, bGalGal1.mat.broiler.GRCg7b, whole genome shotgun sequence	T	17	3421551
NC_052552.1 Gallus gallus isolate bGalGal1 chromosome 21, bGalGal1.mat.broiler.GRCg7b, whole genome shotgun sequence	A	19	3500556
NC_052552.1 Gallus gallus isolate bGalGal1 chromosome 21, bGalGal1.mat.broiler.GRCg7b, whole genome shotgun sequence	A	16	3505153
NC_052552.1 Gallus gallus isolate bGalGal1 chromosome 21, bGalGal1.mat.broiler.GRCg7b, whole genome shotgun sequence	A	19	3559002
NC_052552.1 Gallus gallus isolate bGalGal1 chromosome 21, bGalGal1.mat.broiler.GRCg7b, whole genome shotgun sequence	T	27	3584303
NC_052552.1 Gallus gallus isolate bGalGal1 chromosome 21, bGalGal1.mat.broiler.GRCg7b, whole genome shotgun sequence	A	16	3720381
NC_052552.1 Gallus gallus isolate bGalGal1 chromosome 21, bGalGal1.mat.broiler.GRCg7b, whole genome shotgun sequence	T	16	3729625
NC_052552.1 Gallus gallus isolate bGalGal1 chromosome 21, bGalGal1.mat.broiler.GRCg7b, whole genome shotgun sequence	A	19	3732557
NC_052552.1 Gallus gallus isolate bGalGal1 chromosome 21, bGalGal1.mat.broiler.GRCg7b, whole genome shotgun sequence	A	18	3767650
NC_052552.1 Gallus gallus isolate bGalGal1 chromosome 21, bGalGal1.mat.broiler.GRCg7b, whole genome shotgun sequence	A	23	3794092
NC_052552.1 Gallus gallus isolate bGalGal1 chromosome 21, bGalGal1.mat.broiler.GRCg7b, whole genome shotgun sequence	A	20	3811821
NC_052552.1 Gallus gallus isolate bGalGal1 chromosome 21, bGalGal1.mat.broiler.GRCg7b, whole genome shotgun sequence	A	24	3817703
NC_052552.1 Gallus gallus isolate bGalGal1 chromosome 21, bGalGal1.mat.broiler.GRCg7b, whole genome shotgun sequence	T	20	3818300
NC_052552.1 Gallus gallus isolate bGalGal1 chromosome 21, bGalGal1.mat.broiler.GRCg7b, whole genome shotgun sequence	T	16	3820096
NC_052552.1 Gallus gallus isolate bGalGal1 chromosome 21, bGalGal1.mat.broiler.GRCg7b, whole genome shotgun sequence	A	20	3866840
NC_052552.1 Gallus gallus isolate bGalGal1 chromosome 21, bGalGal1.mat.broiler.GRCg7b, whole genome shotgun sequence	T	24	3873417
NC_052552.1 Gallus gallus isolate bGalGal1 chromosome 21, bGalGal1.mat.broiler.GRCg7b, whole genome shotgun sequence	G	18	3878904
NC_052552.1 Gallus gallus isolate bGalGal1 chromosome 21, bGalGal1.mat.broiler.GRCg7b, whole genome shotgun sequence	G	17	3894046
NC_052552.1 Gallus gallus isolate bGalGal1 chromosome 21, bGalGal1.mat.broiler.GRCg7b, whole genome shotgun sequence	C	34	3902188
NC_052552.1 Gallus gallus isolate bGalGal1 chromosome 21, bGalGal1.mat.broiler.GRCg7b, whole genome shotgun sequence	T	17	3905019
NC_052552.1 Gallus gallus isolate bGalGal1 chromosome 21, bGalGal1.mat.broiler.GRCg7b, whole genome shotgun sequence	A	22	3909148
NC_052552.1 Gallus gallus isolate bGalGal1 chromosome 21, bGalGal1.mat.broiler.GRCg7b, whole genome shotgun sequence	T	17	3910450
NC_052552.1 Gallus gallus isolate bGalGal1 chromosome 21, bGalGal1.mat.broiler.GRCg7b, whole genome shotgun sequence	T	21	3932735
NC_052552.1 Gallus gallus isolate bGalGal1 chromosome 21, bGalGal1.mat.broiler.GRCg7b, whole genome shotgun sequence	T	20	3946634
NC_052552.1 Gallus gallus isolate bGalGal1 chromosome 21, bGalGal1.mat.broiler.GRCg7b, whole genome shotgun sequence	T	19	3950806
NC_052552.1 Gallus gallus isolate bGalGal1 chromosome 21, bGalGal1.mat.broiler.GRCg7b, whole genome shotgun sequence	T	22	3968132
NC_052552.1 Gallus gallus isolate bGalGal1 chromosome 21, bGalGal1.mat.broiler.GRCg7b, whole genome shotgun sequence	G	19	3968317
NC_052552.1 Gallus gallus isolate bGalGal1 chromosome 21, bGalGal1.mat.broiler.GRCg7b, whole genome shotgun sequence	A	16	4048047
NC_052552.1 Gallus gallus isolate bGalGal1 chromosome 21, bGalGal1.mat.broiler.GRCg7b, whole genome shotgun sequence	T	24	4054343
NC_052552.1 Gallus gallus isolate bGalGal1 chromosome 21, bGalGal1.mat.broiler.GRCg7b, whole genome shotgun sequence	A	16	4073820
NC_052552.1 Gallus gallus isolate bGalGal1 chromosome 21, bGalGal1.mat.broiler.GRCg7b, whole genome shotgun sequence	A	16	4099057
NC_052552.1 Gallus gallus isolate bGalGal1 chromosome 21, bGalGal1.mat.broiler.GRCg7b, whole genome shotgun sequence	A	18	4126817
NC_052552.1 Gallus gallus isolate bGalGal1 chromosome 21, bGalGal1.mat.broiler.GRCg7b, whole genome shotgun sequence	T	26	4139918
NC_052552.1 Gallus gallus isolate bGalGal1 chromosome 21, bGalGal1.mat.broiler.GRCg7b, whole genome shotgun sequence	A	18	4156747
NC_052552.1 Gallus gallus isolate bGalGal1 chromosome 21, bGalGal1.mat.broiler.GRCg7b, whole genome shotgun sequence	T	19	4190479
NC_052552.1 Gallus gallus isolate bGalGal1 chromosome 21, bGalGal1.mat.broiler.GRCg7b, whole genome shotgun sequence	A	18	4231276
NC_052552.1 Gallus gallus isolate bGalGal1 chromosome 21, bGalGal1.mat.broiler.GRCg7b, whole genome shotgun sequence	A	23	4232480
NC_052552.1 Gallus gallus isolate bGalGal1 chromosome 21, bGalGal1.mat.broiler.GRCg7b, whole genome shotgun sequence	T	23	4241385
NC_052552.1 Gallus gallus isolate bGalGal1 chromosome 21, bGalGal1.mat.broiler.GRCg7b, whole genome shotgun sequence	A	19	4297795
NC_052552.1 Gallus gallus isolate bGalGal1 chromosome 21, bGalGal1.mat.broiler.GRCg7b, whole genome shotgun sequence	A	20	4314160
NC_052552.1 Gallus gallus isolate bGalGal1 chromosome 21, bGalGal1.mat.broiler.GRCg7b, whole genome shotgun sequence	C	27	4321886
NC_052552.1 Gallus gallus isolate bGalGal1 chromosome 21, bGalGal1.mat.broiler.GRCg7b, whole genome shotgun sequence	G	24	4323092
NC_052552.1 Gallus gallus isolate bGalGal1 chromosome 21, bGalGal1.mat.broiler.GRCg7b, whole genome shotgun sequence	G	19	4326942
NC_052552.1 Gallus gallus isolate bGalGal1 chromosome 21, bGalGal1.mat.broiler.GRCg7b, whole genome shotgun sequence	A	18	4327893
NC_052552.1 Gallus gallus isolate bGalGal1 chromosome 21, bGalGal1.mat.broiler.GRCg7b, whole genome shotgun sequence	G	22	4407709
NC_052552.1 Gallus gallus isolate bGalGal1 chromosome 21, bGalGal1.mat.broiler.GRCg7b, whole genome shotgun sequence	C	28	4407893
NC_052552.1 Gallus gallus isolate bGalGal1 chromosome 21, bGalGal1.mat.broiler.GRCg7b, whole genome shotgun sequence	A	22	4437409
NC_052552.1 Gallus gallus isolate bGalGal1 chromosome 21, bGalGal1.mat.broiler.GRCg7b, whole genome shotgun sequence	G	18	4438935
NC_052552.1 Gallus gallus isolate bGalGal1 chromosome 21, bGalGal1.mat.broiler.GRCg7b, whole genome shotgun sequence	A	19	4439050
NC_052552.1 Gallus gallus isolate bGalGal1 chromosome 21, bGalGal1.mat.broiler.GRCg7b, whole genome shotgun sequence	C	18	4441338
NC_052552.1 Gallus gallus isolate bGalGal1 chromosome 21, bGalGal1.mat.broiler.GRCg7b, whole genome shotgun sequence	G	17	4442270
NC_052552.1 Gallus gallus isolate bGalGal1 chromosome 21, bGalGal1.mat.broiler.GRCg7b, whole genome shotgun sequence	G	21	4445276
NC_052552.1 Gallus gallus isolate bGalGal1 chromosome 21, bGalGal1.mat.broiler.GRCg7b, whole genome shotgun sequence	C	18	4446346
NC_052552.1 Gallus gallus isolate bGalGal1 chromosome 21, bGalGal1.mat.broiler.GRCg7b, whole genome shotgun sequence	G	17	4446397
NC_052552.1 Gallus gallus isolate bGalGal1 chromosome 21, bGalGal1.mat.broiler.GRCg7b, whole genome shotgun sequence	T	16	4449995
NC_052552.1 Gallus gallus isolate bGalGal1 chromosome 21, bGalGal1.mat.broiler.GRCg7b, whole genome shotgun sequence	G	16	4453120
NC_052552.1 Gallus gallus isolate bGalGal1 chromosome 21, bGalGal1.mat.broiler.GRCg7b, whole genome shotgun sequence	C	17	4458295
NC_052552.1 Gallus gallus isolate bGalGal1 chromosome 21, bGalGal1.mat.broiler.GRCg7b, whole genome shotgun sequence	A	16	4464069
NC_052552.1 Gallus gallus isolate bGalGal1 chromosome 21, bGalGal1.mat.broiler.GRCg7b, whole genome shotgun sequence	C	22	4479504
NC_052552.1 Gallus gallus isolate bGalGal1 chromosome 21, bGalGal1.mat.broiler.GRCg7b, whole genome shotgun sequence	T	21	4500465
NC_052552.1 Gallus gallus isolate bGalGal1 chromosome 21, bGalGal1.mat.broiler.GRCg7b, whole genome shotgun sequence	T	25	4502878
NC_052552.1 Gallus gallus isolate bGalGal1 chromosome 21, bGalGal1.mat.broiler.GRCg7b, whole genome shotgun sequence	T	23	4502913
NC_052552.1 Gallus gallus isolate bGalGal1 chromosome 21, bGalGal1.mat.broiler.GRCg7b, whole genome shotgun sequence	A	20	4504099
NC_052552.1 Gallus gallus isolate bGalGal1 chromosome 21, bGalGal1.mat.broiler.GRCg7b, whole genome shotgun sequence	G	19	4518470
NC_052552.1 Gallus gallus isolate bGalGal1 chromosome 21, bGalGal1.mat.broiler.GRCg7b, whole genome shotgun sequence	A	22	4525828
NC_052552.1 Gallus gallus isolate bGalGal1 chromosome 21, bGalGal1.mat.broiler.GRCg7b, whole genome shotgun sequence	A	16	4531861
NC_052552.1 Gallus gallus isolate bGalGal1 chromosome 21, bGalGal1.mat.broiler.GRCg7b, whole genome shotgun sequence	A	25	4538103
NC_052552.1 Gallus gallus isolate bGalGal1 chromosome 21, bGalGal1.mat.broiler.GRCg7b, whole genome shotgun sequence	C	16	4540790
NC_052552.1 Gallus gallus isolate bGalGal1 chromosome 21, bGalGal1.mat.broiler.GRCg7b, whole genome shotgun sequence	G	20	4548162
NC_052552.1 Gallus gallus isolate bGalGal1 chromosome 21, bGalGal1.mat.broiler.GRCg7b, whole genome shotgun sequence	T	19	4556055
NC_052552.1 Gallus gallus isolate bGalGal1 chromosome 21, bGalGal1.mat.broiler.GRCg7b, whole genome shotgun sequence	A	16	4586132
NC_052552.1 Gallus gallus isolate bGalGal1 chromosome 21, bGalGal1.mat.broiler.GRCg7b, whole genome shotgun sequence	A	18	4636482
NC_052552.1 Gallus gallus isolate bGalGal1 chromosome 21, bGalGal1.mat.broiler.GRCg7b, whole genome shotgun sequence	A	16	4676544
NC_052552.1 Gallus gallus isolate bGalGal1 chromosome 21, bGalGal1.mat.broiler.GRCg7b, whole genome shotgun sequence	G	16	4682781
NC_052552.1 Gallus gallus isolate bGalGal1 chromosome 21, bGalGal1.mat.broiler.GRCg7b, whole genome shotgun sequence	A	17	4737243
NC_052552.1 Gallus gallus isolate bGalGal1 chromosome 21, bGalGal1.mat.broiler.GRCg7b, whole genome shotgun sequence	T	16	4742045
NC_052552.1 Gallus gallus isolate bGalGal1 chromosome 21, bGalGal1.mat.broiler.GRCg7b, whole genome shotgun sequence	T	19	4748627
NC_052552.1 Gallus gallus isolate bGalGal1 chromosome 21, bGalGal1.mat.broiler.GRCg7b, whole genome shotgun sequence	T	17	4777177
NC_052552.1 Gallus gallus isolate bGalGal1 chromosome 21, bGalGal1.mat.broiler.GRCg7b, whole genome shotgun sequence	T	16	4847904
NC_052552.1 Gallus gallus isolate bGalGal1 chromosome 21, bGalGal1.mat.broiler.GRCg7b, whole genome shotgun sequence	G	22	4880192
NC_052552.1 Gallus gallus isolate bGalGal1 chromosome 21, bGalGal1.mat.broiler.GRCg7b, whole genome shotgun sequence	C	18	4895598
NC_052552.1 Gallus gallus isolate bGalGal1 chromosome 21, bGalGal1.mat.broiler.GRCg7b, whole genome shotgun sequence	A	18	4946884
NC_052552.1 Gallus gallus isolate bGalGal1 chromosome 21, bGalGal1.mat.broiler.GRCg7b, whole genome shotgun sequence	T	27	4958810
NC_052552.1 Gallus gallus isolate bGalGal1 chromosome 21, bGalGal1.mat.broiler.GRCg7b, whole genome shotgun sequence	A	20	4958947
NC_052552.1 Gallus gallus isolate bGalGal1 chromosome 21, bGalGal1.mat.broiler.GRCg7b, whole genome shotgun sequence	A	17	4959003
NC_052552.1 Gallus gallus isolate bGalGal1 chromosome 21, bGalGal1.mat.broiler.GRCg7b, whole genome shotgun sequence	T	16	4959248
NC_052552.1 Gallus gallus isolate bGalGal1 chromosome 21, bGalGal1.mat.broiler.GRCg7b, whole genome shotgun sequence	G	27	5000449
NC_052552.1 Gallus gallus isolate bGalGal1 chromosome 21, bGalGal1.mat.broiler.GRCg7b, whole genome shotgun sequence	C	19	5010047
NC_052552.1 Gallus gallus isolate bGalGal1 chromosome 21, bGalGal1.mat.broiler.GRCg7b, whole genome shotgun sequence	G	17	5010665
NC_052552.1 Gallus gallus isolate bGalGal1 chromosome 21, bGalGal1.mat.broiler.GRCg7b, whole genome shotgun sequence	T	20	5023178
NC_052552.1 Gallus gallus isolate bGalGal1 chromosome 21, bGalGal1.mat.broiler.GRCg7b, whole genome shotgun sequence	T	23	5074172
NC_052552.1 Gallus gallus isolate bGalGal1 chromosome 21, bGalGal1.mat.broiler.GRCg7b, whole genome shotgun sequence	A	18	5096759
NC_052552.1 Gallus gallus isolate bGalGal1 chromosome 21, bGalGal1.mat.broiler.GRCg7b, whole genome shotgun sequence	A	27	5114612
NC_052552.1 Gallus gallus isolate bGalGal1 chromosome 21, bGalGal1.mat.broiler.GRCg7b, whole genome shotgun sequence	A	17	5214222
NC_052552.1 Gallus gallus isolate bGalGal1 chromosome 21, bGalGal1.mat.broiler.GRCg7b, whole genome shotgun sequence	T	17	5255796
NC_052552.1 Gallus gallus isolate bGalGal1 chromosome 21, bGalGal1.mat.broiler.GRCg7b, whole genome shotgun sequence	T	18	5255915
NC_052552.1 Gallus gallus isolate bGalGal1 chromosome 21, bGalGal1.mat.broiler.GRCg7b, whole genome shotgun sequence	A	18	5272045
NC_052552.1 Gallus gallus isolate bGalGal1 chromosome 21, bGalGal1.mat.broiler.GRCg7b, whole genome shotgun sequence	A	18	5274764
NC_052552.1 Gallus gallus isolate bGalGal1 chromosome 21, bGalGal1.mat.broiler.GRCg7b, whole genome shotgun sequence	T	39	5277678
NC_052552.1 Gallus gallus isolate bGalGal1 chromosome 21, bGalGal1.mat.broiler.GRCg7b, whole genome shotgun sequence	A	24	5291267
NC_052552.1 Gallus gallus isolate bGalGal1 chromosome 21, bGalGal1.mat.broiler.GRCg7b, whole genome shotgun sequence	T	21	5322747
NC_052552.1 Gallus gallus isolate bGalGal1 chromosome 21, bGalGal1.mat.broiler.GRCg7b, whole genome shotgun sequence	T	17	5337974
NC_052552.1 Gallus gallus isolate bGalGal1 chromosome 21, bGalGal1.mat.broiler.GRCg7b, whole genome shotgun sequence	A	19	5338722
NC_052552.1 Gallus gallus isolate bGalGal1 chromosome 21, bGalGal1.mat.broiler.GRCg7b, whole genome shotgun sequence	A	17	5354925
NC_052552.1 Gallus gallus isolate bGalGal1 chromosome 21, bGalGal1.mat.broiler.GRCg7b, whole genome shotgun sequence	A	16	5375151
NC_052552.1 Gallus gallus isolate bGalGal1 chromosome 21, bGalGal1.mat.broiler.GRCg7b, whole genome shotgun sequence	C	18	5384964
NC_052552.1 Gallus gallus isolate bGalGal1 chromosome 21, bGalGal1.mat.broiler.GRCg7b, whole genome shotgun sequence	T	24	5390005
NC_052552.1 Gallus gallus isolate bGalGal1 chromosome 21, bGalGal1.mat.broiler.GRCg7b, whole genome shotgun sequence	A	17	5430034
NC_052552.1 Gallus gallus isolate bGalGal1 chromosome 21, bGalGal1.mat.broiler.GRCg7b, whole genome shotgun sequence	G	24	5432907
NC_052552.1 Gallus gallus isolate bGalGal1 chromosome 21, bGalGal1.mat.broiler.GRCg7b, whole genome shotgun sequence	A	16	5436400
NC_052552.1 Gallus gallus isolate bGalGal1 chromosome 21, bGalGal1.mat.broiler.GRCg7b, whole genome shotgun sequence	A	16	5452851
NC_052552.1 Gallus gallus isolate bGalGal1 chromosome 21, bGalGal1.mat.broiler.GRCg7b, whole genome shotgun sequence	A	18	5456955
NC_052552.1 Gallus gallus isolate bGalGal1 chromosome 21, bGalGal1.mat.broiler.GRCg7b, whole genome shotgun sequence	A	18	5474977
NC_052552.1 Gallus gallus isolate bGalGal1 chromosome 21, bGalGal1.mat.broiler.GRCg7b, whole genome shotgun sequence	A	16	5490973
NC_052552.1 Gallus gallus isolate bGalGal1 chromosome 21, bGalGal1.mat.broiler.GRCg7b, whole genome shotgun sequence	T	24	5509736
NC_052552.1 Gallus gallus isolate bGalGal1 chromosome 21, bGalGal1.mat.broiler.GRCg7b, whole genome shotgun sequence	A	19	5564321
NC_052552.1 Gallus gallus isolate bGalGal1 chromosome 21, bGalGal1.mat.broiler.GRCg7b, whole genome shotgun sequence	C	18	5573354
NC_052552.1 Gallus gallus isolate bGalGal1 chromosome 21, bGalGal1.mat.broiler.GRCg7b, whole genome shotgun sequence	A	21	5618776
NC_052552.1 Gallus gallus isolate bGalGal1 chromosome 21, bGalGal1.mat.broiler.GRCg7b, whole genome shotgun sequence	T	17	5622791
NC_052552.1 Gallus gallus isolate bGalGal1 chromosome 21, bGalGal1.mat.broiler.GRCg7b, whole genome shotgun sequence	A	18	5702587
NC_052552.1 Gallus gallus isolate bGalGal1 chromosome 21, bGalGal1.mat.broiler.GRCg7b, whole genome shotgun sequence	A	22	5706581
NC_052552.1 Gallus gallus isolate bGalGal1 chromosome 21, bGalGal1.mat.broiler.GRCg7b, whole genome shotgun sequence	A	22	5710684
NC_052552.1 Gallus gallus isolate bGalGal1 chromosome 21, bGalGal1.mat.broiler.GRCg7b, whole genome shotgun sequence	G	20	5747001
NC_052552.1 Gallus gallus isolate bGalGal1 chromosome 21, bGalGal1.mat.broiler.GRCg7b, whole genome shotgun sequence	A	16	5796469
NC_052552.1 Gallus gallus isolate bGalGal1 chromosome 21, bGalGal1.mat.broiler.GRCg7b, whole genome shotgun sequence	T	17	5872989
NC_052552.1 Gallus gallus isolate bGalGal1 chromosome 21, bGalGal1.mat.broiler.GRCg7b, whole genome shotgun sequence	A	27	5899257
NC_052552.1 Gallus gallus isolate bGalGal1 chromosome 21, bGalGal1.mat.broiler.GRCg7b, whole genome shotgun sequence	T	16	5906126
NC_052552.1 Gallus gallus isolate bGalGal1 chromosome 21, bGalGal1.mat.broiler.GRCg7b, whole genome shotgun sequence	T	20	5906298
NC_052552.1 Gallus gallus isolate bGalGal1 chromosome 21, bGalGal1.mat.broiler.GRCg7b, whole genome shotgun sequence	T	18	5924700
NC_052552.1 Gallus gallus isolate bGalGal1 chromosome 21, bGalGal1.mat.broiler.GRCg7b, whole genome shotgun sequence	A	22	5987243
NC_052552.1 Gallus gallus isolate bGalGal1 chromosome 21, bGalGal1.mat.broiler.GRCg7b, whole genome shotgun sequence	A	16	6021125
NC_052552.1 Gallus gallus isolate bGalGal1 chromosome 21, bGalGal1.mat.broiler.GRCg7b, whole genome shotgun sequence	T	17	6041467
NC_052552.1 Gallus gallus isolate bGalGal1 chromosome 21, bGalGal1.mat.broiler.GRCg7b, whole genome shotgun sequence	A	22	6116258
NC_052552.1 Gallus gallus isolate bGalGal1 chromosome 21, bGalGal1.mat.broiler.GRCg7b, whole genome shotgun sequence	T	16	6129922
NC_052552.1 Gallus gallus isolate bGalGal1 chromosome 21, bGalGal1.mat.broiler.GRCg7b, whole genome shotgun sequence	T	19	6134453
NC_052552.1 Gallus gallus isolate bGalGal1 chromosome 21, bGalGal1.mat.broiler.GRCg7b, whole genome shotgun sequence	A	16	6135036
NC_052552.1 Gallus gallus isolate bGalGal1 chromosome 21, bGalGal1.mat.broiler.GRCg7b, whole genome shotgun sequence	G	16	6153337
NC_052552.1 Gallus gallus isolate bGalGal1 chromosome 21, bGalGal1.mat.broiler.GRCg7b, whole genome shotgun sequence	C	20	6179977
NC_052552.1 Gallus gallus isolate bGalGal1 chromosome 21, bGalGal1.mat.broiler.GRCg7b, whole genome shotgun sequence	T	16	6224482
NC_052552.1 Gallus gallus isolate bGalGal1 chromosome 21, bGalGal1.mat.broiler.GRCg7b, whole genome shotgun sequence	A	18	6237252
NC_052552.1 Gallus gallus isolate bGalGal1 chromosome 21, bGalGal1.mat.broiler.GRCg7b, whole genome shotgun sequence	A	16	6286722
NC_052552.1 Gallus gallus isolate bGalGal1 chromosome 21, bGalGal1.mat.broiler.GRCg7b, whole genome shotgun sequence	A	18	6290592
NC_052552.1 Gallus gallus isolate bGalGal1 chromosome 21, bGalGal1.mat.broiler.GRCg7b, whole genome shotgun sequence	A	18	6307770
NC_052552.1 Gallus gallus isolate bGalGal1 chromosome 21, bGalGal1.mat.broiler.GRCg7b, whole genome shotgun sequence	C	18	6307794
NC_052552.1 Gallus gallus isolate bGalGal1 chromosome 21, bGalGal1.mat.broiler.GRCg7b, whole genome shotgun sequence	T	18	6342091
NC_052552.1 Gallus gallus isolate bGalGal1 chromosome 21, bGalGal1.mat.broiler.GRCg7b, whole genome shotgun sequence	A	20	6355843
NC_052552.1 Gallus gallus isolate bGalGal1 chromosome 21, bGalGal1.mat.broiler.GRCg7b, whole genome shotgun sequence	T	17	6371578
NC_052552.1 Gallus gallus isolate bGalGal1 chromosome 21, bGalGal1.mat.broiler.GRCg7b, whole genome shotgun sequence	T	33	6371646
NC_052552.1 Gallus gallus isolate bGalGal1 chromosome 21, bGalGal1.mat.broiler.GRCg7b, whole genome shotgun sequence	G	17	6387870
NC_052552.1 Gallus gallus isolate bGalGal1 chromosome 21, bGalGal1.mat.broiler.GRCg7b, whole genome shotgun sequence	G	17	6451004
NC_052552.1 Gallus gallus isolate bGalGal1 chromosome 21, bGalGal1.mat.broiler.GRCg7b, whole genome shotgun sequence	G	21	6453096
NC_052552.1 Gallus gallus isolate bGalGal1 chromosome 21, bGalGal1.mat.broiler.GRCg7b, whole genome shotgun sequence	G	19	6458312
NC_052552.1 Gallus gallus isolate bGalGal1 chromosome 21, bGalGal1.mat.broiler.GRCg7b, whole genome shotgun sequence	T	16	6464750
NC_052552.1 Gallus gallus isolate bGalGal1 chromosome 21, bGalGal1.mat.broiler.GRCg7b, whole genome shotgun sequence	T	18	6467433
NC_052552.1 Gallus gallus isolate bGalGal1 chromosome 21, bGalGal1.mat.broiler.GRCg7b, whole genome shotgun sequence	T	18	6489852
NC_052552.1 Gallus gallus isolate bGalGal1 chromosome 21, bGalGal1.mat.broiler.GRCg7b, whole genome shotgun sequence	G	20	6489894
NC_052552.1 Gallus gallus isolate bGalGal1 chromosome 21, bGalGal1.mat.broiler.GRCg7b, whole genome shotgun sequence	C	22	6489972
NC_052552.1 Gallus gallus isolate bGalGal1 chromosome 21, bGalGal1.mat.broiler.GRCg7b, whole genome shotgun sequence	G	16	6490166
NC_052552.1 Gallus gallus isolate bGalGal1 chromosome 21, bGalGal1.mat.broiler.GRCg7b, whole genome shotgun sequence	A	16	6495851
NC_052552.1 Gallus gallus isolate bGalGal1 chromosome 21, bGalGal1.mat.broiler.GRCg7b, whole genome shotgun sequence	G	16	6500039
NC_052552.1 Gallus gallus isolate bGalGal1 chromosome 21, bGalGal1.mat.broiler.GRCg7b, whole genome shotgun sequence	C	16	6501657
NC_052552.1 Gallus gallus isolate bGalGal1 chromosome 21, bGalGal1.mat.broiler.GRCg7b, whole genome shotgun sequence	G	17	6507243
NC_052552.1 Gallus gallus isolate bGalGal1 chromosome 21, bGalGal1.mat.broiler.GRCg7b, whole genome shotgun sequence	G	22	6522789
NC_052552.1 Gallus gallus isolate bGalGal1 chromosome 21, bGalGal1.mat.broiler.GRCg7b, whole genome shotgun sequence	C	20	6522990
NC_052552.1 Gallus gallus isolate bGalGal1 chromosome 21, bGalGal1.mat.broiler.GRCg7b, whole genome shotgun sequence	T	16	6554783
NC_052552.1 Gallus gallus isolate bGalGal1 chromosome 21, bGalGal1.mat.broiler.GRCg7b, whole genome shotgun sequence	T	18	6571256
NC_052552.1 Gallus gallus isolate bGalGal1 chromosome 21, bGalGal1.mat.broiler.GRCg7b, whole genome shotgun sequence	G	19	6584580
NC_052552.1 Gallus gallus isolate bGalGal1 chromosome 21, bGalGal1.mat.broiler.GRCg7b, whole genome shotgun sequence	G	29	6585167
NC_052552.1 Gallus gallus isolate bGalGal1 chromosome 21, bGalGal1.mat.broiler.GRCg7b, whole genome shotgun sequence	A	17	6589126
NC_052552.1 Gallus gallus isolate bGalGal1 chromosome 21, bGalGal1.mat.broiler.GRCg7b, whole genome shotgun sequence	C	19	6592216
NC_052552.1 Gallus gallus isolate bGalGal1 chromosome 21, bGalGal1.mat.broiler.GRCg7b, whole genome shotgun sequence	C	16	6593977
NC_052552.1 Gallus gallus isolate bGalGal1 chromosome 21, bGalGal1.mat.broiler.GRCg7b, whole genome shotgun sequence	A	20	6610370
NC_052552.1 Gallus gallus isolate bGalGal1 chromosome 21, bGalGal1.mat.broiler.GRCg7b, whole genome shotgun sequence	A	16	6616405
NC_052552.1 Gallus gallus isolate bGalGal1 chromosome 21, bGalGal1.mat.broiler.GRCg7b, whole genome shotgun sequence	A	17	6645947
NC_052552.1 Gallus gallus isolate bGalGal1 chromosome 21, bGalGal1.mat.broiler.GRCg7b, whole genome shotgun sequence	A	19	6672751
NC_052552.1 Gallus gallus isolate bGalGal1 chromosome 21, bGalGal1.mat.broiler.GRCg7b, whole genome shotgun sequence	A	18	6681921
NC_052552.1 Gallus gallus isolate bGalGal1 chromosome 21, bGalGal1.mat.broiler.GRCg7b, whole genome shotgun sequence	A	17	6700467
NC_052552.1 Gallus gallus isolate bGalGal1 chromosome 21, bGalGal1.mat.broiler.GRCg7b, whole genome shotgun sequence	A	20	6702128
NC_052552.1 Gallus gallus isolate bGalGal1 chromosome 21, bGalGal1.mat.broiler.GRCg7b, whole genome shotgun sequence	A	19	6727513
NC_052552.1 Gallus gallus isolate bGalGal1 chromosome 21, bGalGal1.mat.broiler.GRCg7b, whole genome shotgun sequence	A	16	6733725
NC_052552.1 Gallus gallus isolate bGalGal1 chromosome 21, bGalGal1.mat.broiler.GRCg7b, whole genome shotgun sequence	T	16	6751848
NC_052552.1 Gallus gallus isolate bGalGal1 chromosome 21, bGalGal1.mat.broiler.GRCg7b, whole genome shotgun sequence	T	17	6760107
NC_052552.1 Gallus gallus isolate bGalGal1 chromosome 21, bGalGal1.mat.broiler.GRCg7b, whole genome shotgun sequence	T	19	6760707
NC_052552.1 Gallus gallus isolate bGalGal1 chromosome 21, bGalGal1.mat.broiler.GRCg7b, whole genome shotgun sequence	T	24	6767145
NC_052552.1 Gallus gallus isolate bGalGal1 chromosome 21, bGalGal1.mat.broiler.GRCg7b, whole genome shotgun sequence	A	19	6772771
NC_052552.1 Gallus gallus isolate bGalGal1 chromosome 21, bGalGal1.mat.broiler.GRCg7b, whole genome shotgun sequence	T	17	6779389
NC_052552.1 Gallus gallus isolate bGalGal1 chromosome 21, bGalGal1.mat.broiler.GRCg7b, whole genome shotgun sequence	C	17	6855101
