#Sequence_Name	SSR	Repeats	Position
NC_052556.1 Gallus gallus isolate bGalGal1 chromosome 25, bGalGal1.mat.broiler.GRCg7b, whole genome shotgun sequence	CA	17	72162
NC_052556.1 Gallus gallus isolate bGalGal1 chromosome 25, bGalGal1.mat.broiler.GRCg7b, whole genome shotgun sequence	A	17	4844
NC_052556.1 Gallus gallus isolate bGalGal1 chromosome 25, bGalGal1.mat.broiler.GRCg7b, whole genome shotgun sequence	C	16	7767
NC_052556.1 Gallus gallus isolate bGalGal1 chromosome 25, bGalGal1.mat.broiler.GRCg7b, whole genome shotgun sequence	G	32	36162
NC_052556.1 Gallus gallus isolate bGalGal1 chromosome 25, bGalGal1.mat.broiler.GRCg7b, whole genome shotgun sequence	G	18	50949
NC_052556.1 Gallus gallus isolate bGalGal1 chromosome 25, bGalGal1.mat.broiler.GRCg7b, whole genome shotgun sequence	G	18	62426
NC_052556.1 Gallus gallus isolate bGalGal1 chromosome 25, bGalGal1.mat.broiler.GRCg7b, whole genome shotgun sequence	C	22	63211
NC_052556.1 Gallus gallus isolate bGalGal1 chromosome 25, bGalGal1.mat.broiler.GRCg7b, whole genome shotgun sequence	C	19	63562
NC_052556.1 Gallus gallus isolate bGalGal1 chromosome 25, bGalGal1.mat.broiler.GRCg7b, whole genome shotgun sequence	C	17	64471
NC_052556.1 Gallus gallus isolate bGalGal1 chromosome 25, bGalGal1.mat.broiler.GRCg7b, whole genome shotgun sequence	C	18	64868
NC_052556.1 Gallus gallus isolate bGalGal1 chromosome 25, bGalGal1.mat.broiler.GRCg7b, whole genome shotgun sequence	C	18	65495
NC_052556.1 Gallus gallus isolate bGalGal1 chromosome 25, bGalGal1.mat.broiler.GRCg7b, whole genome shotgun sequence	C	16	66220
NC_052556.1 Gallus gallus isolate bGalGal1 chromosome 25, bGalGal1.mat.broiler.GRCg7b, whole genome shotgun sequence	G	18	66941
NC_052556.1 Gallus gallus isolate bGalGal1 chromosome 25, bGalGal1.mat.broiler.GRCg7b, whole genome shotgun sequence	G	19	67074
NC_052556.1 Gallus gallus isolate bGalGal1 chromosome 25, bGalGal1.mat.broiler.GRCg7b, whole genome shotgun sequence	G	16	67135
NC_052556.1 Gallus gallus isolate bGalGal1 chromosome 25, bGalGal1.mat.broiler.GRCg7b, whole genome shotgun sequence	C	17	67424
NC_052556.1 Gallus gallus isolate bGalGal1 chromosome 25, bGalGal1.mat.broiler.GRCg7b, whole genome shotgun sequence	C	16	68408
NC_052556.1 Gallus gallus isolate bGalGal1 chromosome 25, bGalGal1.mat.broiler.GRCg7b, whole genome shotgun sequence	C	16	72724
NC_052556.1 Gallus gallus isolate bGalGal1 chromosome 25, bGalGal1.mat.broiler.GRCg7b, whole genome shotgun sequence	G	20	72936
NC_052556.1 Gallus gallus isolate bGalGal1 chromosome 25, bGalGal1.mat.broiler.GRCg7b, whole genome shotgun sequence	C	16	73023
NC_052556.1 Gallus gallus isolate bGalGal1 chromosome 25, bGalGal1.mat.broiler.GRCg7b, whole genome shotgun sequence	G	17	73733
NC_052556.1 Gallus gallus isolate bGalGal1 chromosome 25, bGalGal1.mat.broiler.GRCg7b, whole genome shotgun sequence	C	23	75235
NC_052556.1 Gallus gallus isolate bGalGal1 chromosome 25, bGalGal1.mat.broiler.GRCg7b, whole genome shotgun sequence	G	17	79889
NC_052556.1 Gallus gallus isolate bGalGal1 chromosome 25, bGalGal1.mat.broiler.GRCg7b, whole genome shotgun sequence	G	20	484877
NC_052556.1 Gallus gallus isolate bGalGal1 chromosome 25, bGalGal1.mat.broiler.GRCg7b, whole genome shotgun sequence	G	18	501655
NC_052556.1 Gallus gallus isolate bGalGal1 chromosome 25, bGalGal1.mat.broiler.GRCg7b, whole genome shotgun sequence	G	16	509356
NC_052556.1 Gallus gallus isolate bGalGal1 chromosome 25, bGalGal1.mat.broiler.GRCg7b, whole genome shotgun sequence	G	18	509539
NC_052556.1 Gallus gallus isolate bGalGal1 chromosome 25, bGalGal1.mat.broiler.GRCg7b, whole genome shotgun sequence	C	17	509575
NC_052556.1 Gallus gallus isolate bGalGal1 chromosome 25, bGalGal1.mat.broiler.GRCg7b, whole genome shotgun sequence	C	16	513584
NC_052556.1 Gallus gallus isolate bGalGal1 chromosome 25, bGalGal1.mat.broiler.GRCg7b, whole genome shotgun sequence	C	16	514190
NC_052556.1 Gallus gallus isolate bGalGal1 chromosome 25, bGalGal1.mat.broiler.GRCg7b, whole genome shotgun sequence	C	16	514551
NC_052556.1 Gallus gallus isolate bGalGal1 chromosome 25, bGalGal1.mat.broiler.GRCg7b, whole genome shotgun sequence	C	19	514887
NC_052556.1 Gallus gallus isolate bGalGal1 chromosome 25, bGalGal1.mat.broiler.GRCg7b, whole genome shotgun sequence	C	17	515111
NC_052556.1 Gallus gallus isolate bGalGal1 chromosome 25, bGalGal1.mat.broiler.GRCg7b, whole genome shotgun sequence	C	21	521308
NC_052556.1 Gallus gallus isolate bGalGal1 chromosome 25, bGalGal1.mat.broiler.GRCg7b, whole genome shotgun sequence	G	16	522837
NC_052556.1 Gallus gallus isolate bGalGal1 chromosome 25, bGalGal1.mat.broiler.GRCg7b, whole genome shotgun sequence	G	18	522957
NC_052556.1 Gallus gallus isolate bGalGal1 chromosome 25, bGalGal1.mat.broiler.GRCg7b, whole genome shotgun sequence	A	24	548386
NC_052556.1 Gallus gallus isolate bGalGal1 chromosome 25, bGalGal1.mat.broiler.GRCg7b, whole genome shotgun sequence	C	21	320988
NC_052556.1 Gallus gallus isolate bGalGal1 chromosome 25, bGalGal1.mat.broiler.GRCg7b, whole genome shotgun sequence	C	59	321058
NC_052556.1 Gallus gallus isolate bGalGal1 chromosome 25, bGalGal1.mat.broiler.GRCg7b, whole genome shotgun sequence	G	17	323171
NC_052556.1 Gallus gallus isolate bGalGal1 chromosome 25, bGalGal1.mat.broiler.GRCg7b, whole genome shotgun sequence	G	20	327480
NC_052556.1 Gallus gallus isolate bGalGal1 chromosome 25, bGalGal1.mat.broiler.GRCg7b, whole genome shotgun sequence	G	17	329980
NC_052556.1 Gallus gallus isolate bGalGal1 chromosome 25, bGalGal1.mat.broiler.GRCg7b, whole genome shotgun sequence	C	25	333533
NC_052556.1 Gallus gallus isolate bGalGal1 chromosome 25, bGalGal1.mat.broiler.GRCg7b, whole genome shotgun sequence	G	17	333838
NC_052556.1 Gallus gallus isolate bGalGal1 chromosome 25, bGalGal1.mat.broiler.GRCg7b, whole genome shotgun sequence	C	19	341808
NC_052556.1 Gallus gallus isolate bGalGal1 chromosome 25, bGalGal1.mat.broiler.GRCg7b, whole genome shotgun sequence	G	21	349608
NC_052556.1 Gallus gallus isolate bGalGal1 chromosome 25, bGalGal1.mat.broiler.GRCg7b, whole genome shotgun sequence	C	17	360603
NC_052556.1 Gallus gallus isolate bGalGal1 chromosome 25, bGalGal1.mat.broiler.GRCg7b, whole genome shotgun sequence	C	35	369284
NC_052556.1 Gallus gallus isolate bGalGal1 chromosome 25, bGalGal1.mat.broiler.GRCg7b, whole genome shotgun sequence	A	19	377537
NC_052556.1 Gallus gallus isolate bGalGal1 chromosome 25, bGalGal1.mat.broiler.GRCg7b, whole genome shotgun sequence	T	18	377713
NC_052556.1 Gallus gallus isolate bGalGal1 chromosome 25, bGalGal1.mat.broiler.GRCg7b, whole genome shotgun sequence	A	17	377791
NC_052556.1 Gallus gallus isolate bGalGal1 chromosome 25, bGalGal1.mat.broiler.GRCg7b, whole genome shotgun sequence	A	17	378341
NC_052556.1 Gallus gallus isolate bGalGal1 chromosome 25, bGalGal1.mat.broiler.GRCg7b, whole genome shotgun sequence	A	27	378817
NC_052556.1 Gallus gallus isolate bGalGal1 chromosome 25, bGalGal1.mat.broiler.GRCg7b, whole genome shotgun sequence	A	24	379098
NC_052556.1 Gallus gallus isolate bGalGal1 chromosome 25, bGalGal1.mat.broiler.GRCg7b, whole genome shotgun sequence	A	19	380637
NC_052556.1 Gallus gallus isolate bGalGal1 chromosome 25, bGalGal1.mat.broiler.GRCg7b, whole genome shotgun sequence	A	21	381233
NC_052556.1 Gallus gallus isolate bGalGal1 chromosome 25, bGalGal1.mat.broiler.GRCg7b, whole genome shotgun sequence	A	17	382442
NC_052556.1 Gallus gallus isolate bGalGal1 chromosome 25, bGalGal1.mat.broiler.GRCg7b, whole genome shotgun sequence	G	17	421192
NC_052556.1 Gallus gallus isolate bGalGal1 chromosome 25, bGalGal1.mat.broiler.GRCg7b, whole genome shotgun sequence	C	25	426437
NC_052556.1 Gallus gallus isolate bGalGal1 chromosome 25, bGalGal1.mat.broiler.GRCg7b, whole genome shotgun sequence	C	18	444096
NC_052556.1 Gallus gallus isolate bGalGal1 chromosome 25, bGalGal1.mat.broiler.GRCg7b, whole genome shotgun sequence	G	27	468925
NC_052556.1 Gallus gallus isolate bGalGal1 chromosome 25, bGalGal1.mat.broiler.GRCg7b, whole genome shotgun sequence	G	16	474697
NC_052556.1 Gallus gallus isolate bGalGal1 chromosome 25, bGalGal1.mat.broiler.GRCg7b, whole genome shotgun sequence	G	18	475083
NC_052556.1 Gallus gallus isolate bGalGal1 chromosome 25, bGalGal1.mat.broiler.GRCg7b, whole genome shotgun sequence	C	17	475384
NC_052556.1 Gallus gallus isolate bGalGal1 chromosome 25, bGalGal1.mat.broiler.GRCg7b, whole genome shotgun sequence	C	18	479409
NC_052556.1 Gallus gallus isolate bGalGal1 chromosome 25, bGalGal1.mat.broiler.GRCg7b, whole genome shotgun sequence	G	17	479682
NC_052556.1 Gallus gallus isolate bGalGal1 chromosome 25, bGalGal1.mat.broiler.GRCg7b, whole genome shotgun sequence	G	22	778142
NC_052556.1 Gallus gallus isolate bGalGal1 chromosome 25, bGalGal1.mat.broiler.GRCg7b, whole genome shotgun sequence	G	19	779088
NC_052556.1 Gallus gallus isolate bGalGal1 chromosome 25, bGalGal1.mat.broiler.GRCg7b, whole genome shotgun sequence	C	19	779360
NC_052556.1 Gallus gallus isolate bGalGal1 chromosome 25, bGalGal1.mat.broiler.GRCg7b, whole genome shotgun sequence	C	18	779450
NC_052556.1 Gallus gallus isolate bGalGal1 chromosome 25, bGalGal1.mat.broiler.GRCg7b, whole genome shotgun sequence	C	20	788699
NC_052556.1 Gallus gallus isolate bGalGal1 chromosome 25, bGalGal1.mat.broiler.GRCg7b, whole genome shotgun sequence	G	16	791793
NC_052556.1 Gallus gallus isolate bGalGal1 chromosome 25, bGalGal1.mat.broiler.GRCg7b, whole genome shotgun sequence	G	17	801396
NC_052556.1 Gallus gallus isolate bGalGal1 chromosome 25, bGalGal1.mat.broiler.GRCg7b, whole genome shotgun sequence	G	21	803918
NC_052556.1 Gallus gallus isolate bGalGal1 chromosome 25, bGalGal1.mat.broiler.GRCg7b, whole genome shotgun sequence	G	16	804433
NC_052556.1 Gallus gallus isolate bGalGal1 chromosome 25, bGalGal1.mat.broiler.GRCg7b, whole genome shotgun sequence	C	30	808798
NC_052556.1 Gallus gallus isolate bGalGal1 chromosome 25, bGalGal1.mat.broiler.GRCg7b, whole genome shotgun sequence	G	16	80753
NC_052556.1 Gallus gallus isolate bGalGal1 chromosome 25, bGalGal1.mat.broiler.GRCg7b, whole genome shotgun sequence	G	23	90619
NC_052556.1 Gallus gallus isolate bGalGal1 chromosome 25, bGalGal1.mat.broiler.GRCg7b, whole genome shotgun sequence	T	16	90704
NC_052556.1 Gallus gallus isolate bGalGal1 chromosome 25, bGalGal1.mat.broiler.GRCg7b, whole genome shotgun sequence	G	28	90775
NC_052556.1 Gallus gallus isolate bGalGal1 chromosome 25, bGalGal1.mat.broiler.GRCg7b, whole genome shotgun sequence	G	16	91292
NC_052556.1 Gallus gallus isolate bGalGal1 chromosome 25, bGalGal1.mat.broiler.GRCg7b, whole genome shotgun sequence	C	19	103245
NC_052556.1 Gallus gallus isolate bGalGal1 chromosome 25, bGalGal1.mat.broiler.GRCg7b, whole genome shotgun sequence	C	17	138335
NC_052556.1 Gallus gallus isolate bGalGal1 chromosome 25, bGalGal1.mat.broiler.GRCg7b, whole genome shotgun sequence	G	19	220259
NC_052556.1 Gallus gallus isolate bGalGal1 chromosome 25, bGalGal1.mat.broiler.GRCg7b, whole genome shotgun sequence	TGCTT	14	753407
NC_052556.1 Gallus gallus isolate bGalGal1 chromosome 25, bGalGal1.mat.broiler.GRCg7b, whole genome shotgun sequence	GATG	17	744414
NC_052556.1 Gallus gallus isolate bGalGal1 chromosome 25, bGalGal1.mat.broiler.GRCg7b, whole genome shotgun sequence	TAGA	17	744561
NC_052556.1 Gallus gallus isolate bGalGal1 chromosome 25, bGalGal1.mat.broiler.GRCg7b, whole genome shotgun sequence	GATG	15	745071
NC_052556.1 Gallus gallus isolate bGalGal1 chromosome 25, bGalGal1.mat.broiler.GRCg7b, whole genome shotgun sequence	C	16	572074
NC_052556.1 Gallus gallus isolate bGalGal1 chromosome 25, bGalGal1.mat.broiler.GRCg7b, whole genome shotgun sequence	A	16	626065
NC_052556.1 Gallus gallus isolate bGalGal1 chromosome 25, bGalGal1.mat.broiler.GRCg7b, whole genome shotgun sequence	G	16	629667
NC_052556.1 Gallus gallus isolate bGalGal1 chromosome 25, bGalGal1.mat.broiler.GRCg7b, whole genome shotgun sequence	A	18	637779
NC_052556.1 Gallus gallus isolate bGalGal1 chromosome 25, bGalGal1.mat.broiler.GRCg7b, whole genome shotgun sequence	T	21	666074
NC_052556.1 Gallus gallus isolate bGalGal1 chromosome 25, bGalGal1.mat.broiler.GRCg7b, whole genome shotgun sequence	C	20	667766
NC_052556.1 Gallus gallus isolate bGalGal1 chromosome 25, bGalGal1.mat.broiler.GRCg7b, whole genome shotgun sequence	C	18	668814
NC_052556.1 Gallus gallus isolate bGalGal1 chromosome 25, bGalGal1.mat.broiler.GRCg7b, whole genome shotgun sequence	C	17	686266
NC_052556.1 Gallus gallus isolate bGalGal1 chromosome 25, bGalGal1.mat.broiler.GRCg7b, whole genome shotgun sequence	G	24	686794
NC_052556.1 Gallus gallus isolate bGalGal1 chromosome 25, bGalGal1.mat.broiler.GRCg7b, whole genome shotgun sequence	G	16	690895
NC_052556.1 Gallus gallus isolate bGalGal1 chromosome 25, bGalGal1.mat.broiler.GRCg7b, whole genome shotgun sequence	T	16	712421
NC_052556.1 Gallus gallus isolate bGalGal1 chromosome 25, bGalGal1.mat.broiler.GRCg7b, whole genome shotgun sequence	C	17	712543
NC_052556.1 Gallus gallus isolate bGalGal1 chromosome 25, bGalGal1.mat.broiler.GRCg7b, whole genome shotgun sequence	G	18	713420
NC_052556.1 Gallus gallus isolate bGalGal1 chromosome 25, bGalGal1.mat.broiler.GRCg7b, whole genome shotgun sequence	C	18	713633
NC_052556.1 Gallus gallus isolate bGalGal1 chromosome 25, bGalGal1.mat.broiler.GRCg7b, whole genome shotgun sequence	C	27	732772
NC_052556.1 Gallus gallus isolate bGalGal1 chromosome 25, bGalGal1.mat.broiler.GRCg7b, whole genome shotgun sequence	G	16	743250
NC_052556.1 Gallus gallus isolate bGalGal1 chromosome 25, bGalGal1.mat.broiler.GRCg7b, whole genome shotgun sequence	C	18	743892
NC_052556.1 Gallus gallus isolate bGalGal1 chromosome 25, bGalGal1.mat.broiler.GRCg7b, whole genome shotgun sequence	C	20	746113
NC_052556.1 Gallus gallus isolate bGalGal1 chromosome 25, bGalGal1.mat.broiler.GRCg7b, whole genome shotgun sequence	G	17	751749
NC_052556.1 Gallus gallus isolate bGalGal1 chromosome 25, bGalGal1.mat.broiler.GRCg7b, whole genome shotgun sequence	C	17	764822
NC_052556.1 Gallus gallus isolate bGalGal1 chromosome 25, bGalGal1.mat.broiler.GRCg7b, whole genome shotgun sequence	C	18	767776
NC_052556.1 Gallus gallus isolate bGalGal1 chromosome 25, bGalGal1.mat.broiler.GRCg7b, whole genome shotgun sequence	TG	18	1819012
NC_052556.1 Gallus gallus isolate bGalGal1 chromosome 25, bGalGal1.mat.broiler.GRCg7b, whole genome shotgun sequence	C	32	1809308
NC_052556.1 Gallus gallus isolate bGalGal1 chromosome 25, bGalGal1.mat.broiler.GRCg7b, whole genome shotgun sequence	T	17	1810033
NC_052556.1 Gallus gallus isolate bGalGal1 chromosome 25, bGalGal1.mat.broiler.GRCg7b, whole genome shotgun sequence	T	17	1810053
NC_052556.1 Gallus gallus isolate bGalGal1 chromosome 25, bGalGal1.mat.broiler.GRCg7b, whole genome shotgun sequence	C	28	1812640
NC_052556.1 Gallus gallus isolate bGalGal1 chromosome 25, bGalGal1.mat.broiler.GRCg7b, whole genome shotgun sequence	C	27	1819558
NC_052556.1 Gallus gallus isolate bGalGal1 chromosome 25, bGalGal1.mat.broiler.GRCg7b, whole genome shotgun sequence	C	21	1819844
NC_052556.1 Gallus gallus isolate bGalGal1 chromosome 25, bGalGal1.mat.broiler.GRCg7b, whole genome shotgun sequence	C	16	1823101
NC_052556.1 Gallus gallus isolate bGalGal1 chromosome 25, bGalGal1.mat.broiler.GRCg7b, whole genome shotgun sequence	C	16	1823301
NC_052556.1 Gallus gallus isolate bGalGal1 chromosome 25, bGalGal1.mat.broiler.GRCg7b, whole genome shotgun sequence	C	17	1836070
NC_052556.1 Gallus gallus isolate bGalGal1 chromosome 25, bGalGal1.mat.broiler.GRCg7b, whole genome shotgun sequence	G	17	1836144
NC_052556.1 Gallus gallus isolate bGalGal1 chromosome 25, bGalGal1.mat.broiler.GRCg7b, whole genome shotgun sequence	C	16	1838935
NC_052556.1 Gallus gallus isolate bGalGal1 chromosome 25, bGalGal1.mat.broiler.GRCg7b, whole genome shotgun sequence	C	17	1839492
NC_052556.1 Gallus gallus isolate bGalGal1 chromosome 25, bGalGal1.mat.broiler.GRCg7b, whole genome shotgun sequence	T	16	1840975
NC_052556.1 Gallus gallus isolate bGalGal1 chromosome 25, bGalGal1.mat.broiler.GRCg7b, whole genome shotgun sequence	A	17	1841255
NC_052556.1 Gallus gallus isolate bGalGal1 chromosome 25, bGalGal1.mat.broiler.GRCg7b, whole genome shotgun sequence	A	16	1841275
NC_052556.1 Gallus gallus isolate bGalGal1 chromosome 25, bGalGal1.mat.broiler.GRCg7b, whole genome shotgun sequence	A	17	1841394
NC_052556.1 Gallus gallus isolate bGalGal1 chromosome 25, bGalGal1.mat.broiler.GRCg7b, whole genome shotgun sequence	C	17	1841661
NC_052556.1 Gallus gallus isolate bGalGal1 chromosome 25, bGalGal1.mat.broiler.GRCg7b, whole genome shotgun sequence	C	23	1842284
NC_052556.1 Gallus gallus isolate bGalGal1 chromosome 25, bGalGal1.mat.broiler.GRCg7b, whole genome shotgun sequence	C	19	1842763
NC_052556.1 Gallus gallus isolate bGalGal1 chromosome 25, bGalGal1.mat.broiler.GRCg7b, whole genome shotgun sequence	C	25	1842954
NC_052556.1 Gallus gallus isolate bGalGal1 chromosome 25, bGalGal1.mat.broiler.GRCg7b, whole genome shotgun sequence	C	20	1848030
NC_052556.1 Gallus gallus isolate bGalGal1 chromosome 25, bGalGal1.mat.broiler.GRCg7b, whole genome shotgun sequence	C	16	1849040
NC_052556.1 Gallus gallus isolate bGalGal1 chromosome 25, bGalGal1.mat.broiler.GRCg7b, whole genome shotgun sequence	G	18	1849642
NC_052556.1 Gallus gallus isolate bGalGal1 chromosome 25, bGalGal1.mat.broiler.GRCg7b, whole genome shotgun sequence	C	18	1849843
NC_052556.1 Gallus gallus isolate bGalGal1 chromosome 25, bGalGal1.mat.broiler.GRCg7b, whole genome shotgun sequence	G	18	1850518
NC_052556.1 Gallus gallus isolate bGalGal1 chromosome 25, bGalGal1.mat.broiler.GRCg7b, whole genome shotgun sequence	C	24	1893699
NC_052556.1 Gallus gallus isolate bGalGal1 chromosome 25, bGalGal1.mat.broiler.GRCg7b, whole genome shotgun sequence	C	18	1907560
NC_052556.1 Gallus gallus isolate bGalGal1 chromosome 25, bGalGal1.mat.broiler.GRCg7b, whole genome shotgun sequence	T	17	1919822
NC_052556.1 Gallus gallus isolate bGalGal1 chromosome 25, bGalGal1.mat.broiler.GRCg7b, whole genome shotgun sequence	G	18	1935888
NC_052556.1 Gallus gallus isolate bGalGal1 chromosome 25, bGalGal1.mat.broiler.GRCg7b, whole genome shotgun sequence	G	22	1936089
NC_052556.1 Gallus gallus isolate bGalGal1 chromosome 25, bGalGal1.mat.broiler.GRCg7b, whole genome shotgun sequence	G	18	1936250
NC_052556.1 Gallus gallus isolate bGalGal1 chromosome 25, bGalGal1.mat.broiler.GRCg7b, whole genome shotgun sequence	C	17	1939070
NC_052556.1 Gallus gallus isolate bGalGal1 chromosome 25, bGalGal1.mat.broiler.GRCg7b, whole genome shotgun sequence	C	20	1940885
NC_052556.1 Gallus gallus isolate bGalGal1 chromosome 25, bGalGal1.mat.broiler.GRCg7b, whole genome shotgun sequence	C	18	1942645
NC_052556.1 Gallus gallus isolate bGalGal1 chromosome 25, bGalGal1.mat.broiler.GRCg7b, whole genome shotgun sequence	G	25	1943630
NC_052556.1 Gallus gallus isolate bGalGal1 chromosome 25, bGalGal1.mat.broiler.GRCg7b, whole genome shotgun sequence	C	29	1958063
NC_052556.1 Gallus gallus isolate bGalGal1 chromosome 25, bGalGal1.mat.broiler.GRCg7b, whole genome shotgun sequence	G	23	1962817
NC_052556.1 Gallus gallus isolate bGalGal1 chromosome 25, bGalGal1.mat.broiler.GRCg7b, whole genome shotgun sequence	C	16	1976175
NC_052556.1 Gallus gallus isolate bGalGal1 chromosome 25, bGalGal1.mat.broiler.GRCg7b, whole genome shotgun sequence	G	17	1981250
NC_052556.1 Gallus gallus isolate bGalGal1 chromosome 25, bGalGal1.mat.broiler.GRCg7b, whole genome shotgun sequence	G	18	1986047
NC_052556.1 Gallus gallus isolate bGalGal1 chromosome 25, bGalGal1.mat.broiler.GRCg7b, whole genome shotgun sequence	G	17	1986436
NC_052556.1 Gallus gallus isolate bGalGal1 chromosome 25, bGalGal1.mat.broiler.GRCg7b, whole genome shotgun sequence	G	17	1987240
NC_052556.1 Gallus gallus isolate bGalGal1 chromosome 25, bGalGal1.mat.broiler.GRCg7b, whole genome shotgun sequence	C	16	1988671
NC_052556.1 Gallus gallus isolate bGalGal1 chromosome 25, bGalGal1.mat.broiler.GRCg7b, whole genome shotgun sequence	C	19	1993383
NC_052556.1 Gallus gallus isolate bGalGal1 chromosome 25, bGalGal1.mat.broiler.GRCg7b, whole genome shotgun sequence	C	17	1993564
NC_052556.1 Gallus gallus isolate bGalGal1 chromosome 25, bGalGal1.mat.broiler.GRCg7b, whole genome shotgun sequence	C	29	1995221
NC_052556.1 Gallus gallus isolate bGalGal1 chromosome 25, bGalGal1.mat.broiler.GRCg7b, whole genome shotgun sequence	G	17	2004368
NC_052556.1 Gallus gallus isolate bGalGal1 chromosome 25, bGalGal1.mat.broiler.GRCg7b, whole genome shotgun sequence	A	18	2004673
NC_052556.1 Gallus gallus isolate bGalGal1 chromosome 25, bGalGal1.mat.broiler.GRCg7b, whole genome shotgun sequence	G	16	2009695
NC_052556.1 Gallus gallus isolate bGalGal1 chromosome 25, bGalGal1.mat.broiler.GRCg7b, whole genome shotgun sequence	C	23	2012748
NC_052556.1 Gallus gallus isolate bGalGal1 chromosome 25, bGalGal1.mat.broiler.GRCg7b, whole genome shotgun sequence	C	16	2015177
NC_052556.1 Gallus gallus isolate bGalGal1 chromosome 25, bGalGal1.mat.broiler.GRCg7b, whole genome shotgun sequence	G	20	2019292
NC_052556.1 Gallus gallus isolate bGalGal1 chromosome 25, bGalGal1.mat.broiler.GRCg7b, whole genome shotgun sequence	G	17	2030252
NC_052556.1 Gallus gallus isolate bGalGal1 chromosome 25, bGalGal1.mat.broiler.GRCg7b, whole genome shotgun sequence	C	23	2037593
NC_052556.1 Gallus gallus isolate bGalGal1 chromosome 25, bGalGal1.mat.broiler.GRCg7b, whole genome shotgun sequence	G	16	2043474
NC_052556.1 Gallus gallus isolate bGalGal1 chromosome 25, bGalGal1.mat.broiler.GRCg7b, whole genome shotgun sequence	C	20	2045807
NC_052556.1 Gallus gallus isolate bGalGal1 chromosome 25, bGalGal1.mat.broiler.GRCg7b, whole genome shotgun sequence	G	24	2046133
NC_052556.1 Gallus gallus isolate bGalGal1 chromosome 25, bGalGal1.mat.broiler.GRCg7b, whole genome shotgun sequence	G	16	2048152
NC_052556.1 Gallus gallus isolate bGalGal1 chromosome 25, bGalGal1.mat.broiler.GRCg7b, whole genome shotgun sequence	G	21	2050061
NC_052556.1 Gallus gallus isolate bGalGal1 chromosome 25, bGalGal1.mat.broiler.GRCg7b, whole genome shotgun sequence	C	16	2058267
NC_052556.1 Gallus gallus isolate bGalGal1 chromosome 25, bGalGal1.mat.broiler.GRCg7b, whole genome shotgun sequence	G	21	2067491
NC_052556.1 Gallus gallus isolate bGalGal1 chromosome 25, bGalGal1.mat.broiler.GRCg7b, whole genome shotgun sequence	ATCCCT	17	2327936
NC_052556.1 Gallus gallus isolate bGalGal1 chromosome 25, bGalGal1.mat.broiler.GRCg7b, whole genome shotgun sequence	C	20	2076314
NC_052556.1 Gallus gallus isolate bGalGal1 chromosome 25, bGalGal1.mat.broiler.GRCg7b, whole genome shotgun sequence	C	16	2077258
NC_052556.1 Gallus gallus isolate bGalGal1 chromosome 25, bGalGal1.mat.broiler.GRCg7b, whole genome shotgun sequence	C	18	2077504
NC_052556.1 Gallus gallus isolate bGalGal1 chromosome 25, bGalGal1.mat.broiler.GRCg7b, whole genome shotgun sequence	C	26	2090908
NC_052556.1 Gallus gallus isolate bGalGal1 chromosome 25, bGalGal1.mat.broiler.GRCg7b, whole genome shotgun sequence	G	31	2092756
NC_052556.1 Gallus gallus isolate bGalGal1 chromosome 25, bGalGal1.mat.broiler.GRCg7b, whole genome shotgun sequence	C	27	2092982
NC_052556.1 Gallus gallus isolate bGalGal1 chromosome 25, bGalGal1.mat.broiler.GRCg7b, whole genome shotgun sequence	A	16	2098539
NC_052556.1 Gallus gallus isolate bGalGal1 chromosome 25, bGalGal1.mat.broiler.GRCg7b, whole genome shotgun sequence	G	17	2114168
NC_052556.1 Gallus gallus isolate bGalGal1 chromosome 25, bGalGal1.mat.broiler.GRCg7b, whole genome shotgun sequence	C	16	2114577
NC_052556.1 Gallus gallus isolate bGalGal1 chromosome 25, bGalGal1.mat.broiler.GRCg7b, whole genome shotgun sequence	G	31	2114674
NC_052556.1 Gallus gallus isolate bGalGal1 chromosome 25, bGalGal1.mat.broiler.GRCg7b, whole genome shotgun sequence	G	19	2116622
NC_052556.1 Gallus gallus isolate bGalGal1 chromosome 25, bGalGal1.mat.broiler.GRCg7b, whole genome shotgun sequence	T	16	2128156
NC_052556.1 Gallus gallus isolate bGalGal1 chromosome 25, bGalGal1.mat.broiler.GRCg7b, whole genome shotgun sequence	T	18	2252277
NC_052556.1 Gallus gallus isolate bGalGal1 chromosome 25, bGalGal1.mat.broiler.GRCg7b, whole genome shotgun sequence	G	19	2253541
NC_052556.1 Gallus gallus isolate bGalGal1 chromosome 25, bGalGal1.mat.broiler.GRCg7b, whole genome shotgun sequence	C	39	2261082
NC_052556.1 Gallus gallus isolate bGalGal1 chromosome 25, bGalGal1.mat.broiler.GRCg7b, whole genome shotgun sequence	G	19	2266228
NC_052556.1 Gallus gallus isolate bGalGal1 chromosome 25, bGalGal1.mat.broiler.GRCg7b, whole genome shotgun sequence	C	16	2266434
NC_052556.1 Gallus gallus isolate bGalGal1 chromosome 25, bGalGal1.mat.broiler.GRCg7b, whole genome shotgun sequence	G	21	2267656
NC_052556.1 Gallus gallus isolate bGalGal1 chromosome 25, bGalGal1.mat.broiler.GRCg7b, whole genome shotgun sequence	A	22	2280568
NC_052556.1 Gallus gallus isolate bGalGal1 chromosome 25, bGalGal1.mat.broiler.GRCg7b, whole genome shotgun sequence	A	21	2308601
NC_052556.1 Gallus gallus isolate bGalGal1 chromosome 25, bGalGal1.mat.broiler.GRCg7b, whole genome shotgun sequence	C	22	2326079
NC_052556.1 Gallus gallus isolate bGalGal1 chromosome 25, bGalGal1.mat.broiler.GRCg7b, whole genome shotgun sequence	G	18	2326675
NC_052556.1 Gallus gallus isolate bGalGal1 chromosome 25, bGalGal1.mat.broiler.GRCg7b, whole genome shotgun sequence	A	16	2330643
NC_052556.1 Gallus gallus isolate bGalGal1 chromosome 25, bGalGal1.mat.broiler.GRCg7b, whole genome shotgun sequence	G	24	2332119
NC_052556.1 Gallus gallus isolate bGalGal1 chromosome 25, bGalGal1.mat.broiler.GRCg7b, whole genome shotgun sequence	T	24	2366410
NC_052556.1 Gallus gallus isolate bGalGal1 chromosome 25, bGalGal1.mat.broiler.GRCg7b, whole genome shotgun sequence	T	17	2369584
NC_052556.1 Gallus gallus isolate bGalGal1 chromosome 25, bGalGal1.mat.broiler.GRCg7b, whole genome shotgun sequence	G	17	2407998
NC_052556.1 Gallus gallus isolate bGalGal1 chromosome 25, bGalGal1.mat.broiler.GRCg7b, whole genome shotgun sequence	G	21	2408966
NC_052556.1 Gallus gallus isolate bGalGal1 chromosome 25, bGalGal1.mat.broiler.GRCg7b, whole genome shotgun sequence	G	16	2409185
NC_052556.1 Gallus gallus isolate bGalGal1 chromosome 25, bGalGal1.mat.broiler.GRCg7b, whole genome shotgun sequence	G	16	2409363
NC_052556.1 Gallus gallus isolate bGalGal1 chromosome 25, bGalGal1.mat.broiler.GRCg7b, whole genome shotgun sequence	G	19	2409656
NC_052556.1 Gallus gallus isolate bGalGal1 chromosome 25, bGalGal1.mat.broiler.GRCg7b, whole genome shotgun sequence	C	17	2446800
NC_052556.1 Gallus gallus isolate bGalGal1 chromosome 25, bGalGal1.mat.broiler.GRCg7b, whole genome shotgun sequence	C	17	2447335
NC_052556.1 Gallus gallus isolate bGalGal1 chromosome 25, bGalGal1.mat.broiler.GRCg7b, whole genome shotgun sequence	C	16	2447706
NC_052556.1 Gallus gallus isolate bGalGal1 chromosome 25, bGalGal1.mat.broiler.GRCg7b, whole genome shotgun sequence	G	16	2447910
NC_052556.1 Gallus gallus isolate bGalGal1 chromosome 25, bGalGal1.mat.broiler.GRCg7b, whole genome shotgun sequence	G	23	2447984
NC_052556.1 Gallus gallus isolate bGalGal1 chromosome 25, bGalGal1.mat.broiler.GRCg7b, whole genome shotgun sequence	G	16	2449028
NC_052556.1 Gallus gallus isolate bGalGal1 chromosome 25, bGalGal1.mat.broiler.GRCg7b, whole genome shotgun sequence	G	16	2453706
NC_052556.1 Gallus gallus isolate bGalGal1 chromosome 25, bGalGal1.mat.broiler.GRCg7b, whole genome shotgun sequence	C	19	2472103
NC_052556.1 Gallus gallus isolate bGalGal1 chromosome 25, bGalGal1.mat.broiler.GRCg7b, whole genome shotgun sequence	G	22	2472389
NC_052556.1 Gallus gallus isolate bGalGal1 chromosome 25, bGalGal1.mat.broiler.GRCg7b, whole genome shotgun sequence	C	19	2486479
NC_052556.1 Gallus gallus isolate bGalGal1 chromosome 25, bGalGal1.mat.broiler.GRCg7b, whole genome shotgun sequence	G	18	2486682
NC_052556.1 Gallus gallus isolate bGalGal1 chromosome 25, bGalGal1.mat.broiler.GRCg7b, whole genome shotgun sequence	C	16	2487805
NC_052556.1 Gallus gallus isolate bGalGal1 chromosome 25, bGalGal1.mat.broiler.GRCg7b, whole genome shotgun sequence	C	18	2497317
NC_052556.1 Gallus gallus isolate bGalGal1 chromosome 25, bGalGal1.mat.broiler.GRCg7b, whole genome shotgun sequence	C	18	2501186
NC_052556.1 Gallus gallus isolate bGalGal1 chromosome 25, bGalGal1.mat.broiler.GRCg7b, whole genome shotgun sequence	G	19	2915681
NC_052556.1 Gallus gallus isolate bGalGal1 chromosome 25, bGalGal1.mat.broiler.GRCg7b, whole genome shotgun sequence	C	18	2924141
NC_052556.1 Gallus gallus isolate bGalGal1 chromosome 25, bGalGal1.mat.broiler.GRCg7b, whole genome shotgun sequence	G	40	2937898
NC_052556.1 Gallus gallus isolate bGalGal1 chromosome 25, bGalGal1.mat.broiler.GRCg7b, whole genome shotgun sequence	C	16	2938008
NC_052556.1 Gallus gallus isolate bGalGal1 chromosome 25, bGalGal1.mat.broiler.GRCg7b, whole genome shotgun sequence	C	18	2943165
NC_052556.1 Gallus gallus isolate bGalGal1 chromosome 25, bGalGal1.mat.broiler.GRCg7b, whole genome shotgun sequence	T	16	2953584
NC_052556.1 Gallus gallus isolate bGalGal1 chromosome 25, bGalGal1.mat.broiler.GRCg7b, whole genome shotgun sequence	A	38	2953793
NC_052556.1 Gallus gallus isolate bGalGal1 chromosome 25, bGalGal1.mat.broiler.GRCg7b, whole genome shotgun sequence	C	24	2953991
NC_052556.1 Gallus gallus isolate bGalGal1 chromosome 25, bGalGal1.mat.broiler.GRCg7b, whole genome shotgun sequence	A	25	2966147
NC_052556.1 Gallus gallus isolate bGalGal1 chromosome 25, bGalGal1.mat.broiler.GRCg7b, whole genome shotgun sequence	CCTTG	17	3063814
NC_052556.1 Gallus gallus isolate bGalGal1 chromosome 25, bGalGal1.mat.broiler.GRCg7b, whole genome shotgun sequence	A	17	2993638
NC_052556.1 Gallus gallus isolate bGalGal1 chromosome 25, bGalGal1.mat.broiler.GRCg7b, whole genome shotgun sequence	A	16	2994255
NC_052556.1 Gallus gallus isolate bGalGal1 chromosome 25, bGalGal1.mat.broiler.GRCg7b, whole genome shotgun sequence	A	16	2999305
NC_052556.1 Gallus gallus isolate bGalGal1 chromosome 25, bGalGal1.mat.broiler.GRCg7b, whole genome shotgun sequence	A	16	2999921
NC_052556.1 Gallus gallus isolate bGalGal1 chromosome 25, bGalGal1.mat.broiler.GRCg7b, whole genome shotgun sequence	A	17	3002447
NC_052556.1 Gallus gallus isolate bGalGal1 chromosome 25, bGalGal1.mat.broiler.GRCg7b, whole genome shotgun sequence	A	17	3003064
NC_052556.1 Gallus gallus isolate bGalGal1 chromosome 25, bGalGal1.mat.broiler.GRCg7b, whole genome shotgun sequence	A	16	3005590
NC_052556.1 Gallus gallus isolate bGalGal1 chromosome 25, bGalGal1.mat.broiler.GRCg7b, whole genome shotgun sequence	A	17	3008116
NC_052556.1 Gallus gallus isolate bGalGal1 chromosome 25, bGalGal1.mat.broiler.GRCg7b, whole genome shotgun sequence	A	16	3013165
NC_052556.1 Gallus gallus isolate bGalGal1 chromosome 25, bGalGal1.mat.broiler.GRCg7b, whole genome shotgun sequence	A	16	3015690
NC_052556.1 Gallus gallus isolate bGalGal1 chromosome 25, bGalGal1.mat.broiler.GRCg7b, whole genome shotgun sequence	A	16	3018215
NC_052556.1 Gallus gallus isolate bGalGal1 chromosome 25, bGalGal1.mat.broiler.GRCg7b, whole genome shotgun sequence	A	16	3020740
NC_052556.1 Gallus gallus isolate bGalGal1 chromosome 25, bGalGal1.mat.broiler.GRCg7b, whole genome shotgun sequence	A	17	3023265
NC_052556.1 Gallus gallus isolate bGalGal1 chromosome 25, bGalGal1.mat.broiler.GRCg7b, whole genome shotgun sequence	A	17	3025790
NC_052556.1 Gallus gallus isolate bGalGal1 chromosome 25, bGalGal1.mat.broiler.GRCg7b, whole genome shotgun sequence	A	16	3028315
NC_052556.1 Gallus gallus isolate bGalGal1 chromosome 25, bGalGal1.mat.broiler.GRCg7b, whole genome shotgun sequence	A	16	3030839
NC_052556.1 Gallus gallus isolate bGalGal1 chromosome 25, bGalGal1.mat.broiler.GRCg7b, whole genome shotgun sequence	A	17	3033364
NC_052556.1 Gallus gallus isolate bGalGal1 chromosome 25, bGalGal1.mat.broiler.GRCg7b, whole genome shotgun sequence	A	17	3035888
NC_052556.1 Gallus gallus isolate bGalGal1 chromosome 25, bGalGal1.mat.broiler.GRCg7b, whole genome shotgun sequence	A	16	3040939
NC_052556.1 Gallus gallus isolate bGalGal1 chromosome 25, bGalGal1.mat.broiler.GRCg7b, whole genome shotgun sequence	A	16	3043464
NC_052556.1 Gallus gallus isolate bGalGal1 chromosome 25, bGalGal1.mat.broiler.GRCg7b, whole genome shotgun sequence	A	17	3045991
NC_052556.1 Gallus gallus isolate bGalGal1 chromosome 25, bGalGal1.mat.broiler.GRCg7b, whole genome shotgun sequence	A	16	3048518
NC_052556.1 Gallus gallus isolate bGalGal1 chromosome 25, bGalGal1.mat.broiler.GRCg7b, whole genome shotgun sequence	A	17	3051044
NC_052556.1 Gallus gallus isolate bGalGal1 chromosome 25, bGalGal1.mat.broiler.GRCg7b, whole genome shotgun sequence	T	16	3058851
NC_052556.1 Gallus gallus isolate bGalGal1 chromosome 25, bGalGal1.mat.broiler.GRCg7b, whole genome shotgun sequence	T	16	3065554
NC_052556.1 Gallus gallus isolate bGalGal1 chromosome 25, bGalGal1.mat.broiler.GRCg7b, whole genome shotgun sequence	G	18	2501895
NC_052556.1 Gallus gallus isolate bGalGal1 chromosome 25, bGalGal1.mat.broiler.GRCg7b, whole genome shotgun sequence	C	18	2502065
NC_052556.1 Gallus gallus isolate bGalGal1 chromosome 25, bGalGal1.mat.broiler.GRCg7b, whole genome shotgun sequence	C	17	2509082
NC_052556.1 Gallus gallus isolate bGalGal1 chromosome 25, bGalGal1.mat.broiler.GRCg7b, whole genome shotgun sequence	C	18	2524656
NC_052556.1 Gallus gallus isolate bGalGal1 chromosome 25, bGalGal1.mat.broiler.GRCg7b, whole genome shotgun sequence	C	20	2524931
NC_052556.1 Gallus gallus isolate bGalGal1 chromosome 25, bGalGal1.mat.broiler.GRCg7b, whole genome shotgun sequence	G	16	2528809
NC_052556.1 Gallus gallus isolate bGalGal1 chromosome 25, bGalGal1.mat.broiler.GRCg7b, whole genome shotgun sequence	G	26	2533658
NC_052556.1 Gallus gallus isolate bGalGal1 chromosome 25, bGalGal1.mat.broiler.GRCg7b, whole genome shotgun sequence	C	17	2533861
NC_052556.1 Gallus gallus isolate bGalGal1 chromosome 25, bGalGal1.mat.broiler.GRCg7b, whole genome shotgun sequence	C	16	2535963
NC_052556.1 Gallus gallus isolate bGalGal1 chromosome 25, bGalGal1.mat.broiler.GRCg7b, whole genome shotgun sequence	C	16	2554351
NC_052556.1 Gallus gallus isolate bGalGal1 chromosome 25, bGalGal1.mat.broiler.GRCg7b, whole genome shotgun sequence	C	17	2554397
NC_052556.1 Gallus gallus isolate bGalGal1 chromosome 25, bGalGal1.mat.broiler.GRCg7b, whole genome shotgun sequence	C	29	2554760
NC_052556.1 Gallus gallus isolate bGalGal1 chromosome 25, bGalGal1.mat.broiler.GRCg7b, whole genome shotgun sequence	C	22	2591448
NC_052556.1 Gallus gallus isolate bGalGal1 chromosome 25, bGalGal1.mat.broiler.GRCg7b, whole genome shotgun sequence	G	19	2592379
NC_052556.1 Gallus gallus isolate bGalGal1 chromosome 25, bGalGal1.mat.broiler.GRCg7b, whole genome shotgun sequence	C	16	2592974
NC_052556.1 Gallus gallus isolate bGalGal1 chromosome 25, bGalGal1.mat.broiler.GRCg7b, whole genome shotgun sequence	C	17	2593615
NC_052556.1 Gallus gallus isolate bGalGal1 chromosome 25, bGalGal1.mat.broiler.GRCg7b, whole genome shotgun sequence	C	18	2594043
NC_052556.1 Gallus gallus isolate bGalGal1 chromosome 25, bGalGal1.mat.broiler.GRCg7b, whole genome shotgun sequence	G	17	2594266
NC_052556.1 Gallus gallus isolate bGalGal1 chromosome 25, bGalGal1.mat.broiler.GRCg7b, whole genome shotgun sequence	C	17	2596358
NC_052556.1 Gallus gallus isolate bGalGal1 chromosome 25, bGalGal1.mat.broiler.GRCg7b, whole genome shotgun sequence	G	19	2597846
NC_052556.1 Gallus gallus isolate bGalGal1 chromosome 25, bGalGal1.mat.broiler.GRCg7b, whole genome shotgun sequence	T	20	2656582
NC_052556.1 Gallus gallus isolate bGalGal1 chromosome 25, bGalGal1.mat.broiler.GRCg7b, whole genome shotgun sequence	T	26	2658026
NC_052556.1 Gallus gallus isolate bGalGal1 chromosome 25, bGalGal1.mat.broiler.GRCg7b, whole genome shotgun sequence	C	17	2675101
NC_052556.1 Gallus gallus isolate bGalGal1 chromosome 25, bGalGal1.mat.broiler.GRCg7b, whole genome shotgun sequence	C	23	2681151
NC_052556.1 Gallus gallus isolate bGalGal1 chromosome 25, bGalGal1.mat.broiler.GRCg7b, whole genome shotgun sequence	G	18	2696646
NC_052556.1 Gallus gallus isolate bGalGal1 chromosome 25, bGalGal1.mat.broiler.GRCg7b, whole genome shotgun sequence	T	21	2805799
NC_052556.1 Gallus gallus isolate bGalGal1 chromosome 25, bGalGal1.mat.broiler.GRCg7b, whole genome shotgun sequence	T	19	2807360
NC_052556.1 Gallus gallus isolate bGalGal1 chromosome 25, bGalGal1.mat.broiler.GRCg7b, whole genome shotgun sequence	G	18	2811616
NC_052556.1 Gallus gallus isolate bGalGal1 chromosome 25, bGalGal1.mat.broiler.GRCg7b, whole genome shotgun sequence	G	20	2819968
NC_052556.1 Gallus gallus isolate bGalGal1 chromosome 25, bGalGal1.mat.broiler.GRCg7b, whole genome shotgun sequence	C	16	2820429
NC_052556.1 Gallus gallus isolate bGalGal1 chromosome 25, bGalGal1.mat.broiler.GRCg7b, whole genome shotgun sequence	T	18	2826115
NC_052556.1 Gallus gallus isolate bGalGal1 chromosome 25, bGalGal1.mat.broiler.GRCg7b, whole genome shotgun sequence	C	16	2842673
NC_052556.1 Gallus gallus isolate bGalGal1 chromosome 25, bGalGal1.mat.broiler.GRCg7b, whole genome shotgun sequence	C	17	2847827
NC_052556.1 Gallus gallus isolate bGalGal1 chromosome 25, bGalGal1.mat.broiler.GRCg7b, whole genome shotgun sequence	T	17	2858240
NC_052556.1 Gallus gallus isolate bGalGal1 chromosome 25, bGalGal1.mat.broiler.GRCg7b, whole genome shotgun sequence	A	30	2858450
NC_052556.1 Gallus gallus isolate bGalGal1 chromosome 25, bGalGal1.mat.broiler.GRCg7b, whole genome shotgun sequence	C	31	2858640
NC_052556.1 Gallus gallus isolate bGalGal1 chromosome 25, bGalGal1.mat.broiler.GRCg7b, whole genome shotgun sequence	A	21	2870803
NC_052556.1 Gallus gallus isolate bGalGal1 chromosome 25, bGalGal1.mat.broiler.GRCg7b, whole genome shotgun sequence	CCTTC	17	863449
NC_052556.1 Gallus gallus isolate bGalGal1 chromosome 25, bGalGal1.mat.broiler.GRCg7b, whole genome shotgun sequence	TATTT	18	937986
NC_052556.1 Gallus gallus isolate bGalGal1 chromosome 25, bGalGal1.mat.broiler.GRCg7b, whole genome shotgun sequence	GTGCC	36	940071
NC_052556.1 Gallus gallus isolate bGalGal1 chromosome 25, bGalGal1.mat.broiler.GRCg7b, whole genome shotgun sequence	TCCTC	29	1240796
NC_052556.1 Gallus gallus isolate bGalGal1 chromosome 25, bGalGal1.mat.broiler.GRCg7b, whole genome shotgun sequence	TCCA	14	1350004
NC_052556.1 Gallus gallus isolate bGalGal1 chromosome 25, bGalGal1.mat.broiler.GRCg7b, whole genome shotgun sequence	AGGA	40	1633756
NC_052556.1 Gallus gallus isolate bGalGal1 chromosome 25, bGalGal1.mat.broiler.GRCg7b, whole genome shotgun sequence	AAT	17	936911
NC_052556.1 Gallus gallus isolate bGalGal1 chromosome 25, bGalGal1.mat.broiler.GRCg7b, whole genome shotgun sequence	CAG	16	1697672
NC_052556.1 Gallus gallus isolate bGalGal1 chromosome 25, bGalGal1.mat.broiler.GRCg7b, whole genome shotgun sequence	TG	14	925585
NC_052556.1 Gallus gallus isolate bGalGal1 chromosome 25, bGalGal1.mat.broiler.GRCg7b, whole genome shotgun sequence	G	20	836104
NC_052556.1 Gallus gallus isolate bGalGal1 chromosome 25, bGalGal1.mat.broiler.GRCg7b, whole genome shotgun sequence	G	16	836290
NC_052556.1 Gallus gallus isolate bGalGal1 chromosome 25, bGalGal1.mat.broiler.GRCg7b, whole genome shotgun sequence	G	16	836620
NC_052556.1 Gallus gallus isolate bGalGal1 chromosome 25, bGalGal1.mat.broiler.GRCg7b, whole genome shotgun sequence	G	16	841187
NC_052556.1 Gallus gallus isolate bGalGal1 chromosome 25, bGalGal1.mat.broiler.GRCg7b, whole genome shotgun sequence	C	18	846504
NC_052556.1 Gallus gallus isolate bGalGal1 chromosome 25, bGalGal1.mat.broiler.GRCg7b, whole genome shotgun sequence	C	19	857770
NC_052556.1 Gallus gallus isolate bGalGal1 chromosome 25, bGalGal1.mat.broiler.GRCg7b, whole genome shotgun sequence	G	17	858413
NC_052556.1 Gallus gallus isolate bGalGal1 chromosome 25, bGalGal1.mat.broiler.GRCg7b, whole genome shotgun sequence	C	24	870001
NC_052556.1 Gallus gallus isolate bGalGal1 chromosome 25, bGalGal1.mat.broiler.GRCg7b, whole genome shotgun sequence	C	18	881986
NC_052556.1 Gallus gallus isolate bGalGal1 chromosome 25, bGalGal1.mat.broiler.GRCg7b, whole genome shotgun sequence	C	21	882897
NC_052556.1 Gallus gallus isolate bGalGal1 chromosome 25, bGalGal1.mat.broiler.GRCg7b, whole genome shotgun sequence	G	23	895893
NC_052556.1 Gallus gallus isolate bGalGal1 chromosome 25, bGalGal1.mat.broiler.GRCg7b, whole genome shotgun sequence	C	16	897003
NC_052556.1 Gallus gallus isolate bGalGal1 chromosome 25, bGalGal1.mat.broiler.GRCg7b, whole genome shotgun sequence	A	17	904482
NC_052556.1 Gallus gallus isolate bGalGal1 chromosome 25, bGalGal1.mat.broiler.GRCg7b, whole genome shotgun sequence	C	17	906171
NC_052556.1 Gallus gallus isolate bGalGal1 chromosome 25, bGalGal1.mat.broiler.GRCg7b, whole genome shotgun sequence	A	19	912864
NC_052556.1 Gallus gallus isolate bGalGal1 chromosome 25, bGalGal1.mat.broiler.GRCg7b, whole genome shotgun sequence	T	17	914341
NC_052556.1 Gallus gallus isolate bGalGal1 chromosome 25, bGalGal1.mat.broiler.GRCg7b, whole genome shotgun sequence	T	16	922360
NC_052556.1 Gallus gallus isolate bGalGal1 chromosome 25, bGalGal1.mat.broiler.GRCg7b, whole genome shotgun sequence	T	18	922850
NC_052556.1 Gallus gallus isolate bGalGal1 chromosome 25, bGalGal1.mat.broiler.GRCg7b, whole genome shotgun sequence	C	16	925389
NC_052556.1 Gallus gallus isolate bGalGal1 chromosome 25, bGalGal1.mat.broiler.GRCg7b, whole genome shotgun sequence	G	16	925750
NC_052556.1 Gallus gallus isolate bGalGal1 chromosome 25, bGalGal1.mat.broiler.GRCg7b, whole genome shotgun sequence	A	18	926104
NC_052556.1 Gallus gallus isolate bGalGal1 chromosome 25, bGalGal1.mat.broiler.GRCg7b, whole genome shotgun sequence	G	16	926365
NC_052556.1 Gallus gallus isolate bGalGal1 chromosome 25, bGalGal1.mat.broiler.GRCg7b, whole genome shotgun sequence	T	16	929343
NC_052556.1 Gallus gallus isolate bGalGal1 chromosome 25, bGalGal1.mat.broiler.GRCg7b, whole genome shotgun sequence	G	30	933237
NC_052556.1 Gallus gallus isolate bGalGal1 chromosome 25, bGalGal1.mat.broiler.GRCg7b, whole genome shotgun sequence	T	20	938599
NC_052556.1 Gallus gallus isolate bGalGal1 chromosome 25, bGalGal1.mat.broiler.GRCg7b, whole genome shotgun sequence	T	18	947420
NC_052556.1 Gallus gallus isolate bGalGal1 chromosome 25, bGalGal1.mat.broiler.GRCg7b, whole genome shotgun sequence	T	16	949921
NC_052556.1 Gallus gallus isolate bGalGal1 chromosome 25, bGalGal1.mat.broiler.GRCg7b, whole genome shotgun sequence	G	20	950357
NC_052556.1 Gallus gallus isolate bGalGal1 chromosome 25, bGalGal1.mat.broiler.GRCg7b, whole genome shotgun sequence	G	17	951233
NC_052556.1 Gallus gallus isolate bGalGal1 chromosome 25, bGalGal1.mat.broiler.GRCg7b, whole genome shotgun sequence	C	18	953442
NC_052556.1 Gallus gallus isolate bGalGal1 chromosome 25, bGalGal1.mat.broiler.GRCg7b, whole genome shotgun sequence	T	24	961170
NC_052556.1 Gallus gallus isolate bGalGal1 chromosome 25, bGalGal1.mat.broiler.GRCg7b, whole genome shotgun sequence	C	16	966634
NC_052556.1 Gallus gallus isolate bGalGal1 chromosome 25, bGalGal1.mat.broiler.GRCg7b, whole genome shotgun sequence	T	25	973719
NC_052556.1 Gallus gallus isolate bGalGal1 chromosome 25, bGalGal1.mat.broiler.GRCg7b, whole genome shotgun sequence	C	20	977510
NC_052556.1 Gallus gallus isolate bGalGal1 chromosome 25, bGalGal1.mat.broiler.GRCg7b, whole genome shotgun sequence	G	20	979407
NC_052556.1 Gallus gallus isolate bGalGal1 chromosome 25, bGalGal1.mat.broiler.GRCg7b, whole genome shotgun sequence	G	19	993472
NC_052556.1 Gallus gallus isolate bGalGal1 chromosome 25, bGalGal1.mat.broiler.GRCg7b, whole genome shotgun sequence	T	33	1005425
NC_052556.1 Gallus gallus isolate bGalGal1 chromosome 25, bGalGal1.mat.broiler.GRCg7b, whole genome shotgun sequence	C	16	1005598
NC_052556.1 Gallus gallus isolate bGalGal1 chromosome 25, bGalGal1.mat.broiler.GRCg7b, whole genome shotgun sequence	T	16	1006254
NC_052556.1 Gallus gallus isolate bGalGal1 chromosome 25, bGalGal1.mat.broiler.GRCg7b, whole genome shotgun sequence	C	18	1009458
NC_052556.1 Gallus gallus isolate bGalGal1 chromosome 25, bGalGal1.mat.broiler.GRCg7b, whole genome shotgun sequence	G	19	1019101
NC_052556.1 Gallus gallus isolate bGalGal1 chromosome 25, bGalGal1.mat.broiler.GRCg7b, whole genome shotgun sequence	C	18	1022099
NC_052556.1 Gallus gallus isolate bGalGal1 chromosome 25, bGalGal1.mat.broiler.GRCg7b, whole genome shotgun sequence	C	20	1027832
NC_052556.1 Gallus gallus isolate bGalGal1 chromosome 25, bGalGal1.mat.broiler.GRCg7b, whole genome shotgun sequence	C	25	1034302
NC_052556.1 Gallus gallus isolate bGalGal1 chromosome 25, bGalGal1.mat.broiler.GRCg7b, whole genome shotgun sequence	G	19	1041842
NC_052556.1 Gallus gallus isolate bGalGal1 chromosome 25, bGalGal1.mat.broiler.GRCg7b, whole genome shotgun sequence	T	30	1042827
NC_052556.1 Gallus gallus isolate bGalGal1 chromosome 25, bGalGal1.mat.broiler.GRCg7b, whole genome shotgun sequence	G	18	1047863
NC_052556.1 Gallus gallus isolate bGalGal1 chromosome 25, bGalGal1.mat.broiler.GRCg7b, whole genome shotgun sequence	G	20	1048172
NC_052556.1 Gallus gallus isolate bGalGal1 chromosome 25, bGalGal1.mat.broiler.GRCg7b, whole genome shotgun sequence	G	18	1048271
NC_052556.1 Gallus gallus isolate bGalGal1 chromosome 25, bGalGal1.mat.broiler.GRCg7b, whole genome shotgun sequence	C	22	1048397
NC_052556.1 Gallus gallus isolate bGalGal1 chromosome 25, bGalGal1.mat.broiler.GRCg7b, whole genome shotgun sequence	G	17	1101187
NC_052556.1 Gallus gallus isolate bGalGal1 chromosome 25, bGalGal1.mat.broiler.GRCg7b, whole genome shotgun sequence	C	16	1131614
NC_052556.1 Gallus gallus isolate bGalGal1 chromosome 25, bGalGal1.mat.broiler.GRCg7b, whole genome shotgun sequence	A	16	1133120
NC_052556.1 Gallus gallus isolate bGalGal1 chromosome 25, bGalGal1.mat.broiler.GRCg7b, whole genome shotgun sequence	A	16	1134391
NC_052556.1 Gallus gallus isolate bGalGal1 chromosome 25, bGalGal1.mat.broiler.GRCg7b, whole genome shotgun sequence	T	19	1134870
NC_052556.1 Gallus gallus isolate bGalGal1 chromosome 25, bGalGal1.mat.broiler.GRCg7b, whole genome shotgun sequence	G	17	1135343
NC_052556.1 Gallus gallus isolate bGalGal1 chromosome 25, bGalGal1.mat.broiler.GRCg7b, whole genome shotgun sequence	G	26	1155228
NC_052556.1 Gallus gallus isolate bGalGal1 chromosome 25, bGalGal1.mat.broiler.GRCg7b, whole genome shotgun sequence	C	20	1156086
NC_052556.1 Gallus gallus isolate bGalGal1 chromosome 25, bGalGal1.mat.broiler.GRCg7b, whole genome shotgun sequence	T	17	1163798
NC_052556.1 Gallus gallus isolate bGalGal1 chromosome 25, bGalGal1.mat.broiler.GRCg7b, whole genome shotgun sequence	G	21	1165864
NC_052556.1 Gallus gallus isolate bGalGal1 chromosome 25, bGalGal1.mat.broiler.GRCg7b, whole genome shotgun sequence	G	24	1166345
NC_052556.1 Gallus gallus isolate bGalGal1 chromosome 25, bGalGal1.mat.broiler.GRCg7b, whole genome shotgun sequence	C	18	1168130
NC_052556.1 Gallus gallus isolate bGalGal1 chromosome 25, bGalGal1.mat.broiler.GRCg7b, whole genome shotgun sequence	C	21	1170484
NC_052556.1 Gallus gallus isolate bGalGal1 chromosome 25, bGalGal1.mat.broiler.GRCg7b, whole genome shotgun sequence	C	20	1172581
NC_052556.1 Gallus gallus isolate bGalGal1 chromosome 25, bGalGal1.mat.broiler.GRCg7b, whole genome shotgun sequence	G	24	1176770
NC_052556.1 Gallus gallus isolate bGalGal1 chromosome 25, bGalGal1.mat.broiler.GRCg7b, whole genome shotgun sequence	G	19	1178984
NC_052556.1 Gallus gallus isolate bGalGal1 chromosome 25, bGalGal1.mat.broiler.GRCg7b, whole genome shotgun sequence	C	16	1191585
NC_052556.1 Gallus gallus isolate bGalGal1 chromosome 25, bGalGal1.mat.broiler.GRCg7b, whole genome shotgun sequence	T	17	1216486
NC_052556.1 Gallus gallus isolate bGalGal1 chromosome 25, bGalGal1.mat.broiler.GRCg7b, whole genome shotgun sequence	G	22	1228270
NC_052556.1 Gallus gallus isolate bGalGal1 chromosome 25, bGalGal1.mat.broiler.GRCg7b, whole genome shotgun sequence	G	27	1279789
NC_052556.1 Gallus gallus isolate bGalGal1 chromosome 25, bGalGal1.mat.broiler.GRCg7b, whole genome shotgun sequence	T	16	1352440
NC_052556.1 Gallus gallus isolate bGalGal1 chromosome 25, bGalGal1.mat.broiler.GRCg7b, whole genome shotgun sequence	T	17	1356709
NC_052556.1 Gallus gallus isolate bGalGal1 chromosome 25, bGalGal1.mat.broiler.GRCg7b, whole genome shotgun sequence	A	30	1370946
NC_052556.1 Gallus gallus isolate bGalGal1 chromosome 25, bGalGal1.mat.broiler.GRCg7b, whole genome shotgun sequence	A	19	1373070
NC_052556.1 Gallus gallus isolate bGalGal1 chromosome 25, bGalGal1.mat.broiler.GRCg7b, whole genome shotgun sequence	A	20	1373543
NC_052556.1 Gallus gallus isolate bGalGal1 chromosome 25, bGalGal1.mat.broiler.GRCg7b, whole genome shotgun sequence	T	37	1380732
NC_052556.1 Gallus gallus isolate bGalGal1 chromosome 25, bGalGal1.mat.broiler.GRCg7b, whole genome shotgun sequence	T	28	1397557
NC_052556.1 Gallus gallus isolate bGalGal1 chromosome 25, bGalGal1.mat.broiler.GRCg7b, whole genome shotgun sequence	G	16	1398153
NC_052556.1 Gallus gallus isolate bGalGal1 chromosome 25, bGalGal1.mat.broiler.GRCg7b, whole genome shotgun sequence	G	24	1410458
NC_052556.1 Gallus gallus isolate bGalGal1 chromosome 25, bGalGal1.mat.broiler.GRCg7b, whole genome shotgun sequence	A	16	1412643
NC_052556.1 Gallus gallus isolate bGalGal1 chromosome 25, bGalGal1.mat.broiler.GRCg7b, whole genome shotgun sequence	C	19	1477562
NC_052556.1 Gallus gallus isolate bGalGal1 chromosome 25, bGalGal1.mat.broiler.GRCg7b, whole genome shotgun sequence	G	21	1565564
NC_052556.1 Gallus gallus isolate bGalGal1 chromosome 25, bGalGal1.mat.broiler.GRCg7b, whole genome shotgun sequence	G	22	1595345
NC_052556.1 Gallus gallus isolate bGalGal1 chromosome 25, bGalGal1.mat.broiler.GRCg7b, whole genome shotgun sequence	G	17	1635602
NC_052556.1 Gallus gallus isolate bGalGal1 chromosome 25, bGalGal1.mat.broiler.GRCg7b, whole genome shotgun sequence	A	16	1664542
NC_052556.1 Gallus gallus isolate bGalGal1 chromosome 25, bGalGal1.mat.broiler.GRCg7b, whole genome shotgun sequence	A	17	1682971
NC_052556.1 Gallus gallus isolate bGalGal1 chromosome 25, bGalGal1.mat.broiler.GRCg7b, whole genome shotgun sequence	C	17	1719002
NC_052556.1 Gallus gallus isolate bGalGal1 chromosome 25, bGalGal1.mat.broiler.GRCg7b, whole genome shotgun sequence	G	17	1724363
NC_052556.1 Gallus gallus isolate bGalGal1 chromosome 25, bGalGal1.mat.broiler.GRCg7b, whole genome shotgun sequence	G	24	1724506
NC_052556.1 Gallus gallus isolate bGalGal1 chromosome 25, bGalGal1.mat.broiler.GRCg7b, whole genome shotgun sequence	G	17	1730772
NC_052556.1 Gallus gallus isolate bGalGal1 chromosome 25, bGalGal1.mat.broiler.GRCg7b, whole genome shotgun sequence	C	23	1734300
NC_052556.1 Gallus gallus isolate bGalGal1 chromosome 25, bGalGal1.mat.broiler.GRCg7b, whole genome shotgun sequence	C	21	1745570
NC_052556.1 Gallus gallus isolate bGalGal1 chromosome 25, bGalGal1.mat.broiler.GRCg7b, whole genome shotgun sequence	C	17	1749331
NC_052556.1 Gallus gallus isolate bGalGal1 chromosome 25, bGalGal1.mat.broiler.GRCg7b, whole genome shotgun sequence	C	34	1749851
NC_052556.1 Gallus gallus isolate bGalGal1 chromosome 25, bGalGal1.mat.broiler.GRCg7b, whole genome shotgun sequence	G	16	1753092
NC_052556.1 Gallus gallus isolate bGalGal1 chromosome 25, bGalGal1.mat.broiler.GRCg7b, whole genome shotgun sequence	G	20	1753125
NC_052556.1 Gallus gallus isolate bGalGal1 chromosome 25, bGalGal1.mat.broiler.GRCg7b, whole genome shotgun sequence	G	18	1753663
NC_052556.1 Gallus gallus isolate bGalGal1 chromosome 25, bGalGal1.mat.broiler.GRCg7b, whole genome shotgun sequence	C	16	1763581
NC_052556.1 Gallus gallus isolate bGalGal1 chromosome 25, bGalGal1.mat.broiler.GRCg7b, whole genome shotgun sequence	G	33	1786598
NC_052556.1 Gallus gallus isolate bGalGal1 chromosome 25, bGalGal1.mat.broiler.GRCg7b, whole genome shotgun sequence	C	19	1788016
NC_052556.1 Gallus gallus isolate bGalGal1 chromosome 25, bGalGal1.mat.broiler.GRCg7b, whole genome shotgun sequence	G	19	1803956
NC_052556.1 Gallus gallus isolate bGalGal1 chromosome 25, bGalGal1.mat.broiler.GRCg7b, whole genome shotgun sequence	G	16	1805569
NC_052556.1 Gallus gallus isolate bGalGal1 chromosome 25, bGalGal1.mat.broiler.GRCg7b, whole genome shotgun sequence	G	18	1807396
