#Sequence_Name	SSR	Repeats	Position
NC_052560.1 Gallus gallus isolate bGalGal1 chromosome 29, bGalGal1.mat.broiler.GRCg7b, whole genome shotgun sequence	AGGGAA	18	370362
NC_052560.1 Gallus gallus isolate bGalGal1 chromosome 29, bGalGal1.mat.broiler.GRCg7b, whole genome shotgun sequence	AGGGA	23	372332
NC_052560.1 Gallus gallus isolate bGalGal1 chromosome 29, bGalGal1.mat.broiler.GRCg7b, whole genome shotgun sequence	GGGAA	19	372558
NC_052560.1 Gallus gallus isolate bGalGal1 chromosome 29, bGalGal1.mat.broiler.GRCg7b, whole genome shotgun sequence	G	21	326802
NC_052560.1 Gallus gallus isolate bGalGal1 chromosome 29, bGalGal1.mat.broiler.GRCg7b, whole genome shotgun sequence	AGGGA	16	455134
NC_052560.1 Gallus gallus isolate bGalGal1 chromosome 29, bGalGal1.mat.broiler.GRCg7b, whole genome shotgun sequence	AGGGA	21	490389
NC_052560.1 Gallus gallus isolate bGalGal1 chromosome 29, bGalGal1.mat.broiler.GRCg7b, whole genome shotgun sequence	A	21	532881
NC_052560.1 Gallus gallus isolate bGalGal1 chromosome 29, bGalGal1.mat.broiler.GRCg7b, whole genome shotgun sequence	CCTTC	27	16982
NC_052560.1 Gallus gallus isolate bGalGal1 chromosome 29, bGalGal1.mat.broiler.GRCg7b, whole genome shotgun sequence	AGGGA	16	43969
NC_052560.1 Gallus gallus isolate bGalGal1 chromosome 29, bGalGal1.mat.broiler.GRCg7b, whole genome shotgun sequence	GGGAA	14	84006
NC_052560.1 Gallus gallus isolate bGalGal1 chromosome 29, bGalGal1.mat.broiler.GRCg7b, whole genome shotgun sequence	TCCCT	24	103374
NC_052560.1 Gallus gallus isolate bGalGal1 chromosome 29, bGalGal1.mat.broiler.GRCg7b, whole genome shotgun sequence	GAAGG	16	116794
NC_052560.1 Gallus gallus isolate bGalGal1 chromosome 29, bGalGal1.mat.broiler.GRCg7b, whole genome shotgun sequence	CTCCT	26	124185
NC_052560.1 Gallus gallus isolate bGalGal1 chromosome 29, bGalGal1.mat.broiler.GRCg7b, whole genome shotgun sequence	AGGGA	25	141227
NC_052560.1 Gallus gallus isolate bGalGal1 chromosome 29, bGalGal1.mat.broiler.GRCg7b, whole genome shotgun sequence	G	16	74283
NC_052560.1 Gallus gallus isolate bGalGal1 chromosome 29, bGalGal1.mat.broiler.GRCg7b, whole genome shotgun sequence	A	28	80316
NC_052560.1 Gallus gallus isolate bGalGal1 chromosome 29, bGalGal1.mat.broiler.GRCg7b, whole genome shotgun sequence	C	29	111990
NC_052560.1 Gallus gallus isolate bGalGal1 chromosome 29, bGalGal1.mat.broiler.GRCg7b, whole genome shotgun sequence	T	21	565843
NC_052560.1 Gallus gallus isolate bGalGal1 chromosome 29, bGalGal1.mat.broiler.GRCg7b, whole genome shotgun sequence	T	26	578999
NC_052560.1 Gallus gallus isolate bGalGal1 chromosome 29, bGalGal1.mat.broiler.GRCg7b, whole genome shotgun sequence	C	28	584420
NC_052560.1 Gallus gallus isolate bGalGal1 chromosome 29, bGalGal1.mat.broiler.GRCg7b, whole genome shotgun sequence	A	16	593555
NC_052560.1 Gallus gallus isolate bGalGal1 chromosome 29, bGalGal1.mat.broiler.GRCg7b, whole genome shotgun sequence	TTCCC	18	662823
NC_052560.1 Gallus gallus isolate bGalGal1 chromosome 29, bGalGal1.mat.broiler.GRCg7b, whole genome shotgun sequence	CTTCC	25	680905
