#Sequence_Name	SSR	Repeats	Position
NC_052559.1 Gallus gallus isolate bGalGal1 chromosome 28, bGalGal1.mat.broiler.GRCg7b, whole genome shotgun sequence	A	17	15564
NC_052559.1 Gallus gallus isolate bGalGal1 chromosome 28, bGalGal1.mat.broiler.GRCg7b, whole genome shotgun sequence	A	16	30133
NC_052559.1 Gallus gallus isolate bGalGal1 chromosome 28, bGalGal1.mat.broiler.GRCg7b, whole genome shotgun sequence	A	25	134586
NC_052559.1 Gallus gallus isolate bGalGal1 chromosome 28, bGalGal1.mat.broiler.GRCg7b, whole genome shotgun sequence	A	23	143864
NC_052559.1 Gallus gallus isolate bGalGal1 chromosome 28, bGalGal1.mat.broiler.GRCg7b, whole genome shotgun sequence	A	20	145857
NC_052559.1 Gallus gallus isolate bGalGal1 chromosome 28, bGalGal1.mat.broiler.GRCg7b, whole genome shotgun sequence	A	22	147850
NC_052559.1 Gallus gallus isolate bGalGal1 chromosome 28, bGalGal1.mat.broiler.GRCg7b, whole genome shotgun sequence	A	16	149469
NC_052559.1 Gallus gallus isolate bGalGal1 chromosome 28, bGalGal1.mat.broiler.GRCg7b, whole genome shotgun sequence	A	18	151457
NC_052559.1 Gallus gallus isolate bGalGal1 chromosome 28, bGalGal1.mat.broiler.GRCg7b, whole genome shotgun sequence	A	19	153423
NC_052559.1 Gallus gallus isolate bGalGal1 chromosome 28, bGalGal1.mat.broiler.GRCg7b, whole genome shotgun sequence	A	18	155430
NC_052559.1 Gallus gallus isolate bGalGal1 chromosome 28, bGalGal1.mat.broiler.GRCg7b, whole genome shotgun sequence	A	18	157436
NC_052559.1 Gallus gallus isolate bGalGal1 chromosome 28, bGalGal1.mat.broiler.GRCg7b, whole genome shotgun sequence	A	17	159399
NC_052559.1 Gallus gallus isolate bGalGal1 chromosome 28, bGalGal1.mat.broiler.GRCg7b, whole genome shotgun sequence	T	25	160505
NC_052559.1 Gallus gallus isolate bGalGal1 chromosome 28, bGalGal1.mat.broiler.GRCg7b, whole genome shotgun sequence	T	24	106854
NC_052559.1 Gallus gallus isolate bGalGal1 chromosome 28, bGalGal1.mat.broiler.GRCg7b, whole genome shotgun sequence	T	25	108862
NC_052559.1 Gallus gallus isolate bGalGal1 chromosome 28, bGalGal1.mat.broiler.GRCg7b, whole genome shotgun sequence	T	19	110871
NC_052559.1 Gallus gallus isolate bGalGal1 chromosome 28, bGalGal1.mat.broiler.GRCg7b, whole genome shotgun sequence	T	20	112874
NC_052559.1 Gallus gallus isolate bGalGal1 chromosome 28, bGalGal1.mat.broiler.GRCg7b, whole genome shotgun sequence	T	20	114869
NC_052559.1 Gallus gallus isolate bGalGal1 chromosome 28, bGalGal1.mat.broiler.GRCg7b, whole genome shotgun sequence	T	21	116864
NC_052559.1 Gallus gallus isolate bGalGal1 chromosome 28, bGalGal1.mat.broiler.GRCg7b, whole genome shotgun sequence	T	18	118876
NC_052559.1 Gallus gallus isolate bGalGal1 chromosome 28, bGalGal1.mat.broiler.GRCg7b, whole genome shotgun sequence	T	23	120868
NC_052559.1 Gallus gallus isolate bGalGal1 chromosome 28, bGalGal1.mat.broiler.GRCg7b, whole genome shotgun sequence	T	19	122884
NC_052559.1 Gallus gallus isolate bGalGal1 chromosome 28, bGalGal1.mat.broiler.GRCg7b, whole genome shotgun sequence	T	18	124895
NC_052559.1 Gallus gallus isolate bGalGal1 chromosome 28, bGalGal1.mat.broiler.GRCg7b, whole genome shotgun sequence	T	20	126896
NC_052559.1 Gallus gallus isolate bGalGal1 chromosome 28, bGalGal1.mat.broiler.GRCg7b, whole genome shotgun sequence	T	17	128908
NC_052559.1 Gallus gallus isolate bGalGal1 chromosome 28, bGalGal1.mat.broiler.GRCg7b, whole genome shotgun sequence	T	23	130899
NC_052559.1 Gallus gallus isolate bGalGal1 chromosome 28, bGalGal1.mat.broiler.GRCg7b, whole genome shotgun sequence	GAGAG	21	405045
NC_052559.1 Gallus gallus isolate bGalGal1 chromosome 28, bGalGal1.mat.broiler.GRCg7b, whole genome shotgun sequence	A	26	404166
NC_052559.1 Gallus gallus isolate bGalGal1 chromosome 28, bGalGal1.mat.broiler.GRCg7b, whole genome shotgun sequence	G	16	413017
NC_052559.1 Gallus gallus isolate bGalGal1 chromosome 28, bGalGal1.mat.broiler.GRCg7b, whole genome shotgun sequence	A	20	418375
NC_052559.1 Gallus gallus isolate bGalGal1 chromosome 28, bGalGal1.mat.broiler.GRCg7b, whole genome shotgun sequence	TCCCT	28	1086162
NC_052559.1 Gallus gallus isolate bGalGal1 chromosome 28, bGalGal1.mat.broiler.GRCg7b, whole genome shotgun sequence	TTCTC	39	1200427
NC_052559.1 Gallus gallus isolate bGalGal1 chromosome 28, bGalGal1.mat.broiler.GRCg7b, whole genome shotgun sequence	CTCCC	15	1200623
NC_052559.1 Gallus gallus isolate bGalGal1 chromosome 28, bGalGal1.mat.broiler.GRCg7b, whole genome shotgun sequence	TCCCT	37	1200694
NC_052559.1 Gallus gallus isolate bGalGal1 chromosome 28, bGalGal1.mat.broiler.GRCg7b, whole genome shotgun sequence	CCTCT	62	1636348
NC_052559.1 Gallus gallus isolate bGalGal1 chromosome 28, bGalGal1.mat.broiler.GRCg7b, whole genome shotgun sequence	TCTT	21	639968
NC_052559.1 Gallus gallus isolate bGalGal1 chromosome 28, bGalGal1.mat.broiler.GRCg7b, whole genome shotgun sequence	CCTT	22	1509967
NC_052559.1 Gallus gallus isolate bGalGal1 chromosome 28, bGalGal1.mat.broiler.GRCg7b, whole genome shotgun sequence	AC	14	1111581
NC_052559.1 Gallus gallus isolate bGalGal1 chromosome 28, bGalGal1.mat.broiler.GRCg7b, whole genome shotgun sequence	GT	18	1258211
NC_052559.1 Gallus gallus isolate bGalGal1 chromosome 28, bGalGal1.mat.broiler.GRCg7b, whole genome shotgun sequence	GT	19	1576129
NC_052559.1 Gallus gallus isolate bGalGal1 chromosome 28, bGalGal1.mat.broiler.GRCg7b, whole genome shotgun sequence	AT	16	1675774
NC_052559.1 Gallus gallus isolate bGalGal1 chromosome 28, bGalGal1.mat.broiler.GRCg7b, whole genome shotgun sequence	T	18	532898
NC_052559.1 Gallus gallus isolate bGalGal1 chromosome 28, bGalGal1.mat.broiler.GRCg7b, whole genome shotgun sequence	T	16	536392
NC_052559.1 Gallus gallus isolate bGalGal1 chromosome 28, bGalGal1.mat.broiler.GRCg7b, whole genome shotgun sequence	T	20	551933
NC_052559.1 Gallus gallus isolate bGalGal1 chromosome 28, bGalGal1.mat.broiler.GRCg7b, whole genome shotgun sequence	T	21	597573
NC_052559.1 Gallus gallus isolate bGalGal1 chromosome 28, bGalGal1.mat.broiler.GRCg7b, whole genome shotgun sequence	T	38	636447
NC_052559.1 Gallus gallus isolate bGalGal1 chromosome 28, bGalGal1.mat.broiler.GRCg7b, whole genome shotgun sequence	A	21	645321
NC_052559.1 Gallus gallus isolate bGalGal1 chromosome 28, bGalGal1.mat.broiler.GRCg7b, whole genome shotgun sequence	C	22	650808
NC_052559.1 Gallus gallus isolate bGalGal1 chromosome 28, bGalGal1.mat.broiler.GRCg7b, whole genome shotgun sequence	C	17	662161
NC_052559.1 Gallus gallus isolate bGalGal1 chromosome 28, bGalGal1.mat.broiler.GRCg7b, whole genome shotgun sequence	A	16	680481
NC_052559.1 Gallus gallus isolate bGalGal1 chromosome 28, bGalGal1.mat.broiler.GRCg7b, whole genome shotgun sequence	A	20	733702
NC_052559.1 Gallus gallus isolate bGalGal1 chromosome 28, bGalGal1.mat.broiler.GRCg7b, whole genome shotgun sequence	T	29	842229
NC_052559.1 Gallus gallus isolate bGalGal1 chromosome 28, bGalGal1.mat.broiler.GRCg7b, whole genome shotgun sequence	C	19	871287
NC_052559.1 Gallus gallus isolate bGalGal1 chromosome 28, bGalGal1.mat.broiler.GRCg7b, whole genome shotgun sequence	A	23	882554
NC_052559.1 Gallus gallus isolate bGalGal1 chromosome 28, bGalGal1.mat.broiler.GRCg7b, whole genome shotgun sequence	T	16	892396
NC_052559.1 Gallus gallus isolate bGalGal1 chromosome 28, bGalGal1.mat.broiler.GRCg7b, whole genome shotgun sequence	A	16	929396
NC_052559.1 Gallus gallus isolate bGalGal1 chromosome 28, bGalGal1.mat.broiler.GRCg7b, whole genome shotgun sequence	C	35	991089
NC_052559.1 Gallus gallus isolate bGalGal1 chromosome 28, bGalGal1.mat.broiler.GRCg7b, whole genome shotgun sequence	A	26	1025716
NC_052559.1 Gallus gallus isolate bGalGal1 chromosome 28, bGalGal1.mat.broiler.GRCg7b, whole genome shotgun sequence	A	19	1058221
NC_052559.1 Gallus gallus isolate bGalGal1 chromosome 28, bGalGal1.mat.broiler.GRCg7b, whole genome shotgun sequence	A	18	1078978
NC_052559.1 Gallus gallus isolate bGalGal1 chromosome 28, bGalGal1.mat.broiler.GRCg7b, whole genome shotgun sequence	T	21	1079892
NC_052559.1 Gallus gallus isolate bGalGal1 chromosome 28, bGalGal1.mat.broiler.GRCg7b, whole genome shotgun sequence	A	22	1112301
NC_052559.1 Gallus gallus isolate bGalGal1 chromosome 28, bGalGal1.mat.broiler.GRCg7b, whole genome shotgun sequence	C	16	1156511
NC_052559.1 Gallus gallus isolate bGalGal1 chromosome 28, bGalGal1.mat.broiler.GRCg7b, whole genome shotgun sequence	G	17	1209946
NC_052559.1 Gallus gallus isolate bGalGal1 chromosome 28, bGalGal1.mat.broiler.GRCg7b, whole genome shotgun sequence	T	20	1252251
NC_052559.1 Gallus gallus isolate bGalGal1 chromosome 28, bGalGal1.mat.broiler.GRCg7b, whole genome shotgun sequence	A	16	1263158
NC_052559.1 Gallus gallus isolate bGalGal1 chromosome 28, bGalGal1.mat.broiler.GRCg7b, whole genome shotgun sequence	G	21	1267177
NC_052559.1 Gallus gallus isolate bGalGal1 chromosome 28, bGalGal1.mat.broiler.GRCg7b, whole genome shotgun sequence	C	20	1268115
NC_052559.1 Gallus gallus isolate bGalGal1 chromosome 28, bGalGal1.mat.broiler.GRCg7b, whole genome shotgun sequence	A	18	1295786
NC_052559.1 Gallus gallus isolate bGalGal1 chromosome 28, bGalGal1.mat.broiler.GRCg7b, whole genome shotgun sequence	G	21	1307041
NC_052559.1 Gallus gallus isolate bGalGal1 chromosome 28, bGalGal1.mat.broiler.GRCg7b, whole genome shotgun sequence	T	28	1323270
NC_052559.1 Gallus gallus isolate bGalGal1 chromosome 28, bGalGal1.mat.broiler.GRCg7b, whole genome shotgun sequence	T	22	1344327
NC_052559.1 Gallus gallus isolate bGalGal1 chromosome 28, bGalGal1.mat.broiler.GRCg7b, whole genome shotgun sequence	C	24	1400153
NC_052559.1 Gallus gallus isolate bGalGal1 chromosome 28, bGalGal1.mat.broiler.GRCg7b, whole genome shotgun sequence	C	19	1417505
NC_052559.1 Gallus gallus isolate bGalGal1 chromosome 28, bGalGal1.mat.broiler.GRCg7b, whole genome shotgun sequence	G	16	1436425
NC_052559.1 Gallus gallus isolate bGalGal1 chromosome 28, bGalGal1.mat.broiler.GRCg7b, whole genome shotgun sequence	T	19	1448043
NC_052559.1 Gallus gallus isolate bGalGal1 chromosome 28, bGalGal1.mat.broiler.GRCg7b, whole genome shotgun sequence	A	18	1457124
NC_052559.1 Gallus gallus isolate bGalGal1 chromosome 28, bGalGal1.mat.broiler.GRCg7b, whole genome shotgun sequence	C	18	1483744
NC_052559.1 Gallus gallus isolate bGalGal1 chromosome 28, bGalGal1.mat.broiler.GRCg7b, whole genome shotgun sequence	G	28	1484245
NC_052559.1 Gallus gallus isolate bGalGal1 chromosome 28, bGalGal1.mat.broiler.GRCg7b, whole genome shotgun sequence	C	16	1485272
NC_052559.1 Gallus gallus isolate bGalGal1 chromosome 28, bGalGal1.mat.broiler.GRCg7b, whole genome shotgun sequence	G	20	1508852
NC_052559.1 Gallus gallus isolate bGalGal1 chromosome 28, bGalGal1.mat.broiler.GRCg7b, whole genome shotgun sequence	T	17	1512686
NC_052559.1 Gallus gallus isolate bGalGal1 chromosome 28, bGalGal1.mat.broiler.GRCg7b, whole genome shotgun sequence	G	16	1512850
NC_052559.1 Gallus gallus isolate bGalGal1 chromosome 28, bGalGal1.mat.broiler.GRCg7b, whole genome shotgun sequence	G	17	1512996
NC_052559.1 Gallus gallus isolate bGalGal1 chromosome 28, bGalGal1.mat.broiler.GRCg7b, whole genome shotgun sequence	G	17	1514900
NC_052559.1 Gallus gallus isolate bGalGal1 chromosome 28, bGalGal1.mat.broiler.GRCg7b, whole genome shotgun sequence	C	18	1515423
NC_052559.1 Gallus gallus isolate bGalGal1 chromosome 28, bGalGal1.mat.broiler.GRCg7b, whole genome shotgun sequence	G	20	1516085
NC_052559.1 Gallus gallus isolate bGalGal1 chromosome 28, bGalGal1.mat.broiler.GRCg7b, whole genome shotgun sequence	C	18	1516422
NC_052559.1 Gallus gallus isolate bGalGal1 chromosome 28, bGalGal1.mat.broiler.GRCg7b, whole genome shotgun sequence	A	17	1516904
NC_052559.1 Gallus gallus isolate bGalGal1 chromosome 28, bGalGal1.mat.broiler.GRCg7b, whole genome shotgun sequence	T	18	1517003
NC_052559.1 Gallus gallus isolate bGalGal1 chromosome 28, bGalGal1.mat.broiler.GRCg7b, whole genome shotgun sequence	C	26	1519109
NC_052559.1 Gallus gallus isolate bGalGal1 chromosome 28, bGalGal1.mat.broiler.GRCg7b, whole genome shotgun sequence	T	17	1521264
NC_052559.1 Gallus gallus isolate bGalGal1 chromosome 28, bGalGal1.mat.broiler.GRCg7b, whole genome shotgun sequence	C	17	1532954
NC_052559.1 Gallus gallus isolate bGalGal1 chromosome 28, bGalGal1.mat.broiler.GRCg7b, whole genome shotgun sequence	C	16	1533178
NC_052559.1 Gallus gallus isolate bGalGal1 chromosome 28, bGalGal1.mat.broiler.GRCg7b, whole genome shotgun sequence	G	26	1535197
NC_052559.1 Gallus gallus isolate bGalGal1 chromosome 28, bGalGal1.mat.broiler.GRCg7b, whole genome shotgun sequence	G	18	1535234
NC_052559.1 Gallus gallus isolate bGalGal1 chromosome 28, bGalGal1.mat.broiler.GRCg7b, whole genome shotgun sequence	G	19	1535750
NC_052559.1 Gallus gallus isolate bGalGal1 chromosome 28, bGalGal1.mat.broiler.GRCg7b, whole genome shotgun sequence	C	26	1539696
NC_052559.1 Gallus gallus isolate bGalGal1 chromosome 28, bGalGal1.mat.broiler.GRCg7b, whole genome shotgun sequence	G	19	1557899
NC_052559.1 Gallus gallus isolate bGalGal1 chromosome 28, bGalGal1.mat.broiler.GRCg7b, whole genome shotgun sequence	T	23	1559107
NC_052559.1 Gallus gallus isolate bGalGal1 chromosome 28, bGalGal1.mat.broiler.GRCg7b, whole genome shotgun sequence	A	23	1559284
NC_052559.1 Gallus gallus isolate bGalGal1 chromosome 28, bGalGal1.mat.broiler.GRCg7b, whole genome shotgun sequence	G	20	1559307
NC_052559.1 Gallus gallus isolate bGalGal1 chromosome 28, bGalGal1.mat.broiler.GRCg7b, whole genome shotgun sequence	A	18	1559386
NC_052559.1 Gallus gallus isolate bGalGal1 chromosome 28, bGalGal1.mat.broiler.GRCg7b, whole genome shotgun sequence	G	16	1559489
NC_052559.1 Gallus gallus isolate bGalGal1 chromosome 28, bGalGal1.mat.broiler.GRCg7b, whole genome shotgun sequence	G	16	1560497
NC_052559.1 Gallus gallus isolate bGalGal1 chromosome 28, bGalGal1.mat.broiler.GRCg7b, whole genome shotgun sequence	A	16	1561114
NC_052559.1 Gallus gallus isolate bGalGal1 chromosome 28, bGalGal1.mat.broiler.GRCg7b, whole genome shotgun sequence	A	17	1561783
NC_052559.1 Gallus gallus isolate bGalGal1 chromosome 28, bGalGal1.mat.broiler.GRCg7b, whole genome shotgun sequence	C	16	1562256
NC_052559.1 Gallus gallus isolate bGalGal1 chromosome 28, bGalGal1.mat.broiler.GRCg7b, whole genome shotgun sequence	C	43	1563400
NC_052559.1 Gallus gallus isolate bGalGal1 chromosome 28, bGalGal1.mat.broiler.GRCg7b, whole genome shotgun sequence	C	26	1566990
NC_052559.1 Gallus gallus isolate bGalGal1 chromosome 28, bGalGal1.mat.broiler.GRCg7b, whole genome shotgun sequence	T	32	1572456
NC_052559.1 Gallus gallus isolate bGalGal1 chromosome 28, bGalGal1.mat.broiler.GRCg7b, whole genome shotgun sequence	G	17	1580200
NC_052559.1 Gallus gallus isolate bGalGal1 chromosome 28, bGalGal1.mat.broiler.GRCg7b, whole genome shotgun sequence	G	19	1581125
NC_052559.1 Gallus gallus isolate bGalGal1 chromosome 28, bGalGal1.mat.broiler.GRCg7b, whole genome shotgun sequence	C	18	1581654
NC_052559.1 Gallus gallus isolate bGalGal1 chromosome 28, bGalGal1.mat.broiler.GRCg7b, whole genome shotgun sequence	C	16	1607192
NC_052559.1 Gallus gallus isolate bGalGal1 chromosome 28, bGalGal1.mat.broiler.GRCg7b, whole genome shotgun sequence	C	24	1610439
NC_052559.1 Gallus gallus isolate bGalGal1 chromosome 28, bGalGal1.mat.broiler.GRCg7b, whole genome shotgun sequence	G	19	1632167
NC_052559.1 Gallus gallus isolate bGalGal1 chromosome 28, bGalGal1.mat.broiler.GRCg7b, whole genome shotgun sequence	G	16	1632618
NC_052559.1 Gallus gallus isolate bGalGal1 chromosome 28, bGalGal1.mat.broiler.GRCg7b, whole genome shotgun sequence	G	16	1632964
NC_052559.1 Gallus gallus isolate bGalGal1 chromosome 28, bGalGal1.mat.broiler.GRCg7b, whole genome shotgun sequence	C	28	1633082
NC_052559.1 Gallus gallus isolate bGalGal1 chromosome 28, bGalGal1.mat.broiler.GRCg7b, whole genome shotgun sequence	G	16	1633321
NC_052559.1 Gallus gallus isolate bGalGal1 chromosome 28, bGalGal1.mat.broiler.GRCg7b, whole genome shotgun sequence	G	16	1634078
NC_052559.1 Gallus gallus isolate bGalGal1 chromosome 28, bGalGal1.mat.broiler.GRCg7b, whole genome shotgun sequence	C	19	1635672
NC_052559.1 Gallus gallus isolate bGalGal1 chromosome 28, bGalGal1.mat.broiler.GRCg7b, whole genome shotgun sequence	C	18	1635827
NC_052559.1 Gallus gallus isolate bGalGal1 chromosome 28, bGalGal1.mat.broiler.GRCg7b, whole genome shotgun sequence	G	16	1636073
NC_052559.1 Gallus gallus isolate bGalGal1 chromosome 28, bGalGal1.mat.broiler.GRCg7b, whole genome shotgun sequence	G	18	1646779
NC_052559.1 Gallus gallus isolate bGalGal1 chromosome 28, bGalGal1.mat.broiler.GRCg7b, whole genome shotgun sequence	C	18	1663955
NC_052559.1 Gallus gallus isolate bGalGal1 chromosome 28, bGalGal1.mat.broiler.GRCg7b, whole genome shotgun sequence	C	16	1664362
NC_052559.1 Gallus gallus isolate bGalGal1 chromosome 28, bGalGal1.mat.broiler.GRCg7b, whole genome shotgun sequence	C	25	1667316
NC_052559.1 Gallus gallus isolate bGalGal1 chromosome 28, bGalGal1.mat.broiler.GRCg7b, whole genome shotgun sequence	G	20	1690353
NC_052559.1 Gallus gallus isolate bGalGal1 chromosome 28, bGalGal1.mat.broiler.GRCg7b, whole genome shotgun sequence	A	25	1773255
NC_052559.1 Gallus gallus isolate bGalGal1 chromosome 28, bGalGal1.mat.broiler.GRCg7b, whole genome shotgun sequence	G	22	1793855
NC_052559.1 Gallus gallus isolate bGalGal1 chromosome 28, bGalGal1.mat.broiler.GRCg7b, whole genome shotgun sequence	C	25	1794150
NC_052559.1 Gallus gallus isolate bGalGal1 chromosome 28, bGalGal1.mat.broiler.GRCg7b, whole genome shotgun sequence	C	16	1794775
NC_052559.1 Gallus gallus isolate bGalGal1 chromosome 28, bGalGal1.mat.broiler.GRCg7b, whole genome shotgun sequence	G	23	1795108
NC_052559.1 Gallus gallus isolate bGalGal1 chromosome 28, bGalGal1.mat.broiler.GRCg7b, whole genome shotgun sequence	G	25	1798447
NC_052559.1 Gallus gallus isolate bGalGal1 chromosome 28, bGalGal1.mat.broiler.GRCg7b, whole genome shotgun sequence	G	18	1799236
NC_052559.1 Gallus gallus isolate bGalGal1 chromosome 28, bGalGal1.mat.broiler.GRCg7b, whole genome shotgun sequence	G	32	1799578
NC_052559.1 Gallus gallus isolate bGalGal1 chromosome 28, bGalGal1.mat.broiler.GRCg7b, whole genome shotgun sequence	AGGGAA	15	2726737
NC_052559.1 Gallus gallus isolate bGalGal1 chromosome 28, bGalGal1.mat.broiler.GRCg7b, whole genome shotgun sequence	CCCTAT	14	2786692
NC_052559.1 Gallus gallus isolate bGalGal1 chromosome 28, bGalGal1.mat.broiler.GRCg7b, whole genome shotgun sequence	GGAGA	16	2190175
NC_052559.1 Gallus gallus isolate bGalGal1 chromosome 28, bGalGal1.mat.broiler.GRCg7b, whole genome shotgun sequence	GGAGA	21	2221558
NC_052559.1 Gallus gallus isolate bGalGal1 chromosome 28, bGalGal1.mat.broiler.GRCg7b, whole genome shotgun sequence	TCCCT	60	2267558
NC_052559.1 Gallus gallus isolate bGalGal1 chromosome 28, bGalGal1.mat.broiler.GRCg7b, whole genome shotgun sequence	GGGAA	38	2365186
NC_052559.1 Gallus gallus isolate bGalGal1 chromosome 28, bGalGal1.mat.broiler.GRCg7b, whole genome shotgun sequence	TGCTG	20	2554865
NC_052559.1 Gallus gallus isolate bGalGal1 chromosome 28, bGalGal1.mat.broiler.GRCg7b, whole genome shotgun sequence	AAGGG	26	2726441
NC_052559.1 Gallus gallus isolate bGalGal1 chromosome 28, bGalGal1.mat.broiler.GRCg7b, whole genome shotgun sequence	AGAAG	37	2731941
NC_052559.1 Gallus gallus isolate bGalGal1 chromosome 28, bGalGal1.mat.broiler.GRCg7b, whole genome shotgun sequence	AAAGA	33	2732128
NC_052559.1 Gallus gallus isolate bGalGal1 chromosome 28, bGalGal1.mat.broiler.GRCg7b, whole genome shotgun sequence	GGAAA	36	2732303
NC_052559.1 Gallus gallus isolate bGalGal1 chromosome 28, bGalGal1.mat.broiler.GRCg7b, whole genome shotgun sequence	CATC	16	2258517
NC_052559.1 Gallus gallus isolate bGalGal1 chromosome 28, bGalGal1.mat.broiler.GRCg7b, whole genome shotgun sequence	TCCA	16	2987253
NC_052559.1 Gallus gallus isolate bGalGal1 chromosome 28, bGalGal1.mat.broiler.GRCg7b, whole genome shotgun sequence	GCT	16	1989059
NC_052559.1 Gallus gallus isolate bGalGal1 chromosome 28, bGalGal1.mat.broiler.GRCg7b, whole genome shotgun sequence	TA	14	2103435
NC_052559.1 Gallus gallus isolate bGalGal1 chromosome 28, bGalGal1.mat.broiler.GRCg7b, whole genome shotgun sequence	GT	25	2518483
NC_052559.1 Gallus gallus isolate bGalGal1 chromosome 28, bGalGal1.mat.broiler.GRCg7b, whole genome shotgun sequence	TG	14	2554979
NC_052559.1 Gallus gallus isolate bGalGal1 chromosome 28, bGalGal1.mat.broiler.GRCg7b, whole genome shotgun sequence	GT	25	2642524
NC_052559.1 Gallus gallus isolate bGalGal1 chromosome 28, bGalGal1.mat.broiler.GRCg7b, whole genome shotgun sequence	CA	19	2712959
NC_052559.1 Gallus gallus isolate bGalGal1 chromosome 28, bGalGal1.mat.broiler.GRCg7b, whole genome shotgun sequence	GT	14	2803841
NC_052559.1 Gallus gallus isolate bGalGal1 chromosome 28, bGalGal1.mat.broiler.GRCg7b, whole genome shotgun sequence	CA	14	3175354
NC_052559.1 Gallus gallus isolate bGalGal1 chromosome 28, bGalGal1.mat.broiler.GRCg7b, whole genome shotgun sequence	TG	24	3372283
NC_052559.1 Gallus gallus isolate bGalGal1 chromosome 28, bGalGal1.mat.broiler.GRCg7b, whole genome shotgun sequence	GT	17	3442960
NC_052559.1 Gallus gallus isolate bGalGal1 chromosome 28, bGalGal1.mat.broiler.GRCg7b, whole genome shotgun sequence	G	16	1827395
NC_052559.1 Gallus gallus isolate bGalGal1 chromosome 28, bGalGal1.mat.broiler.GRCg7b, whole genome shotgun sequence	G	18	1838601
NC_052559.1 Gallus gallus isolate bGalGal1 chromosome 28, bGalGal1.mat.broiler.GRCg7b, whole genome shotgun sequence	G	19	1839214
NC_052559.1 Gallus gallus isolate bGalGal1 chromosome 28, bGalGal1.mat.broiler.GRCg7b, whole genome shotgun sequence	A	29	1852634
NC_052559.1 Gallus gallus isolate bGalGal1 chromosome 28, bGalGal1.mat.broiler.GRCg7b, whole genome shotgun sequence	G	22	1852750
NC_052559.1 Gallus gallus isolate bGalGal1 chromosome 28, bGalGal1.mat.broiler.GRCg7b, whole genome shotgun sequence	C	17	1852822
NC_052559.1 Gallus gallus isolate bGalGal1 chromosome 28, bGalGal1.mat.broiler.GRCg7b, whole genome shotgun sequence	T	17	1854531
NC_052559.1 Gallus gallus isolate bGalGal1 chromosome 28, bGalGal1.mat.broiler.GRCg7b, whole genome shotgun sequence	A	16	1854981
NC_052559.1 Gallus gallus isolate bGalGal1 chromosome 28, bGalGal1.mat.broiler.GRCg7b, whole genome shotgun sequence	C	25	1855320
NC_052559.1 Gallus gallus isolate bGalGal1 chromosome 28, bGalGal1.mat.broiler.GRCg7b, whole genome shotgun sequence	G	16	1857679
NC_052559.1 Gallus gallus isolate bGalGal1 chromosome 28, bGalGal1.mat.broiler.GRCg7b, whole genome shotgun sequence	C	21	1857712
NC_052559.1 Gallus gallus isolate bGalGal1 chromosome 28, bGalGal1.mat.broiler.GRCg7b, whole genome shotgun sequence	G	18	1858001
NC_052559.1 Gallus gallus isolate bGalGal1 chromosome 28, bGalGal1.mat.broiler.GRCg7b, whole genome shotgun sequence	G	22	1858200
NC_052559.1 Gallus gallus isolate bGalGal1 chromosome 28, bGalGal1.mat.broiler.GRCg7b, whole genome shotgun sequence	G	19	1858355
NC_052559.1 Gallus gallus isolate bGalGal1 chromosome 28, bGalGal1.mat.broiler.GRCg7b, whole genome shotgun sequence	G	16	1862029
NC_052559.1 Gallus gallus isolate bGalGal1 chromosome 28, bGalGal1.mat.broiler.GRCg7b, whole genome shotgun sequence	T	16	1862293
NC_052559.1 Gallus gallus isolate bGalGal1 chromosome 28, bGalGal1.mat.broiler.GRCg7b, whole genome shotgun sequence	C	17	1915063
NC_052559.1 Gallus gallus isolate bGalGal1 chromosome 28, bGalGal1.mat.broiler.GRCg7b, whole genome shotgun sequence	G	18	1925697
NC_052559.1 Gallus gallus isolate bGalGal1 chromosome 28, bGalGal1.mat.broiler.GRCg7b, whole genome shotgun sequence	C	21	1929885
NC_052559.1 Gallus gallus isolate bGalGal1 chromosome 28, bGalGal1.mat.broiler.GRCg7b, whole genome shotgun sequence	C	19	1933513
NC_052559.1 Gallus gallus isolate bGalGal1 chromosome 28, bGalGal1.mat.broiler.GRCg7b, whole genome shotgun sequence	T	20	1937280
NC_052559.1 Gallus gallus isolate bGalGal1 chromosome 28, bGalGal1.mat.broiler.GRCg7b, whole genome shotgun sequence	C	16	1945871
NC_052559.1 Gallus gallus isolate bGalGal1 chromosome 28, bGalGal1.mat.broiler.GRCg7b, whole genome shotgun sequence	T	30	1947313
NC_052559.1 Gallus gallus isolate bGalGal1 chromosome 28, bGalGal1.mat.broiler.GRCg7b, whole genome shotgun sequence	G	20	1952155
NC_052559.1 Gallus gallus isolate bGalGal1 chromosome 28, bGalGal1.mat.broiler.GRCg7b, whole genome shotgun sequence	A	17	2020995
NC_052559.1 Gallus gallus isolate bGalGal1 chromosome 28, bGalGal1.mat.broiler.GRCg7b, whole genome shotgun sequence	T	16	2048217
NC_052559.1 Gallus gallus isolate bGalGal1 chromosome 28, bGalGal1.mat.broiler.GRCg7b, whole genome shotgun sequence	T	22	2059605
NC_052559.1 Gallus gallus isolate bGalGal1 chromosome 28, bGalGal1.mat.broiler.GRCg7b, whole genome shotgun sequence	C	18	2111880
NC_052559.1 Gallus gallus isolate bGalGal1 chromosome 28, bGalGal1.mat.broiler.GRCg7b, whole genome shotgun sequence	A	19	2160132
NC_052559.1 Gallus gallus isolate bGalGal1 chromosome 28, bGalGal1.mat.broiler.GRCg7b, whole genome shotgun sequence	C	16	2168686
NC_052559.1 Gallus gallus isolate bGalGal1 chromosome 28, bGalGal1.mat.broiler.GRCg7b, whole genome shotgun sequence	T	16	2180986
NC_052559.1 Gallus gallus isolate bGalGal1 chromosome 28, bGalGal1.mat.broiler.GRCg7b, whole genome shotgun sequence	T	22	2183552
NC_052559.1 Gallus gallus isolate bGalGal1 chromosome 28, bGalGal1.mat.broiler.GRCg7b, whole genome shotgun sequence	T	17	2227790
NC_052559.1 Gallus gallus isolate bGalGal1 chromosome 28, bGalGal1.mat.broiler.GRCg7b, whole genome shotgun sequence	T	17	2232224
NC_052559.1 Gallus gallus isolate bGalGal1 chromosome 28, bGalGal1.mat.broiler.GRCg7b, whole genome shotgun sequence	A	24	2232454
NC_052559.1 Gallus gallus isolate bGalGal1 chromosome 28, bGalGal1.mat.broiler.GRCg7b, whole genome shotgun sequence	A	27	2354168
NC_052559.1 Gallus gallus isolate bGalGal1 chromosome 28, bGalGal1.mat.broiler.GRCg7b, whole genome shotgun sequence	G	20	2385095
NC_052559.1 Gallus gallus isolate bGalGal1 chromosome 28, bGalGal1.mat.broiler.GRCg7b, whole genome shotgun sequence	G	18	2393495
NC_052559.1 Gallus gallus isolate bGalGal1 chromosome 28, bGalGal1.mat.broiler.GRCg7b, whole genome shotgun sequence	T	17	2394375
NC_052559.1 Gallus gallus isolate bGalGal1 chromosome 28, bGalGal1.mat.broiler.GRCg7b, whole genome shotgun sequence	T	20	2395474
NC_052559.1 Gallus gallus isolate bGalGal1 chromosome 28, bGalGal1.mat.broiler.GRCg7b, whole genome shotgun sequence	G	37	2412684
NC_052559.1 Gallus gallus isolate bGalGal1 chromosome 28, bGalGal1.mat.broiler.GRCg7b, whole genome shotgun sequence	T	16	2421181
NC_052559.1 Gallus gallus isolate bGalGal1 chromosome 28, bGalGal1.mat.broiler.GRCg7b, whole genome shotgun sequence	A	22	2462527
NC_052559.1 Gallus gallus isolate bGalGal1 chromosome 28, bGalGal1.mat.broiler.GRCg7b, whole genome shotgun sequence	A	20	2489920
NC_052559.1 Gallus gallus isolate bGalGal1 chromosome 28, bGalGal1.mat.broiler.GRCg7b, whole genome shotgun sequence	A	25	2510955
NC_052559.1 Gallus gallus isolate bGalGal1 chromosome 28, bGalGal1.mat.broiler.GRCg7b, whole genome shotgun sequence	G	16	2519302
NC_052559.1 Gallus gallus isolate bGalGal1 chromosome 28, bGalGal1.mat.broiler.GRCg7b, whole genome shotgun sequence	C	19	2557468
NC_052559.1 Gallus gallus isolate bGalGal1 chromosome 28, bGalGal1.mat.broiler.GRCg7b, whole genome shotgun sequence	C	20	2559050
NC_052559.1 Gallus gallus isolate bGalGal1 chromosome 28, bGalGal1.mat.broiler.GRCg7b, whole genome shotgun sequence	G	28	2564173
NC_052559.1 Gallus gallus isolate bGalGal1 chromosome 28, bGalGal1.mat.broiler.GRCg7b, whole genome shotgun sequence	G	23	2571161
NC_052559.1 Gallus gallus isolate bGalGal1 chromosome 28, bGalGal1.mat.broiler.GRCg7b, whole genome shotgun sequence	T	20	2582536
NC_052559.1 Gallus gallus isolate bGalGal1 chromosome 28, bGalGal1.mat.broiler.GRCg7b, whole genome shotgun sequence	G	17	2615360
NC_052559.1 Gallus gallus isolate bGalGal1 chromosome 28, bGalGal1.mat.broiler.GRCg7b, whole genome shotgun sequence	C	16	2627097
NC_052559.1 Gallus gallus isolate bGalGal1 chromosome 28, bGalGal1.mat.broiler.GRCg7b, whole genome shotgun sequence	G	16	2631073
NC_052559.1 Gallus gallus isolate bGalGal1 chromosome 28, bGalGal1.mat.broiler.GRCg7b, whole genome shotgun sequence	T	17	2656904
NC_052559.1 Gallus gallus isolate bGalGal1 chromosome 28, bGalGal1.mat.broiler.GRCg7b, whole genome shotgun sequence	A	20	2718822
NC_052559.1 Gallus gallus isolate bGalGal1 chromosome 28, bGalGal1.mat.broiler.GRCg7b, whole genome shotgun sequence	C	16	2737987
NC_052559.1 Gallus gallus isolate bGalGal1 chromosome 28, bGalGal1.mat.broiler.GRCg7b, whole genome shotgun sequence	C	20	2739606
NC_052559.1 Gallus gallus isolate bGalGal1 chromosome 28, bGalGal1.mat.broiler.GRCg7b, whole genome shotgun sequence	G	17	2744400
NC_052559.1 Gallus gallus isolate bGalGal1 chromosome 28, bGalGal1.mat.broiler.GRCg7b, whole genome shotgun sequence	T	18	2749448
NC_052559.1 Gallus gallus isolate bGalGal1 chromosome 28, bGalGal1.mat.broiler.GRCg7b, whole genome shotgun sequence	A	18	2778574
NC_052559.1 Gallus gallus isolate bGalGal1 chromosome 28, bGalGal1.mat.broiler.GRCg7b, whole genome shotgun sequence	C	18	2790383
NC_052559.1 Gallus gallus isolate bGalGal1 chromosome 28, bGalGal1.mat.broiler.GRCg7b, whole genome shotgun sequence	C	16	2795922
NC_052559.1 Gallus gallus isolate bGalGal1 chromosome 28, bGalGal1.mat.broiler.GRCg7b, whole genome shotgun sequence	C	20	2798761
NC_052559.1 Gallus gallus isolate bGalGal1 chromosome 28, bGalGal1.mat.broiler.GRCg7b, whole genome shotgun sequence	C	17	2800635
NC_052559.1 Gallus gallus isolate bGalGal1 chromosome 28, bGalGal1.mat.broiler.GRCg7b, whole genome shotgun sequence	A	17	2802495
NC_052559.1 Gallus gallus isolate bGalGal1 chromosome 28, bGalGal1.mat.broiler.GRCg7b, whole genome shotgun sequence	G	17	2841580
NC_052559.1 Gallus gallus isolate bGalGal1 chromosome 28, bGalGal1.mat.broiler.GRCg7b, whole genome shotgun sequence	T	16	2849079
NC_052559.1 Gallus gallus isolate bGalGal1 chromosome 28, bGalGal1.mat.broiler.GRCg7b, whole genome shotgun sequence	T	16	2852178
NC_052559.1 Gallus gallus isolate bGalGal1 chromosome 28, bGalGal1.mat.broiler.GRCg7b, whole genome shotgun sequence	C	16	2854623
NC_052559.1 Gallus gallus isolate bGalGal1 chromosome 28, bGalGal1.mat.broiler.GRCg7b, whole genome shotgun sequence	A	16	2879547
NC_052559.1 Gallus gallus isolate bGalGal1 chromosome 28, bGalGal1.mat.broiler.GRCg7b, whole genome shotgun sequence	C	23	2886504
NC_052559.1 Gallus gallus isolate bGalGal1 chromosome 28, bGalGal1.mat.broiler.GRCg7b, whole genome shotgun sequence	C	24	2889520
NC_052559.1 Gallus gallus isolate bGalGal1 chromosome 28, bGalGal1.mat.broiler.GRCg7b, whole genome shotgun sequence	T	17	2894909
NC_052559.1 Gallus gallus isolate bGalGal1 chromosome 28, bGalGal1.mat.broiler.GRCg7b, whole genome shotgun sequence	G	17	2939546
NC_052559.1 Gallus gallus isolate bGalGal1 chromosome 28, bGalGal1.mat.broiler.GRCg7b, whole genome shotgun sequence	C	22	2978599
NC_052559.1 Gallus gallus isolate bGalGal1 chromosome 28, bGalGal1.mat.broiler.GRCg7b, whole genome shotgun sequence	C	18	2995998
NC_052559.1 Gallus gallus isolate bGalGal1 chromosome 28, bGalGal1.mat.broiler.GRCg7b, whole genome shotgun sequence	G	22	2999306
NC_052559.1 Gallus gallus isolate bGalGal1 chromosome 28, bGalGal1.mat.broiler.GRCg7b, whole genome shotgun sequence	C	19	3002129
NC_052559.1 Gallus gallus isolate bGalGal1 chromosome 28, bGalGal1.mat.broiler.GRCg7b, whole genome shotgun sequence	C	17	3002274
NC_052559.1 Gallus gallus isolate bGalGal1 chromosome 28, bGalGal1.mat.broiler.GRCg7b, whole genome shotgun sequence	G	16	3003696
NC_052559.1 Gallus gallus isolate bGalGal1 chromosome 28, bGalGal1.mat.broiler.GRCg7b, whole genome shotgun sequence	G	24	3003848
NC_052559.1 Gallus gallus isolate bGalGal1 chromosome 28, bGalGal1.mat.broiler.GRCg7b, whole genome shotgun sequence	C	17	3027505
NC_052559.1 Gallus gallus isolate bGalGal1 chromosome 28, bGalGal1.mat.broiler.GRCg7b, whole genome shotgun sequence	T	34	3046843
NC_052559.1 Gallus gallus isolate bGalGal1 chromosome 28, bGalGal1.mat.broiler.GRCg7b, whole genome shotgun sequence	G	21	3056759
NC_052559.1 Gallus gallus isolate bGalGal1 chromosome 28, bGalGal1.mat.broiler.GRCg7b, whole genome shotgun sequence	G	19	3063679
NC_052559.1 Gallus gallus isolate bGalGal1 chromosome 28, bGalGal1.mat.broiler.GRCg7b, whole genome shotgun sequence	G	18	3063824
NC_052559.1 Gallus gallus isolate bGalGal1 chromosome 28, bGalGal1.mat.broiler.GRCg7b, whole genome shotgun sequence	C	24	3069420
NC_052559.1 Gallus gallus isolate bGalGal1 chromosome 28, bGalGal1.mat.broiler.GRCg7b, whole genome shotgun sequence	C	17	3076471
NC_052559.1 Gallus gallus isolate bGalGal1 chromosome 28, bGalGal1.mat.broiler.GRCg7b, whole genome shotgun sequence	C	21	3078137
NC_052559.1 Gallus gallus isolate bGalGal1 chromosome 28, bGalGal1.mat.broiler.GRCg7b, whole genome shotgun sequence	A	20	3086877
NC_052559.1 Gallus gallus isolate bGalGal1 chromosome 28, bGalGal1.mat.broiler.GRCg7b, whole genome shotgun sequence	C	19	3110844
NC_052559.1 Gallus gallus isolate bGalGal1 chromosome 28, bGalGal1.mat.broiler.GRCg7b, whole genome shotgun sequence	C	16	3115365
NC_052559.1 Gallus gallus isolate bGalGal1 chromosome 28, bGalGal1.mat.broiler.GRCg7b, whole genome shotgun sequence	G	17	3177529
NC_052559.1 Gallus gallus isolate bGalGal1 chromosome 28, bGalGal1.mat.broiler.GRCg7b, whole genome shotgun sequence	A	17	3222044
NC_052559.1 Gallus gallus isolate bGalGal1 chromosome 28, bGalGal1.mat.broiler.GRCg7b, whole genome shotgun sequence	A	16	3229141
NC_052559.1 Gallus gallus isolate bGalGal1 chromosome 28, bGalGal1.mat.broiler.GRCg7b, whole genome shotgun sequence	C	20	3258764
NC_052559.1 Gallus gallus isolate bGalGal1 chromosome 28, bGalGal1.mat.broiler.GRCg7b, whole genome shotgun sequence	C	20	3259045
NC_052559.1 Gallus gallus isolate bGalGal1 chromosome 28, bGalGal1.mat.broiler.GRCg7b, whole genome shotgun sequence	A	17	3263809
NC_052559.1 Gallus gallus isolate bGalGal1 chromosome 28, bGalGal1.mat.broiler.GRCg7b, whole genome shotgun sequence	G	16	3291779
NC_052559.1 Gallus gallus isolate bGalGal1 chromosome 28, bGalGal1.mat.broiler.GRCg7b, whole genome shotgun sequence	A	28	3294219
NC_052559.1 Gallus gallus isolate bGalGal1 chromosome 28, bGalGal1.mat.broiler.GRCg7b, whole genome shotgun sequence	C	18	3301128
NC_052559.1 Gallus gallus isolate bGalGal1 chromosome 28, bGalGal1.mat.broiler.GRCg7b, whole genome shotgun sequence	A	16	3304536
NC_052559.1 Gallus gallus isolate bGalGal1 chromosome 28, bGalGal1.mat.broiler.GRCg7b, whole genome shotgun sequence	C	20	3305896
NC_052559.1 Gallus gallus isolate bGalGal1 chromosome 28, bGalGal1.mat.broiler.GRCg7b, whole genome shotgun sequence	A	16	3306770
NC_052559.1 Gallus gallus isolate bGalGal1 chromosome 28, bGalGal1.mat.broiler.GRCg7b, whole genome shotgun sequence	T	16	3319215
NC_052559.1 Gallus gallus isolate bGalGal1 chromosome 28, bGalGal1.mat.broiler.GRCg7b, whole genome shotgun sequence	C	19	3323389
NC_052559.1 Gallus gallus isolate bGalGal1 chromosome 28, bGalGal1.mat.broiler.GRCg7b, whole genome shotgun sequence	T	18	3350180
NC_052559.1 Gallus gallus isolate bGalGal1 chromosome 28, bGalGal1.mat.broiler.GRCg7b, whole genome shotgun sequence	G	16	3361426
NC_052559.1 Gallus gallus isolate bGalGal1 chromosome 28, bGalGal1.mat.broiler.GRCg7b, whole genome shotgun sequence	G	17	3364261
NC_052559.1 Gallus gallus isolate bGalGal1 chromosome 28, bGalGal1.mat.broiler.GRCg7b, whole genome shotgun sequence	G	22	3369501
NC_052559.1 Gallus gallus isolate bGalGal1 chromosome 28, bGalGal1.mat.broiler.GRCg7b, whole genome shotgun sequence	T	17	3393200
NC_052559.1 Gallus gallus isolate bGalGal1 chromosome 28, bGalGal1.mat.broiler.GRCg7b, whole genome shotgun sequence	G	26	3465896
NC_052559.1 Gallus gallus isolate bGalGal1 chromosome 28, bGalGal1.mat.broiler.GRCg7b, whole genome shotgun sequence	C	16	3474871
NC_052559.1 Gallus gallus isolate bGalGal1 chromosome 28, bGalGal1.mat.broiler.GRCg7b, whole genome shotgun sequence	G	19	3477146
NC_052559.1 Gallus gallus isolate bGalGal1 chromosome 28, bGalGal1.mat.broiler.GRCg7b, whole genome shotgun sequence	A	16	3482323
NC_052559.1 Gallus gallus isolate bGalGal1 chromosome 28, bGalGal1.mat.broiler.GRCg7b, whole genome shotgun sequence	C	17	3485575
NC_052559.1 Gallus gallus isolate bGalGal1 chromosome 28, bGalGal1.mat.broiler.GRCg7b, whole genome shotgun sequence	C	16	3485830
NC_052559.1 Gallus gallus isolate bGalGal1 chromosome 28, bGalGal1.mat.broiler.GRCg7b, whole genome shotgun sequence	C	17	3486112
NC_052559.1 Gallus gallus isolate bGalGal1 chromosome 28, bGalGal1.mat.broiler.GRCg7b, whole genome shotgun sequence	G	19	3488047
NC_052559.1 Gallus gallus isolate bGalGal1 chromosome 28, bGalGal1.mat.broiler.GRCg7b, whole genome shotgun sequence	G	16	3489123
NC_052559.1 Gallus gallus isolate bGalGal1 chromosome 28, bGalGal1.mat.broiler.GRCg7b, whole genome shotgun sequence	CCCAT	14	3538674
NC_052559.1 Gallus gallus isolate bGalGal1 chromosome 28, bGalGal1.mat.broiler.GRCg7b, whole genome shotgun sequence	GGGAT	14	3781979
NC_052559.1 Gallus gallus isolate bGalGal1 chromosome 28, bGalGal1.mat.broiler.GRCg7b, whole genome shotgun sequence	AGGGA	45	5054348
NC_052559.1 Gallus gallus isolate bGalGal1 chromosome 28, bGalGal1.mat.broiler.GRCg7b, whole genome shotgun sequence	GT	15	3505852
NC_052559.1 Gallus gallus isolate bGalGal1 chromosome 28, bGalGal1.mat.broiler.GRCg7b, whole genome shotgun sequence	GT	19	3512951
NC_052559.1 Gallus gallus isolate bGalGal1 chromosome 28, bGalGal1.mat.broiler.GRCg7b, whole genome shotgun sequence	CA	17	3515398
NC_052559.1 Gallus gallus isolate bGalGal1 chromosome 28, bGalGal1.mat.broiler.GRCg7b, whole genome shotgun sequence	GT	17	3601413
NC_052559.1 Gallus gallus isolate bGalGal1 chromosome 28, bGalGal1.mat.broiler.GRCg7b, whole genome shotgun sequence	CT	17	4047043
NC_052559.1 Gallus gallus isolate bGalGal1 chromosome 28, bGalGal1.mat.broiler.GRCg7b, whole genome shotgun sequence	CA	17	4058778
NC_052559.1 Gallus gallus isolate bGalGal1 chromosome 28, bGalGal1.mat.broiler.GRCg7b, whole genome shotgun sequence	GT	21	4426976
NC_052559.1 Gallus gallus isolate bGalGal1 chromosome 28, bGalGal1.mat.broiler.GRCg7b, whole genome shotgun sequence	AT	17	5039067
NC_052559.1 Gallus gallus isolate bGalGal1 chromosome 28, bGalGal1.mat.broiler.GRCg7b, whole genome shotgun sequence	AG	14	5164618
NC_052559.1 Gallus gallus isolate bGalGal1 chromosome 28, bGalGal1.mat.broiler.GRCg7b, whole genome shotgun sequence	C	17	3494273
NC_052559.1 Gallus gallus isolate bGalGal1 chromosome 28, bGalGal1.mat.broiler.GRCg7b, whole genome shotgun sequence	C	17	3494528
NC_052559.1 Gallus gallus isolate bGalGal1 chromosome 28, bGalGal1.mat.broiler.GRCg7b, whole genome shotgun sequence	C	16	3494813
NC_052559.1 Gallus gallus isolate bGalGal1 chromosome 28, bGalGal1.mat.broiler.GRCg7b, whole genome shotgun sequence	G	16	3496741
NC_052559.1 Gallus gallus isolate bGalGal1 chromosome 28, bGalGal1.mat.broiler.GRCg7b, whole genome shotgun sequence	G	17	3497804
NC_052559.1 Gallus gallus isolate bGalGal1 chromosome 28, bGalGal1.mat.broiler.GRCg7b, whole genome shotgun sequence	G	22	3498652
NC_052559.1 Gallus gallus isolate bGalGal1 chromosome 28, bGalGal1.mat.broiler.GRCg7b, whole genome shotgun sequence	C	16	3498916
NC_052559.1 Gallus gallus isolate bGalGal1 chromosome 28, bGalGal1.mat.broiler.GRCg7b, whole genome shotgun sequence	G	17	3502693
NC_052559.1 Gallus gallus isolate bGalGal1 chromosome 28, bGalGal1.mat.broiler.GRCg7b, whole genome shotgun sequence	A	16	3503025
NC_052559.1 Gallus gallus isolate bGalGal1 chromosome 28, bGalGal1.mat.broiler.GRCg7b, whole genome shotgun sequence	G	17	3526769
NC_052559.1 Gallus gallus isolate bGalGal1 chromosome 28, bGalGal1.mat.broiler.GRCg7b, whole genome shotgun sequence	G	17	3527761
NC_052559.1 Gallus gallus isolate bGalGal1 chromosome 28, bGalGal1.mat.broiler.GRCg7b, whole genome shotgun sequence	C	16	3540813
NC_052559.1 Gallus gallus isolate bGalGal1 chromosome 28, bGalGal1.mat.broiler.GRCg7b, whole genome shotgun sequence	G	19	3559905
NC_052559.1 Gallus gallus isolate bGalGal1 chromosome 28, bGalGal1.mat.broiler.GRCg7b, whole genome shotgun sequence	A	16	3561554
NC_052559.1 Gallus gallus isolate bGalGal1 chromosome 28, bGalGal1.mat.broiler.GRCg7b, whole genome shotgun sequence	C	18	3571093
NC_052559.1 Gallus gallus isolate bGalGal1 chromosome 28, bGalGal1.mat.broiler.GRCg7b, whole genome shotgun sequence	G	16	3571288
NC_052559.1 Gallus gallus isolate bGalGal1 chromosome 28, bGalGal1.mat.broiler.GRCg7b, whole genome shotgun sequence	T	16	3579130
NC_052559.1 Gallus gallus isolate bGalGal1 chromosome 28, bGalGal1.mat.broiler.GRCg7b, whole genome shotgun sequence	A	16	3580054
NC_052559.1 Gallus gallus isolate bGalGal1 chromosome 28, bGalGal1.mat.broiler.GRCg7b, whole genome shotgun sequence	C	16	3585004
NC_052559.1 Gallus gallus isolate bGalGal1 chromosome 28, bGalGal1.mat.broiler.GRCg7b, whole genome shotgun sequence	G	24	3585320
NC_052559.1 Gallus gallus isolate bGalGal1 chromosome 28, bGalGal1.mat.broiler.GRCg7b, whole genome shotgun sequence	G	18	3588322
NC_052559.1 Gallus gallus isolate bGalGal1 chromosome 28, bGalGal1.mat.broiler.GRCg7b, whole genome shotgun sequence	G	17	3592115
NC_052559.1 Gallus gallus isolate bGalGal1 chromosome 28, bGalGal1.mat.broiler.GRCg7b, whole genome shotgun sequence	G	18	3597278
NC_052559.1 Gallus gallus isolate bGalGal1 chromosome 28, bGalGal1.mat.broiler.GRCg7b, whole genome shotgun sequence	G	25	3616093
NC_052559.1 Gallus gallus isolate bGalGal1 chromosome 28, bGalGal1.mat.broiler.GRCg7b, whole genome shotgun sequence	C	18	3617188
NC_052559.1 Gallus gallus isolate bGalGal1 chromosome 28, bGalGal1.mat.broiler.GRCg7b, whole genome shotgun sequence	A	19	3634675
NC_052559.1 Gallus gallus isolate bGalGal1 chromosome 28, bGalGal1.mat.broiler.GRCg7b, whole genome shotgun sequence	G	18	3668882
NC_052559.1 Gallus gallus isolate bGalGal1 chromosome 28, bGalGal1.mat.broiler.GRCg7b, whole genome shotgun sequence	C	18	3681667
NC_052559.1 Gallus gallus isolate bGalGal1 chromosome 28, bGalGal1.mat.broiler.GRCg7b, whole genome shotgun sequence	G	23	3700751
NC_052559.1 Gallus gallus isolate bGalGal1 chromosome 28, bGalGal1.mat.broiler.GRCg7b, whole genome shotgun sequence	G	16	3707424
NC_052559.1 Gallus gallus isolate bGalGal1 chromosome 28, bGalGal1.mat.broiler.GRCg7b, whole genome shotgun sequence	C	17	3711095
NC_052559.1 Gallus gallus isolate bGalGal1 chromosome 28, bGalGal1.mat.broiler.GRCg7b, whole genome shotgun sequence	C	17	3713565
NC_052559.1 Gallus gallus isolate bGalGal1 chromosome 28, bGalGal1.mat.broiler.GRCg7b, whole genome shotgun sequence	C	16	3713684
NC_052559.1 Gallus gallus isolate bGalGal1 chromosome 28, bGalGal1.mat.broiler.GRCg7b, whole genome shotgun sequence	G	17	3729860
NC_052559.1 Gallus gallus isolate bGalGal1 chromosome 28, bGalGal1.mat.broiler.GRCg7b, whole genome shotgun sequence	G	19	3740954
NC_052559.1 Gallus gallus isolate bGalGal1 chromosome 28, bGalGal1.mat.broiler.GRCg7b, whole genome shotgun sequence	G	16	3742532
NC_052559.1 Gallus gallus isolate bGalGal1 chromosome 28, bGalGal1.mat.broiler.GRCg7b, whole genome shotgun sequence	G	23	3742720
NC_052559.1 Gallus gallus isolate bGalGal1 chromosome 28, bGalGal1.mat.broiler.GRCg7b, whole genome shotgun sequence	C	24	3743342
NC_052559.1 Gallus gallus isolate bGalGal1 chromosome 28, bGalGal1.mat.broiler.GRCg7b, whole genome shotgun sequence	C	18	3743650
NC_052559.1 Gallus gallus isolate bGalGal1 chromosome 28, bGalGal1.mat.broiler.GRCg7b, whole genome shotgun sequence	C	16	3744348
NC_052559.1 Gallus gallus isolate bGalGal1 chromosome 28, bGalGal1.mat.broiler.GRCg7b, whole genome shotgun sequence	G	16	3751766
NC_052559.1 Gallus gallus isolate bGalGal1 chromosome 28, bGalGal1.mat.broiler.GRCg7b, whole genome shotgun sequence	G	22	3756842
NC_052559.1 Gallus gallus isolate bGalGal1 chromosome 28, bGalGal1.mat.broiler.GRCg7b, whole genome shotgun sequence	A	20	3757343
NC_052559.1 Gallus gallus isolate bGalGal1 chromosome 28, bGalGal1.mat.broiler.GRCg7b, whole genome shotgun sequence	C	17	3758136
NC_052559.1 Gallus gallus isolate bGalGal1 chromosome 28, bGalGal1.mat.broiler.GRCg7b, whole genome shotgun sequence	C	22	3758922
NC_052559.1 Gallus gallus isolate bGalGal1 chromosome 28, bGalGal1.mat.broiler.GRCg7b, whole genome shotgun sequence	C	16	3759202
NC_052559.1 Gallus gallus isolate bGalGal1 chromosome 28, bGalGal1.mat.broiler.GRCg7b, whole genome shotgun sequence	G	16	3760354
NC_052559.1 Gallus gallus isolate bGalGal1 chromosome 28, bGalGal1.mat.broiler.GRCg7b, whole genome shotgun sequence	C	18	3760749
NC_052559.1 Gallus gallus isolate bGalGal1 chromosome 28, bGalGal1.mat.broiler.GRCg7b, whole genome shotgun sequence	G	18	3764107
NC_052559.1 Gallus gallus isolate bGalGal1 chromosome 28, bGalGal1.mat.broiler.GRCg7b, whole genome shotgun sequence	C	18	3774104
NC_052559.1 Gallus gallus isolate bGalGal1 chromosome 28, bGalGal1.mat.broiler.GRCg7b, whole genome shotgun sequence	G	16	3782540
NC_052559.1 Gallus gallus isolate bGalGal1 chromosome 28, bGalGal1.mat.broiler.GRCg7b, whole genome shotgun sequence	C	17	3782732
NC_052559.1 Gallus gallus isolate bGalGal1 chromosome 28, bGalGal1.mat.broiler.GRCg7b, whole genome shotgun sequence	C	16	3793583
NC_052559.1 Gallus gallus isolate bGalGal1 chromosome 28, bGalGal1.mat.broiler.GRCg7b, whole genome shotgun sequence	G	20	3800637
NC_052559.1 Gallus gallus isolate bGalGal1 chromosome 28, bGalGal1.mat.broiler.GRCg7b, whole genome shotgun sequence	C	18	3805006
NC_052559.1 Gallus gallus isolate bGalGal1 chromosome 28, bGalGal1.mat.broiler.GRCg7b, whole genome shotgun sequence	C	16	3809336
NC_052559.1 Gallus gallus isolate bGalGal1 chromosome 28, bGalGal1.mat.broiler.GRCg7b, whole genome shotgun sequence	C	18	3815488
NC_052559.1 Gallus gallus isolate bGalGal1 chromosome 28, bGalGal1.mat.broiler.GRCg7b, whole genome shotgun sequence	C	18	3818993
NC_052559.1 Gallus gallus isolate bGalGal1 chromosome 28, bGalGal1.mat.broiler.GRCg7b, whole genome shotgun sequence	C	18	3822626
NC_052559.1 Gallus gallus isolate bGalGal1 chromosome 28, bGalGal1.mat.broiler.GRCg7b, whole genome shotgun sequence	C	19	3824073
NC_052559.1 Gallus gallus isolate bGalGal1 chromosome 28, bGalGal1.mat.broiler.GRCg7b, whole genome shotgun sequence	C	17	3824808
NC_052559.1 Gallus gallus isolate bGalGal1 chromosome 28, bGalGal1.mat.broiler.GRCg7b, whole genome shotgun sequence	C	26	3842261
NC_052559.1 Gallus gallus isolate bGalGal1 chromosome 28, bGalGal1.mat.broiler.GRCg7b, whole genome shotgun sequence	T	16	3853191
NC_052559.1 Gallus gallus isolate bGalGal1 chromosome 28, bGalGal1.mat.broiler.GRCg7b, whole genome shotgun sequence	T	16	3858288
NC_052559.1 Gallus gallus isolate bGalGal1 chromosome 28, bGalGal1.mat.broiler.GRCg7b, whole genome shotgun sequence	C	16	3858546
NC_052559.1 Gallus gallus isolate bGalGal1 chromosome 28, bGalGal1.mat.broiler.GRCg7b, whole genome shotgun sequence	G	17	3859069
NC_052559.1 Gallus gallus isolate bGalGal1 chromosome 28, bGalGal1.mat.broiler.GRCg7b, whole genome shotgun sequence	C	20	3864653
NC_052559.1 Gallus gallus isolate bGalGal1 chromosome 28, bGalGal1.mat.broiler.GRCg7b, whole genome shotgun sequence	C	16	3867967
NC_052559.1 Gallus gallus isolate bGalGal1 chromosome 28, bGalGal1.mat.broiler.GRCg7b, whole genome shotgun sequence	G	18	3878030
NC_052559.1 Gallus gallus isolate bGalGal1 chromosome 28, bGalGal1.mat.broiler.GRCg7b, whole genome shotgun sequence	G	17	3884320
NC_052559.1 Gallus gallus isolate bGalGal1 chromosome 28, bGalGal1.mat.broiler.GRCg7b, whole genome shotgun sequence	C	20	3890848
NC_052559.1 Gallus gallus isolate bGalGal1 chromosome 28, bGalGal1.mat.broiler.GRCg7b, whole genome shotgun sequence	G	18	3900972
NC_052559.1 Gallus gallus isolate bGalGal1 chromosome 28, bGalGal1.mat.broiler.GRCg7b, whole genome shotgun sequence	A	17	3905232
NC_052559.1 Gallus gallus isolate bGalGal1 chromosome 28, bGalGal1.mat.broiler.GRCg7b, whole genome shotgun sequence	A	18	3910595
NC_052559.1 Gallus gallus isolate bGalGal1 chromosome 28, bGalGal1.mat.broiler.GRCg7b, whole genome shotgun sequence	A	19	3921445
NC_052559.1 Gallus gallus isolate bGalGal1 chromosome 28, bGalGal1.mat.broiler.GRCg7b, whole genome shotgun sequence	C	34	3946570
NC_052559.1 Gallus gallus isolate bGalGal1 chromosome 28, bGalGal1.mat.broiler.GRCg7b, whole genome shotgun sequence	C	25	3982494
NC_052559.1 Gallus gallus isolate bGalGal1 chromosome 28, bGalGal1.mat.broiler.GRCg7b, whole genome shotgun sequence	C	20	4002900
NC_052559.1 Gallus gallus isolate bGalGal1 chromosome 28, bGalGal1.mat.broiler.GRCg7b, whole genome shotgun sequence	G	16	4005503
NC_052559.1 Gallus gallus isolate bGalGal1 chromosome 28, bGalGal1.mat.broiler.GRCg7b, whole genome shotgun sequence	A	17	4038956
NC_052559.1 Gallus gallus isolate bGalGal1 chromosome 28, bGalGal1.mat.broiler.GRCg7b, whole genome shotgun sequence	C	23	4039056
NC_052559.1 Gallus gallus isolate bGalGal1 chromosome 28, bGalGal1.mat.broiler.GRCg7b, whole genome shotgun sequence	C	16	4046663
NC_052559.1 Gallus gallus isolate bGalGal1 chromosome 28, bGalGal1.mat.broiler.GRCg7b, whole genome shotgun sequence	A	25	4047000
NC_052559.1 Gallus gallus isolate bGalGal1 chromosome 28, bGalGal1.mat.broiler.GRCg7b, whole genome shotgun sequence	C	20	4063122
NC_052559.1 Gallus gallus isolate bGalGal1 chromosome 28, bGalGal1.mat.broiler.GRCg7b, whole genome shotgun sequence	C	25	4077586
NC_052559.1 Gallus gallus isolate bGalGal1 chromosome 28, bGalGal1.mat.broiler.GRCg7b, whole genome shotgun sequence	T	19	4121179
NC_052559.1 Gallus gallus isolate bGalGal1 chromosome 28, bGalGal1.mat.broiler.GRCg7b, whole genome shotgun sequence	A	20	4213832
NC_052559.1 Gallus gallus isolate bGalGal1 chromosome 28, bGalGal1.mat.broiler.GRCg7b, whole genome shotgun sequence	T	16	4218025
NC_052559.1 Gallus gallus isolate bGalGal1 chromosome 28, bGalGal1.mat.broiler.GRCg7b, whole genome shotgun sequence	T	16	4225283
NC_052559.1 Gallus gallus isolate bGalGal1 chromosome 28, bGalGal1.mat.broiler.GRCg7b, whole genome shotgun sequence	A	16	4246745
NC_052559.1 Gallus gallus isolate bGalGal1 chromosome 28, bGalGal1.mat.broiler.GRCg7b, whole genome shotgun sequence	A	18	4255562
NC_052559.1 Gallus gallus isolate bGalGal1 chromosome 28, bGalGal1.mat.broiler.GRCg7b, whole genome shotgun sequence	T	25	4306375
NC_052559.1 Gallus gallus isolate bGalGal1 chromosome 28, bGalGal1.mat.broiler.GRCg7b, whole genome shotgun sequence	C	17	4322524
NC_052559.1 Gallus gallus isolate bGalGal1 chromosome 28, bGalGal1.mat.broiler.GRCg7b, whole genome shotgun sequence	G	18	4323084
NC_052559.1 Gallus gallus isolate bGalGal1 chromosome 28, bGalGal1.mat.broiler.GRCg7b, whole genome shotgun sequence	C	18	4324271
NC_052559.1 Gallus gallus isolate bGalGal1 chromosome 28, bGalGal1.mat.broiler.GRCg7b, whole genome shotgun sequence	C	25	4326235
NC_052559.1 Gallus gallus isolate bGalGal1 chromosome 28, bGalGal1.mat.broiler.GRCg7b, whole genome shotgun sequence	G	19	4334117
NC_052559.1 Gallus gallus isolate bGalGal1 chromosome 28, bGalGal1.mat.broiler.GRCg7b, whole genome shotgun sequence	C	27	4382168
NC_052559.1 Gallus gallus isolate bGalGal1 chromosome 28, bGalGal1.mat.broiler.GRCg7b, whole genome shotgun sequence	C	16	4383464
NC_052559.1 Gallus gallus isolate bGalGal1 chromosome 28, bGalGal1.mat.broiler.GRCg7b, whole genome shotgun sequence	C	17	4383690
NC_052559.1 Gallus gallus isolate bGalGal1 chromosome 28, bGalGal1.mat.broiler.GRCg7b, whole genome shotgun sequence	G	16	4384794
NC_052559.1 Gallus gallus isolate bGalGal1 chromosome 28, bGalGal1.mat.broiler.GRCg7b, whole genome shotgun sequence	G	17	4385979
NC_052559.1 Gallus gallus isolate bGalGal1 chromosome 28, bGalGal1.mat.broiler.GRCg7b, whole genome shotgun sequence	G	17	4387841
NC_052559.1 Gallus gallus isolate bGalGal1 chromosome 28, bGalGal1.mat.broiler.GRCg7b, whole genome shotgun sequence	G	18	4388393
NC_052559.1 Gallus gallus isolate bGalGal1 chromosome 28, bGalGal1.mat.broiler.GRCg7b, whole genome shotgun sequence	C	16	4392026
NC_052559.1 Gallus gallus isolate bGalGal1 chromosome 28, bGalGal1.mat.broiler.GRCg7b, whole genome shotgun sequence	C	19	4399728
NC_052559.1 Gallus gallus isolate bGalGal1 chromosome 28, bGalGal1.mat.broiler.GRCg7b, whole genome shotgun sequence	G	27	4420890
NC_052559.1 Gallus gallus isolate bGalGal1 chromosome 28, bGalGal1.mat.broiler.GRCg7b, whole genome shotgun sequence	T	16	4422161
NC_052559.1 Gallus gallus isolate bGalGal1 chromosome 28, bGalGal1.mat.broiler.GRCg7b, whole genome shotgun sequence	G	28	4425163
NC_052559.1 Gallus gallus isolate bGalGal1 chromosome 28, bGalGal1.mat.broiler.GRCg7b, whole genome shotgun sequence	C	16	4425699
NC_052559.1 Gallus gallus isolate bGalGal1 chromosome 28, bGalGal1.mat.broiler.GRCg7b, whole genome shotgun sequence	C	24	4430093
NC_052559.1 Gallus gallus isolate bGalGal1 chromosome 28, bGalGal1.mat.broiler.GRCg7b, whole genome shotgun sequence	T	16	4446868
NC_052559.1 Gallus gallus isolate bGalGal1 chromosome 28, bGalGal1.mat.broiler.GRCg7b, whole genome shotgun sequence	A	16	4493883
NC_052559.1 Gallus gallus isolate bGalGal1 chromosome 28, bGalGal1.mat.broiler.GRCg7b, whole genome shotgun sequence	C	16	4514010
NC_052559.1 Gallus gallus isolate bGalGal1 chromosome 28, bGalGal1.mat.broiler.GRCg7b, whole genome shotgun sequence	A	16	4527659
NC_052559.1 Gallus gallus isolate bGalGal1 chromosome 28, bGalGal1.mat.broiler.GRCg7b, whole genome shotgun sequence	T	16	4528625
NC_052559.1 Gallus gallus isolate bGalGal1 chromosome 28, bGalGal1.mat.broiler.GRCg7b, whole genome shotgun sequence	T	18	4563240
NC_052559.1 Gallus gallus isolate bGalGal1 chromosome 28, bGalGal1.mat.broiler.GRCg7b, whole genome shotgun sequence	A	18	4621506
NC_052559.1 Gallus gallus isolate bGalGal1 chromosome 28, bGalGal1.mat.broiler.GRCg7b, whole genome shotgun sequence	A	17	4637807
NC_052559.1 Gallus gallus isolate bGalGal1 chromosome 28, bGalGal1.mat.broiler.GRCg7b, whole genome shotgun sequence	A	35	4675326
NC_052559.1 Gallus gallus isolate bGalGal1 chromosome 28, bGalGal1.mat.broiler.GRCg7b, whole genome shotgun sequence	A	21	4758122
NC_052559.1 Gallus gallus isolate bGalGal1 chromosome 28, bGalGal1.mat.broiler.GRCg7b, whole genome shotgun sequence	A	18	4816185
NC_052559.1 Gallus gallus isolate bGalGal1 chromosome 28, bGalGal1.mat.broiler.GRCg7b, whole genome shotgun sequence	C	24	4833445
NC_052559.1 Gallus gallus isolate bGalGal1 chromosome 28, bGalGal1.mat.broiler.GRCg7b, whole genome shotgun sequence	C	19	4833491
NC_052559.1 Gallus gallus isolate bGalGal1 chromosome 28, bGalGal1.mat.broiler.GRCg7b, whole genome shotgun sequence	T	17	4840658
NC_052559.1 Gallus gallus isolate bGalGal1 chromosome 28, bGalGal1.mat.broiler.GRCg7b, whole genome shotgun sequence	T	39	4866583
NC_052559.1 Gallus gallus isolate bGalGal1 chromosome 28, bGalGal1.mat.broiler.GRCg7b, whole genome shotgun sequence	A	20	4952994
NC_052559.1 Gallus gallus isolate bGalGal1 chromosome 28, bGalGal1.mat.broiler.GRCg7b, whole genome shotgun sequence	A	16	4978477
NC_052559.1 Gallus gallus isolate bGalGal1 chromosome 28, bGalGal1.mat.broiler.GRCg7b, whole genome shotgun sequence	A	16	5005773
NC_052559.1 Gallus gallus isolate bGalGal1 chromosome 28, bGalGal1.mat.broiler.GRCg7b, whole genome shotgun sequence	G	35	5047093
NC_052559.1 Gallus gallus isolate bGalGal1 chromosome 28, bGalGal1.mat.broiler.GRCg7b, whole genome shotgun sequence	G	19	5072102
NC_052559.1 Gallus gallus isolate bGalGal1 chromosome 28, bGalGal1.mat.broiler.GRCg7b, whole genome shotgun sequence	A	31	5073081
NC_052559.1 Gallus gallus isolate bGalGal1 chromosome 28, bGalGal1.mat.broiler.GRCg7b, whole genome shotgun sequence	A	17	5126602
NC_052559.1 Gallus gallus isolate bGalGal1 chromosome 28, bGalGal1.mat.broiler.GRCg7b, whole genome shotgun sequence	T	18	5143280
NC_052559.1 Gallus gallus isolate bGalGal1 chromosome 28, bGalGal1.mat.broiler.GRCg7b, whole genome shotgun sequence	A	18	5170361
NC_052559.1 Gallus gallus isolate bGalGal1 chromosome 28, bGalGal1.mat.broiler.GRCg7b, whole genome shotgun sequence	T	16	5175454
NC_052559.1 Gallus gallus isolate bGalGal1 chromosome 28, bGalGal1.mat.broiler.GRCg7b, whole genome shotgun sequence	A	16	5180544
NC_052559.1 Gallus gallus isolate bGalGal1 chromosome 28, bGalGal1.mat.broiler.GRCg7b, whole genome shotgun sequence	A	21	5192449
NC_052559.1 Gallus gallus isolate bGalGal1 chromosome 28, bGalGal1.mat.broiler.GRCg7b, whole genome shotgun sequence	T	26	5200537
NC_052559.1 Gallus gallus isolate bGalGal1 chromosome 28, bGalGal1.mat.broiler.GRCg7b, whole genome shotgun sequence	A	21	5200578
NC_052559.1 Gallus gallus isolate bGalGal1 chromosome 28, bGalGal1.mat.broiler.GRCg7b, whole genome shotgun sequence	A	28	5229115
NC_052559.1 Gallus gallus isolate bGalGal1 chromosome 28, bGalGal1.mat.broiler.GRCg7b, whole genome shotgun sequence	A	25	5235073
NC_052559.1 Gallus gallus isolate bGalGal1 chromosome 28, bGalGal1.mat.broiler.GRCg7b, whole genome shotgun sequence	C	20	5237915
NC_052559.1 Gallus gallus isolate bGalGal1 chromosome 28, bGalGal1.mat.broiler.GRCg7b, whole genome shotgun sequence	T	17	5241532
NC_052559.1 Gallus gallus isolate bGalGal1 chromosome 28, bGalGal1.mat.broiler.GRCg7b, whole genome shotgun sequence	T	19	5245499
NC_052559.1 Gallus gallus isolate bGalGal1 chromosome 28, bGalGal1.mat.broiler.GRCg7b, whole genome shotgun sequence	A	19	5254082
NC_052559.1 Gallus gallus isolate bGalGal1 chromosome 28, bGalGal1.mat.broiler.GRCg7b, whole genome shotgun sequence	A	20	5260324
NC_052559.1 Gallus gallus isolate bGalGal1 chromosome 28, bGalGal1.mat.broiler.GRCg7b, whole genome shotgun sequence	A	17	5265884
NC_052559.1 Gallus gallus isolate bGalGal1 chromosome 28, bGalGal1.mat.broiler.GRCg7b, whole genome shotgun sequence	A	16	5268590
NC_052559.1 Gallus gallus isolate bGalGal1 chromosome 28, bGalGal1.mat.broiler.GRCg7b, whole genome shotgun sequence	T	22	5269379
NC_052559.1 Gallus gallus isolate bGalGal1 chromosome 28, bGalGal1.mat.broiler.GRCg7b, whole genome shotgun sequence	G	16	5270387
NC_052559.1 Gallus gallus isolate bGalGal1 chromosome 28, bGalGal1.mat.broiler.GRCg7b, whole genome shotgun sequence	T	32	5271133
NC_052559.1 Gallus gallus isolate bGalGal1 chromosome 28, bGalGal1.mat.broiler.GRCg7b, whole genome shotgun sequence	A	24	5276783
NC_052559.1 Gallus gallus isolate bGalGal1 chromosome 28, bGalGal1.mat.broiler.GRCg7b, whole genome shotgun sequence	A	16	5281203
NC_052559.1 Gallus gallus isolate bGalGal1 chromosome 28, bGalGal1.mat.broiler.GRCg7b, whole genome shotgun sequence	A	16	5282155
NC_052559.1 Gallus gallus isolate bGalGal1 chromosome 28, bGalGal1.mat.broiler.GRCg7b, whole genome shotgun sequence	T	21	5286209
NC_052559.1 Gallus gallus isolate bGalGal1 chromosome 28, bGalGal1.mat.broiler.GRCg7b, whole genome shotgun sequence	A	21	5293348
NC_052559.1 Gallus gallus isolate bGalGal1 chromosome 28, bGalGal1.mat.broiler.GRCg7b, whole genome shotgun sequence	A	26	5293372
NC_052559.1 Gallus gallus isolate bGalGal1 chromosome 28, bGalGal1.mat.broiler.GRCg7b, whole genome shotgun sequence	A	17	5308908
NC_052559.1 Gallus gallus isolate bGalGal1 chromosome 28, bGalGal1.mat.broiler.GRCg7b, whole genome shotgun sequence	T	22	5313648
NC_052559.1 Gallus gallus isolate bGalGal1 chromosome 28, bGalGal1.mat.broiler.GRCg7b, whole genome shotgun sequence	A	17	5319025
NC_052559.1 Gallus gallus isolate bGalGal1 chromosome 28, bGalGal1.mat.broiler.GRCg7b, whole genome shotgun sequence	T	17	5322283
NC_052559.1 Gallus gallus isolate bGalGal1 chromosome 28, bGalGal1.mat.broiler.GRCg7b, whole genome shotgun sequence	A	28	5322401
NC_052559.1 Gallus gallus isolate bGalGal1 chromosome 28, bGalGal1.mat.broiler.GRCg7b, whole genome shotgun sequence	G	26	5356708
NC_052559.1 Gallus gallus isolate bGalGal1 chromosome 28, bGalGal1.mat.broiler.GRCg7b, whole genome shotgun sequence	T	16	5361531
NC_052559.1 Gallus gallus isolate bGalGal1 chromosome 28, bGalGal1.mat.broiler.GRCg7b, whole genome shotgun sequence	A	18	5371136
NC_052559.1 Gallus gallus isolate bGalGal1 chromosome 28, bGalGal1.mat.broiler.GRCg7b, whole genome shotgun sequence	T	21	5375119
NC_052559.1 Gallus gallus isolate bGalGal1 chromosome 28, bGalGal1.mat.broiler.GRCg7b, whole genome shotgun sequence	T	17	5376150
NC_052559.1 Gallus gallus isolate bGalGal1 chromosome 28, bGalGal1.mat.broiler.GRCg7b, whole genome shotgun sequence	G	16	5381437
NC_052559.1 Gallus gallus isolate bGalGal1 chromosome 28, bGalGal1.mat.broiler.GRCg7b, whole genome shotgun sequence	A	25	5396229
