#Sequence_Name	SSR	Repeats	Position
NC_052564.1 Gallus gallus isolate bGalGal1 chromosome 33, bGalGal1.mat.broiler.GRCg7b, whole genome shotgun sequence	A	26	1641524
NC_052564.1 Gallus gallus isolate bGalGal1 chromosome 33, bGalGal1.mat.broiler.GRCg7b, whole genome shotgun sequence	A	25	1053609
NC_052564.1 Gallus gallus isolate bGalGal1 chromosome 33, bGalGal1.mat.broiler.GRCg7b, whole genome shotgun sequence	A	31	1088756
NC_052564.1 Gallus gallus isolate bGalGal1 chromosome 33, bGalGal1.mat.broiler.GRCg7b, whole genome shotgun sequence	T	84	1101504
NC_052564.1 Gallus gallus isolate bGalGal1 chromosome 33, bGalGal1.mat.broiler.GRCg7b, whole genome shotgun sequence	A	17	1115706
NC_052564.1 Gallus gallus isolate bGalGal1 chromosome 33, bGalGal1.mat.broiler.GRCg7b, whole genome shotgun sequence	T	25	1504696
NC_052564.1 Gallus gallus isolate bGalGal1 chromosome 33, bGalGal1.mat.broiler.GRCg7b, whole genome shotgun sequence	A	27	1554974
NC_052564.1 Gallus gallus isolate bGalGal1 chromosome 33, bGalGal1.mat.broiler.GRCg7b, whole genome shotgun sequence	T	31	1600718
NC_052564.1 Gallus gallus isolate bGalGal1 chromosome 33, bGalGal1.mat.broiler.GRCg7b, whole genome shotgun sequence	A	33	1601672
NC_052564.1 Gallus gallus isolate bGalGal1 chromosome 33, bGalGal1.mat.broiler.GRCg7b, whole genome shotgun sequence	T	30	1605740
NC_052564.1 Gallus gallus isolate bGalGal1 chromosome 33, bGalGal1.mat.broiler.GRCg7b, whole genome shotgun sequence	TTTAT	17	1670313
NC_052564.1 Gallus gallus isolate bGalGal1 chromosome 33, bGalGal1.mat.broiler.GRCg7b, whole genome shotgun sequence	T	24	1656524
NC_052564.1 Gallus gallus isolate bGalGal1 chromosome 33, bGalGal1.mat.broiler.GRCg7b, whole genome shotgun sequence	T	21	1714135
NC_052564.1 Gallus gallus isolate bGalGal1 chromosome 33, bGalGal1.mat.broiler.GRCg7b, whole genome shotgun sequence	C	17	1728008
NC_052564.1 Gallus gallus isolate bGalGal1 chromosome 33, bGalGal1.mat.broiler.GRCg7b, whole genome shotgun sequence	A	28	1739000
NC_052564.1 Gallus gallus isolate bGalGal1 chromosome 33, bGalGal1.mat.broiler.GRCg7b, whole genome shotgun sequence	A	32	1827365
NC_052564.1 Gallus gallus isolate bGalGal1 chromosome 33, bGalGal1.mat.broiler.GRCg7b, whole genome shotgun sequence	AACCCT	221	0
NC_052564.1 Gallus gallus isolate bGalGal1 chromosome 33, bGalGal1.mat.broiler.GRCg7b, whole genome shotgun sequence	ACCCTA	181	1470
NC_052564.1 Gallus gallus isolate bGalGal1 chromosome 33, bGalGal1.mat.broiler.GRCg7b, whole genome shotgun sequence	CCTAAC	40	2557
NC_052564.1 Gallus gallus isolate bGalGal1 chromosome 33, bGalGal1.mat.broiler.GRCg7b, whole genome shotgun sequence	AACCCT	15	2801
NC_052564.1 Gallus gallus isolate bGalGal1 chromosome 33, bGalGal1.mat.broiler.GRCg7b, whole genome shotgun sequence	AACCCT	21	2972
NC_052564.1 Gallus gallus isolate bGalGal1 chromosome 33, bGalGal1.mat.broiler.GRCg7b, whole genome shotgun sequence	TAACCC	27	3103
NC_052564.1 Gallus gallus isolate bGalGal1 chromosome 33, bGalGal1.mat.broiler.GRCg7b, whole genome shotgun sequence	ACCCTA	21	3668
NC_052564.1 Gallus gallus isolate bGalGal1 chromosome 33, bGalGal1.mat.broiler.GRCg7b, whole genome shotgun sequence	CCTAAC	38	3903
NC_052564.1 Gallus gallus isolate bGalGal1 chromosome 33, bGalGal1.mat.broiler.GRCg7b, whole genome shotgun sequence	AACCCT	213	4135
NC_052564.1 Gallus gallus isolate bGalGal1 chromosome 33, bGalGal1.mat.broiler.GRCg7b, whole genome shotgun sequence	CCTAAC	196	5415
NC_052564.1 Gallus gallus isolate bGalGal1 chromosome 33, bGalGal1.mat.broiler.GRCg7b, whole genome shotgun sequence	AACCCT	43	6670
NC_052564.1 Gallus gallus isolate bGalGal1 chromosome 33, bGalGal1.mat.broiler.GRCg7b, whole genome shotgun sequence	AACCCT	19	6929
NC_052564.1 Gallus gallus isolate bGalGal1 chromosome 33, bGalGal1.mat.broiler.GRCg7b, whole genome shotgun sequence	ACCCTA	96	7099
NC_052564.1 Gallus gallus isolate bGalGal1 chromosome 33, bGalGal1.mat.broiler.GRCg7b, whole genome shotgun sequence	CCTAAC	160	7677
NC_052564.1 Gallus gallus isolate bGalGal1 chromosome 33, bGalGal1.mat.broiler.GRCg7b, whole genome shotgun sequence	AACCCT	46	8641
NC_052564.1 Gallus gallus isolate bGalGal1 chromosome 33, bGalGal1.mat.broiler.GRCg7b, whole genome shotgun sequence	CCTAAC	24	12025
NC_052564.1 Gallus gallus isolate bGalGal1 chromosome 33, bGalGal1.mat.broiler.GRCg7b, whole genome shotgun sequence	CCTAAC	16	13962
NC_052564.1 Gallus gallus isolate bGalGal1 chromosome 33, bGalGal1.mat.broiler.GRCg7b, whole genome shotgun sequence	AGCCG	144	26380
NC_052564.1 Gallus gallus isolate bGalGal1 chromosome 33, bGalGal1.mat.broiler.GRCg7b, whole genome shotgun sequence	AGCCG	28	43111
NC_052564.1 Gallus gallus isolate bGalGal1 chromosome 33, bGalGal1.mat.broiler.GRCg7b, whole genome shotgun sequence	AGCCG	153	59131
NC_052564.1 Gallus gallus isolate bGalGal1 chromosome 33, bGalGal1.mat.broiler.GRCg7b, whole genome shotgun sequence	CA	24	39686
NC_052564.1 Gallus gallus isolate bGalGal1 chromosome 33, bGalGal1.mat.broiler.GRCg7b, whole genome shotgun sequence	CA	25	55700
NC_052564.1 Gallus gallus isolate bGalGal1 chromosome 33, bGalGal1.mat.broiler.GRCg7b, whole genome shotgun sequence	CA	17	78590
NC_052564.1 Gallus gallus isolate bGalGal1 chromosome 33, bGalGal1.mat.broiler.GRCg7b, whole genome shotgun sequence	A	18	94516
NC_052564.1 Gallus gallus isolate bGalGal1 chromosome 33, bGalGal1.mat.broiler.GRCg7b, whole genome shotgun sequence	C	16	110886
NC_052564.1 Gallus gallus isolate bGalGal1 chromosome 33, bGalGal1.mat.broiler.GRCg7b, whole genome shotgun sequence	A	16	110902
NC_052564.1 Gallus gallus isolate bGalGal1 chromosome 33, bGalGal1.mat.broiler.GRCg7b, whole genome shotgun sequence	T	30	119709
NC_052564.1 Gallus gallus isolate bGalGal1 chromosome 33, bGalGal1.mat.broiler.GRCg7b, whole genome shotgun sequence	T	25	125587
NC_052564.1 Gallus gallus isolate bGalGal1 chromosome 33, bGalGal1.mat.broiler.GRCg7b, whole genome shotgun sequence	A	25	182975
NC_052564.1 Gallus gallus isolate bGalGal1 chromosome 33, bGalGal1.mat.broiler.GRCg7b, whole genome shotgun sequence	A	26	187911
NC_052564.1 Gallus gallus isolate bGalGal1 chromosome 33, bGalGal1.mat.broiler.GRCg7b, whole genome shotgun sequence	A	16	236743
NC_052564.1 Gallus gallus isolate bGalGal1 chromosome 33, bGalGal1.mat.broiler.GRCg7b, whole genome shotgun sequence	T	16	2009293
NC_052564.1 Gallus gallus isolate bGalGal1 chromosome 33, bGalGal1.mat.broiler.GRCg7b, whole genome shotgun sequence	T	23	2032703
NC_052564.1 Gallus gallus isolate bGalGal1 chromosome 33, bGalGal1.mat.broiler.GRCg7b, whole genome shotgun sequence	C	20	2034381
NC_052564.1 Gallus gallus isolate bGalGal1 chromosome 33, bGalGal1.mat.broiler.GRCg7b, whole genome shotgun sequence	T	18	2041556
NC_052564.1 Gallus gallus isolate bGalGal1 chromosome 33, bGalGal1.mat.broiler.GRCg7b, whole genome shotgun sequence	A	20	2100013
NC_052564.1 Gallus gallus isolate bGalGal1 chromosome 33, bGalGal1.mat.broiler.GRCg7b, whole genome shotgun sequence	T	17	2123445
NC_052564.1 Gallus gallus isolate bGalGal1 chromosome 33, bGalGal1.mat.broiler.GRCg7b, whole genome shotgun sequence	A	18	1917334
NC_052564.1 Gallus gallus isolate bGalGal1 chromosome 33, bGalGal1.mat.broiler.GRCg7b, whole genome shotgun sequence	A	25	1929859
NC_052564.1 Gallus gallus isolate bGalGal1 chromosome 33, bGalGal1.mat.broiler.GRCg7b, whole genome shotgun sequence	T	27	1954443
NC_052564.1 Gallus gallus isolate bGalGal1 chromosome 33, bGalGal1.mat.broiler.GRCg7b, whole genome shotgun sequence	T	17	2140866
NC_052564.1 Gallus gallus isolate bGalGal1 chromosome 33, bGalGal1.mat.broiler.GRCg7b, whole genome shotgun sequence	T	17	2235118
NC_052564.1 Gallus gallus isolate bGalGal1 chromosome 33, bGalGal1.mat.broiler.GRCg7b, whole genome shotgun sequence	T	33	2251866
NC_052564.1 Gallus gallus isolate bGalGal1 chromosome 33, bGalGal1.mat.broiler.GRCg7b, whole genome shotgun sequence	A	29	2259345
NC_052564.1 Gallus gallus isolate bGalGal1 chromosome 33, bGalGal1.mat.broiler.GRCg7b, whole genome shotgun sequence	A	30	2284829
NC_052564.1 Gallus gallus isolate bGalGal1 chromosome 33, bGalGal1.mat.broiler.GRCg7b, whole genome shotgun sequence	G	17	2307678
NC_052564.1 Gallus gallus isolate bGalGal1 chromosome 33, bGalGal1.mat.broiler.GRCg7b, whole genome shotgun sequence	A	17	2314327
NC_052564.1 Gallus gallus isolate bGalGal1 chromosome 33, bGalGal1.mat.broiler.GRCg7b, whole genome shotgun sequence	T	23	2341508
NC_052564.1 Gallus gallus isolate bGalGal1 chromosome 33, bGalGal1.mat.broiler.GRCg7b, whole genome shotgun sequence	T	20	2376718
NC_052564.1 Gallus gallus isolate bGalGal1 chromosome 33, bGalGal1.mat.broiler.GRCg7b, whole genome shotgun sequence	A	16	2377291
NC_052564.1 Gallus gallus isolate bGalGal1 chromosome 33, bGalGal1.mat.broiler.GRCg7b, whole genome shotgun sequence	C	16	2457813
NC_052564.1 Gallus gallus isolate bGalGal1 chromosome 33, bGalGal1.mat.broiler.GRCg7b, whole genome shotgun sequence	A	34	2460008
NC_052564.1 Gallus gallus isolate bGalGal1 chromosome 33, bGalGal1.mat.broiler.GRCg7b, whole genome shotgun sequence	A	16	2467817
NC_052564.1 Gallus gallus isolate bGalGal1 chromosome 33, bGalGal1.mat.broiler.GRCg7b, whole genome shotgun sequence	T	29	2521627
NC_052564.1 Gallus gallus isolate bGalGal1 chromosome 33, bGalGal1.mat.broiler.GRCg7b, whole genome shotgun sequence	A	22	2541870
NC_052564.1 Gallus gallus isolate bGalGal1 chromosome 33, bGalGal1.mat.broiler.GRCg7b, whole genome shotgun sequence	A	23	2562899
NC_052564.1 Gallus gallus isolate bGalGal1 chromosome 33, bGalGal1.mat.broiler.GRCg7b, whole genome shotgun sequence	T	27	2619178
NC_052564.1 Gallus gallus isolate bGalGal1 chromosome 33, bGalGal1.mat.broiler.GRCg7b, whole genome shotgun sequence	A	24	2634156
NC_052564.1 Gallus gallus isolate bGalGal1 chromosome 33, bGalGal1.mat.broiler.GRCg7b, whole genome shotgun sequence	T	28	2938827
NC_052564.1 Gallus gallus isolate bGalGal1 chromosome 33, bGalGal1.mat.broiler.GRCg7b, whole genome shotgun sequence	A	16	2964847
NC_052564.1 Gallus gallus isolate bGalGal1 chromosome 33, bGalGal1.mat.broiler.GRCg7b, whole genome shotgun sequence	T	28	2704875
NC_052564.1 Gallus gallus isolate bGalGal1 chromosome 33, bGalGal1.mat.broiler.GRCg7b, whole genome shotgun sequence	A	23	2705456
NC_052564.1 Gallus gallus isolate bGalGal1 chromosome 33, bGalGal1.mat.broiler.GRCg7b, whole genome shotgun sequence	T	20	2754835
NC_052564.1 Gallus gallus isolate bGalGal1 chromosome 33, bGalGal1.mat.broiler.GRCg7b, whole genome shotgun sequence	A	29	2783396
NC_052564.1 Gallus gallus isolate bGalGal1 chromosome 33, bGalGal1.mat.broiler.GRCg7b, whole genome shotgun sequence	A	30	2794677
NC_052564.1 Gallus gallus isolate bGalGal1 chromosome 33, bGalGal1.mat.broiler.GRCg7b, whole genome shotgun sequence	T	17	2800794
NC_052564.1 Gallus gallus isolate bGalGal1 chromosome 33, bGalGal1.mat.broiler.GRCg7b, whole genome shotgun sequence	T	23	2834947
NC_052564.1 Gallus gallus isolate bGalGal1 chromosome 33, bGalGal1.mat.broiler.GRCg7b, whole genome shotgun sequence	A	17	2899101
NC_052564.1 Gallus gallus isolate bGalGal1 chromosome 33, bGalGal1.mat.broiler.GRCg7b, whole genome shotgun sequence	A	32	2915597
NC_052564.1 Gallus gallus isolate bGalGal1 chromosome 33, bGalGal1.mat.broiler.GRCg7b, whole genome shotgun sequence	T	28	3027292
NC_052564.1 Gallus gallus isolate bGalGal1 chromosome 33, bGalGal1.mat.broiler.GRCg7b, whole genome shotgun sequence	A	27	3032961
NC_052564.1 Gallus gallus isolate bGalGal1 chromosome 33, bGalGal1.mat.broiler.GRCg7b, whole genome shotgun sequence	T	16	3051639
NC_052564.1 Gallus gallus isolate bGalGal1 chromosome 33, bGalGal1.mat.broiler.GRCg7b, whole genome shotgun sequence	T	26	3074550
NC_052564.1 Gallus gallus isolate bGalGal1 chromosome 33, bGalGal1.mat.broiler.GRCg7b, whole genome shotgun sequence	A	19	3075129
NC_052564.1 Gallus gallus isolate bGalGal1 chromosome 33, bGalGal1.mat.broiler.GRCg7b, whole genome shotgun sequence	G	17	3080099
NC_052564.1 Gallus gallus isolate bGalGal1 chromosome 33, bGalGal1.mat.broiler.GRCg7b, whole genome shotgun sequence	T	16	3122085
NC_052564.1 Gallus gallus isolate bGalGal1 chromosome 33, bGalGal1.mat.broiler.GRCg7b, whole genome shotgun sequence	C	19	3132686
NC_052564.1 Gallus gallus isolate bGalGal1 chromosome 33, bGalGal1.mat.broiler.GRCg7b, whole genome shotgun sequence	A	28	3143683
NC_052564.1 Gallus gallus isolate bGalGal1 chromosome 33, bGalGal1.mat.broiler.GRCg7b, whole genome shotgun sequence	A	18	3217782
NC_052564.1 Gallus gallus isolate bGalGal1 chromosome 33, bGalGal1.mat.broiler.GRCg7b, whole genome shotgun sequence	C	25	3233322
NC_052564.1 Gallus gallus isolate bGalGal1 chromosome 33, bGalGal1.mat.broiler.GRCg7b, whole genome shotgun sequence	A	17	3237642
NC_052564.1 Gallus gallus isolate bGalGal1 chromosome 33, bGalGal1.mat.broiler.GRCg7b, whole genome shotgun sequence	T	30	3261847
NC_052564.1 Gallus gallus isolate bGalGal1 chromosome 33, bGalGal1.mat.broiler.GRCg7b, whole genome shotgun sequence	A	16	3268971
NC_052564.1 Gallus gallus isolate bGalGal1 chromosome 33, bGalGal1.mat.broiler.GRCg7b, whole genome shotgun sequence	A	22	3282796
NC_052564.1 Gallus gallus isolate bGalGal1 chromosome 33, bGalGal1.mat.broiler.GRCg7b, whole genome shotgun sequence	A	16	3310917
NC_052564.1 Gallus gallus isolate bGalGal1 chromosome 33, bGalGal1.mat.broiler.GRCg7b, whole genome shotgun sequence	A	21	3367419
NC_052564.1 Gallus gallus isolate bGalGal1 chromosome 33, bGalGal1.mat.broiler.GRCg7b, whole genome shotgun sequence	A	16	3412335
NC_052564.1 Gallus gallus isolate bGalGal1 chromosome 33, bGalGal1.mat.broiler.GRCg7b, whole genome shotgun sequence	A	19	3415504
NC_052564.1 Gallus gallus isolate bGalGal1 chromosome 33, bGalGal1.mat.broiler.GRCg7b, whole genome shotgun sequence	T	24	3420335
NC_052564.1 Gallus gallus isolate bGalGal1 chromosome 33, bGalGal1.mat.broiler.GRCg7b, whole genome shotgun sequence	T	35	3441767
NC_052564.1 Gallus gallus isolate bGalGal1 chromosome 33, bGalGal1.mat.broiler.GRCg7b, whole genome shotgun sequence	A	18	3448897
NC_052564.1 Gallus gallus isolate bGalGal1 chromosome 33, bGalGal1.mat.broiler.GRCg7b, whole genome shotgun sequence	T	30	3487829
NC_052564.1 Gallus gallus isolate bGalGal1 chromosome 33, bGalGal1.mat.broiler.GRCg7b, whole genome shotgun sequence	T	18	3524372
NC_052564.1 Gallus gallus isolate bGalGal1 chromosome 33, bGalGal1.mat.broiler.GRCg7b, whole genome shotgun sequence	A	21	3576197
NC_052564.1 Gallus gallus isolate bGalGal1 chromosome 33, bGalGal1.mat.broiler.GRCg7b, whole genome shotgun sequence	A	21	3603145
NC_052564.1 Gallus gallus isolate bGalGal1 chromosome 33, bGalGal1.mat.broiler.GRCg7b, whole genome shotgun sequence	T	19	3613511
NC_052564.1 Gallus gallus isolate bGalGal1 chromosome 33, bGalGal1.mat.broiler.GRCg7b, whole genome shotgun sequence	T	39	3630274
NC_052564.1 Gallus gallus isolate bGalGal1 chromosome 33, bGalGal1.mat.broiler.GRCg7b, whole genome shotgun sequence	A	17	3669564
NC_052564.1 Gallus gallus isolate bGalGal1 chromosome 33, bGalGal1.mat.broiler.GRCg7b, whole genome shotgun sequence	A	22	3679448
NC_052564.1 Gallus gallus isolate bGalGal1 chromosome 33, bGalGal1.mat.broiler.GRCg7b, whole genome shotgun sequence	T	31	3684058
NC_052564.1 Gallus gallus isolate bGalGal1 chromosome 33, bGalGal1.mat.broiler.GRCg7b, whole genome shotgun sequence	T	43	3688779
NC_052564.1 Gallus gallus isolate bGalGal1 chromosome 33, bGalGal1.mat.broiler.GRCg7b, whole genome shotgun sequence	A	17	3698457
NC_052564.1 Gallus gallus isolate bGalGal1 chromosome 33, bGalGal1.mat.broiler.GRCg7b, whole genome shotgun sequence	A	16	3699375
NC_052564.1 Gallus gallus isolate bGalGal1 chromosome 33, bGalGal1.mat.broiler.GRCg7b, whole genome shotgun sequence	A	28	3713949
NC_052564.1 Gallus gallus isolate bGalGal1 chromosome 33, bGalGal1.mat.broiler.GRCg7b, whole genome shotgun sequence	T	30	3725865
NC_052564.1 Gallus gallus isolate bGalGal1 chromosome 33, bGalGal1.mat.broiler.GRCg7b, whole genome shotgun sequence	A	16	3729016
NC_052564.1 Gallus gallus isolate bGalGal1 chromosome 33, bGalGal1.mat.broiler.GRCg7b, whole genome shotgun sequence	A	32	3789906
