#Sequence_Name	SSR	Repeats	Position
NC_052565.1 Gallus gallus isolate bGalGal1 chromosome 34, bGalGal1.mat.broiler.GRCg7b, whole genome shotgun sequence	G	16	11615
NC_052565.1 Gallus gallus isolate bGalGal1 chromosome 34, bGalGal1.mat.broiler.GRCg7b, whole genome shotgun sequence	C	16	15627
NC_052565.1 Gallus gallus isolate bGalGal1 chromosome 34, bGalGal1.mat.broiler.GRCg7b, whole genome shotgun sequence	G	16	22590
NC_052565.1 Gallus gallus isolate bGalGal1 chromosome 34, bGalGal1.mat.broiler.GRCg7b, whole genome shotgun sequence	G	16	22704
NC_052565.1 Gallus gallus isolate bGalGal1 chromosome 34, bGalGal1.mat.broiler.GRCg7b, whole genome shotgun sequence	C	17	27730
NC_052565.1 Gallus gallus isolate bGalGal1 chromosome 34, bGalGal1.mat.broiler.GRCg7b, whole genome shotgun sequence	G	16	29594
NC_052565.1 Gallus gallus isolate bGalGal1 chromosome 34, bGalGal1.mat.broiler.GRCg7b, whole genome shotgun sequence	C	22	36658
NC_052565.1 Gallus gallus isolate bGalGal1 chromosome 34, bGalGal1.mat.broiler.GRCg7b, whole genome shotgun sequence	G	37	37441
NC_052565.1 Gallus gallus isolate bGalGal1 chromosome 34, bGalGal1.mat.broiler.GRCg7b, whole genome shotgun sequence	C	23	38896
NC_052565.1 Gallus gallus isolate bGalGal1 chromosome 34, bGalGal1.mat.broiler.GRCg7b, whole genome shotgun sequence	C	17	38983
NC_052565.1 Gallus gallus isolate bGalGal1 chromosome 34, bGalGal1.mat.broiler.GRCg7b, whole genome shotgun sequence	G	17	39293
NC_052565.1 Gallus gallus isolate bGalGal1 chromosome 34, bGalGal1.mat.broiler.GRCg7b, whole genome shotgun sequence	C	20	46219
NC_052565.1 Gallus gallus isolate bGalGal1 chromosome 34, bGalGal1.mat.broiler.GRCg7b, whole genome shotgun sequence	GGGAA	43	782939
NC_052565.1 Gallus gallus isolate bGalGal1 chromosome 34, bGalGal1.mat.broiler.GRCg7b, whole genome shotgun sequence	AGAAT	21	811302
NC_052565.1 Gallus gallus isolate bGalGal1 chromosome 34, bGalGal1.mat.broiler.GRCg7b, whole genome shotgun sequence	GGGAA	40	811445
NC_052565.1 Gallus gallus isolate bGalGal1 chromosome 34, bGalGal1.mat.broiler.GRCg7b, whole genome shotgun sequence	GAAGA	22	811642
NC_052565.1 Gallus gallus isolate bGalGal1 chromosome 34, bGalGal1.mat.broiler.GRCg7b, whole genome shotgun sequence	CA	28	756724
NC_052565.1 Gallus gallus isolate bGalGal1 chromosome 34, bGalGal1.mat.broiler.GRCg7b, whole genome shotgun sequence	C	20	742703
NC_052565.1 Gallus gallus isolate bGalGal1 chromosome 34, bGalGal1.mat.broiler.GRCg7b, whole genome shotgun sequence	G	16	743000
NC_052565.1 Gallus gallus isolate bGalGal1 chromosome 34, bGalGal1.mat.broiler.GRCg7b, whole genome shotgun sequence	C	26	743333
NC_052565.1 Gallus gallus isolate bGalGal1 chromosome 34, bGalGal1.mat.broiler.GRCg7b, whole genome shotgun sequence	C	28	744881
NC_052565.1 Gallus gallus isolate bGalGal1 chromosome 34, bGalGal1.mat.broiler.GRCg7b, whole genome shotgun sequence	C	22	749557
NC_052565.1 Gallus gallus isolate bGalGal1 chromosome 34, bGalGal1.mat.broiler.GRCg7b, whole genome shotgun sequence	C	20	750396
NC_052565.1 Gallus gallus isolate bGalGal1 chromosome 34, bGalGal1.mat.broiler.GRCg7b, whole genome shotgun sequence	G	17	752189
NC_052565.1 Gallus gallus isolate bGalGal1 chromosome 34, bGalGal1.mat.broiler.GRCg7b, whole genome shotgun sequence	C	17	752460
NC_052565.1 Gallus gallus isolate bGalGal1 chromosome 34, bGalGal1.mat.broiler.GRCg7b, whole genome shotgun sequence	C	17	752585
NC_052565.1 Gallus gallus isolate bGalGal1 chromosome 34, bGalGal1.mat.broiler.GRCg7b, whole genome shotgun sequence	C	33	756393
NC_052565.1 Gallus gallus isolate bGalGal1 chromosome 34, bGalGal1.mat.broiler.GRCg7b, whole genome shotgun sequence	C	17	759637
NC_052565.1 Gallus gallus isolate bGalGal1 chromosome 34, bGalGal1.mat.broiler.GRCg7b, whole genome shotgun sequence	G	16	762410
NC_052565.1 Gallus gallus isolate bGalGal1 chromosome 34, bGalGal1.mat.broiler.GRCg7b, whole genome shotgun sequence	G	19	774046
NC_052565.1 Gallus gallus isolate bGalGal1 chromosome 34, bGalGal1.mat.broiler.GRCg7b, whole genome shotgun sequence	C	16	781953
NC_052565.1 Gallus gallus isolate bGalGal1 chromosome 34, bGalGal1.mat.broiler.GRCg7b, whole genome shotgun sequence	C	16	784071
NC_052565.1 Gallus gallus isolate bGalGal1 chromosome 34, bGalGal1.mat.broiler.GRCg7b, whole genome shotgun sequence	G	16	785276
NC_052565.1 Gallus gallus isolate bGalGal1 chromosome 34, bGalGal1.mat.broiler.GRCg7b, whole genome shotgun sequence	C	20	786558
NC_052565.1 Gallus gallus isolate bGalGal1 chromosome 34, bGalGal1.mat.broiler.GRCg7b, whole genome shotgun sequence	G	18	788100
NC_052565.1 Gallus gallus isolate bGalGal1 chromosome 34, bGalGal1.mat.broiler.GRCg7b, whole genome shotgun sequence	G	22	788287
NC_052565.1 Gallus gallus isolate bGalGal1 chromosome 34, bGalGal1.mat.broiler.GRCg7b, whole genome shotgun sequence	G	19	788985
NC_052565.1 Gallus gallus isolate bGalGal1 chromosome 34, bGalGal1.mat.broiler.GRCg7b, whole genome shotgun sequence	G	18	805542
NC_052565.1 Gallus gallus isolate bGalGal1 chromosome 34, bGalGal1.mat.broiler.GRCg7b, whole genome shotgun sequence	C	22	805718
NC_052565.1 Gallus gallus isolate bGalGal1 chromosome 34, bGalGal1.mat.broiler.GRCg7b, whole genome shotgun sequence	G	22	809290
NC_052565.1 Gallus gallus isolate bGalGal1 chromosome 34, bGalGal1.mat.broiler.GRCg7b, whole genome shotgun sequence	G	18	818556
NC_052565.1 Gallus gallus isolate bGalGal1 chromosome 34, bGalGal1.mat.broiler.GRCg7b, whole genome shotgun sequence	C	17	820365
NC_052565.1 Gallus gallus isolate bGalGal1 chromosome 34, bGalGal1.mat.broiler.GRCg7b, whole genome shotgun sequence	G	18	821032
NC_052565.1 Gallus gallus isolate bGalGal1 chromosome 34, bGalGal1.mat.broiler.GRCg7b, whole genome shotgun sequence	C	20	821145
NC_052565.1 Gallus gallus isolate bGalGal1 chromosome 34, bGalGal1.mat.broiler.GRCg7b, whole genome shotgun sequence	G	29	822977
NC_052565.1 Gallus gallus isolate bGalGal1 chromosome 34, bGalGal1.mat.broiler.GRCg7b, whole genome shotgun sequence	T	17	823217
NC_052565.1 Gallus gallus isolate bGalGal1 chromosome 34, bGalGal1.mat.broiler.GRCg7b, whole genome shotgun sequence	G	25	823969
NC_052565.1 Gallus gallus isolate bGalGal1 chromosome 34, bGalGal1.mat.broiler.GRCg7b, whole genome shotgun sequence	C	16	824115
NC_052565.1 Gallus gallus isolate bGalGal1 chromosome 34, bGalGal1.mat.broiler.GRCg7b, whole genome shotgun sequence	C	17	824305
NC_052565.1 Gallus gallus isolate bGalGal1 chromosome 34, bGalGal1.mat.broiler.GRCg7b, whole genome shotgun sequence	G	20	824782
NC_052565.1 Gallus gallus isolate bGalGal1 chromosome 34, bGalGal1.mat.broiler.GRCg7b, whole genome shotgun sequence	G	18	46943
NC_052565.1 Gallus gallus isolate bGalGal1 chromosome 34, bGalGal1.mat.broiler.GRCg7b, whole genome shotgun sequence	G	28	46962
NC_052565.1 Gallus gallus isolate bGalGal1 chromosome 34, bGalGal1.mat.broiler.GRCg7b, whole genome shotgun sequence	C	19	48436
NC_052565.1 Gallus gallus isolate bGalGal1 chromosome 34, bGalGal1.mat.broiler.GRCg7b, whole genome shotgun sequence	C	16	48520
NC_052565.1 Gallus gallus isolate bGalGal1 chromosome 34, bGalGal1.mat.broiler.GRCg7b, whole genome shotgun sequence	G	18	48829
NC_052565.1 Gallus gallus isolate bGalGal1 chromosome 34, bGalGal1.mat.broiler.GRCg7b, whole genome shotgun sequence	C	24	55751
NC_052565.1 Gallus gallus isolate bGalGal1 chromosome 34, bGalGal1.mat.broiler.GRCg7b, whole genome shotgun sequence	G	16	59143
NC_052565.1 Gallus gallus isolate bGalGal1 chromosome 34, bGalGal1.mat.broiler.GRCg7b, whole genome shotgun sequence	C	23	60974
NC_052565.1 Gallus gallus isolate bGalGal1 chromosome 34, bGalGal1.mat.broiler.GRCg7b, whole genome shotgun sequence	C	17	61093
NC_052565.1 Gallus gallus isolate bGalGal1 chromosome 34, bGalGal1.mat.broiler.GRCg7b, whole genome shotgun sequence	G	18	61472
NC_052565.1 Gallus gallus isolate bGalGal1 chromosome 34, bGalGal1.mat.broiler.GRCg7b, whole genome shotgun sequence	G	19	61841
NC_052565.1 Gallus gallus isolate bGalGal1 chromosome 34, bGalGal1.mat.broiler.GRCg7b, whole genome shotgun sequence	G	24	62160
NC_052565.1 Gallus gallus isolate bGalGal1 chromosome 34, bGalGal1.mat.broiler.GRCg7b, whole genome shotgun sequence	C	16	66526
NC_052565.1 Gallus gallus isolate bGalGal1 chromosome 34, bGalGal1.mat.broiler.GRCg7b, whole genome shotgun sequence	C	17	68295
NC_052565.1 Gallus gallus isolate bGalGal1 chromosome 34, bGalGal1.mat.broiler.GRCg7b, whole genome shotgun sequence	C	20	81866
NC_052565.1 Gallus gallus isolate bGalGal1 chromosome 34, bGalGal1.mat.broiler.GRCg7b, whole genome shotgun sequence	C	18	82844
NC_052565.1 Gallus gallus isolate bGalGal1 chromosome 34, bGalGal1.mat.broiler.GRCg7b, whole genome shotgun sequence	C	22	99066
NC_052565.1 Gallus gallus isolate bGalGal1 chromosome 34, bGalGal1.mat.broiler.GRCg7b, whole genome shotgun sequence	C	21	103042
NC_052565.1 Gallus gallus isolate bGalGal1 chromosome 34, bGalGal1.mat.broiler.GRCg7b, whole genome shotgun sequence	C	20	106308
NC_052565.1 Gallus gallus isolate bGalGal1 chromosome 34, bGalGal1.mat.broiler.GRCg7b, whole genome shotgun sequence	G	21	109419
NC_052565.1 Gallus gallus isolate bGalGal1 chromosome 34, bGalGal1.mat.broiler.GRCg7b, whole genome shotgun sequence	G	16	110176
NC_052565.1 Gallus gallus isolate bGalGal1 chromosome 34, bGalGal1.mat.broiler.GRCg7b, whole genome shotgun sequence	C	26	110219
NC_052565.1 Gallus gallus isolate bGalGal1 chromosome 34, bGalGal1.mat.broiler.GRCg7b, whole genome shotgun sequence	C	25	117192
NC_052565.1 Gallus gallus isolate bGalGal1 chromosome 34, bGalGal1.mat.broiler.GRCg7b, whole genome shotgun sequence	G	20	121799
NC_052565.1 Gallus gallus isolate bGalGal1 chromosome 34, bGalGal1.mat.broiler.GRCg7b, whole genome shotgun sequence	G	23	125168
NC_052565.1 Gallus gallus isolate bGalGal1 chromosome 34, bGalGal1.mat.broiler.GRCg7b, whole genome shotgun sequence	C	16	126151
NC_052565.1 Gallus gallus isolate bGalGal1 chromosome 34, bGalGal1.mat.broiler.GRCg7b, whole genome shotgun sequence	G	17	126634
NC_052565.1 Gallus gallus isolate bGalGal1 chromosome 34, bGalGal1.mat.broiler.GRCg7b, whole genome shotgun sequence	C	21	131808
NC_052565.1 Gallus gallus isolate bGalGal1 chromosome 34, bGalGal1.mat.broiler.GRCg7b, whole genome shotgun sequence	C	19	132190
NC_052565.1 Gallus gallus isolate bGalGal1 chromosome 34, bGalGal1.mat.broiler.GRCg7b, whole genome shotgun sequence	C	20	132662
NC_052565.1 Gallus gallus isolate bGalGal1 chromosome 34, bGalGal1.mat.broiler.GRCg7b, whole genome shotgun sequence	C	17	133137
NC_052565.1 Gallus gallus isolate bGalGal1 chromosome 34, bGalGal1.mat.broiler.GRCg7b, whole genome shotgun sequence	G	19	133465
NC_052565.1 Gallus gallus isolate bGalGal1 chromosome 34, bGalGal1.mat.broiler.GRCg7b, whole genome shotgun sequence	G	21	133948
NC_052565.1 Gallus gallus isolate bGalGal1 chromosome 34, bGalGal1.mat.broiler.GRCg7b, whole genome shotgun sequence	GT	15	1737549
NC_052565.1 Gallus gallus isolate bGalGal1 chromosome 34, bGalGal1.mat.broiler.GRCg7b, whole genome shotgun sequence	CA	14	1747283
NC_052565.1 Gallus gallus isolate bGalGal1 chromosome 34, bGalGal1.mat.broiler.GRCg7b, whole genome shotgun sequence	G	21	1691123
NC_052565.1 Gallus gallus isolate bGalGal1 chromosome 34, bGalGal1.mat.broiler.GRCg7b, whole genome shotgun sequence	G	17	1691215
NC_052565.1 Gallus gallus isolate bGalGal1 chromosome 34, bGalGal1.mat.broiler.GRCg7b, whole genome shotgun sequence	C	18	1695082
NC_052565.1 Gallus gallus isolate bGalGal1 chromosome 34, bGalGal1.mat.broiler.GRCg7b, whole genome shotgun sequence	C	20	1696624
NC_052565.1 Gallus gallus isolate bGalGal1 chromosome 34, bGalGal1.mat.broiler.GRCg7b, whole genome shotgun sequence	C	19	1696673
NC_052565.1 Gallus gallus isolate bGalGal1 chromosome 34, bGalGal1.mat.broiler.GRCg7b, whole genome shotgun sequence	G	18	1696819
NC_052565.1 Gallus gallus isolate bGalGal1 chromosome 34, bGalGal1.mat.broiler.GRCg7b, whole genome shotgun sequence	C	17	1698359
NC_052565.1 Gallus gallus isolate bGalGal1 chromosome 34, bGalGal1.mat.broiler.GRCg7b, whole genome shotgun sequence	G	19	1700975
NC_052565.1 Gallus gallus isolate bGalGal1 chromosome 34, bGalGal1.mat.broiler.GRCg7b, whole genome shotgun sequence	A	23	1729215
NC_052565.1 Gallus gallus isolate bGalGal1 chromosome 34, bGalGal1.mat.broiler.GRCg7b, whole genome shotgun sequence	G	16	1732001
NC_052565.1 Gallus gallus isolate bGalGal1 chromosome 34, bGalGal1.mat.broiler.GRCg7b, whole genome shotgun sequence	C	16	1732621
NC_052565.1 Gallus gallus isolate bGalGal1 chromosome 34, bGalGal1.mat.broiler.GRCg7b, whole genome shotgun sequence	C	18	1733619
NC_052565.1 Gallus gallus isolate bGalGal1 chromosome 34, bGalGal1.mat.broiler.GRCg7b, whole genome shotgun sequence	C	18	1734146
NC_052565.1 Gallus gallus isolate bGalGal1 chromosome 34, bGalGal1.mat.broiler.GRCg7b, whole genome shotgun sequence	C	24	1734391
NC_052565.1 Gallus gallus isolate bGalGal1 chromosome 34, bGalGal1.mat.broiler.GRCg7b, whole genome shotgun sequence	G	18	1735212
NC_052565.1 Gallus gallus isolate bGalGal1 chromosome 34, bGalGal1.mat.broiler.GRCg7b, whole genome shotgun sequence	C	19	1739939
NC_052565.1 Gallus gallus isolate bGalGal1 chromosome 34, bGalGal1.mat.broiler.GRCg7b, whole genome shotgun sequence	C	17	1742745
NC_052565.1 Gallus gallus isolate bGalGal1 chromosome 34, bGalGal1.mat.broiler.GRCg7b, whole genome shotgun sequence	G	16	1758249
NC_052565.1 Gallus gallus isolate bGalGal1 chromosome 34, bGalGal1.mat.broiler.GRCg7b, whole genome shotgun sequence	G	16	1758551
NC_052565.1 Gallus gallus isolate bGalGal1 chromosome 34, bGalGal1.mat.broiler.GRCg7b, whole genome shotgun sequence	G	20	1759842
NC_052565.1 Gallus gallus isolate bGalGal1 chromosome 34, bGalGal1.mat.broiler.GRCg7b, whole genome shotgun sequence	C	17	1773930
NC_052565.1 Gallus gallus isolate bGalGal1 chromosome 34, bGalGal1.mat.broiler.GRCg7b, whole genome shotgun sequence	G	16	1781446
NC_052565.1 Gallus gallus isolate bGalGal1 chromosome 34, bGalGal1.mat.broiler.GRCg7b, whole genome shotgun sequence	T	18	1794327
NC_052565.1 Gallus gallus isolate bGalGal1 chromosome 34, bGalGal1.mat.broiler.GRCg7b, whole genome shotgun sequence	G	16	1795692
NC_052565.1 Gallus gallus isolate bGalGal1 chromosome 34, bGalGal1.mat.broiler.GRCg7b, whole genome shotgun sequence	G	20	1795893
NC_052565.1 Gallus gallus isolate bGalGal1 chromosome 34, bGalGal1.mat.broiler.GRCg7b, whole genome shotgun sequence	C	22	1799876
NC_052565.1 Gallus gallus isolate bGalGal1 chromosome 34, bGalGal1.mat.broiler.GRCg7b, whole genome shotgun sequence	C	19	1801447
NC_052565.1 Gallus gallus isolate bGalGal1 chromosome 34, bGalGal1.mat.broiler.GRCg7b, whole genome shotgun sequence	G	24	1802128
NC_052565.1 Gallus gallus isolate bGalGal1 chromosome 34, bGalGal1.mat.broiler.GRCg7b, whole genome shotgun sequence	C	17	1805097
NC_052565.1 Gallus gallus isolate bGalGal1 chromosome 34, bGalGal1.mat.broiler.GRCg7b, whole genome shotgun sequence	G	20	1807976
NC_052565.1 Gallus gallus isolate bGalGal1 chromosome 34, bGalGal1.mat.broiler.GRCg7b, whole genome shotgun sequence	G	25	1810833
NC_052565.1 Gallus gallus isolate bGalGal1 chromosome 34, bGalGal1.mat.broiler.GRCg7b, whole genome shotgun sequence	C	18	1811609
NC_052565.1 Gallus gallus isolate bGalGal1 chromosome 34, bGalGal1.mat.broiler.GRCg7b, whole genome shotgun sequence	C	30	1812784
NC_052565.1 Gallus gallus isolate bGalGal1 chromosome 34, bGalGal1.mat.broiler.GRCg7b, whole genome shotgun sequence	C	20	1813670
NC_052565.1 Gallus gallus isolate bGalGal1 chromosome 34, bGalGal1.mat.broiler.GRCg7b, whole genome shotgun sequence	C	28	1816713
NC_052565.1 Gallus gallus isolate bGalGal1 chromosome 34, bGalGal1.mat.broiler.GRCg7b, whole genome shotgun sequence	G	16	1817180
NC_052565.1 Gallus gallus isolate bGalGal1 chromosome 34, bGalGal1.mat.broiler.GRCg7b, whole genome shotgun sequence	C	19	1818489
NC_052565.1 Gallus gallus isolate bGalGal1 chromosome 34, bGalGal1.mat.broiler.GRCg7b, whole genome shotgun sequence	G	24	1821353
NC_052565.1 Gallus gallus isolate bGalGal1 chromosome 34, bGalGal1.mat.broiler.GRCg7b, whole genome shotgun sequence	AAGGG	42	885565
NC_052565.1 Gallus gallus isolate bGalGal1 chromosome 34, bGalGal1.mat.broiler.GRCg7b, whole genome shotgun sequence	TTCTC	48	924200
NC_052565.1 Gallus gallus isolate bGalGal1 chromosome 34, bGalGal1.mat.broiler.GRCg7b, whole genome shotgun sequence	CT	17	846717
NC_052565.1 Gallus gallus isolate bGalGal1 chromosome 34, bGalGal1.mat.broiler.GRCg7b, whole genome shotgun sequence	CA	15	873289
NC_052565.1 Gallus gallus isolate bGalGal1 chromosome 34, bGalGal1.mat.broiler.GRCg7b, whole genome shotgun sequence	TC	14	883424
NC_052565.1 Gallus gallus isolate bGalGal1 chromosome 34, bGalGal1.mat.broiler.GRCg7b, whole genome shotgun sequence	AC	19	904393
NC_052565.1 Gallus gallus isolate bGalGal1 chromosome 34, bGalGal1.mat.broiler.GRCg7b, whole genome shotgun sequence	CA	15	965195
NC_052565.1 Gallus gallus isolate bGalGal1 chromosome 34, bGalGal1.mat.broiler.GRCg7b, whole genome shotgun sequence	CA	15	965234
NC_052565.1 Gallus gallus isolate bGalGal1 chromosome 34, bGalGal1.mat.broiler.GRCg7b, whole genome shotgun sequence	CA	18	965375
NC_052565.1 Gallus gallus isolate bGalGal1 chromosome 34, bGalGal1.mat.broiler.GRCg7b, whole genome shotgun sequence	CA	16	965439
NC_052565.1 Gallus gallus isolate bGalGal1 chromosome 34, bGalGal1.mat.broiler.GRCg7b, whole genome shotgun sequence	CA	15	965534
NC_052565.1 Gallus gallus isolate bGalGal1 chromosome 34, bGalGal1.mat.broiler.GRCg7b, whole genome shotgun sequence	C	17	828213
NC_052565.1 Gallus gallus isolate bGalGal1 chromosome 34, bGalGal1.mat.broiler.GRCg7b, whole genome shotgun sequence	G	18	830583
NC_052565.1 Gallus gallus isolate bGalGal1 chromosome 34, bGalGal1.mat.broiler.GRCg7b, whole genome shotgun sequence	G	21	830877
NC_052565.1 Gallus gallus isolate bGalGal1 chromosome 34, bGalGal1.mat.broiler.GRCg7b, whole genome shotgun sequence	A	19	835912
NC_052565.1 Gallus gallus isolate bGalGal1 chromosome 34, bGalGal1.mat.broiler.GRCg7b, whole genome shotgun sequence	T	17	836157
NC_052565.1 Gallus gallus isolate bGalGal1 chromosome 34, bGalGal1.mat.broiler.GRCg7b, whole genome shotgun sequence	C	17	837302
NC_052565.1 Gallus gallus isolate bGalGal1 chromosome 34, bGalGal1.mat.broiler.GRCg7b, whole genome shotgun sequence	C	24	838521
NC_052565.1 Gallus gallus isolate bGalGal1 chromosome 34, bGalGal1.mat.broiler.GRCg7b, whole genome shotgun sequence	G	20	841358
NC_052565.1 Gallus gallus isolate bGalGal1 chromosome 34, bGalGal1.mat.broiler.GRCg7b, whole genome shotgun sequence	G	20	841708
NC_052565.1 Gallus gallus isolate bGalGal1 chromosome 34, bGalGal1.mat.broiler.GRCg7b, whole genome shotgun sequence	G	22	842879
NC_052565.1 Gallus gallus isolate bGalGal1 chromosome 34, bGalGal1.mat.broiler.GRCg7b, whole genome shotgun sequence	T	17	842914
NC_052565.1 Gallus gallus isolate bGalGal1 chromosome 34, bGalGal1.mat.broiler.GRCg7b, whole genome shotgun sequence	T	25	843434
NC_052565.1 Gallus gallus isolate bGalGal1 chromosome 34, bGalGal1.mat.broiler.GRCg7b, whole genome shotgun sequence	C	16	843779
NC_052565.1 Gallus gallus isolate bGalGal1 chromosome 34, bGalGal1.mat.broiler.GRCg7b, whole genome shotgun sequence	A	25	844074
NC_052565.1 Gallus gallus isolate bGalGal1 chromosome 34, bGalGal1.mat.broiler.GRCg7b, whole genome shotgun sequence	C	16	844245
NC_052565.1 Gallus gallus isolate bGalGal1 chromosome 34, bGalGal1.mat.broiler.GRCg7b, whole genome shotgun sequence	T	19	844424
NC_052565.1 Gallus gallus isolate bGalGal1 chromosome 34, bGalGal1.mat.broiler.GRCg7b, whole genome shotgun sequence	C	17	845717
NC_052565.1 Gallus gallus isolate bGalGal1 chromosome 34, bGalGal1.mat.broiler.GRCg7b, whole genome shotgun sequence	T	17	847916
NC_052565.1 Gallus gallus isolate bGalGal1 chromosome 34, bGalGal1.mat.broiler.GRCg7b, whole genome shotgun sequence	T	28	847976
NC_052565.1 Gallus gallus isolate bGalGal1 chromosome 34, bGalGal1.mat.broiler.GRCg7b, whole genome shotgun sequence	C	32	851708
NC_052565.1 Gallus gallus isolate bGalGal1 chromosome 34, bGalGal1.mat.broiler.GRCg7b, whole genome shotgun sequence	G	16	851988
NC_052565.1 Gallus gallus isolate bGalGal1 chromosome 34, bGalGal1.mat.broiler.GRCg7b, whole genome shotgun sequence	G	19	855895
NC_052565.1 Gallus gallus isolate bGalGal1 chromosome 34, bGalGal1.mat.broiler.GRCg7b, whole genome shotgun sequence	G	17	860680
NC_052565.1 Gallus gallus isolate bGalGal1 chromosome 34, bGalGal1.mat.broiler.GRCg7b, whole genome shotgun sequence	C	24	861721
NC_052565.1 Gallus gallus isolate bGalGal1 chromosome 34, bGalGal1.mat.broiler.GRCg7b, whole genome shotgun sequence	T	21	865486
NC_052565.1 Gallus gallus isolate bGalGal1 chromosome 34, bGalGal1.mat.broiler.GRCg7b, whole genome shotgun sequence	A	16	867242
NC_052565.1 Gallus gallus isolate bGalGal1 chromosome 34, bGalGal1.mat.broiler.GRCg7b, whole genome shotgun sequence	T	16	870236
NC_052565.1 Gallus gallus isolate bGalGal1 chromosome 34, bGalGal1.mat.broiler.GRCg7b, whole genome shotgun sequence	C	40	871355
NC_052565.1 Gallus gallus isolate bGalGal1 chromosome 34, bGalGal1.mat.broiler.GRCg7b, whole genome shotgun sequence	A	17	873634
NC_052565.1 Gallus gallus isolate bGalGal1 chromosome 34, bGalGal1.mat.broiler.GRCg7b, whole genome shotgun sequence	T	28	875284
NC_052565.1 Gallus gallus isolate bGalGal1 chromosome 34, bGalGal1.mat.broiler.GRCg7b, whole genome shotgun sequence	G	19	879708
NC_052565.1 Gallus gallus isolate bGalGal1 chromosome 34, bGalGal1.mat.broiler.GRCg7b, whole genome shotgun sequence	C	16	880767
NC_052565.1 Gallus gallus isolate bGalGal1 chromosome 34, bGalGal1.mat.broiler.GRCg7b, whole genome shotgun sequence	C	21	884859
NC_052565.1 Gallus gallus isolate bGalGal1 chromosome 34, bGalGal1.mat.broiler.GRCg7b, whole genome shotgun sequence	G	23	885030
NC_052565.1 Gallus gallus isolate bGalGal1 chromosome 34, bGalGal1.mat.broiler.GRCg7b, whole genome shotgun sequence	C	19	886075
NC_052565.1 Gallus gallus isolate bGalGal1 chromosome 34, bGalGal1.mat.broiler.GRCg7b, whole genome shotgun sequence	G	24	886375
NC_052565.1 Gallus gallus isolate bGalGal1 chromosome 34, bGalGal1.mat.broiler.GRCg7b, whole genome shotgun sequence	G	17	886489
NC_052565.1 Gallus gallus isolate bGalGal1 chromosome 34, bGalGal1.mat.broiler.GRCg7b, whole genome shotgun sequence	C	19	886756
NC_052565.1 Gallus gallus isolate bGalGal1 chromosome 34, bGalGal1.mat.broiler.GRCg7b, whole genome shotgun sequence	C	20	886934
NC_052565.1 Gallus gallus isolate bGalGal1 chromosome 34, bGalGal1.mat.broiler.GRCg7b, whole genome shotgun sequence	G	16	887816
NC_052565.1 Gallus gallus isolate bGalGal1 chromosome 34, bGalGal1.mat.broiler.GRCg7b, whole genome shotgun sequence	C	17	889274
NC_052565.1 Gallus gallus isolate bGalGal1 chromosome 34, bGalGal1.mat.broiler.GRCg7b, whole genome shotgun sequence	T	26	898497
NC_052565.1 Gallus gallus isolate bGalGal1 chromosome 34, bGalGal1.mat.broiler.GRCg7b, whole genome shotgun sequence	T	22	898895
NC_052565.1 Gallus gallus isolate bGalGal1 chromosome 34, bGalGal1.mat.broiler.GRCg7b, whole genome shotgun sequence	C	17	900204
NC_052565.1 Gallus gallus isolate bGalGal1 chromosome 34, bGalGal1.mat.broiler.GRCg7b, whole genome shotgun sequence	G	16	908224
NC_052565.1 Gallus gallus isolate bGalGal1 chromosome 34, bGalGal1.mat.broiler.GRCg7b, whole genome shotgun sequence	C	21	911198
NC_052565.1 Gallus gallus isolate bGalGal1 chromosome 34, bGalGal1.mat.broiler.GRCg7b, whole genome shotgun sequence	C	18	913067
NC_052565.1 Gallus gallus isolate bGalGal1 chromosome 34, bGalGal1.mat.broiler.GRCg7b, whole genome shotgun sequence	G	25	913184
NC_052565.1 Gallus gallus isolate bGalGal1 chromosome 34, bGalGal1.mat.broiler.GRCg7b, whole genome shotgun sequence	C	16	913895
NC_052565.1 Gallus gallus isolate bGalGal1 chromosome 34, bGalGal1.mat.broiler.GRCg7b, whole genome shotgun sequence	A	23	914324
NC_052565.1 Gallus gallus isolate bGalGal1 chromosome 34, bGalGal1.mat.broiler.GRCg7b, whole genome shotgun sequence	G	16	914891
NC_052565.1 Gallus gallus isolate bGalGal1 chromosome 34, bGalGal1.mat.broiler.GRCg7b, whole genome shotgun sequence	C	27	914994
NC_052565.1 Gallus gallus isolate bGalGal1 chromosome 34, bGalGal1.mat.broiler.GRCg7b, whole genome shotgun sequence	G	19	916494
NC_052565.1 Gallus gallus isolate bGalGal1 chromosome 34, bGalGal1.mat.broiler.GRCg7b, whole genome shotgun sequence	C	16	916740
NC_052565.1 Gallus gallus isolate bGalGal1 chromosome 34, bGalGal1.mat.broiler.GRCg7b, whole genome shotgun sequence	C	18	921311
NC_052565.1 Gallus gallus isolate bGalGal1 chromosome 34, bGalGal1.mat.broiler.GRCg7b, whole genome shotgun sequence	C	16	940442
NC_052565.1 Gallus gallus isolate bGalGal1 chromosome 34, bGalGal1.mat.broiler.GRCg7b, whole genome shotgun sequence	C	20	955493
NC_052565.1 Gallus gallus isolate bGalGal1 chromosome 34, bGalGal1.mat.broiler.GRCg7b, whole genome shotgun sequence	G	20	956486
NC_052565.1 Gallus gallus isolate bGalGal1 chromosome 34, bGalGal1.mat.broiler.GRCg7b, whole genome shotgun sequence	C	26	963276
NC_052565.1 Gallus gallus isolate bGalGal1 chromosome 34, bGalGal1.mat.broiler.GRCg7b, whole genome shotgun sequence	C	16	966250
NC_052565.1 Gallus gallus isolate bGalGal1 chromosome 34, bGalGal1.mat.broiler.GRCg7b, whole genome shotgun sequence	C	21	966584
NC_052565.1 Gallus gallus isolate bGalGal1 chromosome 34, bGalGal1.mat.broiler.GRCg7b, whole genome shotgun sequence	C	16	992467
NC_052565.1 Gallus gallus isolate bGalGal1 chromosome 34, bGalGal1.mat.broiler.GRCg7b, whole genome shotgun sequence	C	17	994356
NC_052565.1 Gallus gallus isolate bGalGal1 chromosome 34, bGalGal1.mat.broiler.GRCg7b, whole genome shotgun sequence	G	23	994525
NC_052565.1 Gallus gallus isolate bGalGal1 chromosome 34, bGalGal1.mat.broiler.GRCg7b, whole genome shotgun sequence	C	18	998672
NC_052565.1 Gallus gallus isolate bGalGal1 chromosome 34, bGalGal1.mat.broiler.GRCg7b, whole genome shotgun sequence	T	16	1000956
NC_052565.1 Gallus gallus isolate bGalGal1 chromosome 34, bGalGal1.mat.broiler.GRCg7b, whole genome shotgun sequence	G	17	1015241
NC_052565.1 Gallus gallus isolate bGalGal1 chromosome 34, bGalGal1.mat.broiler.GRCg7b, whole genome shotgun sequence	G	18	1015814
NC_052565.1 Gallus gallus isolate bGalGal1 chromosome 34, bGalGal1.mat.broiler.GRCg7b, whole genome shotgun sequence	G	18	1017160
NC_052565.1 Gallus gallus isolate bGalGal1 chromosome 34, bGalGal1.mat.broiler.GRCg7b, whole genome shotgun sequence	C	19	1018659
NC_052565.1 Gallus gallus isolate bGalGal1 chromosome 34, bGalGal1.mat.broiler.GRCg7b, whole genome shotgun sequence	G	17	1022854
NC_052565.1 Gallus gallus isolate bGalGal1 chromosome 34, bGalGal1.mat.broiler.GRCg7b, whole genome shotgun sequence	C	24	1023510
NC_052565.1 Gallus gallus isolate bGalGal1 chromosome 34, bGalGal1.mat.broiler.GRCg7b, whole genome shotgun sequence	G	17	1023905
NC_052565.1 Gallus gallus isolate bGalGal1 chromosome 34, bGalGal1.mat.broiler.GRCg7b, whole genome shotgun sequence	C	16	1024151
NC_052565.1 Gallus gallus isolate bGalGal1 chromosome 34, bGalGal1.mat.broiler.GRCg7b, whole genome shotgun sequence	G	16	1031279
NC_052565.1 Gallus gallus isolate bGalGal1 chromosome 34, bGalGal1.mat.broiler.GRCg7b, whole genome shotgun sequence	C	16	1031990
NC_052565.1 Gallus gallus isolate bGalGal1 chromosome 34, bGalGal1.mat.broiler.GRCg7b, whole genome shotgun sequence	G	19	1032434
NC_052565.1 Gallus gallus isolate bGalGal1 chromosome 34, bGalGal1.mat.broiler.GRCg7b, whole genome shotgun sequence	G	24	1033351
NC_052565.1 Gallus gallus isolate bGalGal1 chromosome 34, bGalGal1.mat.broiler.GRCg7b, whole genome shotgun sequence	C	19	1034329
NC_052565.1 Gallus gallus isolate bGalGal1 chromosome 34, bGalGal1.mat.broiler.GRCg7b, whole genome shotgun sequence	C	18	1040856
NC_052565.1 Gallus gallus isolate bGalGal1 chromosome 34, bGalGal1.mat.broiler.GRCg7b, whole genome shotgun sequence	A	20	1047266
NC_052565.1 Gallus gallus isolate bGalGal1 chromosome 34, bGalGal1.mat.broiler.GRCg7b, whole genome shotgun sequence	G	22	1049807
NC_052565.1 Gallus gallus isolate bGalGal1 chromosome 34, bGalGal1.mat.broiler.GRCg7b, whole genome shotgun sequence	C	17	1052411
NC_052565.1 Gallus gallus isolate bGalGal1 chromosome 34, bGalGal1.mat.broiler.GRCg7b, whole genome shotgun sequence	C	16	1052907
NC_052565.1 Gallus gallus isolate bGalGal1 chromosome 34, bGalGal1.mat.broiler.GRCg7b, whole genome shotgun sequence	C	18	1054334
NC_052565.1 Gallus gallus isolate bGalGal1 chromosome 34, bGalGal1.mat.broiler.GRCg7b, whole genome shotgun sequence	C	18	1054836
NC_052565.1 Gallus gallus isolate bGalGal1 chromosome 34, bGalGal1.mat.broiler.GRCg7b, whole genome shotgun sequence	T	16	1056588
NC_052565.1 Gallus gallus isolate bGalGal1 chromosome 34, bGalGal1.mat.broiler.GRCg7b, whole genome shotgun sequence	G	18	1056809
NC_052565.1 Gallus gallus isolate bGalGal1 chromosome 34, bGalGal1.mat.broiler.GRCg7b, whole genome shotgun sequence	C	19	1056996
NC_052565.1 Gallus gallus isolate bGalGal1 chromosome 34, bGalGal1.mat.broiler.GRCg7b, whole genome shotgun sequence	G	16	1057066
NC_052565.1 Gallus gallus isolate bGalGal1 chromosome 34, bGalGal1.mat.broiler.GRCg7b, whole genome shotgun sequence	G	23	1057329
NC_052565.1 Gallus gallus isolate bGalGal1 chromosome 34, bGalGal1.mat.broiler.GRCg7b, whole genome shotgun sequence	G	24	1057724
NC_052565.1 Gallus gallus isolate bGalGal1 chromosome 34, bGalGal1.mat.broiler.GRCg7b, whole genome shotgun sequence	C	16	1057933
NC_052565.1 Gallus gallus isolate bGalGal1 chromosome 34, bGalGal1.mat.broiler.GRCg7b, whole genome shotgun sequence	T	16	1058713
NC_052565.1 Gallus gallus isolate bGalGal1 chromosome 34, bGalGal1.mat.broiler.GRCg7b, whole genome shotgun sequence	G	17	1058914
NC_052565.1 Gallus gallus isolate bGalGal1 chromosome 34, bGalGal1.mat.broiler.GRCg7b, whole genome shotgun sequence	G	16	1075131
NC_052565.1 Gallus gallus isolate bGalGal1 chromosome 34, bGalGal1.mat.broiler.GRCg7b, whole genome shotgun sequence	C	16	1075663
NC_052565.1 Gallus gallus isolate bGalGal1 chromosome 34, bGalGal1.mat.broiler.GRCg7b, whole genome shotgun sequence	C	25	1075722
NC_052565.1 Gallus gallus isolate bGalGal1 chromosome 34, bGalGal1.mat.broiler.GRCg7b, whole genome shotgun sequence	G	17	1077077
NC_052565.1 Gallus gallus isolate bGalGal1 chromosome 34, bGalGal1.mat.broiler.GRCg7b, whole genome shotgun sequence	C	21	1077278
NC_052565.1 Gallus gallus isolate bGalGal1 chromosome 34, bGalGal1.mat.broiler.GRCg7b, whole genome shotgun sequence	C	16	1077322
NC_052565.1 Gallus gallus isolate bGalGal1 chromosome 34, bGalGal1.mat.broiler.GRCg7b, whole genome shotgun sequence	G	17	1078074
NC_052565.1 Gallus gallus isolate bGalGal1 chromosome 34, bGalGal1.mat.broiler.GRCg7b, whole genome shotgun sequence	C	23	1079701
NC_052565.1 Gallus gallus isolate bGalGal1 chromosome 34, bGalGal1.mat.broiler.GRCg7b, whole genome shotgun sequence	G	17	1083528
NC_052565.1 Gallus gallus isolate bGalGal1 chromosome 34, bGalGal1.mat.broiler.GRCg7b, whole genome shotgun sequence	C	16	1086024
NC_052565.1 Gallus gallus isolate bGalGal1 chromosome 34, bGalGal1.mat.broiler.GRCg7b, whole genome shotgun sequence	G	17	1086979
NC_052565.1 Gallus gallus isolate bGalGal1 chromosome 34, bGalGal1.mat.broiler.GRCg7b, whole genome shotgun sequence	C	21	1087116
NC_052565.1 Gallus gallus isolate bGalGal1 chromosome 34, bGalGal1.mat.broiler.GRCg7b, whole genome shotgun sequence	G	18	1087240
NC_052565.1 Gallus gallus isolate bGalGal1 chromosome 34, bGalGal1.mat.broiler.GRCg7b, whole genome shotgun sequence	C	33	1088334
NC_052565.1 Gallus gallus isolate bGalGal1 chromosome 34, bGalGal1.mat.broiler.GRCg7b, whole genome shotgun sequence	G	16	1088980
NC_052565.1 Gallus gallus isolate bGalGal1 chromosome 34, bGalGal1.mat.broiler.GRCg7b, whole genome shotgun sequence	C	18	1105649
NC_052565.1 Gallus gallus isolate bGalGal1 chromosome 34, bGalGal1.mat.broiler.GRCg7b, whole genome shotgun sequence	C	16	1109324
NC_052565.1 Gallus gallus isolate bGalGal1 chromosome 34, bGalGal1.mat.broiler.GRCg7b, whole genome shotgun sequence	G	23	1133241
NC_052565.1 Gallus gallus isolate bGalGal1 chromosome 34, bGalGal1.mat.broiler.GRCg7b, whole genome shotgun sequence	TCTCT	20	2389579
NC_052565.1 Gallus gallus isolate bGalGal1 chromosome 34, bGalGal1.mat.broiler.GRCg7b, whole genome shotgun sequence	CTTCC	69	2389677
NC_052565.1 Gallus gallus isolate bGalGal1 chromosome 34, bGalGal1.mat.broiler.GRCg7b, whole genome shotgun sequence	CCCTC	19	2390020
NC_052565.1 Gallus gallus isolate bGalGal1 chromosome 34, bGalGal1.mat.broiler.GRCg7b, whole genome shotgun sequence	C	22	2378650
NC_052565.1 Gallus gallus isolate bGalGal1 chromosome 34, bGalGal1.mat.broiler.GRCg7b, whole genome shotgun sequence	C	20	2380595
NC_052565.1 Gallus gallus isolate bGalGal1 chromosome 34, bGalGal1.mat.broiler.GRCg7b, whole genome shotgun sequence	G	18	2415395
NC_052565.1 Gallus gallus isolate bGalGal1 chromosome 34, bGalGal1.mat.broiler.GRCg7b, whole genome shotgun sequence	G	18	2415608
NC_052565.1 Gallus gallus isolate bGalGal1 chromosome 34, bGalGal1.mat.broiler.GRCg7b, whole genome shotgun sequence	G	17	2415728
NC_052565.1 Gallus gallus isolate bGalGal1 chromosome 34, bGalGal1.mat.broiler.GRCg7b, whole genome shotgun sequence	G	23	2416052
NC_052565.1 Gallus gallus isolate bGalGal1 chromosome 34, bGalGal1.mat.broiler.GRCg7b, whole genome shotgun sequence	G	21	2416961
NC_052565.1 Gallus gallus isolate bGalGal1 chromosome 34, bGalGal1.mat.broiler.GRCg7b, whole genome shotgun sequence	G	17	2417790
NC_052565.1 Gallus gallus isolate bGalGal1 chromosome 34, bGalGal1.mat.broiler.GRCg7b, whole genome shotgun sequence	G	21	2426404
NC_052565.1 Gallus gallus isolate bGalGal1 chromosome 34, bGalGal1.mat.broiler.GRCg7b, whole genome shotgun sequence	G	17	2432011
NC_052565.1 Gallus gallus isolate bGalGal1 chromosome 34, bGalGal1.mat.broiler.GRCg7b, whole genome shotgun sequence	G	20	2434118
NC_052565.1 Gallus gallus isolate bGalGal1 chromosome 34, bGalGal1.mat.broiler.GRCg7b, whole genome shotgun sequence	G	19	2435890
NC_052565.1 Gallus gallus isolate bGalGal1 chromosome 34, bGalGal1.mat.broiler.GRCg7b, whole genome shotgun sequence	C	20	2435978
NC_052565.1 Gallus gallus isolate bGalGal1 chromosome 34, bGalGal1.mat.broiler.GRCg7b, whole genome shotgun sequence	G	31	2436044
NC_052565.1 Gallus gallus isolate bGalGal1 chromosome 34, bGalGal1.mat.broiler.GRCg7b, whole genome shotgun sequence	C	21	2440356
NC_052565.1 Gallus gallus isolate bGalGal1 chromosome 34, bGalGal1.mat.broiler.GRCg7b, whole genome shotgun sequence	C	17	2440707
NC_052565.1 Gallus gallus isolate bGalGal1 chromosome 34, bGalGal1.mat.broiler.GRCg7b, whole genome shotgun sequence	G	18	2457950
NC_052565.1 Gallus gallus isolate bGalGal1 chromosome 34, bGalGal1.mat.broiler.GRCg7b, whole genome shotgun sequence	C	18	2462248
NC_052565.1 Gallus gallus isolate bGalGal1 chromosome 34, bGalGal1.mat.broiler.GRCg7b, whole genome shotgun sequence	C	17	2462829
NC_052565.1 Gallus gallus isolate bGalGal1 chromosome 34, bGalGal1.mat.broiler.GRCg7b, whole genome shotgun sequence	C	16	2464360
NC_052565.1 Gallus gallus isolate bGalGal1 chromosome 34, bGalGal1.mat.broiler.GRCg7b, whole genome shotgun sequence	C	19	2467815
NC_052565.1 Gallus gallus isolate bGalGal1 chromosome 34, bGalGal1.mat.broiler.GRCg7b, whole genome shotgun sequence	G	18	2468776
NC_052565.1 Gallus gallus isolate bGalGal1 chromosome 34, bGalGal1.mat.broiler.GRCg7b, whole genome shotgun sequence	G	17	2475364
NC_052565.1 Gallus gallus isolate bGalGal1 chromosome 34, bGalGal1.mat.broiler.GRCg7b, whole genome shotgun sequence	G	16	2477020
NC_052565.1 Gallus gallus isolate bGalGal1 chromosome 34, bGalGal1.mat.broiler.GRCg7b, whole genome shotgun sequence	C	17	2477811
NC_052565.1 Gallus gallus isolate bGalGal1 chromosome 34, bGalGal1.mat.broiler.GRCg7b, whole genome shotgun sequence	C	16	2478018
NC_052565.1 Gallus gallus isolate bGalGal1 chromosome 34, bGalGal1.mat.broiler.GRCg7b, whole genome shotgun sequence	C	20	2478258
NC_052565.1 Gallus gallus isolate bGalGal1 chromosome 34, bGalGal1.mat.broiler.GRCg7b, whole genome shotgun sequence	C	19	2479154
NC_052565.1 Gallus gallus isolate bGalGal1 chromosome 34, bGalGal1.mat.broiler.GRCg7b, whole genome shotgun sequence	G	17	2480275
NC_052565.1 Gallus gallus isolate bGalGal1 chromosome 34, bGalGal1.mat.broiler.GRCg7b, whole genome shotgun sequence	T	20	2487982
NC_052565.1 Gallus gallus isolate bGalGal1 chromosome 34, bGalGal1.mat.broiler.GRCg7b, whole genome shotgun sequence	TTCCC	33	206229
NC_052565.1 Gallus gallus isolate bGalGal1 chromosome 34, bGalGal1.mat.broiler.GRCg7b, whole genome shotgun sequence	TTCCC	43	601399
NC_052565.1 Gallus gallus isolate bGalGal1 chromosome 34, bGalGal1.mat.broiler.GRCg7b, whole genome shotgun sequence	GT	14	148657
NC_052565.1 Gallus gallus isolate bGalGal1 chromosome 34, bGalGal1.mat.broiler.GRCg7b, whole genome shotgun sequence	AC	14	156423
NC_052565.1 Gallus gallus isolate bGalGal1 chromosome 34, bGalGal1.mat.broiler.GRCg7b, whole genome shotgun sequence	CA	22	181802
NC_052565.1 Gallus gallus isolate bGalGal1 chromosome 34, bGalGal1.mat.broiler.GRCg7b, whole genome shotgun sequence	CA	15	671922
NC_052565.1 Gallus gallus isolate bGalGal1 chromosome 34, bGalGal1.mat.broiler.GRCg7b, whole genome shotgun sequence	GT	19	683357
NC_052565.1 Gallus gallus isolate bGalGal1 chromosome 34, bGalGal1.mat.broiler.GRCg7b, whole genome shotgun sequence	CA	15	692089
NC_052565.1 Gallus gallus isolate bGalGal1 chromosome 34, bGalGal1.mat.broiler.GRCg7b, whole genome shotgun sequence	CA	22	704463
NC_052565.1 Gallus gallus isolate bGalGal1 chromosome 34, bGalGal1.mat.broiler.GRCg7b, whole genome shotgun sequence	C	17	135452
NC_052565.1 Gallus gallus isolate bGalGal1 chromosome 34, bGalGal1.mat.broiler.GRCg7b, whole genome shotgun sequence	G	16	135936
NC_052565.1 Gallus gallus isolate bGalGal1 chromosome 34, bGalGal1.mat.broiler.GRCg7b, whole genome shotgun sequence	C	16	141113
NC_052565.1 Gallus gallus isolate bGalGal1 chromosome 34, bGalGal1.mat.broiler.GRCg7b, whole genome shotgun sequence	C	23	141489
NC_052565.1 Gallus gallus isolate bGalGal1 chromosome 34, bGalGal1.mat.broiler.GRCg7b, whole genome shotgun sequence	C	19	141965
NC_052565.1 Gallus gallus isolate bGalGal1 chromosome 34, bGalGal1.mat.broiler.GRCg7b, whole genome shotgun sequence	C	17	142440
NC_052565.1 Gallus gallus isolate bGalGal1 chromosome 34, bGalGal1.mat.broiler.GRCg7b, whole genome shotgun sequence	G	21	142768
NC_052565.1 Gallus gallus isolate bGalGal1 chromosome 34, bGalGal1.mat.broiler.GRCg7b, whole genome shotgun sequence	G	22	143237
NC_052565.1 Gallus gallus isolate bGalGal1 chromosome 34, bGalGal1.mat.broiler.GRCg7b, whole genome shotgun sequence	C	16	146598
NC_052565.1 Gallus gallus isolate bGalGal1 chromosome 34, bGalGal1.mat.broiler.GRCg7b, whole genome shotgun sequence	C	24	148932
NC_052565.1 Gallus gallus isolate bGalGal1 chromosome 34, bGalGal1.mat.broiler.GRCg7b, whole genome shotgun sequence	G	16	155981
NC_052565.1 Gallus gallus isolate bGalGal1 chromosome 34, bGalGal1.mat.broiler.GRCg7b, whole genome shotgun sequence	C	18	157180
NC_052565.1 Gallus gallus isolate bGalGal1 chromosome 34, bGalGal1.mat.broiler.GRCg7b, whole genome shotgun sequence	C	23	157678
NC_052565.1 Gallus gallus isolate bGalGal1 chromosome 34, bGalGal1.mat.broiler.GRCg7b, whole genome shotgun sequence	G	19	158548
NC_052565.1 Gallus gallus isolate bGalGal1 chromosome 34, bGalGal1.mat.broiler.GRCg7b, whole genome shotgun sequence	C	16	163100
NC_052565.1 Gallus gallus isolate bGalGal1 chromosome 34, bGalGal1.mat.broiler.GRCg7b, whole genome shotgun sequence	C	16	164431
NC_052565.1 Gallus gallus isolate bGalGal1 chromosome 34, bGalGal1.mat.broiler.GRCg7b, whole genome shotgun sequence	C	17	165855
NC_052565.1 Gallus gallus isolate bGalGal1 chromosome 34, bGalGal1.mat.broiler.GRCg7b, whole genome shotgun sequence	G	18	167483
NC_052565.1 Gallus gallus isolate bGalGal1 chromosome 34, bGalGal1.mat.broiler.GRCg7b, whole genome shotgun sequence	G	29	168687
NC_052565.1 Gallus gallus isolate bGalGal1 chromosome 34, bGalGal1.mat.broiler.GRCg7b, whole genome shotgun sequence	G	21	168759
NC_052565.1 Gallus gallus isolate bGalGal1 chromosome 34, bGalGal1.mat.broiler.GRCg7b, whole genome shotgun sequence	G	28	186428
NC_052565.1 Gallus gallus isolate bGalGal1 chromosome 34, bGalGal1.mat.broiler.GRCg7b, whole genome shotgun sequence	C	24	190819
NC_052565.1 Gallus gallus isolate bGalGal1 chromosome 34, bGalGal1.mat.broiler.GRCg7b, whole genome shotgun sequence	C	22	196730
NC_052565.1 Gallus gallus isolate bGalGal1 chromosome 34, bGalGal1.mat.broiler.GRCg7b, whole genome shotgun sequence	C	18	201785
NC_052565.1 Gallus gallus isolate bGalGal1 chromosome 34, bGalGal1.mat.broiler.GRCg7b, whole genome shotgun sequence	C	20	202066
NC_052565.1 Gallus gallus isolate bGalGal1 chromosome 34, bGalGal1.mat.broiler.GRCg7b, whole genome shotgun sequence	C	17	202097
NC_052565.1 Gallus gallus isolate bGalGal1 chromosome 34, bGalGal1.mat.broiler.GRCg7b, whole genome shotgun sequence	G	16	216224
NC_052565.1 Gallus gallus isolate bGalGal1 chromosome 34, bGalGal1.mat.broiler.GRCg7b, whole genome shotgun sequence	C	38	226220
NC_052565.1 Gallus gallus isolate bGalGal1 chromosome 34, bGalGal1.mat.broiler.GRCg7b, whole genome shotgun sequence	C	18	226363
NC_052565.1 Gallus gallus isolate bGalGal1 chromosome 34, bGalGal1.mat.broiler.GRCg7b, whole genome shotgun sequence	T	17	231323
NC_052565.1 Gallus gallus isolate bGalGal1 chromosome 34, bGalGal1.mat.broiler.GRCg7b, whole genome shotgun sequence	A	17	231402
NC_052565.1 Gallus gallus isolate bGalGal1 chromosome 34, bGalGal1.mat.broiler.GRCg7b, whole genome shotgun sequence	A	18	231590
NC_052565.1 Gallus gallus isolate bGalGal1 chromosome 34, bGalGal1.mat.broiler.GRCg7b, whole genome shotgun sequence	A	18	256431
NC_052565.1 Gallus gallus isolate bGalGal1 chromosome 34, bGalGal1.mat.broiler.GRCg7b, whole genome shotgun sequence	A	20	268757
NC_052565.1 Gallus gallus isolate bGalGal1 chromosome 34, bGalGal1.mat.broiler.GRCg7b, whole genome shotgun sequence	T	17	270701
NC_052565.1 Gallus gallus isolate bGalGal1 chromosome 34, bGalGal1.mat.broiler.GRCg7b, whole genome shotgun sequence	A	18	294656
NC_052565.1 Gallus gallus isolate bGalGal1 chromosome 34, bGalGal1.mat.broiler.GRCg7b, whole genome shotgun sequence	A	17	339853
NC_052565.1 Gallus gallus isolate bGalGal1 chromosome 34, bGalGal1.mat.broiler.GRCg7b, whole genome shotgun sequence	C	17	365621
NC_052565.1 Gallus gallus isolate bGalGal1 chromosome 34, bGalGal1.mat.broiler.GRCg7b, whole genome shotgun sequence	T	21	433570
NC_052565.1 Gallus gallus isolate bGalGal1 chromosome 34, bGalGal1.mat.broiler.GRCg7b, whole genome shotgun sequence	T	16	436324
NC_052565.1 Gallus gallus isolate bGalGal1 chromosome 34, bGalGal1.mat.broiler.GRCg7b, whole genome shotgun sequence	T	16	436721
NC_052565.1 Gallus gallus isolate bGalGal1 chromosome 34, bGalGal1.mat.broiler.GRCg7b, whole genome shotgun sequence	G	16	447120
NC_052565.1 Gallus gallus isolate bGalGal1 chromosome 34, bGalGal1.mat.broiler.GRCg7b, whole genome shotgun sequence	T	18	450229
NC_052565.1 Gallus gallus isolate bGalGal1 chromosome 34, bGalGal1.mat.broiler.GRCg7b, whole genome shotgun sequence	T	18	496632
NC_052565.1 Gallus gallus isolate bGalGal1 chromosome 34, bGalGal1.mat.broiler.GRCg7b, whole genome shotgun sequence	T	16	516541
NC_052565.1 Gallus gallus isolate bGalGal1 chromosome 34, bGalGal1.mat.broiler.GRCg7b, whole genome shotgun sequence	A	20	533959
NC_052565.1 Gallus gallus isolate bGalGal1 chromosome 34, bGalGal1.mat.broiler.GRCg7b, whole genome shotgun sequence	G	25	539426
NC_052565.1 Gallus gallus isolate bGalGal1 chromosome 34, bGalGal1.mat.broiler.GRCg7b, whole genome shotgun sequence	G	26	546016
NC_052565.1 Gallus gallus isolate bGalGal1 chromosome 34, bGalGal1.mat.broiler.GRCg7b, whole genome shotgun sequence	G	17	568918
NC_052565.1 Gallus gallus isolate bGalGal1 chromosome 34, bGalGal1.mat.broiler.GRCg7b, whole genome shotgun sequence	A	17	591583
NC_052565.1 Gallus gallus isolate bGalGal1 chromosome 34, bGalGal1.mat.broiler.GRCg7b, whole genome shotgun sequence	C	17	593563
NC_052565.1 Gallus gallus isolate bGalGal1 chromosome 34, bGalGal1.mat.broiler.GRCg7b, whole genome shotgun sequence	G	16	623761
NC_052565.1 Gallus gallus isolate bGalGal1 chromosome 34, bGalGal1.mat.broiler.GRCg7b, whole genome shotgun sequence	C	31	623933
NC_052565.1 Gallus gallus isolate bGalGal1 chromosome 34, bGalGal1.mat.broiler.GRCg7b, whole genome shotgun sequence	G	16	647259
NC_052565.1 Gallus gallus isolate bGalGal1 chromosome 34, bGalGal1.mat.broiler.GRCg7b, whole genome shotgun sequence	G	16	652532
NC_052565.1 Gallus gallus isolate bGalGal1 chromosome 34, bGalGal1.mat.broiler.GRCg7b, whole genome shotgun sequence	C	21	652954
NC_052565.1 Gallus gallus isolate bGalGal1 chromosome 34, bGalGal1.mat.broiler.GRCg7b, whole genome shotgun sequence	G	30	660009
NC_052565.1 Gallus gallus isolate bGalGal1 chromosome 34, bGalGal1.mat.broiler.GRCg7b, whole genome shotgun sequence	C	50	660369
NC_052565.1 Gallus gallus isolate bGalGal1 chromosome 34, bGalGal1.mat.broiler.GRCg7b, whole genome shotgun sequence	G	18	662302
NC_052565.1 Gallus gallus isolate bGalGal1 chromosome 34, bGalGal1.mat.broiler.GRCg7b, whole genome shotgun sequence	C	19	684740
NC_052565.1 Gallus gallus isolate bGalGal1 chromosome 34, bGalGal1.mat.broiler.GRCg7b, whole genome shotgun sequence	C	17	685447
NC_052565.1 Gallus gallus isolate bGalGal1 chromosome 34, bGalGal1.mat.broiler.GRCg7b, whole genome shotgun sequence	C	22	689146
NC_052565.1 Gallus gallus isolate bGalGal1 chromosome 34, bGalGal1.mat.broiler.GRCg7b, whole genome shotgun sequence	G	23	693138
NC_052565.1 Gallus gallus isolate bGalGal1 chromosome 34, bGalGal1.mat.broiler.GRCg7b, whole genome shotgun sequence	C	17	693368
NC_052565.1 Gallus gallus isolate bGalGal1 chromosome 34, bGalGal1.mat.broiler.GRCg7b, whole genome shotgun sequence	G	18	701740
NC_052565.1 Gallus gallus isolate bGalGal1 chromosome 34, bGalGal1.mat.broiler.GRCg7b, whole genome shotgun sequence	G	16	703245
NC_052565.1 Gallus gallus isolate bGalGal1 chromosome 34, bGalGal1.mat.broiler.GRCg7b, whole genome shotgun sequence	G	16	704910
NC_052565.1 Gallus gallus isolate bGalGal1 chromosome 34, bGalGal1.mat.broiler.GRCg7b, whole genome shotgun sequence	C	19	706813
NC_052565.1 Gallus gallus isolate bGalGal1 chromosome 34, bGalGal1.mat.broiler.GRCg7b, whole genome shotgun sequence	G	16	724764
NC_052565.1 Gallus gallus isolate bGalGal1 chromosome 34, bGalGal1.mat.broiler.GRCg7b, whole genome shotgun sequence	C	19	727800
NC_052565.1 Gallus gallus isolate bGalGal1 chromosome 34, bGalGal1.mat.broiler.GRCg7b, whole genome shotgun sequence	G	19	728911
NC_052565.1 Gallus gallus isolate bGalGal1 chromosome 34, bGalGal1.mat.broiler.GRCg7b, whole genome shotgun sequence	G	16	733076
NC_052565.1 Gallus gallus isolate bGalGal1 chromosome 34, bGalGal1.mat.broiler.GRCg7b, whole genome shotgun sequence	C	16	733216
NC_052565.1 Gallus gallus isolate bGalGal1 chromosome 34, bGalGal1.mat.broiler.GRCg7b, whole genome shotgun sequence	G	18	736820
NC_052565.1 Gallus gallus isolate bGalGal1 chromosome 34, bGalGal1.mat.broiler.GRCg7b, whole genome shotgun sequence	CGAGC	31	1303590
NC_052565.1 Gallus gallus isolate bGalGal1 chromosome 34, bGalGal1.mat.broiler.GRCg7b, whole genome shotgun sequence	CA	15	1227947
NC_052565.1 Gallus gallus isolate bGalGal1 chromosome 34, bGalGal1.mat.broiler.GRCg7b, whole genome shotgun sequence	G	23	1138944
NC_052565.1 Gallus gallus isolate bGalGal1 chromosome 34, bGalGal1.mat.broiler.GRCg7b, whole genome shotgun sequence	G	19	1139668
NC_052565.1 Gallus gallus isolate bGalGal1 chromosome 34, bGalGal1.mat.broiler.GRCg7b, whole genome shotgun sequence	C	19	1142638
NC_052565.1 Gallus gallus isolate bGalGal1 chromosome 34, bGalGal1.mat.broiler.GRCg7b, whole genome shotgun sequence	C	19	1147668
NC_052565.1 Gallus gallus isolate bGalGal1 chromosome 34, bGalGal1.mat.broiler.GRCg7b, whole genome shotgun sequence	C	17	1178540
NC_052565.1 Gallus gallus isolate bGalGal1 chromosome 34, bGalGal1.mat.broiler.GRCg7b, whole genome shotgun sequence	G	17	1179261
NC_052565.1 Gallus gallus isolate bGalGal1 chromosome 34, bGalGal1.mat.broiler.GRCg7b, whole genome shotgun sequence	C	21	1183129
NC_052565.1 Gallus gallus isolate bGalGal1 chromosome 34, bGalGal1.mat.broiler.GRCg7b, whole genome shotgun sequence	C	19	1189094
NC_052565.1 Gallus gallus isolate bGalGal1 chromosome 34, bGalGal1.mat.broiler.GRCg7b, whole genome shotgun sequence	C	17	1220564
NC_052565.1 Gallus gallus isolate bGalGal1 chromosome 34, bGalGal1.mat.broiler.GRCg7b, whole genome shotgun sequence	G	22	1221195
NC_052565.1 Gallus gallus isolate bGalGal1 chromosome 34, bGalGal1.mat.broiler.GRCg7b, whole genome shotgun sequence	G	20	1222202
NC_052565.1 Gallus gallus isolate bGalGal1 chromosome 34, bGalGal1.mat.broiler.GRCg7b, whole genome shotgun sequence	G	19	1222449
NC_052565.1 Gallus gallus isolate bGalGal1 chromosome 34, bGalGal1.mat.broiler.GRCg7b, whole genome shotgun sequence	G	17	1223128
NC_052565.1 Gallus gallus isolate bGalGal1 chromosome 34, bGalGal1.mat.broiler.GRCg7b, whole genome shotgun sequence	G	16	1225325
NC_052565.1 Gallus gallus isolate bGalGal1 chromosome 34, bGalGal1.mat.broiler.GRCg7b, whole genome shotgun sequence	C	19	1225833
NC_052565.1 Gallus gallus isolate bGalGal1 chromosome 34, bGalGal1.mat.broiler.GRCg7b, whole genome shotgun sequence	G	25	1226498
NC_052565.1 Gallus gallus isolate bGalGal1 chromosome 34, bGalGal1.mat.broiler.GRCg7b, whole genome shotgun sequence	C	22	1226685
NC_052565.1 Gallus gallus isolate bGalGal1 chromosome 34, bGalGal1.mat.broiler.GRCg7b, whole genome shotgun sequence	C	24	1227314
NC_052565.1 Gallus gallus isolate bGalGal1 chromosome 34, bGalGal1.mat.broiler.GRCg7b, whole genome shotgun sequence	C	18	1239504
NC_052565.1 Gallus gallus isolate bGalGal1 chromosome 34, bGalGal1.mat.broiler.GRCg7b, whole genome shotgun sequence	G	17	1239673
NC_052565.1 Gallus gallus isolate bGalGal1 chromosome 34, bGalGal1.mat.broiler.GRCg7b, whole genome shotgun sequence	C	20	1239783
NC_052565.1 Gallus gallus isolate bGalGal1 chromosome 34, bGalGal1.mat.broiler.GRCg7b, whole genome shotgun sequence	G	32	1240065
NC_052565.1 Gallus gallus isolate bGalGal1 chromosome 34, bGalGal1.mat.broiler.GRCg7b, whole genome shotgun sequence	C	20	1240121
NC_052565.1 Gallus gallus isolate bGalGal1 chromosome 34, bGalGal1.mat.broiler.GRCg7b, whole genome shotgun sequence	C	21	1241886
NC_052565.1 Gallus gallus isolate bGalGal1 chromosome 34, bGalGal1.mat.broiler.GRCg7b, whole genome shotgun sequence	G	23	1242515
NC_052565.1 Gallus gallus isolate bGalGal1 chromosome 34, bGalGal1.mat.broiler.GRCg7b, whole genome shotgun sequence	C	20	1242880
NC_052565.1 Gallus gallus isolate bGalGal1 chromosome 34, bGalGal1.mat.broiler.GRCg7b, whole genome shotgun sequence	C	16	1245410
NC_052565.1 Gallus gallus isolate bGalGal1 chromosome 34, bGalGal1.mat.broiler.GRCg7b, whole genome shotgun sequence	G	18	1246098
NC_052565.1 Gallus gallus isolate bGalGal1 chromosome 34, bGalGal1.mat.broiler.GRCg7b, whole genome shotgun sequence	C	23	1246467
NC_052565.1 Gallus gallus isolate bGalGal1 chromosome 34, bGalGal1.mat.broiler.GRCg7b, whole genome shotgun sequence	C	19	1249914
NC_052565.1 Gallus gallus isolate bGalGal1 chromosome 34, bGalGal1.mat.broiler.GRCg7b, whole genome shotgun sequence	G	19	1256191
NC_052565.1 Gallus gallus isolate bGalGal1 chromosome 34, bGalGal1.mat.broiler.GRCg7b, whole genome shotgun sequence	G	21	1256327
NC_052565.1 Gallus gallus isolate bGalGal1 chromosome 34, bGalGal1.mat.broiler.GRCg7b, whole genome shotgun sequence	C	17	1258019
NC_052565.1 Gallus gallus isolate bGalGal1 chromosome 34, bGalGal1.mat.broiler.GRCg7b, whole genome shotgun sequence	C	21	1258654
NC_052565.1 Gallus gallus isolate bGalGal1 chromosome 34, bGalGal1.mat.broiler.GRCg7b, whole genome shotgun sequence	T	18	1260696
NC_052565.1 Gallus gallus isolate bGalGal1 chromosome 34, bGalGal1.mat.broiler.GRCg7b, whole genome shotgun sequence	T	16	1260916
NC_052565.1 Gallus gallus isolate bGalGal1 chromosome 34, bGalGal1.mat.broiler.GRCg7b, whole genome shotgun sequence	T	23	1260947
NC_052565.1 Gallus gallus isolate bGalGal1 chromosome 34, bGalGal1.mat.broiler.GRCg7b, whole genome shotgun sequence	C	19	1261201
NC_052565.1 Gallus gallus isolate bGalGal1 chromosome 34, bGalGal1.mat.broiler.GRCg7b, whole genome shotgun sequence	C	32	1266530
NC_052565.1 Gallus gallus isolate bGalGal1 chromosome 34, bGalGal1.mat.broiler.GRCg7b, whole genome shotgun sequence	C	18	1277864
NC_052565.1 Gallus gallus isolate bGalGal1 chromosome 34, bGalGal1.mat.broiler.GRCg7b, whole genome shotgun sequence	G	18	1288770
NC_052565.1 Gallus gallus isolate bGalGal1 chromosome 34, bGalGal1.mat.broiler.GRCg7b, whole genome shotgun sequence	C	30	1291096
NC_052565.1 Gallus gallus isolate bGalGal1 chromosome 34, bGalGal1.mat.broiler.GRCg7b, whole genome shotgun sequence	G	19	1292217
NC_052565.1 Gallus gallus isolate bGalGal1 chromosome 34, bGalGal1.mat.broiler.GRCg7b, whole genome shotgun sequence	C	25	1292265
NC_052565.1 Gallus gallus isolate bGalGal1 chromosome 34, bGalGal1.mat.broiler.GRCg7b, whole genome shotgun sequence	C	16	1294139
NC_052565.1 Gallus gallus isolate bGalGal1 chromosome 34, bGalGal1.mat.broiler.GRCg7b, whole genome shotgun sequence	G	16	1294475
NC_052565.1 Gallus gallus isolate bGalGal1 chromosome 34, bGalGal1.mat.broiler.GRCg7b, whole genome shotgun sequence	C	21	1297838
NC_052565.1 Gallus gallus isolate bGalGal1 chromosome 34, bGalGal1.mat.broiler.GRCg7b, whole genome shotgun sequence	G	16	1298537
NC_052565.1 Gallus gallus isolate bGalGal1 chromosome 34, bGalGal1.mat.broiler.GRCg7b, whole genome shotgun sequence	G	16	1299506
NC_052565.1 Gallus gallus isolate bGalGal1 chromosome 34, bGalGal1.mat.broiler.GRCg7b, whole genome shotgun sequence	C	21	1300051
NC_052565.1 Gallus gallus isolate bGalGal1 chromosome 34, bGalGal1.mat.broiler.GRCg7b, whole genome shotgun sequence	G	18	1300704
NC_052565.1 Gallus gallus isolate bGalGal1 chromosome 34, bGalGal1.mat.broiler.GRCg7b, whole genome shotgun sequence	C	17	1311502
NC_052565.1 Gallus gallus isolate bGalGal1 chromosome 34, bGalGal1.mat.broiler.GRCg7b, whole genome shotgun sequence	C	19	1312181
NC_052565.1 Gallus gallus isolate bGalGal1 chromosome 34, bGalGal1.mat.broiler.GRCg7b, whole genome shotgun sequence	G	20	1318647
NC_052565.1 Gallus gallus isolate bGalGal1 chromosome 34, bGalGal1.mat.broiler.GRCg7b, whole genome shotgun sequence	C	16	1319939
NC_052565.1 Gallus gallus isolate bGalGal1 chromosome 34, bGalGal1.mat.broiler.GRCg7b, whole genome shotgun sequence	C	17	1321054
NC_052565.1 Gallus gallus isolate bGalGal1 chromosome 34, bGalGal1.mat.broiler.GRCg7b, whole genome shotgun sequence	G	16	1321938
NC_052565.1 Gallus gallus isolate bGalGal1 chromosome 34, bGalGal1.mat.broiler.GRCg7b, whole genome shotgun sequence	G	17	1322214
NC_052565.1 Gallus gallus isolate bGalGal1 chromosome 34, bGalGal1.mat.broiler.GRCg7b, whole genome shotgun sequence	G	25	1329841
NC_052565.1 Gallus gallus isolate bGalGal1 chromosome 34, bGalGal1.mat.broiler.GRCg7b, whole genome shotgun sequence	G	17	1332185
NC_052565.1 Gallus gallus isolate bGalGal1 chromosome 34, bGalGal1.mat.broiler.GRCg7b, whole genome shotgun sequence	C	24	1336524
NC_052565.1 Gallus gallus isolate bGalGal1 chromosome 34, bGalGal1.mat.broiler.GRCg7b, whole genome shotgun sequence	C	16	1336629
NC_052565.1 Gallus gallus isolate bGalGal1 chromosome 34, bGalGal1.mat.broiler.GRCg7b, whole genome shotgun sequence	G	19	1338799
NC_052565.1 Gallus gallus isolate bGalGal1 chromosome 34, bGalGal1.mat.broiler.GRCg7b, whole genome shotgun sequence	C	18	1339941
NC_052565.1 Gallus gallus isolate bGalGal1 chromosome 34, bGalGal1.mat.broiler.GRCg7b, whole genome shotgun sequence	G	16	1345659
NC_052565.1 Gallus gallus isolate bGalGal1 chromosome 34, bGalGal1.mat.broiler.GRCg7b, whole genome shotgun sequence	C	16	1352484
NC_052565.1 Gallus gallus isolate bGalGal1 chromosome 34, bGalGal1.mat.broiler.GRCg7b, whole genome shotgun sequence	G	23	1353457
NC_052565.1 Gallus gallus isolate bGalGal1 chromosome 34, bGalGal1.mat.broiler.GRCg7b, whole genome shotgun sequence	C	21	1353726
NC_052565.1 Gallus gallus isolate bGalGal1 chromosome 34, bGalGal1.mat.broiler.GRCg7b, whole genome shotgun sequence	C	16	1356849
NC_052565.1 Gallus gallus isolate bGalGal1 chromosome 34, bGalGal1.mat.broiler.GRCg7b, whole genome shotgun sequence	G	21	1356927
NC_052565.1 Gallus gallus isolate bGalGal1 chromosome 34, bGalGal1.mat.broiler.GRCg7b, whole genome shotgun sequence	G	17	1357237
NC_052565.1 Gallus gallus isolate bGalGal1 chromosome 34, bGalGal1.mat.broiler.GRCg7b, whole genome shotgun sequence	C	18	1357986
NC_052565.1 Gallus gallus isolate bGalGal1 chromosome 34, bGalGal1.mat.broiler.GRCg7b, whole genome shotgun sequence	G	17	1363906
NC_052565.1 Gallus gallus isolate bGalGal1 chromosome 34, bGalGal1.mat.broiler.GRCg7b, whole genome shotgun sequence	G	18	1364045
NC_052565.1 Gallus gallus isolate bGalGal1 chromosome 34, bGalGal1.mat.broiler.GRCg7b, whole genome shotgun sequence	C	17	1370436
NC_052565.1 Gallus gallus isolate bGalGal1 chromosome 34, bGalGal1.mat.broiler.GRCg7b, whole genome shotgun sequence	G	17	1375802
NC_052565.1 Gallus gallus isolate bGalGal1 chromosome 34, bGalGal1.mat.broiler.GRCg7b, whole genome shotgun sequence	C	17	1386496
NC_052565.1 Gallus gallus isolate bGalGal1 chromosome 34, bGalGal1.mat.broiler.GRCg7b, whole genome shotgun sequence	C	18	1386999
NC_052565.1 Gallus gallus isolate bGalGal1 chromosome 34, bGalGal1.mat.broiler.GRCg7b, whole genome shotgun sequence	G	18	1388671
NC_052565.1 Gallus gallus isolate bGalGal1 chromosome 34, bGalGal1.mat.broiler.GRCg7b, whole genome shotgun sequence	C	18	1388855
NC_052565.1 Gallus gallus isolate bGalGal1 chromosome 34, bGalGal1.mat.broiler.GRCg7b, whole genome shotgun sequence	C	18	1405951
NC_052565.1 Gallus gallus isolate bGalGal1 chromosome 34, bGalGal1.mat.broiler.GRCg7b, whole genome shotgun sequence	G	16	1406830
NC_052565.1 Gallus gallus isolate bGalGal1 chromosome 34, bGalGal1.mat.broiler.GRCg7b, whole genome shotgun sequence	G	18	1411260
NC_052565.1 Gallus gallus isolate bGalGal1 chromosome 34, bGalGal1.mat.broiler.GRCg7b, whole genome shotgun sequence	C	16	1411767
NC_052565.1 Gallus gallus isolate bGalGal1 chromosome 34, bGalGal1.mat.broiler.GRCg7b, whole genome shotgun sequence	G	16	1412847
NC_052565.1 Gallus gallus isolate bGalGal1 chromosome 34, bGalGal1.mat.broiler.GRCg7b, whole genome shotgun sequence	C	20	1415849
NC_052565.1 Gallus gallus isolate bGalGal1 chromosome 34, bGalGal1.mat.broiler.GRCg7b, whole genome shotgun sequence	G	22	1417104
NC_052565.1 Gallus gallus isolate bGalGal1 chromosome 34, bGalGal1.mat.broiler.GRCg7b, whole genome shotgun sequence	C	17	1417152
NC_052565.1 Gallus gallus isolate bGalGal1 chromosome 34, bGalGal1.mat.broiler.GRCg7b, whole genome shotgun sequence	C	17	1417745
NC_052565.1 Gallus gallus isolate bGalGal1 chromosome 34, bGalGal1.mat.broiler.GRCg7b, whole genome shotgun sequence	C	16	1417813
NC_052565.1 Gallus gallus isolate bGalGal1 chromosome 34, bGalGal1.mat.broiler.GRCg7b, whole genome shotgun sequence	C	23	1417984
NC_052565.1 Gallus gallus isolate bGalGal1 chromosome 34, bGalGal1.mat.broiler.GRCg7b, whole genome shotgun sequence	C	19	1418304
NC_052565.1 Gallus gallus isolate bGalGal1 chromosome 34, bGalGal1.mat.broiler.GRCg7b, whole genome shotgun sequence	A	24	1420025
NC_052565.1 Gallus gallus isolate bGalGal1 chromosome 34, bGalGal1.mat.broiler.GRCg7b, whole genome shotgun sequence	G	16	1422419
NC_052565.1 Gallus gallus isolate bGalGal1 chromosome 34, bGalGal1.mat.broiler.GRCg7b, whole genome shotgun sequence	C	18	1422484
NC_052565.1 Gallus gallus isolate bGalGal1 chromosome 34, bGalGal1.mat.broiler.GRCg7b, whole genome shotgun sequence	G	23	1426606
NC_052565.1 Gallus gallus isolate bGalGal1 chromosome 34, bGalGal1.mat.broiler.GRCg7b, whole genome shotgun sequence	C	20	1436333
NC_052565.1 Gallus gallus isolate bGalGal1 chromosome 34, bGalGal1.mat.broiler.GRCg7b, whole genome shotgun sequence	G	17	1439522
NC_052565.1 Gallus gallus isolate bGalGal1 chromosome 34, bGalGal1.mat.broiler.GRCg7b, whole genome shotgun sequence	C	18	1440234
NC_052565.1 Gallus gallus isolate bGalGal1 chromosome 34, bGalGal1.mat.broiler.GRCg7b, whole genome shotgun sequence	C	20	1442565
NC_052565.1 Gallus gallus isolate bGalGal1 chromosome 34, bGalGal1.mat.broiler.GRCg7b, whole genome shotgun sequence	G	17	1442676
NC_052565.1 Gallus gallus isolate bGalGal1 chromosome 34, bGalGal1.mat.broiler.GRCg7b, whole genome shotgun sequence	C	19	1443297
NC_052565.1 Gallus gallus isolate bGalGal1 chromosome 34, bGalGal1.mat.broiler.GRCg7b, whole genome shotgun sequence	C	19	1443636
NC_052565.1 Gallus gallus isolate bGalGal1 chromosome 34, bGalGal1.mat.broiler.GRCg7b, whole genome shotgun sequence	G	16	1465170
NC_052565.1 Gallus gallus isolate bGalGal1 chromosome 34, bGalGal1.mat.broiler.GRCg7b, whole genome shotgun sequence	T	19	1474344
NC_052565.1 Gallus gallus isolate bGalGal1 chromosome 34, bGalGal1.mat.broiler.GRCg7b, whole genome shotgun sequence	C	21	1474998
NC_052565.1 Gallus gallus isolate bGalGal1 chromosome 34, bGalGal1.mat.broiler.GRCg7b, whole genome shotgun sequence	C	16	1476731
NC_052565.1 Gallus gallus isolate bGalGal1 chromosome 34, bGalGal1.mat.broiler.GRCg7b, whole genome shotgun sequence	G	23	1477224
NC_052565.1 Gallus gallus isolate bGalGal1 chromosome 34, bGalGal1.mat.broiler.GRCg7b, whole genome shotgun sequence	C	17	1480197
NC_052565.1 Gallus gallus isolate bGalGal1 chromosome 34, bGalGal1.mat.broiler.GRCg7b, whole genome shotgun sequence	C	16	1482599
NC_052565.1 Gallus gallus isolate bGalGal1 chromosome 34, bGalGal1.mat.broiler.GRCg7b, whole genome shotgun sequence	G	17	1498297
NC_052565.1 Gallus gallus isolate bGalGal1 chromosome 34, bGalGal1.mat.broiler.GRCg7b, whole genome shotgun sequence	G	16	1500908
NC_052565.1 Gallus gallus isolate bGalGal1 chromosome 34, bGalGal1.mat.broiler.GRCg7b, whole genome shotgun sequence	G	21	1501071
NC_052565.1 Gallus gallus isolate bGalGal1 chromosome 34, bGalGal1.mat.broiler.GRCg7b, whole genome shotgun sequence	C	18	1501385
NC_052565.1 Gallus gallus isolate bGalGal1 chromosome 34, bGalGal1.mat.broiler.GRCg7b, whole genome shotgun sequence	C	16	1501628
NC_052565.1 Gallus gallus isolate bGalGal1 chromosome 34, bGalGal1.mat.broiler.GRCg7b, whole genome shotgun sequence	G	21	1509987
NC_052565.1 Gallus gallus isolate bGalGal1 chromosome 34, bGalGal1.mat.broiler.GRCg7b, whole genome shotgun sequence	C	17	1513439
NC_052565.1 Gallus gallus isolate bGalGal1 chromosome 34, bGalGal1.mat.broiler.GRCg7b, whole genome shotgun sequence	G	18	1513792
NC_052565.1 Gallus gallus isolate bGalGal1 chromosome 34, bGalGal1.mat.broiler.GRCg7b, whole genome shotgun sequence	G	22	1517336
NC_052565.1 Gallus gallus isolate bGalGal1 chromosome 34, bGalGal1.mat.broiler.GRCg7b, whole genome shotgun sequence	A	22	1520244
NC_052565.1 Gallus gallus isolate bGalGal1 chromosome 34, bGalGal1.mat.broiler.GRCg7b, whole genome shotgun sequence	C	24	1520367
NC_052565.1 Gallus gallus isolate bGalGal1 chromosome 34, bGalGal1.mat.broiler.GRCg7b, whole genome shotgun sequence	C	18	1521336
NC_052565.1 Gallus gallus isolate bGalGal1 chromosome 34, bGalGal1.mat.broiler.GRCg7b, whole genome shotgun sequence	G	21	1523115
NC_052565.1 Gallus gallus isolate bGalGal1 chromosome 34, bGalGal1.mat.broiler.GRCg7b, whole genome shotgun sequence	G	25	1523148
NC_052565.1 Gallus gallus isolate bGalGal1 chromosome 34, bGalGal1.mat.broiler.GRCg7b, whole genome shotgun sequence	T	37	1523353
NC_052565.1 Gallus gallus isolate bGalGal1 chromosome 34, bGalGal1.mat.broiler.GRCg7b, whole genome shotgun sequence	C	16	1523986
NC_052565.1 Gallus gallus isolate bGalGal1 chromosome 34, bGalGal1.mat.broiler.GRCg7b, whole genome shotgun sequence	G	17	1524160
NC_052565.1 Gallus gallus isolate bGalGal1 chromosome 34, bGalGal1.mat.broiler.GRCg7b, whole genome shotgun sequence	A	22	1524389
NC_052565.1 Gallus gallus isolate bGalGal1 chromosome 34, bGalGal1.mat.broiler.GRCg7b, whole genome shotgun sequence	T	17	1524454
NC_052565.1 Gallus gallus isolate bGalGal1 chromosome 34, bGalGal1.mat.broiler.GRCg7b, whole genome shotgun sequence	G	19	1527144
NC_052565.1 Gallus gallus isolate bGalGal1 chromosome 34, bGalGal1.mat.broiler.GRCg7b, whole genome shotgun sequence	G	17	1527448
NC_052565.1 Gallus gallus isolate bGalGal1 chromosome 34, bGalGal1.mat.broiler.GRCg7b, whole genome shotgun sequence	G	17	1534297
NC_052565.1 Gallus gallus isolate bGalGal1 chromosome 34, bGalGal1.mat.broiler.GRCg7b, whole genome shotgun sequence	C	20	1535199
NC_052565.1 Gallus gallus isolate bGalGal1 chromosome 34, bGalGal1.mat.broiler.GRCg7b, whole genome shotgun sequence	C	16	1535485
NC_052565.1 Gallus gallus isolate bGalGal1 chromosome 34, bGalGal1.mat.broiler.GRCg7b, whole genome shotgun sequence	C	21	1536804
NC_052565.1 Gallus gallus isolate bGalGal1 chromosome 34, bGalGal1.mat.broiler.GRCg7b, whole genome shotgun sequence	G	17	1538124
NC_052565.1 Gallus gallus isolate bGalGal1 chromosome 34, bGalGal1.mat.broiler.GRCg7b, whole genome shotgun sequence	A	24	1550910
NC_052565.1 Gallus gallus isolate bGalGal1 chromosome 34, bGalGal1.mat.broiler.GRCg7b, whole genome shotgun sequence	C	16	1551277
NC_052565.1 Gallus gallus isolate bGalGal1 chromosome 34, bGalGal1.mat.broiler.GRCg7b, whole genome shotgun sequence	C	16	1560498
NC_052565.1 Gallus gallus isolate bGalGal1 chromosome 34, bGalGal1.mat.broiler.GRCg7b, whole genome shotgun sequence	C	16	1561778
NC_052565.1 Gallus gallus isolate bGalGal1 chromosome 34, bGalGal1.mat.broiler.GRCg7b, whole genome shotgun sequence	G	19	1563668
NC_052565.1 Gallus gallus isolate bGalGal1 chromosome 34, bGalGal1.mat.broiler.GRCg7b, whole genome shotgun sequence	G	20	1572879
NC_052565.1 Gallus gallus isolate bGalGal1 chromosome 34, bGalGal1.mat.broiler.GRCg7b, whole genome shotgun sequence	C	17	1577119
NC_052565.1 Gallus gallus isolate bGalGal1 chromosome 34, bGalGal1.mat.broiler.GRCg7b, whole genome shotgun sequence	C	22	1581445
NC_052565.1 Gallus gallus isolate bGalGal1 chromosome 34, bGalGal1.mat.broiler.GRCg7b, whole genome shotgun sequence	G	17	1583444
NC_052565.1 Gallus gallus isolate bGalGal1 chromosome 34, bGalGal1.mat.broiler.GRCg7b, whole genome shotgun sequence	G	16	1585369
NC_052565.1 Gallus gallus isolate bGalGal1 chromosome 34, bGalGal1.mat.broiler.GRCg7b, whole genome shotgun sequence	G	17	1588935
NC_052565.1 Gallus gallus isolate bGalGal1 chromosome 34, bGalGal1.mat.broiler.GRCg7b, whole genome shotgun sequence	G	19	1599428
NC_052565.1 Gallus gallus isolate bGalGal1 chromosome 34, bGalGal1.mat.broiler.GRCg7b, whole genome shotgun sequence	G	18	1602469
NC_052565.1 Gallus gallus isolate bGalGal1 chromosome 34, bGalGal1.mat.broiler.GRCg7b, whole genome shotgun sequence	C	18	1603701
NC_052565.1 Gallus gallus isolate bGalGal1 chromosome 34, bGalGal1.mat.broiler.GRCg7b, whole genome shotgun sequence	C	19	1603847
NC_052565.1 Gallus gallus isolate bGalGal1 chromosome 34, bGalGal1.mat.broiler.GRCg7b, whole genome shotgun sequence	C	24	1603916
NC_052565.1 Gallus gallus isolate bGalGal1 chromosome 34, bGalGal1.mat.broiler.GRCg7b, whole genome shotgun sequence	G	18	1604270
NC_052565.1 Gallus gallus isolate bGalGal1 chromosome 34, bGalGal1.mat.broiler.GRCg7b, whole genome shotgun sequence	G	16	1604350
NC_052565.1 Gallus gallus isolate bGalGal1 chromosome 34, bGalGal1.mat.broiler.GRCg7b, whole genome shotgun sequence	C	19	1604421
NC_052565.1 Gallus gallus isolate bGalGal1 chromosome 34, bGalGal1.mat.broiler.GRCg7b, whole genome shotgun sequence	G	17	1604977
NC_052565.1 Gallus gallus isolate bGalGal1 chromosome 34, bGalGal1.mat.broiler.GRCg7b, whole genome shotgun sequence	C	26	1607204
NC_052565.1 Gallus gallus isolate bGalGal1 chromosome 34, bGalGal1.mat.broiler.GRCg7b, whole genome shotgun sequence	C	16	1607865
NC_052565.1 Gallus gallus isolate bGalGal1 chromosome 34, bGalGal1.mat.broiler.GRCg7b, whole genome shotgun sequence	G	16	1609661
NC_052565.1 Gallus gallus isolate bGalGal1 chromosome 34, bGalGal1.mat.broiler.GRCg7b, whole genome shotgun sequence	G	18	1609871
NC_052565.1 Gallus gallus isolate bGalGal1 chromosome 34, bGalGal1.mat.broiler.GRCg7b, whole genome shotgun sequence	C	19	1610383
NC_052565.1 Gallus gallus isolate bGalGal1 chromosome 34, bGalGal1.mat.broiler.GRCg7b, whole genome shotgun sequence	C	21	1617611
NC_052565.1 Gallus gallus isolate bGalGal1 chromosome 34, bGalGal1.mat.broiler.GRCg7b, whole genome shotgun sequence	G	17	1617950
NC_052565.1 Gallus gallus isolate bGalGal1 chromosome 34, bGalGal1.mat.broiler.GRCg7b, whole genome shotgun sequence	G	20	1618449
NC_052565.1 Gallus gallus isolate bGalGal1 chromosome 34, bGalGal1.mat.broiler.GRCg7b, whole genome shotgun sequence	G	16	1618727
NC_052565.1 Gallus gallus isolate bGalGal1 chromosome 34, bGalGal1.mat.broiler.GRCg7b, whole genome shotgun sequence	C	23	1623678
NC_052565.1 Gallus gallus isolate bGalGal1 chromosome 34, bGalGal1.mat.broiler.GRCg7b, whole genome shotgun sequence	G	23	1625918
NC_052565.1 Gallus gallus isolate bGalGal1 chromosome 34, bGalGal1.mat.broiler.GRCg7b, whole genome shotgun sequence	C	16	1626208
NC_052565.1 Gallus gallus isolate bGalGal1 chromosome 34, bGalGal1.mat.broiler.GRCg7b, whole genome shotgun sequence	C	16	1639168
NC_052565.1 Gallus gallus isolate bGalGal1 chromosome 34, bGalGal1.mat.broiler.GRCg7b, whole genome shotgun sequence	C	17	1642073
NC_052565.1 Gallus gallus isolate bGalGal1 chromosome 34, bGalGal1.mat.broiler.GRCg7b, whole genome shotgun sequence	C	32	1644291
NC_052565.1 Gallus gallus isolate bGalGal1 chromosome 34, bGalGal1.mat.broiler.GRCg7b, whole genome shotgun sequence	C	18	1644461
NC_052565.1 Gallus gallus isolate bGalGal1 chromosome 34, bGalGal1.mat.broiler.GRCg7b, whole genome shotgun sequence	C	16	1652451
NC_052565.1 Gallus gallus isolate bGalGal1 chromosome 34, bGalGal1.mat.broiler.GRCg7b, whole genome shotgun sequence	C	20	1653749
NC_052565.1 Gallus gallus isolate bGalGal1 chromosome 34, bGalGal1.mat.broiler.GRCg7b, whole genome shotgun sequence	C	16	1659470
NC_052565.1 Gallus gallus isolate bGalGal1 chromosome 34, bGalGal1.mat.broiler.GRCg7b, whole genome shotgun sequence	C	17	1682521
NC_052565.1 Gallus gallus isolate bGalGal1 chromosome 34, bGalGal1.mat.broiler.GRCg7b, whole genome shotgun sequence	G	16	1684028
NC_052565.1 Gallus gallus isolate bGalGal1 chromosome 34, bGalGal1.mat.broiler.GRCg7b, whole genome shotgun sequence	C	17	1684162
NC_052565.1 Gallus gallus isolate bGalGal1 chromosome 34, bGalGal1.mat.broiler.GRCg7b, whole genome shotgun sequence	C	24	1684215
NC_052565.1 Gallus gallus isolate bGalGal1 chromosome 34, bGalGal1.mat.broiler.GRCg7b, whole genome shotgun sequence	C	23	1684836
NC_052565.1 Gallus gallus isolate bGalGal1 chromosome 34, bGalGal1.mat.broiler.GRCg7b, whole genome shotgun sequence	C	18	1686286
NC_052565.1 Gallus gallus isolate bGalGal1 chromosome 34, bGalGal1.mat.broiler.GRCg7b, whole genome shotgun sequence	G	17	1686670
NC_052565.1 Gallus gallus isolate bGalGal1 chromosome 34, bGalGal1.mat.broiler.GRCg7b, whole genome shotgun sequence	C	21	1687081
NC_052565.1 Gallus gallus isolate bGalGal1 chromosome 34, bGalGal1.mat.broiler.GRCg7b, whole genome shotgun sequence	C	19	1688157
NC_052565.1 Gallus gallus isolate bGalGal1 chromosome 34, bGalGal1.mat.broiler.GRCg7b, whole genome shotgun sequence	C	16	1688380
NC_052565.1 Gallus gallus isolate bGalGal1 chromosome 34, bGalGal1.mat.broiler.GRCg7b, whole genome shotgun sequence	G	18	1688862
NC_052565.1 Gallus gallus isolate bGalGal1 chromosome 34, bGalGal1.mat.broiler.GRCg7b, whole genome shotgun sequence	C	21	1689859
NC_052565.1 Gallus gallus isolate bGalGal1 chromosome 34, bGalGal1.mat.broiler.GRCg7b, whole genome shotgun sequence	G	21	1690779
NC_052565.1 Gallus gallus isolate bGalGal1 chromosome 34, bGalGal1.mat.broiler.GRCg7b, whole genome shotgun sequence	T	24	2895325
NC_052565.1 Gallus gallus isolate bGalGal1 chromosome 34, bGalGal1.mat.broiler.GRCg7b, whole genome shotgun sequence	CCTCT	40	1832221
NC_052565.1 Gallus gallus isolate bGalGal1 chromosome 34, bGalGal1.mat.broiler.GRCg7b, whole genome shotgun sequence	G	17	1825476
NC_052565.1 Gallus gallus isolate bGalGal1 chromosome 34, bGalGal1.mat.broiler.GRCg7b, whole genome shotgun sequence	G	25	1863665
NC_052565.1 Gallus gallus isolate bGalGal1 chromosome 34, bGalGal1.mat.broiler.GRCg7b, whole genome shotgun sequence	C	17	1866623
NC_052565.1 Gallus gallus isolate bGalGal1 chromosome 34, bGalGal1.mat.broiler.GRCg7b, whole genome shotgun sequence	G	18	1875217
NC_052565.1 Gallus gallus isolate bGalGal1 chromosome 34, bGalGal1.mat.broiler.GRCg7b, whole genome shotgun sequence	C	16	1884113
NC_052565.1 Gallus gallus isolate bGalGal1 chromosome 34, bGalGal1.mat.broiler.GRCg7b, whole genome shotgun sequence	A	17	1888496
NC_052565.1 Gallus gallus isolate bGalGal1 chromosome 34, bGalGal1.mat.broiler.GRCg7b, whole genome shotgun sequence	G	18	1904758
NC_052565.1 Gallus gallus isolate bGalGal1 chromosome 34, bGalGal1.mat.broiler.GRCg7b, whole genome shotgun sequence	T	16	1950540
NC_052565.1 Gallus gallus isolate bGalGal1 chromosome 34, bGalGal1.mat.broiler.GRCg7b, whole genome shotgun sequence	A	16	1991520
NC_052565.1 Gallus gallus isolate bGalGal1 chromosome 34, bGalGal1.mat.broiler.GRCg7b, whole genome shotgun sequence	T	25	1991885
NC_052565.1 Gallus gallus isolate bGalGal1 chromosome 34, bGalGal1.mat.broiler.GRCg7b, whole genome shotgun sequence	T	20	2037976
NC_052565.1 Gallus gallus isolate bGalGal1 chromosome 34, bGalGal1.mat.broiler.GRCg7b, whole genome shotgun sequence	T	16	2046852
NC_052565.1 Gallus gallus isolate bGalGal1 chromosome 34, bGalGal1.mat.broiler.GRCg7b, whole genome shotgun sequence	T	21	2116542
NC_052565.1 Gallus gallus isolate bGalGal1 chromosome 34, bGalGal1.mat.broiler.GRCg7b, whole genome shotgun sequence	G	21	2124979
NC_052565.1 Gallus gallus isolate bGalGal1 chromosome 34, bGalGal1.mat.broiler.GRCg7b, whole genome shotgun sequence	T	17	2143526
NC_052565.1 Gallus gallus isolate bGalGal1 chromosome 34, bGalGal1.mat.broiler.GRCg7b, whole genome shotgun sequence	T	16	2191636
NC_052565.1 Gallus gallus isolate bGalGal1 chromosome 34, bGalGal1.mat.broiler.GRCg7b, whole genome shotgun sequence	A	20	2212964
NC_052565.1 Gallus gallus isolate bGalGal1 chromosome 34, bGalGal1.mat.broiler.GRCg7b, whole genome shotgun sequence	A	16	2233151
NC_052565.1 Gallus gallus isolate bGalGal1 chromosome 34, bGalGal1.mat.broiler.GRCg7b, whole genome shotgun sequence	G	18	2264884
NC_052565.1 Gallus gallus isolate bGalGal1 chromosome 34, bGalGal1.mat.broiler.GRCg7b, whole genome shotgun sequence	G	23	2275560
NC_052565.1 Gallus gallus isolate bGalGal1 chromosome 34, bGalGal1.mat.broiler.GRCg7b, whole genome shotgun sequence	G	22	2275805
NC_052565.1 Gallus gallus isolate bGalGal1 chromosome 34, bGalGal1.mat.broiler.GRCg7b, whole genome shotgun sequence	T	16	2277376
NC_052565.1 Gallus gallus isolate bGalGal1 chromosome 34, bGalGal1.mat.broiler.GRCg7b, whole genome shotgun sequence	G	17	2278887
NC_052565.1 Gallus gallus isolate bGalGal1 chromosome 34, bGalGal1.mat.broiler.GRCg7b, whole genome shotgun sequence	C	32	2280123
NC_052565.1 Gallus gallus isolate bGalGal1 chromosome 34, bGalGal1.mat.broiler.GRCg7b, whole genome shotgun sequence	C	22	2286485
NC_052565.1 Gallus gallus isolate bGalGal1 chromosome 34, bGalGal1.mat.broiler.GRCg7b, whole genome shotgun sequence	C	17	2286739
NC_052565.1 Gallus gallus isolate bGalGal1 chromosome 34, bGalGal1.mat.broiler.GRCg7b, whole genome shotgun sequence	C	19	2289196
NC_052565.1 Gallus gallus isolate bGalGal1 chromosome 34, bGalGal1.mat.broiler.GRCg7b, whole genome shotgun sequence	G	21	2291174
NC_052565.1 Gallus gallus isolate bGalGal1 chromosome 34, bGalGal1.mat.broiler.GRCg7b, whole genome shotgun sequence	G	19	2296708
NC_052565.1 Gallus gallus isolate bGalGal1 chromosome 34, bGalGal1.mat.broiler.GRCg7b, whole genome shotgun sequence	G	16	2297026
NC_052565.1 Gallus gallus isolate bGalGal1 chromosome 34, bGalGal1.mat.broiler.GRCg7b, whole genome shotgun sequence	C	21	2297660
NC_052565.1 Gallus gallus isolate bGalGal1 chromosome 34, bGalGal1.mat.broiler.GRCg7b, whole genome shotgun sequence	C	24	2297745
NC_052565.1 Gallus gallus isolate bGalGal1 chromosome 34, bGalGal1.mat.broiler.GRCg7b, whole genome shotgun sequence	C	17	2305903
NC_052565.1 Gallus gallus isolate bGalGal1 chromosome 34, bGalGal1.mat.broiler.GRCg7b, whole genome shotgun sequence	T	16	2306108
NC_052565.1 Gallus gallus isolate bGalGal1 chromosome 34, bGalGal1.mat.broiler.GRCg7b, whole genome shotgun sequence	C	22	2306194
NC_052565.1 Gallus gallus isolate bGalGal1 chromosome 34, bGalGal1.mat.broiler.GRCg7b, whole genome shotgun sequence	C	20	2306323
NC_052565.1 Gallus gallus isolate bGalGal1 chromosome 34, bGalGal1.mat.broiler.GRCg7b, whole genome shotgun sequence	G	28	2307584
NC_052565.1 Gallus gallus isolate bGalGal1 chromosome 34, bGalGal1.mat.broiler.GRCg7b, whole genome shotgun sequence	T	17	2332695
NC_052565.1 Gallus gallus isolate bGalGal1 chromosome 34, bGalGal1.mat.broiler.GRCg7b, whole genome shotgun sequence	G	16	2345890
NC_052565.1 Gallus gallus isolate bGalGal1 chromosome 34, bGalGal1.mat.broiler.GRCg7b, whole genome shotgun sequence	G	19	2350004
NC_052565.1 Gallus gallus isolate bGalGal1 chromosome 34, bGalGal1.mat.broiler.GRCg7b, whole genome shotgun sequence	C	16	2831693
NC_052565.1 Gallus gallus isolate bGalGal1 chromosome 34, bGalGal1.mat.broiler.GRCg7b, whole genome shotgun sequence	C	19	2844317
NC_052565.1 Gallus gallus isolate bGalGal1 chromosome 34, bGalGal1.mat.broiler.GRCg7b, whole genome shotgun sequence	T	23	3356692
NC_052565.1 Gallus gallus isolate bGalGal1 chromosome 34, bGalGal1.mat.broiler.GRCg7b, whole genome shotgun sequence	T	16	3386095
NC_052565.1 Gallus gallus isolate bGalGal1 chromosome 34, bGalGal1.mat.broiler.GRCg7b, whole genome shotgun sequence	G	38	3409557
NC_052565.1 Gallus gallus isolate bGalGal1 chromosome 34, bGalGal1.mat.broiler.GRCg7b, whole genome shotgun sequence	A	17	3433307
NC_052565.1 Gallus gallus isolate bGalGal1 chromosome 34, bGalGal1.mat.broiler.GRCg7b, whole genome shotgun sequence	A	24	3468043
NC_052565.1 Gallus gallus isolate bGalGal1 chromosome 34, bGalGal1.mat.broiler.GRCg7b, whole genome shotgun sequence	A	22	3163615
NC_052565.1 Gallus gallus isolate bGalGal1 chromosome 34, bGalGal1.mat.broiler.GRCg7b, whole genome shotgun sequence	G	16	3226319
NC_052565.1 Gallus gallus isolate bGalGal1 chromosome 34, bGalGal1.mat.broiler.GRCg7b, whole genome shotgun sequence	A	17	3279239
