#Sequence_Name	SSR	Repeats	Position
NC_052566.1 Gallus gallus isolate bGalGal1 chromosome 35, bGalGal1.mat.broiler.GRCg7b, whole genome shotgun sequence	C	16	262717
NC_052566.1 Gallus gallus isolate bGalGal1 chromosome 35, bGalGal1.mat.broiler.GRCg7b, whole genome shotgun sequence	G	25	308832
NC_052566.1 Gallus gallus isolate bGalGal1 chromosome 35, bGalGal1.mat.broiler.GRCg7b, whole genome shotgun sequence	C	19	311792
NC_052566.1 Gallus gallus isolate bGalGal1 chromosome 35, bGalGal1.mat.broiler.GRCg7b, whole genome shotgun sequence	C	22	171045
NC_052566.1 Gallus gallus isolate bGalGal1 chromosome 35, bGalGal1.mat.broiler.GRCg7b, whole genome shotgun sequence	C	17	352676
NC_052566.1 Gallus gallus isolate bGalGal1 chromosome 35, bGalGal1.mat.broiler.GRCg7b, whole genome shotgun sequence	G	28	370653
NC_052566.1 Gallus gallus isolate bGalGal1 chromosome 35, bGalGal1.mat.broiler.GRCg7b, whole genome shotgun sequence	C	42	27782
NC_052566.1 Gallus gallus isolate bGalGal1 chromosome 35, bGalGal1.mat.broiler.GRCg7b, whole genome shotgun sequence	G	22	28502
NC_052566.1 Gallus gallus isolate bGalGal1 chromosome 35, bGalGal1.mat.broiler.GRCg7b, whole genome shotgun sequence	C	21	42190
NC_052566.1 Gallus gallus isolate bGalGal1 chromosome 35, bGalGal1.mat.broiler.GRCg7b, whole genome shotgun sequence	G	24	51696
NC_052566.1 Gallus gallus isolate bGalGal1 chromosome 35, bGalGal1.mat.broiler.GRCg7b, whole genome shotgun sequence	A	17	51773
NC_052566.1 Gallus gallus isolate bGalGal1 chromosome 35, bGalGal1.mat.broiler.GRCg7b, whole genome shotgun sequence	C	24	109091
NC_052566.1 Gallus gallus isolate bGalGal1 chromosome 35, bGalGal1.mat.broiler.GRCg7b, whole genome shotgun sequence	C	24	121486
NC_052566.1 Gallus gallus isolate bGalGal1 chromosome 35, bGalGal1.mat.broiler.GRCg7b, whole genome shotgun sequence	T	18	123227
NC_052566.1 Gallus gallus isolate bGalGal1 chromosome 35, bGalGal1.mat.broiler.GRCg7b, whole genome shotgun sequence	G	19	495808
NC_052566.1 Gallus gallus isolate bGalGal1 chromosome 35, bGalGal1.mat.broiler.GRCg7b, whole genome shotgun sequence	G	27	495938
NC_052566.1 Gallus gallus isolate bGalGal1 chromosome 35, bGalGal1.mat.broiler.GRCg7b, whole genome shotgun sequence	C	33	513195
NC_052566.1 Gallus gallus isolate bGalGal1 chromosome 35, bGalGal1.mat.broiler.GRCg7b, whole genome shotgun sequence	G	16	513450
NC_052566.1 Gallus gallus isolate bGalGal1 chromosome 35, bGalGal1.mat.broiler.GRCg7b, whole genome shotgun sequence	G	18	519086
