#Sequence_Name	SSR	Repeats	Position
NC_052563.1 Gallus gallus isolate bGalGal1 chromosome 32, bGalGal1.mat.broiler.GRCg7b, whole genome shotgun sequence	GCTCG	30	63554
NC_052563.1 Gallus gallus isolate bGalGal1 chromosome 32, bGalGal1.mat.broiler.GRCg7b, whole genome shotgun sequence	GCCGA	25	83771
NC_052563.1 Gallus gallus isolate bGalGal1 chromosome 32, bGalGal1.mat.broiler.GRCg7b, whole genome shotgun sequence	GCCGA	32	109375
NC_052563.1 Gallus gallus isolate bGalGal1 chromosome 32, bGalGal1.mat.broiler.GRCg7b, whole genome shotgun sequence	A	21	57014
