#Sequence_Name	SSR	Repeats	Position
NC_052567.1 Gallus gallus isolate bGalGal1 chromosome 36, bGalGal1.mat.broiler.GRCg7b, whole genome shotgun sequence	C	19	3239
NC_052567.1 Gallus gallus isolate bGalGal1 chromosome 36, bGalGal1.mat.broiler.GRCg7b, whole genome shotgun sequence	C	23	3513
NC_052567.1 Gallus gallus isolate bGalGal1 chromosome 36, bGalGal1.mat.broiler.GRCg7b, whole genome shotgun sequence	G	17	336396
NC_052567.1 Gallus gallus isolate bGalGal1 chromosome 36, bGalGal1.mat.broiler.GRCg7b, whole genome shotgun sequence	G	37	82774
NC_052567.1 Gallus gallus isolate bGalGal1 chromosome 36, bGalGal1.mat.broiler.GRCg7b, whole genome shotgun sequence	C	19	85804
NC_052567.1 Gallus gallus isolate bGalGal1 chromosome 36, bGalGal1.mat.broiler.GRCg7b, whole genome shotgun sequence	C	18	98107
NC_052567.1 Gallus gallus isolate bGalGal1 chromosome 36, bGalGal1.mat.broiler.GRCg7b, whole genome shotgun sequence	C	21	98360
NC_052567.1 Gallus gallus isolate bGalGal1 chromosome 36, bGalGal1.mat.broiler.GRCg7b, whole genome shotgun sequence	C	17	101086
NC_052567.1 Gallus gallus isolate bGalGal1 chromosome 36, bGalGal1.mat.broiler.GRCg7b, whole genome shotgun sequence	C	19	115645
NC_052567.1 Gallus gallus isolate bGalGal1 chromosome 36, bGalGal1.mat.broiler.GRCg7b, whole genome shotgun sequence	C	21	153421
NC_052567.1 Gallus gallus isolate bGalGal1 chromosome 36, bGalGal1.mat.broiler.GRCg7b, whole genome shotgun sequence	G	17	156003
NC_052567.1 Gallus gallus isolate bGalGal1 chromosome 36, bGalGal1.mat.broiler.GRCg7b, whole genome shotgun sequence	G	17	156535
NC_052567.1 Gallus gallus isolate bGalGal1 chromosome 36, bGalGal1.mat.broiler.GRCg7b, whole genome shotgun sequence	G	21	157108
NC_052567.1 Gallus gallus isolate bGalGal1 chromosome 36, bGalGal1.mat.broiler.GRCg7b, whole genome shotgun sequence	G	17	158375
NC_052567.1 Gallus gallus isolate bGalGal1 chromosome 36, bGalGal1.mat.broiler.GRCg7b, whole genome shotgun sequence	A	18	171619
NC_052567.1 Gallus gallus isolate bGalGal1 chromosome 36, bGalGal1.mat.broiler.GRCg7b, whole genome shotgun sequence	C	28	172764
NC_052567.1 Gallus gallus isolate bGalGal1 chromosome 36, bGalGal1.mat.broiler.GRCg7b, whole genome shotgun sequence	G	364	174066
NC_052567.1 Gallus gallus isolate bGalGal1 chromosome 36, bGalGal1.mat.broiler.GRCg7b, whole genome shotgun sequence	CA	14	309209
NC_052567.1 Gallus gallus isolate bGalGal1 chromosome 36, bGalGal1.mat.broiler.GRCg7b, whole genome shotgun sequence	C	18	175893
NC_052567.1 Gallus gallus isolate bGalGal1 chromosome 36, bGalGal1.mat.broiler.GRCg7b, whole genome shotgun sequence	C	21	287895
NC_052567.1 Gallus gallus isolate bGalGal1 chromosome 36, bGalGal1.mat.broiler.GRCg7b, whole genome shotgun sequence	G	16	298165
NC_052567.1 Gallus gallus isolate bGalGal1 chromosome 36, bGalGal1.mat.broiler.GRCg7b, whole genome shotgun sequence	G	19	298337
NC_052567.1 Gallus gallus isolate bGalGal1 chromosome 36, bGalGal1.mat.broiler.GRCg7b, whole genome shotgun sequence	G	20	323721
