#Sequence_Name	SSR	Repeats	Position
NC_052568.1 Gallus gallus isolate bGalGal1 chromosome 37, bGalGal1.mat.broiler.GRCg7b, whole genome shotgun sequence	A	16	122050
NC_052568.1 Gallus gallus isolate bGalGal1 chromosome 37, bGalGal1.mat.broiler.GRCg7b, whole genome shotgun sequence	T	23	126491
NC_052568.1 Gallus gallus isolate bGalGal1 chromosome 37, bGalGal1.mat.broiler.GRCg7b, whole genome shotgun sequence	A	20	40467
NC_052568.1 Gallus gallus isolate bGalGal1 chromosome 37, bGalGal1.mat.broiler.GRCg7b, whole genome shotgun sequence	T	17	45972
NC_052568.1 Gallus gallus isolate bGalGal1 chromosome 37, bGalGal1.mat.broiler.GRCg7b, whole genome shotgun sequence	A	19	80375
NC_052568.1 Gallus gallus isolate bGalGal1 chromosome 37, bGalGal1.mat.broiler.GRCg7b, whole genome shotgun sequence	T	17	85873
NC_052568.1 Gallus gallus isolate bGalGal1 chromosome 37, bGalGal1.mat.broiler.GRCg7b, whole genome shotgun sequence	A	16	106494
NC_052568.1 Gallus gallus isolate bGalGal1 chromosome 37, bGalGal1.mat.broiler.GRCg7b, whole genome shotgun sequence	T	23	110515
