#Sequence_Name	SSR	Repeats	Position
NC_052562.1 Gallus gallus isolate bGalGal1 chromosome 31, bGalGal1.mat.broiler.GRCg7b, whole genome shotgun sequence	GGGAA	17	790747
NC_052562.1 Gallus gallus isolate bGalGal1 chromosome 31, bGalGal1.mat.broiler.GRCg7b, whole genome shotgun sequence	AGGCA	30	791931
NC_052562.1 Gallus gallus isolate bGalGal1 chromosome 31, bGalGal1.mat.broiler.GRCg7b, whole genome shotgun sequence	AAGGC	14	792560
NC_052562.1 Gallus gallus isolate bGalGal1 chromosome 31, bGalGal1.mat.broiler.GRCg7b, whole genome shotgun sequence	AAGGC	36	793775
NC_052562.1 Gallus gallus isolate bGalGal1 chromosome 31, bGalGal1.mat.broiler.GRCg7b, whole genome shotgun sequence	AAGGA	194	794319
NC_052562.1 Gallus gallus isolate bGalGal1 chromosome 31, bGalGal1.mat.broiler.GRCg7b, whole genome shotgun sequence	CTTCC	22	43617
NC_052562.1 Gallus gallus isolate bGalGal1 chromosome 31, bGalGal1.mat.broiler.GRCg7b, whole genome shotgun sequence	TTCCC	24	43728
NC_052562.1 Gallus gallus isolate bGalGal1 chromosome 31, bGalGal1.mat.broiler.GRCg7b, whole genome shotgun sequence	TCCCT	57	208020
NC_052562.1 Gallus gallus isolate bGalGal1 chromosome 31, bGalGal1.mat.broiler.GRCg7b, whole genome shotgun sequence	CCCTC	16	208321
NC_052562.1 Gallus gallus isolate bGalGal1 chromosome 31, bGalGal1.mat.broiler.GRCg7b, whole genome shotgun sequence	CCCCT	21	208404
NC_052562.1 Gallus gallus isolate bGalGal1 chromosome 31, bGalGal1.mat.broiler.GRCg7b, whole genome shotgun sequence	TCCCT	48	208508
NC_052562.1 Gallus gallus isolate bGalGal1 chromosome 31, bGalGal1.mat.broiler.GRCg7b, whole genome shotgun sequence	TGGA	16	98311
NC_052562.1 Gallus gallus isolate bGalGal1 chromosome 31, bGalGal1.mat.broiler.GRCg7b, whole genome shotgun sequence	GT	22	87430
NC_052562.1 Gallus gallus isolate bGalGal1 chromosome 31, bGalGal1.mat.broiler.GRCg7b, whole genome shotgun sequence	CT	20	177564
NC_052562.1 Gallus gallus isolate bGalGal1 chromosome 31, bGalGal1.mat.broiler.GRCg7b, whole genome shotgun sequence	T	19	69383
NC_052562.1 Gallus gallus isolate bGalGal1 chromosome 31, bGalGal1.mat.broiler.GRCg7b, whole genome shotgun sequence	G	17	113638
NC_052562.1 Gallus gallus isolate bGalGal1 chromosome 31, bGalGal1.mat.broiler.GRCg7b, whole genome shotgun sequence	A	20	124770
NC_052562.1 Gallus gallus isolate bGalGal1 chromosome 31, bGalGal1.mat.broiler.GRCg7b, whole genome shotgun sequence	A	21	148441
NC_052562.1 Gallus gallus isolate bGalGal1 chromosome 31, bGalGal1.mat.broiler.GRCg7b, whole genome shotgun sequence	T	16	156128
NC_052562.1 Gallus gallus isolate bGalGal1 chromosome 31, bGalGal1.mat.broiler.GRCg7b, whole genome shotgun sequence	A	26	165763
NC_052562.1 Gallus gallus isolate bGalGal1 chromosome 31, bGalGal1.mat.broiler.GRCg7b, whole genome shotgun sequence	T	16	173003
NC_052562.1 Gallus gallus isolate bGalGal1 chromosome 31, bGalGal1.mat.broiler.GRCg7b, whole genome shotgun sequence	T	17	173041
NC_052562.1 Gallus gallus isolate bGalGal1 chromosome 31, bGalGal1.mat.broiler.GRCg7b, whole genome shotgun sequence	T	27	182183
NC_052562.1 Gallus gallus isolate bGalGal1 chromosome 31, bGalGal1.mat.broiler.GRCg7b, whole genome shotgun sequence	T	17	182404
NC_052562.1 Gallus gallus isolate bGalGal1 chromosome 31, bGalGal1.mat.broiler.GRCg7b, whole genome shotgun sequence	A	17	220350
NC_052562.1 Gallus gallus isolate bGalGal1 chromosome 31, bGalGal1.mat.broiler.GRCg7b, whole genome shotgun sequence	T	22	238419
NC_052562.1 Gallus gallus isolate bGalGal1 chromosome 31, bGalGal1.mat.broiler.GRCg7b, whole genome shotgun sequence	T	29	249900
NC_052562.1 Gallus gallus isolate bGalGal1 chromosome 31, bGalGal1.mat.broiler.GRCg7b, whole genome shotgun sequence	T	16	259912
NC_052562.1 Gallus gallus isolate bGalGal1 chromosome 31, bGalGal1.mat.broiler.GRCg7b, whole genome shotgun sequence	A	20	265628
NC_052562.1 Gallus gallus isolate bGalGal1 chromosome 31, bGalGal1.mat.broiler.GRCg7b, whole genome shotgun sequence	AGAAAA	27	527406
NC_052562.1 Gallus gallus isolate bGalGal1 chromosome 31, bGalGal1.mat.broiler.GRCg7b, whole genome shotgun sequence	GAAAAA	27	527661
NC_052562.1 Gallus gallus isolate bGalGal1 chromosome 31, bGalGal1.mat.broiler.GRCg7b, whole genome shotgun sequence	CTTTTC	25	582621
NC_052562.1 Gallus gallus isolate bGalGal1 chromosome 31, bGalGal1.mat.broiler.GRCg7b, whole genome shotgun sequence	TTTTCC	15	583452
NC_052562.1 Gallus gallus isolate bGalGal1 chromosome 31, bGalGal1.mat.broiler.GRCg7b, whole genome shotgun sequence	TTTCCT	17	586456
NC_052562.1 Gallus gallus isolate bGalGal1 chromosome 31, bGalGal1.mat.broiler.GRCg7b, whole genome shotgun sequence	TTTCTC	23	595478
NC_052562.1 Gallus gallus isolate bGalGal1 chromosome 31, bGalGal1.mat.broiler.GRCg7b, whole genome shotgun sequence	TTTTTC	25	595994
NC_052562.1 Gallus gallus isolate bGalGal1 chromosome 31, bGalGal1.mat.broiler.GRCg7b, whole genome shotgun sequence	TTCTCT	18	599478
NC_052562.1 Gallus gallus isolate bGalGal1 chromosome 31, bGalGal1.mat.broiler.GRCg7b, whole genome shotgun sequence	TTTTCC	17	599736
NC_052562.1 Gallus gallus isolate bGalGal1 chromosome 31, bGalGal1.mat.broiler.GRCg7b, whole genome shotgun sequence	TTTTTC	29	600046
NC_052562.1 Gallus gallus isolate bGalGal1 chromosome 31, bGalGal1.mat.broiler.GRCg7b, whole genome shotgun sequence	TTCTCT	17	603122
NC_052562.1 Gallus gallus isolate bGalGal1 chromosome 31, bGalGal1.mat.broiler.GRCg7b, whole genome shotgun sequence	TTTTCC	15	603374
NC_052562.1 Gallus gallus isolate bGalGal1 chromosome 31, bGalGal1.mat.broiler.GRCg7b, whole genome shotgun sequence	TTTTTC	25	603672
NC_052562.1 Gallus gallus isolate bGalGal1 chromosome 31, bGalGal1.mat.broiler.GRCg7b, whole genome shotgun sequence	AAGGC	23	526784
NC_052562.1 Gallus gallus isolate bGalGal1 chromosome 31, bGalGal1.mat.broiler.GRCg7b, whole genome shotgun sequence	AGGAG	15	526900
NC_052562.1 Gallus gallus isolate bGalGal1 chromosome 31, bGalGal1.mat.broiler.GRCg7b, whole genome shotgun sequence	AGGAA	83	526975
NC_052562.1 Gallus gallus isolate bGalGal1 chromosome 31, bGalGal1.mat.broiler.GRCg7b, whole genome shotgun sequence	AGGA	16	535948
NC_052562.1 Gallus gallus isolate bGalGal1 chromosome 31, bGalGal1.mat.broiler.GRCg7b, whole genome shotgun sequence	AGGA	36	582306
NC_052562.1 Gallus gallus isolate bGalGal1 chromosome 31, bGalGal1.mat.broiler.GRCg7b, whole genome shotgun sequence	GGAA	36	584250
NC_052562.1 Gallus gallus isolate bGalGal1 chromosome 31, bGalGal1.mat.broiler.GRCg7b, whole genome shotgun sequence	AGGA	15	594018
NC_052562.1 Gallus gallus isolate bGalGal1 chromosome 31, bGalGal1.mat.broiler.GRCg7b, whole genome shotgun sequence	AGGA	16	596922
NC_052562.1 Gallus gallus isolate bGalGal1 chromosome 31, bGalGal1.mat.broiler.GRCg7b, whole genome shotgun sequence	GGAA	29	597036
NC_052562.1 Gallus gallus isolate bGalGal1 chromosome 31, bGalGal1.mat.broiler.GRCg7b, whole genome shotgun sequence	GGAA	43	597201
NC_052562.1 Gallus gallus isolate bGalGal1 chromosome 31, bGalGal1.mat.broiler.GRCg7b, whole genome shotgun sequence	AGGA	15	597656
NC_052562.1 Gallus gallus isolate bGalGal1 chromosome 31, bGalGal1.mat.broiler.GRCg7b, whole genome shotgun sequence	GGAA	20	600921
NC_052562.1 Gallus gallus isolate bGalGal1 chromosome 31, bGalGal1.mat.broiler.GRCg7b, whole genome shotgun sequence	AGGA	26	601524
NC_052562.1 Gallus gallus isolate bGalGal1 chromosome 31, bGalGal1.mat.broiler.GRCg7b, whole genome shotgun sequence	GGAA	14	604475
NC_052562.1 Gallus gallus isolate bGalGal1 chromosome 31, bGalGal1.mat.broiler.GRCg7b, whole genome shotgun sequence	GGAA	22	604563
NC_052562.1 Gallus gallus isolate bGalGal1 chromosome 31, bGalGal1.mat.broiler.GRCg7b, whole genome shotgun sequence	AGGA	18	605174
NC_052562.1 Gallus gallus isolate bGalGal1 chromosome 31, bGalGal1.mat.broiler.GRCg7b, whole genome shotgun sequence	T	19	284550
NC_052562.1 Gallus gallus isolate bGalGal1 chromosome 31, bGalGal1.mat.broiler.GRCg7b, whole genome shotgun sequence	T	29	290888
NC_052562.1 Gallus gallus isolate bGalGal1 chromosome 31, bGalGal1.mat.broiler.GRCg7b, whole genome shotgun sequence	T	31	295461
NC_052562.1 Gallus gallus isolate bGalGal1 chromosome 31, bGalGal1.mat.broiler.GRCg7b, whole genome shotgun sequence	C	20	296272
NC_052562.1 Gallus gallus isolate bGalGal1 chromosome 31, bGalGal1.mat.broiler.GRCg7b, whole genome shotgun sequence	A	18	299504
NC_052562.1 Gallus gallus isolate bGalGal1 chromosome 31, bGalGal1.mat.broiler.GRCg7b, whole genome shotgun sequence	T	24	316660
NC_052562.1 Gallus gallus isolate bGalGal1 chromosome 31, bGalGal1.mat.broiler.GRCg7b, whole genome shotgun sequence	T	19	359558
NC_052562.1 Gallus gallus isolate bGalGal1 chromosome 31, bGalGal1.mat.broiler.GRCg7b, whole genome shotgun sequence	A	18	362870
NC_052562.1 Gallus gallus isolate bGalGal1 chromosome 31, bGalGal1.mat.broiler.GRCg7b, whole genome shotgun sequence	T	48	364194
NC_052562.1 Gallus gallus isolate bGalGal1 chromosome 31, bGalGal1.mat.broiler.GRCg7b, whole genome shotgun sequence	T	31	394389
NC_052562.1 Gallus gallus isolate bGalGal1 chromosome 31, bGalGal1.mat.broiler.GRCg7b, whole genome shotgun sequence	A	23	397735
NC_052562.1 Gallus gallus isolate bGalGal1 chromosome 31, bGalGal1.mat.broiler.GRCg7b, whole genome shotgun sequence	T	29	398960
NC_052562.1 Gallus gallus isolate bGalGal1 chromosome 31, bGalGal1.mat.broiler.GRCg7b, whole genome shotgun sequence	T	30	436088
NC_052562.1 Gallus gallus isolate bGalGal1 chromosome 31, bGalGal1.mat.broiler.GRCg7b, whole genome shotgun sequence	A	18	439408
NC_052562.1 Gallus gallus isolate bGalGal1 chromosome 31, bGalGal1.mat.broiler.GRCg7b, whole genome shotgun sequence	T	23	440735
NC_052562.1 Gallus gallus isolate bGalGal1 chromosome 31, bGalGal1.mat.broiler.GRCg7b, whole genome shotgun sequence	A	19	452310
NC_052562.1 Gallus gallus isolate bGalGal1 chromosome 31, bGalGal1.mat.broiler.GRCg7b, whole genome shotgun sequence	G	17	478407
NC_052562.1 Gallus gallus isolate bGalGal1 chromosome 31, bGalGal1.mat.broiler.GRCg7b, whole genome shotgun sequence	T	39	489221
NC_052562.1 Gallus gallus isolate bGalGal1 chromosome 31, bGalGal1.mat.broiler.GRCg7b, whole genome shotgun sequence	A	18	491599
NC_052562.1 Gallus gallus isolate bGalGal1 chromosome 31, bGalGal1.mat.broiler.GRCg7b, whole genome shotgun sequence	A	18	494576
NC_052562.1 Gallus gallus isolate bGalGal1 chromosome 31, bGalGal1.mat.broiler.GRCg7b, whole genome shotgun sequence	A	16	508082
NC_052562.1 Gallus gallus isolate bGalGal1 chromosome 31, bGalGal1.mat.broiler.GRCg7b, whole genome shotgun sequence	T	26	511234
NC_052562.1 Gallus gallus isolate bGalGal1 chromosome 31, bGalGal1.mat.broiler.GRCg7b, whole genome shotgun sequence	A	17	521845
NC_052562.1 Gallus gallus isolate bGalGal1 chromosome 31, bGalGal1.mat.broiler.GRCg7b, whole genome shotgun sequence	C	17	568695
NC_052562.1 Gallus gallus isolate bGalGal1 chromosome 31, bGalGal1.mat.broiler.GRCg7b, whole genome shotgun sequence	T	16	580344
NC_052562.1 Gallus gallus isolate bGalGal1 chromosome 31, bGalGal1.mat.broiler.GRCg7b, whole genome shotgun sequence	A	21	606400
NC_052562.1 Gallus gallus isolate bGalGal1 chromosome 31, bGalGal1.mat.broiler.GRCg7b, whole genome shotgun sequence	G	20	606772
NC_052562.1 Gallus gallus isolate bGalGal1 chromosome 31, bGalGal1.mat.broiler.GRCg7b, whole genome shotgun sequence	A	17	607277
NC_052562.1 Gallus gallus isolate bGalGal1 chromosome 31, bGalGal1.mat.broiler.GRCg7b, whole genome shotgun sequence	GAGGA	40	1308897
NC_052562.1 Gallus gallus isolate bGalGal1 chromosome 31, bGalGal1.mat.broiler.GRCg7b, whole genome shotgun sequence	AC	17	1339882
NC_052562.1 Gallus gallus isolate bGalGal1 chromosome 31, bGalGal1.mat.broiler.GRCg7b, whole genome shotgun sequence	A	22	1289862
NC_052562.1 Gallus gallus isolate bGalGal1 chromosome 31, bGalGal1.mat.broiler.GRCg7b, whole genome shotgun sequence	G	18	1298292
NC_052562.1 Gallus gallus isolate bGalGal1 chromosome 31, bGalGal1.mat.broiler.GRCg7b, whole genome shotgun sequence	G	16	1298400
NC_052562.1 Gallus gallus isolate bGalGal1 chromosome 31, bGalGal1.mat.broiler.GRCg7b, whole genome shotgun sequence	C	20	1302714
NC_052562.1 Gallus gallus isolate bGalGal1 chromosome 31, bGalGal1.mat.broiler.GRCg7b, whole genome shotgun sequence	G	28	1311009
NC_052562.1 Gallus gallus isolate bGalGal1 chromosome 31, bGalGal1.mat.broiler.GRCg7b, whole genome shotgun sequence	G	17	1311646
NC_052562.1 Gallus gallus isolate bGalGal1 chromosome 31, bGalGal1.mat.broiler.GRCg7b, whole genome shotgun sequence	C	18	1312874
NC_052562.1 Gallus gallus isolate bGalGal1 chromosome 31, bGalGal1.mat.broiler.GRCg7b, whole genome shotgun sequence	C	16	1326898
NC_052562.1 Gallus gallus isolate bGalGal1 chromosome 31, bGalGal1.mat.broiler.GRCg7b, whole genome shotgun sequence	C	20	1326947
NC_052562.1 Gallus gallus isolate bGalGal1 chromosome 31, bGalGal1.mat.broiler.GRCg7b, whole genome shotgun sequence	G	24	1327739
NC_052562.1 Gallus gallus isolate bGalGal1 chromosome 31, bGalGal1.mat.broiler.GRCg7b, whole genome shotgun sequence	G	18	1332755
NC_052562.1 Gallus gallus isolate bGalGal1 chromosome 31, bGalGal1.mat.broiler.GRCg7b, whole genome shotgun sequence	C	18	1339499
NC_052562.1 Gallus gallus isolate bGalGal1 chromosome 31, bGalGal1.mat.broiler.GRCg7b, whole genome shotgun sequence	G	34	1353428
NC_052562.1 Gallus gallus isolate bGalGal1 chromosome 31, bGalGal1.mat.broiler.GRCg7b, whole genome shotgun sequence	C	28	1375886
NC_052562.1 Gallus gallus isolate bGalGal1 chromosome 31, bGalGal1.mat.broiler.GRCg7b, whole genome shotgun sequence	T	18	1379390
NC_052562.1 Gallus gallus isolate bGalGal1 chromosome 31, bGalGal1.mat.broiler.GRCg7b, whole genome shotgun sequence	GGGAAG	16	1484611
NC_052562.1 Gallus gallus isolate bGalGal1 chromosome 31, bGalGal1.mat.broiler.GRCg7b, whole genome shotgun sequence	CCTCT	35	1387077
NC_052562.1 Gallus gallus isolate bGalGal1 chromosome 31, bGalGal1.mat.broiler.GRCg7b, whole genome shotgun sequence	AGGGA	29	1411576
NC_052562.1 Gallus gallus isolate bGalGal1 chromosome 31, bGalGal1.mat.broiler.GRCg7b, whole genome shotgun sequence	GGAAG	14	1484485
NC_052562.1 Gallus gallus isolate bGalGal1 chromosome 31, bGalGal1.mat.broiler.GRCg7b, whole genome shotgun sequence	TTCCC	33	1511024
NC_052562.1 Gallus gallus isolate bGalGal1 chromosome 31, bGalGal1.mat.broiler.GRCg7b, whole genome shotgun sequence	TCCA	14	1480636
NC_052562.1 Gallus gallus isolate bGalGal1 chromosome 31, bGalGal1.mat.broiler.GRCg7b, whole genome shotgun sequence	CT	14	1433712
NC_052562.1 Gallus gallus isolate bGalGal1 chromosome 31, bGalGal1.mat.broiler.GRCg7b, whole genome shotgun sequence	T	24	1433893
NC_052562.1 Gallus gallus isolate bGalGal1 chromosome 31, bGalGal1.mat.broiler.GRCg7b, whole genome shotgun sequence	CCTTCC	15	2028798
NC_052562.1 Gallus gallus isolate bGalGal1 chromosome 31, bGalGal1.mat.broiler.GRCg7b, whole genome shotgun sequence	GAGAG	42	1987991
NC_052562.1 Gallus gallus isolate bGalGal1 chromosome 31, bGalGal1.mat.broiler.GRCg7b, whole genome shotgun sequence	TCCTT	36	2022107
NC_052562.1 Gallus gallus isolate bGalGal1 chromosome 31, bGalGal1.mat.broiler.GRCg7b, whole genome shotgun sequence	CCTTC	48	2022283
NC_052562.1 Gallus gallus isolate bGalGal1 chromosome 31, bGalGal1.mat.broiler.GRCg7b, whole genome shotgun sequence	CCTTC	31	2028941
NC_052562.1 Gallus gallus isolate bGalGal1 chromosome 31, bGalGal1.mat.broiler.GRCg7b, whole genome shotgun sequence	GGAGA	20	2045141
NC_052562.1 Gallus gallus isolate bGalGal1 chromosome 31, bGalGal1.mat.broiler.GRCg7b, whole genome shotgun sequence	GGAGA	43	2045299
NC_052562.1 Gallus gallus isolate bGalGal1 chromosome 31, bGalGal1.mat.broiler.GRCg7b, whole genome shotgun sequence	CATC	15	1978619
NC_052562.1 Gallus gallus isolate bGalGal1 chromosome 31, bGalGal1.mat.broiler.GRCg7b, whole genome shotgun sequence	CT	17	2006417
NC_052562.1 Gallus gallus isolate bGalGal1 chromosome 31, bGalGal1.mat.broiler.GRCg7b, whole genome shotgun sequence	AGAGG	32	1868928
NC_052562.1 Gallus gallus isolate bGalGal1 chromosome 31, bGalGal1.mat.broiler.GRCg7b, whole genome shotgun sequence	CCCTT	23	1879940
NC_052562.1 Gallus gallus isolate bGalGal1 chromosome 31, bGalGal1.mat.broiler.GRCg7b, whole genome shotgun sequence	TCTCC	29	1912850
NC_052562.1 Gallus gallus isolate bGalGal1 chromosome 31, bGalGal1.mat.broiler.GRCg7b, whole genome shotgun sequence	GAGAG	38	1936094
NC_052562.1 Gallus gallus isolate bGalGal1 chromosome 31, bGalGal1.mat.broiler.GRCg7b, whole genome shotgun sequence	CT	17	1869782
NC_052562.1 Gallus gallus isolate bGalGal1 chromosome 31, bGalGal1.mat.broiler.GRCg7b, whole genome shotgun sequence	CT	16	1926130
NC_052562.1 Gallus gallus isolate bGalGal1 chromosome 31, bGalGal1.mat.broiler.GRCg7b, whole genome shotgun sequence	C	25	1834484
NC_052562.1 Gallus gallus isolate bGalGal1 chromosome 31, bGalGal1.mat.broiler.GRCg7b, whole genome shotgun sequence	A	16	1852398
NC_052562.1 Gallus gallus isolate bGalGal1 chromosome 31, bGalGal1.mat.broiler.GRCg7b, whole genome shotgun sequence	T	25	1869956
NC_052562.1 Gallus gallus isolate bGalGal1 chromosome 31, bGalGal1.mat.broiler.GRCg7b, whole genome shotgun sequence	A	17	1912147
NC_052562.1 Gallus gallus isolate bGalGal1 chromosome 31, bGalGal1.mat.broiler.GRCg7b, whole genome shotgun sequence	T	24	1913019
NC_052562.1 Gallus gallus isolate bGalGal1 chromosome 31, bGalGal1.mat.broiler.GRCg7b, whole genome shotgun sequence	GGGAAG	17	1684284
NC_052562.1 Gallus gallus isolate bGalGal1 chromosome 31, bGalGal1.mat.broiler.GRCg7b, whole genome shotgun sequence	TTCCC	33	1523750
NC_052562.1 Gallus gallus isolate bGalGal1 chromosome 31, bGalGal1.mat.broiler.GRCg7b, whole genome shotgun sequence	CTCCT	38	1555748
NC_052562.1 Gallus gallus isolate bGalGal1 chromosome 31, bGalGal1.mat.broiler.GRCg7b, whole genome shotgun sequence	CTTCC	14	1556003
NC_052562.1 Gallus gallus isolate bGalGal1 chromosome 31, bGalGal1.mat.broiler.GRCg7b, whole genome shotgun sequence	AGGGA	35	1564281
NC_052562.1 Gallus gallus isolate bGalGal1 chromosome 31, bGalGal1.mat.broiler.GRCg7b, whole genome shotgun sequence	GGGAA	37	1574231
NC_052562.1 Gallus gallus isolate bGalGal1 chromosome 31, bGalGal1.mat.broiler.GRCg7b, whole genome shotgun sequence	GGGAA	31	1574461
NC_052562.1 Gallus gallus isolate bGalGal1 chromosome 31, bGalGal1.mat.broiler.GRCg7b, whole genome shotgun sequence	AGGGA	36	1574750
NC_052562.1 Gallus gallus isolate bGalGal1 chromosome 31, bGalGal1.mat.broiler.GRCg7b, whole genome shotgun sequence	GGAGA	23	1606970
NC_052562.1 Gallus gallus isolate bGalGal1 chromosome 31, bGalGal1.mat.broiler.GRCg7b, whole genome shotgun sequence	GGAGG	17	1607120
NC_052562.1 Gallus gallus isolate bGalGal1 chromosome 31, bGalGal1.mat.broiler.GRCg7b, whole genome shotgun sequence	TCTTT	33	1626560
NC_052562.1 Gallus gallus isolate bGalGal1 chromosome 31, bGalGal1.mat.broiler.GRCg7b, whole genome shotgun sequence	CCTTC	14	1626847
NC_052562.1 Gallus gallus isolate bGalGal1 chromosome 31, bGalGal1.mat.broiler.GRCg7b, whole genome shotgun sequence	CCTTC	34	1626982
NC_052562.1 Gallus gallus isolate bGalGal1 chromosome 31, bGalGal1.mat.broiler.GRCg7b, whole genome shotgun sequence	CCTTC	29	1627202
NC_052562.1 Gallus gallus isolate bGalGal1 chromosome 31, bGalGal1.mat.broiler.GRCg7b, whole genome shotgun sequence	CCTTC	21	1627372
NC_052562.1 Gallus gallus isolate bGalGal1 chromosome 31, bGalGal1.mat.broiler.GRCg7b, whole genome shotgun sequence	CCTTC	16	1627572
NC_052562.1 Gallus gallus isolate bGalGal1 chromosome 31, bGalGal1.mat.broiler.GRCg7b, whole genome shotgun sequence	TTTCC	98	1655167
NC_052562.1 Gallus gallus isolate bGalGal1 chromosome 31, bGalGal1.mat.broiler.GRCg7b, whole genome shotgun sequence	TCCCT	27	1655657
NC_052562.1 Gallus gallus isolate bGalGal1 chromosome 31, bGalGal1.mat.broiler.GRCg7b, whole genome shotgun sequence	GGAAG	29	1684145
NC_052562.1 Gallus gallus isolate bGalGal1 chromosome 31, bGalGal1.mat.broiler.GRCg7b, whole genome shotgun sequence	CCTCT	42	1733626
NC_052562.1 Gallus gallus isolate bGalGal1 chromosome 31, bGalGal1.mat.broiler.GRCg7b, whole genome shotgun sequence	CCTTC	42	1733840
NC_052562.1 Gallus gallus isolate bGalGal1 chromosome 31, bGalGal1.mat.broiler.GRCg7b, whole genome shotgun sequence	TCTCC	31	1762208
NC_052562.1 Gallus gallus isolate bGalGal1 chromosome 31, bGalGal1.mat.broiler.GRCg7b, whole genome shotgun sequence	CATC	14	1588308
NC_052562.1 Gallus gallus isolate bGalGal1 chromosome 31, bGalGal1.mat.broiler.GRCg7b, whole genome shotgun sequence	TCCA	15	1680292
NC_052562.1 Gallus gallus isolate bGalGal1 chromosome 31, bGalGal1.mat.broiler.GRCg7b, whole genome shotgun sequence	AG	15	1638065
NC_052562.1 Gallus gallus isolate bGalGal1 chromosome 31, bGalGal1.mat.broiler.GRCg7b, whole genome shotgun sequence	AG	15	1804472
NC_052562.1 Gallus gallus isolate bGalGal1 chromosome 31, bGalGal1.mat.broiler.GRCg7b, whole genome shotgun sequence	A	17	1761526
NC_052562.1 Gallus gallus isolate bGalGal1 chromosome 31, bGalGal1.mat.broiler.GRCg7b, whole genome shotgun sequence	T	23	1762389
NC_052562.1 Gallus gallus isolate bGalGal1 chromosome 31, bGalGal1.mat.broiler.GRCg7b, whole genome shotgun sequence	C	17	1819408
NC_052562.1 Gallus gallus isolate bGalGal1 chromosome 31, bGalGal1.mat.broiler.GRCg7b, whole genome shotgun sequence	GAAGGG	23	2427461
NC_052562.1 Gallus gallus isolate bGalGal1 chromosome 31, bGalGal1.mat.broiler.GRCg7b, whole genome shotgun sequence	CTCTC	34	2274147
NC_052562.1 Gallus gallus isolate bGalGal1 chromosome 31, bGalGal1.mat.broiler.GRCg7b, whole genome shotgun sequence	CCTCT	23	2274383
NC_052562.1 Gallus gallus isolate bGalGal1 chromosome 31, bGalGal1.mat.broiler.GRCg7b, whole genome shotgun sequence	CCCTT	31	2305715
NC_052562.1 Gallus gallus isolate bGalGal1 chromosome 31, bGalGal1.mat.broiler.GRCg7b, whole genome shotgun sequence	TCCCT	26	2305899
NC_052562.1 Gallus gallus isolate bGalGal1 chromosome 31, bGalGal1.mat.broiler.GRCg7b, whole genome shotgun sequence	TTTCC	16	2328564
NC_052562.1 Gallus gallus isolate bGalGal1 chromosome 31, bGalGal1.mat.broiler.GRCg7b, whole genome shotgun sequence	GGGAA	43	2382618
NC_052562.1 Gallus gallus isolate bGalGal1 chromosome 31, bGalGal1.mat.broiler.GRCg7b, whole genome shotgun sequence	GGAAG	44	2426827
NC_052562.1 Gallus gallus isolate bGalGal1 chromosome 31, bGalGal1.mat.broiler.GRCg7b, whole genome shotgun sequence	GGGAA	35	2427091
NC_052562.1 Gallus gallus isolate bGalGal1 chromosome 31, bGalGal1.mat.broiler.GRCg7b, whole genome shotgun sequence	CT	17	2328992
NC_052562.1 Gallus gallus isolate bGalGal1 chromosome 31, bGalGal1.mat.broiler.GRCg7b, whole genome shotgun sequence	A	16	2359327
NC_052562.1 Gallus gallus isolate bGalGal1 chromosome 31, bGalGal1.mat.broiler.GRCg7b, whole genome shotgun sequence	GGAGA	19	2053281
NC_052562.1 Gallus gallus isolate bGalGal1 chromosome 31, bGalGal1.mat.broiler.GRCg7b, whole genome shotgun sequence	GGAGA	42	2053433
NC_052562.1 Gallus gallus isolate bGalGal1 chromosome 31, bGalGal1.mat.broiler.GRCg7b, whole genome shotgun sequence	GGGAA	22	2077351
NC_052562.1 Gallus gallus isolate bGalGal1 chromosome 31, bGalGal1.mat.broiler.GRCg7b, whole genome shotgun sequence	AGGGG	14	2077496
NC_052562.1 Gallus gallus isolate bGalGal1 chromosome 31, bGalGal1.mat.broiler.GRCg7b, whole genome shotgun sequence	GGGAA	48	2077647
NC_052562.1 Gallus gallus isolate bGalGal1 chromosome 31, bGalGal1.mat.broiler.GRCg7b, whole genome shotgun sequence	TCCTC	21	2082870
NC_052562.1 Gallus gallus isolate bGalGal1 chromosome 31, bGalGal1.mat.broiler.GRCg7b, whole genome shotgun sequence	CCTTC	25	2108870
NC_052562.1 Gallus gallus isolate bGalGal1 chromosome 31, bGalGal1.mat.broiler.GRCg7b, whole genome shotgun sequence	AGGGA	26	2173324
NC_052562.1 Gallus gallus isolate bGalGal1 chromosome 31, bGalGal1.mat.broiler.GRCg7b, whole genome shotgun sequence	AAGGC	28	2173453
NC_052562.1 Gallus gallus isolate bGalGal1 chromosome 31, bGalGal1.mat.broiler.GRCg7b, whole genome shotgun sequence	AAGGA	53	2173593
NC_052562.1 Gallus gallus isolate bGalGal1 chromosome 31, bGalGal1.mat.broiler.GRCg7b, whole genome shotgun sequence	GGAGA	27	2193868
NC_052562.1 Gallus gallus isolate bGalGal1 chromosome 31, bGalGal1.mat.broiler.GRCg7b, whole genome shotgun sequence	GAGGA	38	2194016
NC_052562.1 Gallus gallus isolate bGalGal1 chromosome 31, bGalGal1.mat.broiler.GRCg7b, whole genome shotgun sequence	GAGGA	27	2194261
NC_052562.1 Gallus gallus isolate bGalGal1 chromosome 31, bGalGal1.mat.broiler.GRCg7b, whole genome shotgun sequence	GAGGA	34	2194461
NC_052562.1 Gallus gallus isolate bGalGal1 chromosome 31, bGalGal1.mat.broiler.GRCg7b, whole genome shotgun sequence	GGGAA	26	2203695
NC_052562.1 Gallus gallus isolate bGalGal1 chromosome 31, bGalGal1.mat.broiler.GRCg7b, whole genome shotgun sequence	AGGAG	34	2203836
NC_052562.1 Gallus gallus isolate bGalGal1 chromosome 31, bGalGal1.mat.broiler.GRCg7b, whole genome shotgun sequence	AGAGA	27	2204099
NC_052562.1 Gallus gallus isolate bGalGal1 chromosome 31, bGalGal1.mat.broiler.GRCg7b, whole genome shotgun sequence	AAGAA	36	2204283
NC_052562.1 Gallus gallus isolate bGalGal1 chromosome 31, bGalGal1.mat.broiler.GRCg7b, whole genome shotgun sequence	CTCCT	31	2214652
NC_052562.1 Gallus gallus isolate bGalGal1 chromosome 31, bGalGal1.mat.broiler.GRCg7b, whole genome shotgun sequence	CCCTT	27	2214835
NC_052562.1 Gallus gallus isolate bGalGal1 chromosome 31, bGalGal1.mat.broiler.GRCg7b, whole genome shotgun sequence	GGGAA	49	2222271
NC_052562.1 Gallus gallus isolate bGalGal1 chromosome 31, bGalGal1.mat.broiler.GRCg7b, whole genome shotgun sequence	GGGAA	30	2222536
NC_052562.1 Gallus gallus isolate bGalGal1 chromosome 31, bGalGal1.mat.broiler.GRCg7b, whole genome shotgun sequence	GGGAA	30	2222761
NC_052562.1 Gallus gallus isolate bGalGal1 chromosome 31, bGalGal1.mat.broiler.GRCg7b, whole genome shotgun sequence	AG	15	2082148
NC_052562.1 Gallus gallus isolate bGalGal1 chromosome 31, bGalGal1.mat.broiler.GRCg7b, whole genome shotgun sequence	CT	14	2195325
NC_052562.1 Gallus gallus isolate bGalGal1 chromosome 31, bGalGal1.mat.broiler.GRCg7b, whole genome shotgun sequence	T	33	2054507
