#Sequence_Name	SSR	Repeats	Position
NC_054070.1 Falco naumanni isolate bFalNau1 chromosome 17, bFalNau1.pat, whole genome shotgun sequence	GT	21	2765490
NC_054070.1 Falco naumanni isolate bFalNau1 chromosome 17, bFalNau1.pat, whole genome shotgun sequence	A	16	2737327
NC_054070.1 Falco naumanni isolate bFalNau1 chromosome 17, bFalNau1.pat, whole genome shotgun sequence	T	26	2743299
NC_054070.1 Falco naumanni isolate bFalNau1 chromosome 17, bFalNau1.pat, whole genome shotgun sequence	CATCC	23	3533115
NC_054070.1 Falco naumanni isolate bFalNau1 chromosome 17, bFalNau1.pat, whole genome shotgun sequence	CCCTT	22	3680063
NC_054070.1 Falco naumanni isolate bFalNau1 chromosome 17, bFalNau1.pat, whole genome shotgun sequence	ATCC	15	3540778
NC_054070.1 Falco naumanni isolate bFalNau1 chromosome 17, bFalNau1.pat, whole genome shotgun sequence	TTA	18	2857769
NC_054070.1 Falco naumanni isolate bFalNau1 chromosome 17, bFalNau1.pat, whole genome shotgun sequence	ATC	15	2857822
NC_054070.1 Falco naumanni isolate bFalNau1 chromosome 17, bFalNau1.pat, whole genome shotgun sequence	GAG	14	4106679
NC_054070.1 Falco naumanni isolate bFalNau1 chromosome 17, bFalNau1.pat, whole genome shotgun sequence	CTC	16	4613637
NC_054070.1 Falco naumanni isolate bFalNau1 chromosome 17, bFalNau1.pat, whole genome shotgun sequence	CA	15	4458333
NC_054070.1 Falco naumanni isolate bFalNau1 chromosome 17, bFalNau1.pat, whole genome shotgun sequence	AT	27	4515337
NC_054070.1 Falco naumanni isolate bFalNau1 chromosome 17, bFalNau1.pat, whole genome shotgun sequence	G	25	2788362
NC_054070.1 Falco naumanni isolate bFalNau1 chromosome 17, bFalNau1.pat, whole genome shotgun sequence	A	20	2800597
NC_054070.1 Falco naumanni isolate bFalNau1 chromosome 17, bFalNau1.pat, whole genome shotgun sequence	G	17	2858768
NC_054070.1 Falco naumanni isolate bFalNau1 chromosome 17, bFalNau1.pat, whole genome shotgun sequence	A	16	2868856
NC_054070.1 Falco naumanni isolate bFalNau1 chromosome 17, bFalNau1.pat, whole genome shotgun sequence	G	21	2869683
NC_054070.1 Falco naumanni isolate bFalNau1 chromosome 17, bFalNau1.pat, whole genome shotgun sequence	A	16	2885723
NC_054070.1 Falco naumanni isolate bFalNau1 chromosome 17, bFalNau1.pat, whole genome shotgun sequence	T	17	2898738
NC_054070.1 Falco naumanni isolate bFalNau1 chromosome 17, bFalNau1.pat, whole genome shotgun sequence	G	18	2934630
NC_054070.1 Falco naumanni isolate bFalNau1 chromosome 17, bFalNau1.pat, whole genome shotgun sequence	C	18	2955571
NC_054070.1 Falco naumanni isolate bFalNau1 chromosome 17, bFalNau1.pat, whole genome shotgun sequence	T	24	2963081
NC_054070.1 Falco naumanni isolate bFalNau1 chromosome 17, bFalNau1.pat, whole genome shotgun sequence	C	16	2981182
NC_054070.1 Falco naumanni isolate bFalNau1 chromosome 17, bFalNau1.pat, whole genome shotgun sequence	G	20	3001972
NC_054070.1 Falco naumanni isolate bFalNau1 chromosome 17, bFalNau1.pat, whole genome shotgun sequence	A	21	3003697
NC_054070.1 Falco naumanni isolate bFalNau1 chromosome 17, bFalNau1.pat, whole genome shotgun sequence	G	17	3013487
NC_054070.1 Falco naumanni isolate bFalNau1 chromosome 17, bFalNau1.pat, whole genome shotgun sequence	C	18	3014049
NC_054070.1 Falco naumanni isolate bFalNau1 chromosome 17, bFalNau1.pat, whole genome shotgun sequence	G	18	3018426
NC_054070.1 Falco naumanni isolate bFalNau1 chromosome 17, bFalNau1.pat, whole genome shotgun sequence	C	16	3022538
NC_054070.1 Falco naumanni isolate bFalNau1 chromosome 17, bFalNau1.pat, whole genome shotgun sequence	A	27	3023298
NC_054070.1 Falco naumanni isolate bFalNau1 chromosome 17, bFalNau1.pat, whole genome shotgun sequence	A	25	3031985
NC_054070.1 Falco naumanni isolate bFalNau1 chromosome 17, bFalNau1.pat, whole genome shotgun sequence	C	16	3046324
NC_054070.1 Falco naumanni isolate bFalNau1 chromosome 17, bFalNau1.pat, whole genome shotgun sequence	A	23	3067356
NC_054070.1 Falco naumanni isolate bFalNau1 chromosome 17, bFalNau1.pat, whole genome shotgun sequence	A	19	3075462
NC_054070.1 Falco naumanni isolate bFalNau1 chromosome 17, bFalNau1.pat, whole genome shotgun sequence	T	19	3092534
NC_054070.1 Falco naumanni isolate bFalNau1 chromosome 17, bFalNau1.pat, whole genome shotgun sequence	A	16	3096694
NC_054070.1 Falco naumanni isolate bFalNau1 chromosome 17, bFalNau1.pat, whole genome shotgun sequence	T	16	3103563
NC_054070.1 Falco naumanni isolate bFalNau1 chromosome 17, bFalNau1.pat, whole genome shotgun sequence	C	20	3131893
NC_054070.1 Falco naumanni isolate bFalNau1 chromosome 17, bFalNau1.pat, whole genome shotgun sequence	G	16	3153563
NC_054070.1 Falco naumanni isolate bFalNau1 chromosome 17, bFalNau1.pat, whole genome shotgun sequence	C	18	3154225
NC_054070.1 Falco naumanni isolate bFalNau1 chromosome 17, bFalNau1.pat, whole genome shotgun sequence	T	27	3176553
NC_054070.1 Falco naumanni isolate bFalNau1 chromosome 17, bFalNau1.pat, whole genome shotgun sequence	A	25	3179750
NC_054070.1 Falco naumanni isolate bFalNau1 chromosome 17, bFalNau1.pat, whole genome shotgun sequence	A	20	3230058
NC_054070.1 Falco naumanni isolate bFalNau1 chromosome 17, bFalNau1.pat, whole genome shotgun sequence	T	18	3239621
NC_054070.1 Falco naumanni isolate bFalNau1 chromosome 17, bFalNau1.pat, whole genome shotgun sequence	T	16	3262332
NC_054070.1 Falco naumanni isolate bFalNau1 chromosome 17, bFalNau1.pat, whole genome shotgun sequence	A	23	3299714
NC_054070.1 Falco naumanni isolate bFalNau1 chromosome 17, bFalNau1.pat, whole genome shotgun sequence	C	17	3362571
NC_054070.1 Falco naumanni isolate bFalNau1 chromosome 17, bFalNau1.pat, whole genome shotgun sequence	G	17	3363438
NC_054070.1 Falco naumanni isolate bFalNau1 chromosome 17, bFalNau1.pat, whole genome shotgun sequence	C	21	3366836
NC_054070.1 Falco naumanni isolate bFalNau1 chromosome 17, bFalNau1.pat, whole genome shotgun sequence	T	25	3376181
NC_054070.1 Falco naumanni isolate bFalNau1 chromosome 17, bFalNau1.pat, whole genome shotgun sequence	T	17	3387236
NC_054070.1 Falco naumanni isolate bFalNau1 chromosome 17, bFalNau1.pat, whole genome shotgun sequence	T	18	3401408
NC_054070.1 Falco naumanni isolate bFalNau1 chromosome 17, bFalNau1.pat, whole genome shotgun sequence	C	16	3426695
NC_054070.1 Falco naumanni isolate bFalNau1 chromosome 17, bFalNau1.pat, whole genome shotgun sequence	T	25	3426926
NC_054070.1 Falco naumanni isolate bFalNau1 chromosome 17, bFalNau1.pat, whole genome shotgun sequence	A	16	3434609
NC_054070.1 Falco naumanni isolate bFalNau1 chromosome 17, bFalNau1.pat, whole genome shotgun sequence	T	19	3448325
NC_054070.1 Falco naumanni isolate bFalNau1 chromosome 17, bFalNau1.pat, whole genome shotgun sequence	C	18	3462139
NC_054070.1 Falco naumanni isolate bFalNau1 chromosome 17, bFalNau1.pat, whole genome shotgun sequence	A	18	3462531
NC_054070.1 Falco naumanni isolate bFalNau1 chromosome 17, bFalNau1.pat, whole genome shotgun sequence	C	16	3463551
NC_054070.1 Falco naumanni isolate bFalNau1 chromosome 17, bFalNau1.pat, whole genome shotgun sequence	A	16	3467197
NC_054070.1 Falco naumanni isolate bFalNau1 chromosome 17, bFalNau1.pat, whole genome shotgun sequence	G	24	3485329
NC_054070.1 Falco naumanni isolate bFalNau1 chromosome 17, bFalNau1.pat, whole genome shotgun sequence	T	18	3491727
NC_054070.1 Falco naumanni isolate bFalNau1 chromosome 17, bFalNau1.pat, whole genome shotgun sequence	A	22	3493438
NC_054070.1 Falco naumanni isolate bFalNau1 chromosome 17, bFalNau1.pat, whole genome shotgun sequence	A	20	3499517
NC_054070.1 Falco naumanni isolate bFalNau1 chromosome 17, bFalNau1.pat, whole genome shotgun sequence	T	17	3525181
NC_054070.1 Falco naumanni isolate bFalNau1 chromosome 17, bFalNau1.pat, whole genome shotgun sequence	G	24	3529273
NC_054070.1 Falco naumanni isolate bFalNau1 chromosome 17, bFalNau1.pat, whole genome shotgun sequence	T	23	3531544
NC_054070.1 Falco naumanni isolate bFalNau1 chromosome 17, bFalNau1.pat, whole genome shotgun sequence	A	19	3532503
NC_054070.1 Falco naumanni isolate bFalNau1 chromosome 17, bFalNau1.pat, whole genome shotgun sequence	A	16	3532523
NC_054070.1 Falco naumanni isolate bFalNau1 chromosome 17, bFalNau1.pat, whole genome shotgun sequence	A	21	3534250
NC_054070.1 Falco naumanni isolate bFalNau1 chromosome 17, bFalNau1.pat, whole genome shotgun sequence	A	23	3535145
NC_054070.1 Falco naumanni isolate bFalNau1 chromosome 17, bFalNau1.pat, whole genome shotgun sequence	T	16	3537351
NC_054070.1 Falco naumanni isolate bFalNau1 chromosome 17, bFalNau1.pat, whole genome shotgun sequence	C	24	3558630
NC_054070.1 Falco naumanni isolate bFalNau1 chromosome 17, bFalNau1.pat, whole genome shotgun sequence	C	16	3560594
NC_054070.1 Falco naumanni isolate bFalNau1 chromosome 17, bFalNau1.pat, whole genome shotgun sequence	C	16	3561807
NC_054070.1 Falco naumanni isolate bFalNau1 chromosome 17, bFalNau1.pat, whole genome shotgun sequence	C	19	3562009
NC_054070.1 Falco naumanni isolate bFalNau1 chromosome 17, bFalNau1.pat, whole genome shotgun sequence	T	16	3563862
NC_054070.1 Falco naumanni isolate bFalNau1 chromosome 17, bFalNau1.pat, whole genome shotgun sequence	A	19	3566450
NC_054070.1 Falco naumanni isolate bFalNau1 chromosome 17, bFalNau1.pat, whole genome shotgun sequence	A	29	3573666
NC_054070.1 Falco naumanni isolate bFalNau1 chromosome 17, bFalNau1.pat, whole genome shotgun sequence	A	23	3574588
NC_054070.1 Falco naumanni isolate bFalNau1 chromosome 17, bFalNau1.pat, whole genome shotgun sequence	A	16	3580730
NC_054070.1 Falco naumanni isolate bFalNau1 chromosome 17, bFalNau1.pat, whole genome shotgun sequence	A	24	3584099
NC_054070.1 Falco naumanni isolate bFalNau1 chromosome 17, bFalNau1.pat, whole genome shotgun sequence	T	21	3585578
NC_054070.1 Falco naumanni isolate bFalNau1 chromosome 17, bFalNau1.pat, whole genome shotgun sequence	A	18	3585977
NC_054070.1 Falco naumanni isolate bFalNau1 chromosome 17, bFalNau1.pat, whole genome shotgun sequence	C	16	3592471
NC_054070.1 Falco naumanni isolate bFalNau1 chromosome 17, bFalNau1.pat, whole genome shotgun sequence	T	17	3594783
NC_054070.1 Falco naumanni isolate bFalNau1 chromosome 17, bFalNau1.pat, whole genome shotgun sequence	T	16	3598020
NC_054070.1 Falco naumanni isolate bFalNau1 chromosome 17, bFalNau1.pat, whole genome shotgun sequence	A	22	3598588
NC_054070.1 Falco naumanni isolate bFalNau1 chromosome 17, bFalNau1.pat, whole genome shotgun sequence	C	17	3599504
NC_054070.1 Falco naumanni isolate bFalNau1 chromosome 17, bFalNau1.pat, whole genome shotgun sequence	T	16	3606769
NC_054070.1 Falco naumanni isolate bFalNau1 chromosome 17, bFalNau1.pat, whole genome shotgun sequence	T	28	3611865
NC_054070.1 Falco naumanni isolate bFalNau1 chromosome 17, bFalNau1.pat, whole genome shotgun sequence	C	19	3618966
NC_054070.1 Falco naumanni isolate bFalNau1 chromosome 17, bFalNau1.pat, whole genome shotgun sequence	C	16	3627302
NC_054070.1 Falco naumanni isolate bFalNau1 chromosome 17, bFalNau1.pat, whole genome shotgun sequence	T	22	3629360
NC_054070.1 Falco naumanni isolate bFalNau1 chromosome 17, bFalNau1.pat, whole genome shotgun sequence	T	18	3631545
NC_054070.1 Falco naumanni isolate bFalNau1 chromosome 17, bFalNau1.pat, whole genome shotgun sequence	A	19	3635487
NC_054070.1 Falco naumanni isolate bFalNau1 chromosome 17, bFalNau1.pat, whole genome shotgun sequence	A	17	3636858
NC_054070.1 Falco naumanni isolate bFalNau1 chromosome 17, bFalNau1.pat, whole genome shotgun sequence	T	29	3647039
NC_054070.1 Falco naumanni isolate bFalNau1 chromosome 17, bFalNau1.pat, whole genome shotgun sequence	T	17	3650108
NC_054070.1 Falco naumanni isolate bFalNau1 chromosome 17, bFalNau1.pat, whole genome shotgun sequence	T	16	3650381
NC_054070.1 Falco naumanni isolate bFalNau1 chromosome 17, bFalNau1.pat, whole genome shotgun sequence	A	23	3653996
NC_054070.1 Falco naumanni isolate bFalNau1 chromosome 17, bFalNau1.pat, whole genome shotgun sequence	C	20	3662271
NC_054070.1 Falco naumanni isolate bFalNau1 chromosome 17, bFalNau1.pat, whole genome shotgun sequence	T	24	3663911
NC_054070.1 Falco naumanni isolate bFalNau1 chromosome 17, bFalNau1.pat, whole genome shotgun sequence	T	26	3669663
NC_054070.1 Falco naumanni isolate bFalNau1 chromosome 17, bFalNau1.pat, whole genome shotgun sequence	T	18	3692659
NC_054070.1 Falco naumanni isolate bFalNau1 chromosome 17, bFalNau1.pat, whole genome shotgun sequence	T	31	3697608
NC_054070.1 Falco naumanni isolate bFalNau1 chromosome 17, bFalNau1.pat, whole genome shotgun sequence	G	26	3699523
NC_054070.1 Falco naumanni isolate bFalNau1 chromosome 17, bFalNau1.pat, whole genome shotgun sequence	A	17	3704124
NC_054070.1 Falco naumanni isolate bFalNau1 chromosome 17, bFalNau1.pat, whole genome shotgun sequence	C	17	3721415
NC_054070.1 Falco naumanni isolate bFalNau1 chromosome 17, bFalNau1.pat, whole genome shotgun sequence	T	26	3728583
NC_054070.1 Falco naumanni isolate bFalNau1 chromosome 17, bFalNau1.pat, whole genome shotgun sequence	A	22	3732231
NC_054070.1 Falco naumanni isolate bFalNau1 chromosome 17, bFalNau1.pat, whole genome shotgun sequence	T	19	3743588
NC_054070.1 Falco naumanni isolate bFalNau1 chromosome 17, bFalNau1.pat, whole genome shotgun sequence	A	23	3754250
NC_054070.1 Falco naumanni isolate bFalNau1 chromosome 17, bFalNau1.pat, whole genome shotgun sequence	T	17	3754809
NC_054070.1 Falco naumanni isolate bFalNau1 chromosome 17, bFalNau1.pat, whole genome shotgun sequence	G	23	3757874
NC_054070.1 Falco naumanni isolate bFalNau1 chromosome 17, bFalNau1.pat, whole genome shotgun sequence	A	27	3792788
NC_054070.1 Falco naumanni isolate bFalNau1 chromosome 17, bFalNau1.pat, whole genome shotgun sequence	A	17	3794448
NC_054070.1 Falco naumanni isolate bFalNau1 chromosome 17, bFalNau1.pat, whole genome shotgun sequence	T	18	3800438
NC_054070.1 Falco naumanni isolate bFalNau1 chromosome 17, bFalNau1.pat, whole genome shotgun sequence	T	26	3802119
NC_054070.1 Falco naumanni isolate bFalNau1 chromosome 17, bFalNau1.pat, whole genome shotgun sequence	T	23	3812344
NC_054070.1 Falco naumanni isolate bFalNau1 chromosome 17, bFalNau1.pat, whole genome shotgun sequence	C	19	3827048
NC_054070.1 Falco naumanni isolate bFalNau1 chromosome 17, bFalNau1.pat, whole genome shotgun sequence	T	17	3834092
NC_054070.1 Falco naumanni isolate bFalNau1 chromosome 17, bFalNau1.pat, whole genome shotgun sequence	C	21	3842660
NC_054070.1 Falco naumanni isolate bFalNau1 chromosome 17, bFalNau1.pat, whole genome shotgun sequence	T	27	3879240
NC_054070.1 Falco naumanni isolate bFalNau1 chromosome 17, bFalNau1.pat, whole genome shotgun sequence	C	22	3880309
NC_054070.1 Falco naumanni isolate bFalNau1 chromosome 17, bFalNau1.pat, whole genome shotgun sequence	A	27	3883166
NC_054070.1 Falco naumanni isolate bFalNau1 chromosome 17, bFalNau1.pat, whole genome shotgun sequence	T	23	3885503
NC_054070.1 Falco naumanni isolate bFalNau1 chromosome 17, bFalNau1.pat, whole genome shotgun sequence	A	17	3886638
NC_054070.1 Falco naumanni isolate bFalNau1 chromosome 17, bFalNau1.pat, whole genome shotgun sequence	T	22	3892990
NC_054070.1 Falco naumanni isolate bFalNau1 chromosome 17, bFalNau1.pat, whole genome shotgun sequence	A	19	3900857
NC_054070.1 Falco naumanni isolate bFalNau1 chromosome 17, bFalNau1.pat, whole genome shotgun sequence	A	17	3905771
NC_054070.1 Falco naumanni isolate bFalNau1 chromosome 17, bFalNau1.pat, whole genome shotgun sequence	T	18	3909118
NC_054070.1 Falco naumanni isolate bFalNau1 chromosome 17, bFalNau1.pat, whole genome shotgun sequence	C	19	3910576
NC_054070.1 Falco naumanni isolate bFalNau1 chromosome 17, bFalNau1.pat, whole genome shotgun sequence	A	18	3916004
NC_054070.1 Falco naumanni isolate bFalNau1 chromosome 17, bFalNau1.pat, whole genome shotgun sequence	A	16	3942962
NC_054070.1 Falco naumanni isolate bFalNau1 chromosome 17, bFalNau1.pat, whole genome shotgun sequence	T	26	3946948
NC_054070.1 Falco naumanni isolate bFalNau1 chromosome 17, bFalNau1.pat, whole genome shotgun sequence	T	17	3959255
NC_054070.1 Falco naumanni isolate bFalNau1 chromosome 17, bFalNau1.pat, whole genome shotgun sequence	C	21	3966983
NC_054070.1 Falco naumanni isolate bFalNau1 chromosome 17, bFalNau1.pat, whole genome shotgun sequence	T	24	3967626
NC_054070.1 Falco naumanni isolate bFalNau1 chromosome 17, bFalNau1.pat, whole genome shotgun sequence	A	16	3970450
NC_054070.1 Falco naumanni isolate bFalNau1 chromosome 17, bFalNau1.pat, whole genome shotgun sequence	A	17	3993712
NC_054070.1 Falco naumanni isolate bFalNau1 chromosome 17, bFalNau1.pat, whole genome shotgun sequence	T	17	3994155
NC_054070.1 Falco naumanni isolate bFalNau1 chromosome 17, bFalNau1.pat, whole genome shotgun sequence	A	31	4002107
NC_054070.1 Falco naumanni isolate bFalNau1 chromosome 17, bFalNau1.pat, whole genome shotgun sequence	A	23	4022826
NC_054070.1 Falco naumanni isolate bFalNau1 chromosome 17, bFalNau1.pat, whole genome shotgun sequence	A	22	4028730
NC_054070.1 Falco naumanni isolate bFalNau1 chromosome 17, bFalNau1.pat, whole genome shotgun sequence	A	22	4029872
NC_054070.1 Falco naumanni isolate bFalNau1 chromosome 17, bFalNau1.pat, whole genome shotgun sequence	A	18	4030258
NC_054070.1 Falco naumanni isolate bFalNau1 chromosome 17, bFalNau1.pat, whole genome shotgun sequence	T	18	4031201
NC_054070.1 Falco naumanni isolate bFalNau1 chromosome 17, bFalNau1.pat, whole genome shotgun sequence	A	22	4042594
NC_054070.1 Falco naumanni isolate bFalNau1 chromosome 17, bFalNau1.pat, whole genome shotgun sequence	A	18	4043007
NC_054070.1 Falco naumanni isolate bFalNau1 chromosome 17, bFalNau1.pat, whole genome shotgun sequence	T	23	4052727
NC_054070.1 Falco naumanni isolate bFalNau1 chromosome 17, bFalNau1.pat, whole genome shotgun sequence	T	26	4058270
NC_054070.1 Falco naumanni isolate bFalNau1 chromosome 17, bFalNau1.pat, whole genome shotgun sequence	A	25	4074012
NC_054070.1 Falco naumanni isolate bFalNau1 chromosome 17, bFalNau1.pat, whole genome shotgun sequence	A	17	4084058
NC_054070.1 Falco naumanni isolate bFalNau1 chromosome 17, bFalNau1.pat, whole genome shotgun sequence	A	22	4084983
NC_054070.1 Falco naumanni isolate bFalNau1 chromosome 17, bFalNau1.pat, whole genome shotgun sequence	A	19	4089894
NC_054070.1 Falco naumanni isolate bFalNau1 chromosome 17, bFalNau1.pat, whole genome shotgun sequence	G	26	4090125
NC_054070.1 Falco naumanni isolate bFalNau1 chromosome 17, bFalNau1.pat, whole genome shotgun sequence	A	19	4106315
NC_054070.1 Falco naumanni isolate bFalNau1 chromosome 17, bFalNau1.pat, whole genome shotgun sequence	C	16	4107124
NC_054070.1 Falco naumanni isolate bFalNau1 chromosome 17, bFalNau1.pat, whole genome shotgun sequence	A	22	4111162
NC_054070.1 Falco naumanni isolate bFalNau1 chromosome 17, bFalNau1.pat, whole genome shotgun sequence	C	17	4115373
NC_054070.1 Falco naumanni isolate bFalNau1 chromosome 17, bFalNau1.pat, whole genome shotgun sequence	A	20	4116394
NC_054070.1 Falco naumanni isolate bFalNau1 chromosome 17, bFalNau1.pat, whole genome shotgun sequence	G	18	4121303
NC_054070.1 Falco naumanni isolate bFalNau1 chromosome 17, bFalNau1.pat, whole genome shotgun sequence	T	20	4126789
NC_054070.1 Falco naumanni isolate bFalNau1 chromosome 17, bFalNau1.pat, whole genome shotgun sequence	G	16	4127063
NC_054070.1 Falco naumanni isolate bFalNau1 chromosome 17, bFalNau1.pat, whole genome shotgun sequence	C	16	4127931
NC_054070.1 Falco naumanni isolate bFalNau1 chromosome 17, bFalNau1.pat, whole genome shotgun sequence	T	23	4128430
NC_054070.1 Falco naumanni isolate bFalNau1 chromosome 17, bFalNau1.pat, whole genome shotgun sequence	A	18	4128748
NC_054070.1 Falco naumanni isolate bFalNau1 chromosome 17, bFalNau1.pat, whole genome shotgun sequence	G	17	4129672
NC_054070.1 Falco naumanni isolate bFalNau1 chromosome 17, bFalNau1.pat, whole genome shotgun sequence	T	28	4129953
NC_054070.1 Falco naumanni isolate bFalNau1 chromosome 17, bFalNau1.pat, whole genome shotgun sequence	T	19	4131132
NC_054070.1 Falco naumanni isolate bFalNau1 chromosome 17, bFalNau1.pat, whole genome shotgun sequence	A	16	4131241
NC_054070.1 Falco naumanni isolate bFalNau1 chromosome 17, bFalNau1.pat, whole genome shotgun sequence	T	19	4144472
NC_054070.1 Falco naumanni isolate bFalNau1 chromosome 17, bFalNau1.pat, whole genome shotgun sequence	A	28	4145927
NC_054070.1 Falco naumanni isolate bFalNau1 chromosome 17, bFalNau1.pat, whole genome shotgun sequence	A	31	4151700
NC_054070.1 Falco naumanni isolate bFalNau1 chromosome 17, bFalNau1.pat, whole genome shotgun sequence	A	18	4152646
NC_054070.1 Falco naumanni isolate bFalNau1 chromosome 17, bFalNau1.pat, whole genome shotgun sequence	T	21	4156883
NC_054070.1 Falco naumanni isolate bFalNau1 chromosome 17, bFalNau1.pat, whole genome shotgun sequence	A	22	4158333
NC_054070.1 Falco naumanni isolate bFalNau1 chromosome 17, bFalNau1.pat, whole genome shotgun sequence	C	22	4169555
NC_054070.1 Falco naumanni isolate bFalNau1 chromosome 17, bFalNau1.pat, whole genome shotgun sequence	A	21	4178811
NC_054070.1 Falco naumanni isolate bFalNau1 chromosome 17, bFalNau1.pat, whole genome shotgun sequence	A	23	4229785
NC_054070.1 Falco naumanni isolate bFalNau1 chromosome 17, bFalNau1.pat, whole genome shotgun sequence	A	20	4258690
NC_054070.1 Falco naumanni isolate bFalNau1 chromosome 17, bFalNau1.pat, whole genome shotgun sequence	T	24	4259322
NC_054070.1 Falco naumanni isolate bFalNau1 chromosome 17, bFalNau1.pat, whole genome shotgun sequence	C	17	4264719
NC_054070.1 Falco naumanni isolate bFalNau1 chromosome 17, bFalNau1.pat, whole genome shotgun sequence	A	20	4268728
NC_054070.1 Falco naumanni isolate bFalNau1 chromosome 17, bFalNau1.pat, whole genome shotgun sequence	C	16	4271053
NC_054070.1 Falco naumanni isolate bFalNau1 chromosome 17, bFalNau1.pat, whole genome shotgun sequence	A	17	4271342
NC_054070.1 Falco naumanni isolate bFalNau1 chromosome 17, bFalNau1.pat, whole genome shotgun sequence	T	16	4272739
NC_054070.1 Falco naumanni isolate bFalNau1 chromosome 17, bFalNau1.pat, whole genome shotgun sequence	T	20	4282196
NC_054070.1 Falco naumanni isolate bFalNau1 chromosome 17, bFalNau1.pat, whole genome shotgun sequence	T	23	4320313
NC_054070.1 Falco naumanni isolate bFalNau1 chromosome 17, bFalNau1.pat, whole genome shotgun sequence	T	26	4337468
NC_054070.1 Falco naumanni isolate bFalNau1 chromosome 17, bFalNau1.pat, whole genome shotgun sequence	T	27	4340866
NC_054070.1 Falco naumanni isolate bFalNau1 chromosome 17, bFalNau1.pat, whole genome shotgun sequence	G	20	4353788
NC_054070.1 Falco naumanni isolate bFalNau1 chromosome 17, bFalNau1.pat, whole genome shotgun sequence	G	16	4363160
NC_054070.1 Falco naumanni isolate bFalNau1 chromosome 17, bFalNau1.pat, whole genome shotgun sequence	T	18	4364297
NC_054070.1 Falco naumanni isolate bFalNau1 chromosome 17, bFalNau1.pat, whole genome shotgun sequence	T	18	4372490
NC_054070.1 Falco naumanni isolate bFalNau1 chromosome 17, bFalNau1.pat, whole genome shotgun sequence	A	37	4388258
NC_054070.1 Falco naumanni isolate bFalNau1 chromosome 17, bFalNau1.pat, whole genome shotgun sequence	T	22	4388776
NC_054070.1 Falco naumanni isolate bFalNau1 chromosome 17, bFalNau1.pat, whole genome shotgun sequence	T	16	4394524
NC_054070.1 Falco naumanni isolate bFalNau1 chromosome 17, bFalNau1.pat, whole genome shotgun sequence	A	27	4405882
NC_054070.1 Falco naumanni isolate bFalNau1 chromosome 17, bFalNau1.pat, whole genome shotgun sequence	T	16	4413674
NC_054070.1 Falco naumanni isolate bFalNau1 chromosome 17, bFalNau1.pat, whole genome shotgun sequence	T	20	4424084
NC_054070.1 Falco naumanni isolate bFalNau1 chromosome 17, bFalNau1.pat, whole genome shotgun sequence	A	17	4426071
NC_054070.1 Falco naumanni isolate bFalNau1 chromosome 17, bFalNau1.pat, whole genome shotgun sequence	T	18	4429473
NC_054070.1 Falco naumanni isolate bFalNau1 chromosome 17, bFalNau1.pat, whole genome shotgun sequence	A	19	4442943
NC_054070.1 Falco naumanni isolate bFalNau1 chromosome 17, bFalNau1.pat, whole genome shotgun sequence	A	31	4451754
NC_054070.1 Falco naumanni isolate bFalNau1 chromosome 17, bFalNau1.pat, whole genome shotgun sequence	A	22	4471962
NC_054070.1 Falco naumanni isolate bFalNau1 chromosome 17, bFalNau1.pat, whole genome shotgun sequence	A	22	4513420
NC_054070.1 Falco naumanni isolate bFalNau1 chromosome 17, bFalNau1.pat, whole genome shotgun sequence	G	17	4520054
NC_054070.1 Falco naumanni isolate bFalNau1 chromosome 17, bFalNau1.pat, whole genome shotgun sequence	C	21	4522277
NC_054070.1 Falco naumanni isolate bFalNau1 chromosome 17, bFalNau1.pat, whole genome shotgun sequence	C	17	4589450
NC_054070.1 Falco naumanni isolate bFalNau1 chromosome 17, bFalNau1.pat, whole genome shotgun sequence	A	24	4597201
NC_054070.1 Falco naumanni isolate bFalNau1 chromosome 17, bFalNau1.pat, whole genome shotgun sequence	A	18	4597646
NC_054070.1 Falco naumanni isolate bFalNau1 chromosome 17, bFalNau1.pat, whole genome shotgun sequence	T	17	4598183
NC_054070.1 Falco naumanni isolate bFalNau1 chromosome 17, bFalNau1.pat, whole genome shotgun sequence	A	25	4598213
NC_054070.1 Falco naumanni isolate bFalNau1 chromosome 17, bFalNau1.pat, whole genome shotgun sequence	A	16	4608093
NC_054070.1 Falco naumanni isolate bFalNau1 chromosome 17, bFalNau1.pat, whole genome shotgun sequence	T	21	4611447
NC_054070.1 Falco naumanni isolate bFalNau1 chromosome 17, bFalNau1.pat, whole genome shotgun sequence	G	22	4622185
NC_054070.1 Falco naumanni isolate bFalNau1 chromosome 17, bFalNau1.pat, whole genome shotgun sequence	T	39	4625727
NC_054070.1 Falco naumanni isolate bFalNau1 chromosome 17, bFalNau1.pat, whole genome shotgun sequence	T	28	4627332
NC_054070.1 Falco naumanni isolate bFalNau1 chromosome 17, bFalNau1.pat, whole genome shotgun sequence	A	27	4629463
NC_054070.1 Falco naumanni isolate bFalNau1 chromosome 17, bFalNau1.pat, whole genome shotgun sequence	T	17	4639827
NC_054070.1 Falco naumanni isolate bFalNau1 chromosome 17, bFalNau1.pat, whole genome shotgun sequence	A	26	4643550
NC_054070.1 Falco naumanni isolate bFalNau1 chromosome 17, bFalNau1.pat, whole genome shotgun sequence	A	16	4645336
NC_054070.1 Falco naumanni isolate bFalNau1 chromosome 17, bFalNau1.pat, whole genome shotgun sequence	T	17	4646901
NC_054070.1 Falco naumanni isolate bFalNau1 chromosome 17, bFalNau1.pat, whole genome shotgun sequence	A	16	4648757
NC_054070.1 Falco naumanni isolate bFalNau1 chromosome 17, bFalNau1.pat, whole genome shotgun sequence	T	16	4651450
NC_054070.1 Falco naumanni isolate bFalNau1 chromosome 17, bFalNau1.pat, whole genome shotgun sequence	T	24	4653865
NC_054070.1 Falco naumanni isolate bFalNau1 chromosome 17, bFalNau1.pat, whole genome shotgun sequence	G	17	4659433
NC_054070.1 Falco naumanni isolate bFalNau1 chromosome 17, bFalNau1.pat, whole genome shotgun sequence	T	23	4660203
NC_054070.1 Falco naumanni isolate bFalNau1 chromosome 17, bFalNau1.pat, whole genome shotgun sequence	A	18	4660855
NC_054070.1 Falco naumanni isolate bFalNau1 chromosome 17, bFalNau1.pat, whole genome shotgun sequence	T	20	4661416
NC_054070.1 Falco naumanni isolate bFalNau1 chromosome 17, bFalNau1.pat, whole genome shotgun sequence	T	22	4661672
NC_054070.1 Falco naumanni isolate bFalNau1 chromosome 17, bFalNau1.pat, whole genome shotgun sequence	G	24	4662852
NC_054070.1 Falco naumanni isolate bFalNau1 chromosome 17, bFalNau1.pat, whole genome shotgun sequence	TAACCC	17	463
NC_054070.1 Falco naumanni isolate bFalNau1 chromosome 17, bFalNau1.pat, whole genome shotgun sequence	GGGAAG	14	25173
NC_054070.1 Falco naumanni isolate bFalNau1 chromosome 17, bFalNau1.pat, whole genome shotgun sequence	AAGGG	16	25089
NC_054070.1 Falco naumanni isolate bFalNau1 chromosome 17, bFalNau1.pat, whole genome shotgun sequence	GGGAA	24	25303
NC_054070.1 Falco naumanni isolate bFalNau1 chromosome 17, bFalNau1.pat, whole genome shotgun sequence	AAGGG	14	25440
NC_054070.1 Falco naumanni isolate bFalNau1 chromosome 17, bFalNau1.pat, whole genome shotgun sequence	AGGGA	31	25530
NC_054070.1 Falco naumanni isolate bFalNau1 chromosome 17, bFalNau1.pat, whole genome shotgun sequence	AGGGA	20	25687
NC_054070.1 Falco naumanni isolate bFalNau1 chromosome 17, bFalNau1.pat, whole genome shotgun sequence	AAGGG	31	25834
NC_054070.1 Falco naumanni isolate bFalNau1 chromosome 17, bFalNau1.pat, whole genome shotgun sequence	AAAAG	33	686077
NC_054070.1 Falco naumanni isolate bFalNau1 chromosome 17, bFalNau1.pat, whole genome shotgun sequence	GGGAA	41	686605
NC_054070.1 Falco naumanni isolate bFalNau1 chromosome 17, bFalNau1.pat, whole genome shotgun sequence	GGAAA	53	686850
NC_054070.1 Falco naumanni isolate bFalNau1 chromosome 17, bFalNau1.pat, whole genome shotgun sequence	TCGGC	18	896456
NC_054070.1 Falco naumanni isolate bFalNau1 chromosome 17, bFalNau1.pat, whole genome shotgun sequence	GGGAT	20	995900
NC_054070.1 Falco naumanni isolate bFalNau1 chromosome 17, bFalNau1.pat, whole genome shotgun sequence	GGGAT	21	996509
NC_054070.1 Falco naumanni isolate bFalNau1 chromosome 17, bFalNau1.pat, whole genome shotgun sequence	TGGA	17	1094084
NC_054070.1 Falco naumanni isolate bFalNau1 chromosome 17, bFalNau1.pat, whole genome shotgun sequence	GGA	18	1359651
NC_054070.1 Falco naumanni isolate bFalNau1 chromosome 17, bFalNau1.pat, whole genome shotgun sequence	CA	18	2524985
NC_054070.1 Falco naumanni isolate bFalNau1 chromosome 17, bFalNau1.pat, whole genome shotgun sequence	T	18	1368
NC_054070.1 Falco naumanni isolate bFalNau1 chromosome 17, bFalNau1.pat, whole genome shotgun sequence	G	18	1969
NC_054070.1 Falco naumanni isolate bFalNau1 chromosome 17, bFalNau1.pat, whole genome shotgun sequence	T	26	2160
NC_054070.1 Falco naumanni isolate bFalNau1 chromosome 17, bFalNau1.pat, whole genome shotgun sequence	G	17	9159
NC_054070.1 Falco naumanni isolate bFalNau1 chromosome 17, bFalNau1.pat, whole genome shotgun sequence	A	22	16302
NC_054070.1 Falco naumanni isolate bFalNau1 chromosome 17, bFalNau1.pat, whole genome shotgun sequence	A	16	172896
NC_054070.1 Falco naumanni isolate bFalNau1 chromosome 17, bFalNau1.pat, whole genome shotgun sequence	T	21	245540
NC_054070.1 Falco naumanni isolate bFalNau1 chromosome 17, bFalNau1.pat, whole genome shotgun sequence	T	25	251847
NC_054070.1 Falco naumanni isolate bFalNau1 chromosome 17, bFalNau1.pat, whole genome shotgun sequence	G	28	254098
NC_054070.1 Falco naumanni isolate bFalNau1 chromosome 17, bFalNau1.pat, whole genome shotgun sequence	C	25	261599
NC_054070.1 Falco naumanni isolate bFalNau1 chromosome 17, bFalNau1.pat, whole genome shotgun sequence	A	24	274117
NC_054070.1 Falco naumanni isolate bFalNau1 chromosome 17, bFalNau1.pat, whole genome shotgun sequence	G	17	310630
NC_054070.1 Falco naumanni isolate bFalNau1 chromosome 17, bFalNau1.pat, whole genome shotgun sequence	G	20	310677
NC_054070.1 Falco naumanni isolate bFalNau1 chromosome 17, bFalNau1.pat, whole genome shotgun sequence	G	19	310719
NC_054070.1 Falco naumanni isolate bFalNau1 chromosome 17, bFalNau1.pat, whole genome shotgun sequence	G	19	310759
NC_054070.1 Falco naumanni isolate bFalNau1 chromosome 17, bFalNau1.pat, whole genome shotgun sequence	G	20	310779
NC_054070.1 Falco naumanni isolate bFalNau1 chromosome 17, bFalNau1.pat, whole genome shotgun sequence	C	22	312872
NC_054070.1 Falco naumanni isolate bFalNau1 chromosome 17, bFalNau1.pat, whole genome shotgun sequence	A	18	315575
NC_054070.1 Falco naumanni isolate bFalNau1 chromosome 17, bFalNau1.pat, whole genome shotgun sequence	A	24	320482
NC_054070.1 Falco naumanni isolate bFalNau1 chromosome 17, bFalNau1.pat, whole genome shotgun sequence	T	20	326717
NC_054070.1 Falco naumanni isolate bFalNau1 chromosome 17, bFalNau1.pat, whole genome shotgun sequence	G	16	344239
NC_054070.1 Falco naumanni isolate bFalNau1 chromosome 17, bFalNau1.pat, whole genome shotgun sequence	T	23	393716
NC_054070.1 Falco naumanni isolate bFalNau1 chromosome 17, bFalNau1.pat, whole genome shotgun sequence	T	27	396137
NC_054070.1 Falco naumanni isolate bFalNau1 chromosome 17, bFalNau1.pat, whole genome shotgun sequence	G	18	411781
NC_054070.1 Falco naumanni isolate bFalNau1 chromosome 17, bFalNau1.pat, whole genome shotgun sequence	A	16	412188
NC_054070.1 Falco naumanni isolate bFalNau1 chromosome 17, bFalNau1.pat, whole genome shotgun sequence	T	20	433572
NC_054070.1 Falco naumanni isolate bFalNau1 chromosome 17, bFalNau1.pat, whole genome shotgun sequence	G	20	433592
NC_054070.1 Falco naumanni isolate bFalNau1 chromosome 17, bFalNau1.pat, whole genome shotgun sequence	C	17	446706
NC_054070.1 Falco naumanni isolate bFalNau1 chromosome 17, bFalNau1.pat, whole genome shotgun sequence	T	17	482390
NC_054070.1 Falco naumanni isolate bFalNau1 chromosome 17, bFalNau1.pat, whole genome shotgun sequence	T	22	484525
NC_054070.1 Falco naumanni isolate bFalNau1 chromosome 17, bFalNau1.pat, whole genome shotgun sequence	A	23	512812
NC_054070.1 Falco naumanni isolate bFalNau1 chromosome 17, bFalNau1.pat, whole genome shotgun sequence	A	17	536394
NC_054070.1 Falco naumanni isolate bFalNau1 chromosome 17, bFalNau1.pat, whole genome shotgun sequence	T	16	568481
NC_054070.1 Falco naumanni isolate bFalNau1 chromosome 17, bFalNau1.pat, whole genome shotgun sequence	T	23	612729
NC_054070.1 Falco naumanni isolate bFalNau1 chromosome 17, bFalNau1.pat, whole genome shotgun sequence	A	16	628585
NC_054070.1 Falco naumanni isolate bFalNau1 chromosome 17, bFalNau1.pat, whole genome shotgun sequence	A	30	630221
NC_054070.1 Falco naumanni isolate bFalNau1 chromosome 17, bFalNau1.pat, whole genome shotgun sequence	C	23	630386
NC_054070.1 Falco naumanni isolate bFalNau1 chromosome 17, bFalNau1.pat, whole genome shotgun sequence	T	23	630503
NC_054070.1 Falco naumanni isolate bFalNau1 chromosome 17, bFalNau1.pat, whole genome shotgun sequence	A	17	643273
NC_054070.1 Falco naumanni isolate bFalNau1 chromosome 17, bFalNau1.pat, whole genome shotgun sequence	T	20	650321
NC_054070.1 Falco naumanni isolate bFalNau1 chromosome 17, bFalNau1.pat, whole genome shotgun sequence	C	18	653287
NC_054070.1 Falco naumanni isolate bFalNau1 chromosome 17, bFalNau1.pat, whole genome shotgun sequence	C	30	656334
NC_054070.1 Falco naumanni isolate bFalNau1 chromosome 17, bFalNau1.pat, whole genome shotgun sequence	T	16	667097
NC_054070.1 Falco naumanni isolate bFalNau1 chromosome 17, bFalNau1.pat, whole genome shotgun sequence	T	25	670257
NC_054070.1 Falco naumanni isolate bFalNau1 chromosome 17, bFalNau1.pat, whole genome shotgun sequence	A	16	673849
NC_054070.1 Falco naumanni isolate bFalNau1 chromosome 17, bFalNau1.pat, whole genome shotgun sequence	T	17	675709
NC_054070.1 Falco naumanni isolate bFalNau1 chromosome 17, bFalNau1.pat, whole genome shotgun sequence	T	19	677005
NC_054070.1 Falco naumanni isolate bFalNau1 chromosome 17, bFalNau1.pat, whole genome shotgun sequence	C	16	687280
NC_054070.1 Falco naumanni isolate bFalNau1 chromosome 17, bFalNau1.pat, whole genome shotgun sequence	A	17	688115
NC_054070.1 Falco naumanni isolate bFalNau1 chromosome 17, bFalNau1.pat, whole genome shotgun sequence	G	19	692637
NC_054070.1 Falco naumanni isolate bFalNau1 chromosome 17, bFalNau1.pat, whole genome shotgun sequence	C	16	696046
NC_054070.1 Falco naumanni isolate bFalNau1 chromosome 17, bFalNau1.pat, whole genome shotgun sequence	C	16	696133
NC_054070.1 Falco naumanni isolate bFalNau1 chromosome 17, bFalNau1.pat, whole genome shotgun sequence	C	17	696692
NC_054070.1 Falco naumanni isolate bFalNau1 chromosome 17, bFalNau1.pat, whole genome shotgun sequence	C	20	697746
NC_054070.1 Falco naumanni isolate bFalNau1 chromosome 17, bFalNau1.pat, whole genome shotgun sequence	A	22	706657
NC_054070.1 Falco naumanni isolate bFalNau1 chromosome 17, bFalNau1.pat, whole genome shotgun sequence	A	18	715365
NC_054070.1 Falco naumanni isolate bFalNau1 chromosome 17, bFalNau1.pat, whole genome shotgun sequence	A	17	720330
NC_054070.1 Falco naumanni isolate bFalNau1 chromosome 17, bFalNau1.pat, whole genome shotgun sequence	T	17	721895
NC_054070.1 Falco naumanni isolate bFalNau1 chromosome 17, bFalNau1.pat, whole genome shotgun sequence	T	18	724370
NC_054070.1 Falco naumanni isolate bFalNau1 chromosome 17, bFalNau1.pat, whole genome shotgun sequence	A	16	725486
NC_054070.1 Falco naumanni isolate bFalNau1 chromosome 17, bFalNau1.pat, whole genome shotgun sequence	A	20	733808
NC_054070.1 Falco naumanni isolate bFalNau1 chromosome 17, bFalNau1.pat, whole genome shotgun sequence	G	18	742871
NC_054070.1 Falco naumanni isolate bFalNau1 chromosome 17, bFalNau1.pat, whole genome shotgun sequence	A	20	749827
NC_054070.1 Falco naumanni isolate bFalNau1 chromosome 17, bFalNau1.pat, whole genome shotgun sequence	C	21	751791
NC_054070.1 Falco naumanni isolate bFalNau1 chromosome 17, bFalNau1.pat, whole genome shotgun sequence	A	18	762354
NC_054070.1 Falco naumanni isolate bFalNau1 chromosome 17, bFalNau1.pat, whole genome shotgun sequence	A	21	769742
NC_054070.1 Falco naumanni isolate bFalNau1 chromosome 17, bFalNau1.pat, whole genome shotgun sequence	A	17	772256
NC_054070.1 Falco naumanni isolate bFalNau1 chromosome 17, bFalNau1.pat, whole genome shotgun sequence	G	22	775299
NC_054070.1 Falco naumanni isolate bFalNau1 chromosome 17, bFalNau1.pat, whole genome shotgun sequence	T	16	780619
NC_054070.1 Falco naumanni isolate bFalNau1 chromosome 17, bFalNau1.pat, whole genome shotgun sequence	G	19	797485
NC_054070.1 Falco naumanni isolate bFalNau1 chromosome 17, bFalNau1.pat, whole genome shotgun sequence	A	16	808479
NC_054070.1 Falco naumanni isolate bFalNau1 chromosome 17, bFalNau1.pat, whole genome shotgun sequence	A	17	812916
NC_054070.1 Falco naumanni isolate bFalNau1 chromosome 17, bFalNau1.pat, whole genome shotgun sequence	A	20	815870
NC_054070.1 Falco naumanni isolate bFalNau1 chromosome 17, bFalNau1.pat, whole genome shotgun sequence	T	16	826666
NC_054070.1 Falco naumanni isolate bFalNau1 chromosome 17, bFalNau1.pat, whole genome shotgun sequence	T	20	828755
NC_054070.1 Falco naumanni isolate bFalNau1 chromosome 17, bFalNau1.pat, whole genome shotgun sequence	A	24	829950
NC_054070.1 Falco naumanni isolate bFalNau1 chromosome 17, bFalNau1.pat, whole genome shotgun sequence	G	38	830958
NC_054070.1 Falco naumanni isolate bFalNau1 chromosome 17, bFalNau1.pat, whole genome shotgun sequence	G	21	836776
NC_054070.1 Falco naumanni isolate bFalNau1 chromosome 17, bFalNau1.pat, whole genome shotgun sequence	G	34	836856
NC_054070.1 Falco naumanni isolate bFalNau1 chromosome 17, bFalNau1.pat, whole genome shotgun sequence	C	19	839620
NC_054070.1 Falco naumanni isolate bFalNau1 chromosome 17, bFalNau1.pat, whole genome shotgun sequence	A	16	855566
NC_054070.1 Falco naumanni isolate bFalNau1 chromosome 17, bFalNau1.pat, whole genome shotgun sequence	A	21	856150
NC_054070.1 Falco naumanni isolate bFalNau1 chromosome 17, bFalNau1.pat, whole genome shotgun sequence	A	23	856831
NC_054070.1 Falco naumanni isolate bFalNau1 chromosome 17, bFalNau1.pat, whole genome shotgun sequence	A	19	858179
NC_054070.1 Falco naumanni isolate bFalNau1 chromosome 17, bFalNau1.pat, whole genome shotgun sequence	A	16	869631
NC_054070.1 Falco naumanni isolate bFalNau1 chromosome 17, bFalNau1.pat, whole genome shotgun sequence	A	17	871940
NC_054070.1 Falco naumanni isolate bFalNau1 chromosome 17, bFalNau1.pat, whole genome shotgun sequence	A	19	887949
NC_054070.1 Falco naumanni isolate bFalNau1 chromosome 17, bFalNau1.pat, whole genome shotgun sequence	G	16	893137
NC_054070.1 Falco naumanni isolate bFalNau1 chromosome 17, bFalNau1.pat, whole genome shotgun sequence	C	21	897782
NC_054070.1 Falco naumanni isolate bFalNau1 chromosome 17, bFalNau1.pat, whole genome shotgun sequence	A	17	906905
NC_054070.1 Falco naumanni isolate bFalNau1 chromosome 17, bFalNau1.pat, whole genome shotgun sequence	G	16	917144
NC_054070.1 Falco naumanni isolate bFalNau1 chromosome 17, bFalNau1.pat, whole genome shotgun sequence	G	25	918123
NC_054070.1 Falco naumanni isolate bFalNau1 chromosome 17, bFalNau1.pat, whole genome shotgun sequence	G	18	923193
NC_054070.1 Falco naumanni isolate bFalNau1 chromosome 17, bFalNau1.pat, whole genome shotgun sequence	G	16	924946
NC_054070.1 Falco naumanni isolate bFalNau1 chromosome 17, bFalNau1.pat, whole genome shotgun sequence	G	23	926994
NC_054070.1 Falco naumanni isolate bFalNau1 chromosome 17, bFalNau1.pat, whole genome shotgun sequence	C	16	927778
NC_054070.1 Falco naumanni isolate bFalNau1 chromosome 17, bFalNau1.pat, whole genome shotgun sequence	C	16	927891
NC_054070.1 Falco naumanni isolate bFalNau1 chromosome 17, bFalNau1.pat, whole genome shotgun sequence	G	20	931569
NC_054070.1 Falco naumanni isolate bFalNau1 chromosome 17, bFalNau1.pat, whole genome shotgun sequence	G	20	931751
NC_054070.1 Falco naumanni isolate bFalNau1 chromosome 17, bFalNau1.pat, whole genome shotgun sequence	C	21	932150
NC_054070.1 Falco naumanni isolate bFalNau1 chromosome 17, bFalNau1.pat, whole genome shotgun sequence	G	16	932667
NC_054070.1 Falco naumanni isolate bFalNau1 chromosome 17, bFalNau1.pat, whole genome shotgun sequence	C	16	936927
NC_054070.1 Falco naumanni isolate bFalNau1 chromosome 17, bFalNau1.pat, whole genome shotgun sequence	C	19	938693
NC_054070.1 Falco naumanni isolate bFalNau1 chromosome 17, bFalNau1.pat, whole genome shotgun sequence	C	18	940190
NC_054070.1 Falco naumanni isolate bFalNau1 chromosome 17, bFalNau1.pat, whole genome shotgun sequence	C	17	941406
NC_054070.1 Falco naumanni isolate bFalNau1 chromosome 17, bFalNau1.pat, whole genome shotgun sequence	G	18	944501
NC_054070.1 Falco naumanni isolate bFalNau1 chromosome 17, bFalNau1.pat, whole genome shotgun sequence	T	22	945253
NC_054070.1 Falco naumanni isolate bFalNau1 chromosome 17, bFalNau1.pat, whole genome shotgun sequence	C	28	946763
NC_054070.1 Falco naumanni isolate bFalNau1 chromosome 17, bFalNau1.pat, whole genome shotgun sequence	C	16	948344
NC_054070.1 Falco naumanni isolate bFalNau1 chromosome 17, bFalNau1.pat, whole genome shotgun sequence	A	17	979336
NC_054070.1 Falco naumanni isolate bFalNau1 chromosome 17, bFalNau1.pat, whole genome shotgun sequence	G	21	992832
NC_054070.1 Falco naumanni isolate bFalNau1 chromosome 17, bFalNau1.pat, whole genome shotgun sequence	C	19	1001126
NC_054070.1 Falco naumanni isolate bFalNau1 chromosome 17, bFalNau1.pat, whole genome shotgun sequence	G	18	1001409
NC_054070.1 Falco naumanni isolate bFalNau1 chromosome 17, bFalNau1.pat, whole genome shotgun sequence	C	17	1001557
NC_054070.1 Falco naumanni isolate bFalNau1 chromosome 17, bFalNau1.pat, whole genome shotgun sequence	G	24	1002652
NC_054070.1 Falco naumanni isolate bFalNau1 chromosome 17, bFalNau1.pat, whole genome shotgun sequence	G	16	1033212
NC_054070.1 Falco naumanni isolate bFalNau1 chromosome 17, bFalNau1.pat, whole genome shotgun sequence	C	21	1037455
NC_054070.1 Falco naumanni isolate bFalNau1 chromosome 17, bFalNau1.pat, whole genome shotgun sequence	C	19	1042789
NC_054070.1 Falco naumanni isolate bFalNau1 chromosome 17, bFalNau1.pat, whole genome shotgun sequence	G	20	1043417
NC_054070.1 Falco naumanni isolate bFalNau1 chromosome 17, bFalNau1.pat, whole genome shotgun sequence	C	16	1044186
NC_054070.1 Falco naumanni isolate bFalNau1 chromosome 17, bFalNau1.pat, whole genome shotgun sequence	G	16	1044362
NC_054070.1 Falco naumanni isolate bFalNau1 chromosome 17, bFalNau1.pat, whole genome shotgun sequence	C	16	1044762
NC_054070.1 Falco naumanni isolate bFalNau1 chromosome 17, bFalNau1.pat, whole genome shotgun sequence	C	22	1046347
NC_054070.1 Falco naumanni isolate bFalNau1 chromosome 17, bFalNau1.pat, whole genome shotgun sequence	C	16	1048104
NC_054070.1 Falco naumanni isolate bFalNau1 chromosome 17, bFalNau1.pat, whole genome shotgun sequence	G	17	1048644
NC_054070.1 Falco naumanni isolate bFalNau1 chromosome 17, bFalNau1.pat, whole genome shotgun sequence	C	27	1051662
NC_054070.1 Falco naumanni isolate bFalNau1 chromosome 17, bFalNau1.pat, whole genome shotgun sequence	G	16	1053318
NC_054070.1 Falco naumanni isolate bFalNau1 chromosome 17, bFalNau1.pat, whole genome shotgun sequence	G	16	1056709
NC_054070.1 Falco naumanni isolate bFalNau1 chromosome 17, bFalNau1.pat, whole genome shotgun sequence	G	25	1056959
NC_054070.1 Falco naumanni isolate bFalNau1 chromosome 17, bFalNau1.pat, whole genome shotgun sequence	A	18	1060020
NC_054070.1 Falco naumanni isolate bFalNau1 chromosome 17, bFalNau1.pat, whole genome shotgun sequence	C	17	1068675
NC_054070.1 Falco naumanni isolate bFalNau1 chromosome 17, bFalNau1.pat, whole genome shotgun sequence	G	19	1085565
NC_054070.1 Falco naumanni isolate bFalNau1 chromosome 17, bFalNau1.pat, whole genome shotgun sequence	C	16	1085987
NC_054070.1 Falco naumanni isolate bFalNau1 chromosome 17, bFalNau1.pat, whole genome shotgun sequence	C	20	1087264
NC_054070.1 Falco naumanni isolate bFalNau1 chromosome 17, bFalNau1.pat, whole genome shotgun sequence	C	18	1102265
NC_054070.1 Falco naumanni isolate bFalNau1 chromosome 17, bFalNau1.pat, whole genome shotgun sequence	C	26	1112428
NC_054070.1 Falco naumanni isolate bFalNau1 chromosome 17, bFalNau1.pat, whole genome shotgun sequence	G	18	1112945
NC_054070.1 Falco naumanni isolate bFalNau1 chromosome 17, bFalNau1.pat, whole genome shotgun sequence	C	17	1113322
NC_054070.1 Falco naumanni isolate bFalNau1 chromosome 17, bFalNau1.pat, whole genome shotgun sequence	G	17	1121980
NC_054070.1 Falco naumanni isolate bFalNau1 chromosome 17, bFalNau1.pat, whole genome shotgun sequence	G	39	1124229
NC_054070.1 Falco naumanni isolate bFalNau1 chromosome 17, bFalNau1.pat, whole genome shotgun sequence	G	19	1156922
NC_054070.1 Falco naumanni isolate bFalNau1 chromosome 17, bFalNau1.pat, whole genome shotgun sequence	G	24	1158763
NC_054070.1 Falco naumanni isolate bFalNau1 chromosome 17, bFalNau1.pat, whole genome shotgun sequence	G	25	1216863
NC_054070.1 Falco naumanni isolate bFalNau1 chromosome 17, bFalNau1.pat, whole genome shotgun sequence	C	22	1217075
NC_054070.1 Falco naumanni isolate bFalNau1 chromosome 17, bFalNau1.pat, whole genome shotgun sequence	C	21	1217109
NC_054070.1 Falco naumanni isolate bFalNau1 chromosome 17, bFalNau1.pat, whole genome shotgun sequence	T	16	1286082
NC_054070.1 Falco naumanni isolate bFalNau1 chromosome 17, bFalNau1.pat, whole genome shotgun sequence	C	24	1317681
NC_054070.1 Falco naumanni isolate bFalNau1 chromosome 17, bFalNau1.pat, whole genome shotgun sequence	T	16	1318739
NC_054070.1 Falco naumanni isolate bFalNau1 chromosome 17, bFalNau1.pat, whole genome shotgun sequence	C	34	1330618
NC_054070.1 Falco naumanni isolate bFalNau1 chromosome 17, bFalNau1.pat, whole genome shotgun sequence	T	26	1340197
NC_054070.1 Falco naumanni isolate bFalNau1 chromosome 17, bFalNau1.pat, whole genome shotgun sequence	A	16	1358148
NC_054070.1 Falco naumanni isolate bFalNau1 chromosome 17, bFalNau1.pat, whole genome shotgun sequence	C	16	1360687
NC_054070.1 Falco naumanni isolate bFalNau1 chromosome 17, bFalNau1.pat, whole genome shotgun sequence	T	19	1369032
NC_054070.1 Falco naumanni isolate bFalNau1 chromosome 17, bFalNau1.pat, whole genome shotgun sequence	C	25	1371133
NC_054070.1 Falco naumanni isolate bFalNau1 chromosome 17, bFalNau1.pat, whole genome shotgun sequence	G	32	1385844
NC_054070.1 Falco naumanni isolate bFalNau1 chromosome 17, bFalNau1.pat, whole genome shotgun sequence	G	23	1389283
NC_054070.1 Falco naumanni isolate bFalNau1 chromosome 17, bFalNau1.pat, whole genome shotgun sequence	T	18	1453951
NC_054070.1 Falco naumanni isolate bFalNau1 chromosome 17, bFalNau1.pat, whole genome shotgun sequence	T	23	1516681
NC_054070.1 Falco naumanni isolate bFalNau1 chromosome 17, bFalNau1.pat, whole genome shotgun sequence	A	38	1645929
NC_054070.1 Falco naumanni isolate bFalNau1 chromosome 17, bFalNau1.pat, whole genome shotgun sequence	A	16	1648414
NC_054070.1 Falco naumanni isolate bFalNau1 chromosome 17, bFalNau1.pat, whole genome shotgun sequence	T	20	1663721
NC_054070.1 Falco naumanni isolate bFalNau1 chromosome 17, bFalNau1.pat, whole genome shotgun sequence	G	38	1667007
NC_054070.1 Falco naumanni isolate bFalNau1 chromosome 17, bFalNau1.pat, whole genome shotgun sequence	A	18	1670237
NC_054070.1 Falco naumanni isolate bFalNau1 chromosome 17, bFalNau1.pat, whole genome shotgun sequence	A	16	1674995
NC_054070.1 Falco naumanni isolate bFalNau1 chromosome 17, bFalNau1.pat, whole genome shotgun sequence	A	21	1697480
NC_054070.1 Falco naumanni isolate bFalNau1 chromosome 17, bFalNau1.pat, whole genome shotgun sequence	T	20	1726324
NC_054070.1 Falco naumanni isolate bFalNau1 chromosome 17, bFalNau1.pat, whole genome shotgun sequence	T	16	1733758
NC_054070.1 Falco naumanni isolate bFalNau1 chromosome 17, bFalNau1.pat, whole genome shotgun sequence	T	20	1751348
NC_054070.1 Falco naumanni isolate bFalNau1 chromosome 17, bFalNau1.pat, whole genome shotgun sequence	A	16	1764543
NC_054070.1 Falco naumanni isolate bFalNau1 chromosome 17, bFalNau1.pat, whole genome shotgun sequence	T	16	1769288
NC_054070.1 Falco naumanni isolate bFalNau1 chromosome 17, bFalNau1.pat, whole genome shotgun sequence	T	25	1771564
NC_054070.1 Falco naumanni isolate bFalNau1 chromosome 17, bFalNau1.pat, whole genome shotgun sequence	T	19	1779015
NC_054070.1 Falco naumanni isolate bFalNau1 chromosome 17, bFalNau1.pat, whole genome shotgun sequence	T	20	1784641
NC_054070.1 Falco naumanni isolate bFalNau1 chromosome 17, bFalNau1.pat, whole genome shotgun sequence	T	18	1799190
NC_054070.1 Falco naumanni isolate bFalNau1 chromosome 17, bFalNau1.pat, whole genome shotgun sequence	A	16	1808509
NC_054070.1 Falco naumanni isolate bFalNau1 chromosome 17, bFalNau1.pat, whole genome shotgun sequence	T	30	1823350
NC_054070.1 Falco naumanni isolate bFalNau1 chromosome 17, bFalNau1.pat, whole genome shotgun sequence	T	26	1829856
NC_054070.1 Falco naumanni isolate bFalNau1 chromosome 17, bFalNau1.pat, whole genome shotgun sequence	A	20	1833772
NC_054070.1 Falco naumanni isolate bFalNau1 chromosome 17, bFalNau1.pat, whole genome shotgun sequence	G	22	1848387
NC_054070.1 Falco naumanni isolate bFalNau1 chromosome 17, bFalNau1.pat, whole genome shotgun sequence	G	16	1861545
NC_054070.1 Falco naumanni isolate bFalNau1 chromosome 17, bFalNau1.pat, whole genome shotgun sequence	A	18	1862486
NC_054070.1 Falco naumanni isolate bFalNau1 chromosome 17, bFalNau1.pat, whole genome shotgun sequence	C	27	1881075
NC_054070.1 Falco naumanni isolate bFalNau1 chromosome 17, bFalNau1.pat, whole genome shotgun sequence	G	17	1904007
NC_054070.1 Falco naumanni isolate bFalNau1 chromosome 17, bFalNau1.pat, whole genome shotgun sequence	C	21	1907941
NC_054070.1 Falco naumanni isolate bFalNau1 chromosome 17, bFalNau1.pat, whole genome shotgun sequence	A	18	1908078
NC_054070.1 Falco naumanni isolate bFalNau1 chromosome 17, bFalNau1.pat, whole genome shotgun sequence	C	19	1932139
NC_054070.1 Falco naumanni isolate bFalNau1 chromosome 17, bFalNau1.pat, whole genome shotgun sequence	C	16	1938507
NC_054070.1 Falco naumanni isolate bFalNau1 chromosome 17, bFalNau1.pat, whole genome shotgun sequence	G	16	1942147
NC_054070.1 Falco naumanni isolate bFalNau1 chromosome 17, bFalNau1.pat, whole genome shotgun sequence	T	18	1965253
NC_054070.1 Falco naumanni isolate bFalNau1 chromosome 17, bFalNau1.pat, whole genome shotgun sequence	T	18	1992129
NC_054070.1 Falco naumanni isolate bFalNau1 chromosome 17, bFalNau1.pat, whole genome shotgun sequence	A	17	2007172
NC_054070.1 Falco naumanni isolate bFalNau1 chromosome 17, bFalNau1.pat, whole genome shotgun sequence	C	16	2024344
NC_054070.1 Falco naumanni isolate bFalNau1 chromosome 17, bFalNau1.pat, whole genome shotgun sequence	A	21	2029894
NC_054070.1 Falco naumanni isolate bFalNau1 chromosome 17, bFalNau1.pat, whole genome shotgun sequence	A	23	2034603
NC_054070.1 Falco naumanni isolate bFalNau1 chromosome 17, bFalNau1.pat, whole genome shotgun sequence	C	23	2059514
NC_054070.1 Falco naumanni isolate bFalNau1 chromosome 17, bFalNau1.pat, whole genome shotgun sequence	G	20	2086812
NC_054070.1 Falco naumanni isolate bFalNau1 chromosome 17, bFalNau1.pat, whole genome shotgun sequence	G	16	2088193
NC_054070.1 Falco naumanni isolate bFalNau1 chromosome 17, bFalNau1.pat, whole genome shotgun sequence	G	17	2154034
NC_054070.1 Falco naumanni isolate bFalNau1 chromosome 17, bFalNau1.pat, whole genome shotgun sequence	C	23	2179642
NC_054070.1 Falco naumanni isolate bFalNau1 chromosome 17, bFalNau1.pat, whole genome shotgun sequence	A	20	2218180
NC_054070.1 Falco naumanni isolate bFalNau1 chromosome 17, bFalNau1.pat, whole genome shotgun sequence	A	16	2240127
NC_054070.1 Falco naumanni isolate bFalNau1 chromosome 17, bFalNau1.pat, whole genome shotgun sequence	T	29	2276099
NC_054070.1 Falco naumanni isolate bFalNau1 chromosome 17, bFalNau1.pat, whole genome shotgun sequence	A	19	2284347
NC_054070.1 Falco naumanni isolate bFalNau1 chromosome 17, bFalNau1.pat, whole genome shotgun sequence	A	17	2299887
NC_054070.1 Falco naumanni isolate bFalNau1 chromosome 17, bFalNau1.pat, whole genome shotgun sequence	A	24	2312720
NC_054070.1 Falco naumanni isolate bFalNau1 chromosome 17, bFalNau1.pat, whole genome shotgun sequence	G	31	2354903
NC_054070.1 Falco naumanni isolate bFalNau1 chromosome 17, bFalNau1.pat, whole genome shotgun sequence	T	27	2403306
NC_054070.1 Falco naumanni isolate bFalNau1 chromosome 17, bFalNau1.pat, whole genome shotgun sequence	C	21	2412571
NC_054070.1 Falco naumanni isolate bFalNau1 chromosome 17, bFalNau1.pat, whole genome shotgun sequence	G	23	2416486
NC_054070.1 Falco naumanni isolate bFalNau1 chromosome 17, bFalNau1.pat, whole genome shotgun sequence	G	24	2416859
NC_054070.1 Falco naumanni isolate bFalNau1 chromosome 17, bFalNau1.pat, whole genome shotgun sequence	G	17	2439269
NC_054070.1 Falco naumanni isolate bFalNau1 chromosome 17, bFalNau1.pat, whole genome shotgun sequence	A	17	2451053
NC_054070.1 Falco naumanni isolate bFalNau1 chromosome 17, bFalNau1.pat, whole genome shotgun sequence	A	22	2456544
NC_054070.1 Falco naumanni isolate bFalNau1 chromosome 17, bFalNau1.pat, whole genome shotgun sequence	C	16	2489105
NC_054070.1 Falco naumanni isolate bFalNau1 chromosome 17, bFalNau1.pat, whole genome shotgun sequence	T	20	2558378
NC_054070.1 Falco naumanni isolate bFalNau1 chromosome 17, bFalNau1.pat, whole genome shotgun sequence	T	23	2590137
NC_054070.1 Falco naumanni isolate bFalNau1 chromosome 17, bFalNau1.pat, whole genome shotgun sequence	C	23	2592012
NC_054070.1 Falco naumanni isolate bFalNau1 chromosome 17, bFalNau1.pat, whole genome shotgun sequence	ATGG	21	5707874
NC_054070.1 Falco naumanni isolate bFalNau1 chromosome 17, bFalNau1.pat, whole genome shotgun sequence	GT	14	4738894
NC_054070.1 Falco naumanni isolate bFalNau1 chromosome 17, bFalNau1.pat, whole genome shotgun sequence	CA	19	4882306
NC_054070.1 Falco naumanni isolate bFalNau1 chromosome 17, bFalNau1.pat, whole genome shotgun sequence	TA	30	7564845
NC_054070.1 Falco naumanni isolate bFalNau1 chromosome 17, bFalNau1.pat, whole genome shotgun sequence	C	25	4669349
NC_054070.1 Falco naumanni isolate bFalNau1 chromosome 17, bFalNau1.pat, whole genome shotgun sequence	T	42	4672660
NC_054070.1 Falco naumanni isolate bFalNau1 chromosome 17, bFalNau1.pat, whole genome shotgun sequence	C	17	4673154
NC_054070.1 Falco naumanni isolate bFalNau1 chromosome 17, bFalNau1.pat, whole genome shotgun sequence	C	22	4673510
NC_054070.1 Falco naumanni isolate bFalNau1 chromosome 17, bFalNau1.pat, whole genome shotgun sequence	G	33	4673936
NC_054070.1 Falco naumanni isolate bFalNau1 chromosome 17, bFalNau1.pat, whole genome shotgun sequence	C	16	4674106
NC_054070.1 Falco naumanni isolate bFalNau1 chromosome 17, bFalNau1.pat, whole genome shotgun sequence	G	16	4674391
NC_054070.1 Falco naumanni isolate bFalNau1 chromosome 17, bFalNau1.pat, whole genome shotgun sequence	A	16	4683790
NC_054070.1 Falco naumanni isolate bFalNau1 chromosome 17, bFalNau1.pat, whole genome shotgun sequence	A	20	4706305
NC_054070.1 Falco naumanni isolate bFalNau1 chromosome 17, bFalNau1.pat, whole genome shotgun sequence	C	17	4712906
NC_054070.1 Falco naumanni isolate bFalNau1 chromosome 17, bFalNau1.pat, whole genome shotgun sequence	A	16	4764376
NC_054070.1 Falco naumanni isolate bFalNau1 chromosome 17, bFalNau1.pat, whole genome shotgun sequence	C	17	4789530
NC_054070.1 Falco naumanni isolate bFalNau1 chromosome 17, bFalNau1.pat, whole genome shotgun sequence	T	21	4812229
NC_054070.1 Falco naumanni isolate bFalNau1 chromosome 17, bFalNau1.pat, whole genome shotgun sequence	A	18	4849334
NC_054070.1 Falco naumanni isolate bFalNau1 chromosome 17, bFalNau1.pat, whole genome shotgun sequence	A	17	4859613
NC_054070.1 Falco naumanni isolate bFalNau1 chromosome 17, bFalNau1.pat, whole genome shotgun sequence	A	18	4871593
NC_054070.1 Falco naumanni isolate bFalNau1 chromosome 17, bFalNau1.pat, whole genome shotgun sequence	A	17	4880100
NC_054070.1 Falco naumanni isolate bFalNau1 chromosome 17, bFalNau1.pat, whole genome shotgun sequence	A	16	4895740
NC_054070.1 Falco naumanni isolate bFalNau1 chromosome 17, bFalNau1.pat, whole genome shotgun sequence	T	25	4908603
NC_054070.1 Falco naumanni isolate bFalNau1 chromosome 17, bFalNau1.pat, whole genome shotgun sequence	A	22	4909334
NC_054070.1 Falco naumanni isolate bFalNau1 chromosome 17, bFalNau1.pat, whole genome shotgun sequence	A	23	4909423
NC_054070.1 Falco naumanni isolate bFalNau1 chromosome 17, bFalNau1.pat, whole genome shotgun sequence	A	16	4910617
NC_054070.1 Falco naumanni isolate bFalNau1 chromosome 17, bFalNau1.pat, whole genome shotgun sequence	T	19	4911561
NC_054070.1 Falco naumanni isolate bFalNau1 chromosome 17, bFalNau1.pat, whole genome shotgun sequence	T	25	4914006
NC_054070.1 Falco naumanni isolate bFalNau1 chromosome 17, bFalNau1.pat, whole genome shotgun sequence	A	26	4923503
NC_054070.1 Falco naumanni isolate bFalNau1 chromosome 17, bFalNau1.pat, whole genome shotgun sequence	T	27	4925605
NC_054070.1 Falco naumanni isolate bFalNau1 chromosome 17, bFalNau1.pat, whole genome shotgun sequence	T	19	4925825
NC_054070.1 Falco naumanni isolate bFalNau1 chromosome 17, bFalNau1.pat, whole genome shotgun sequence	T	21	4930220
NC_054070.1 Falco naumanni isolate bFalNau1 chromosome 17, bFalNau1.pat, whole genome shotgun sequence	C	25	4933499
NC_054070.1 Falco naumanni isolate bFalNau1 chromosome 17, bFalNau1.pat, whole genome shotgun sequence	T	19	4946323
NC_054070.1 Falco naumanni isolate bFalNau1 chromosome 17, bFalNau1.pat, whole genome shotgun sequence	T	35	4956505
NC_054070.1 Falco naumanni isolate bFalNau1 chromosome 17, bFalNau1.pat, whole genome shotgun sequence	T	19	4977371
NC_054070.1 Falco naumanni isolate bFalNau1 chromosome 17, bFalNau1.pat, whole genome shotgun sequence	C	16	4999153
NC_054070.1 Falco naumanni isolate bFalNau1 chromosome 17, bFalNau1.pat, whole genome shotgun sequence	T	16	5015459
NC_054070.1 Falco naumanni isolate bFalNau1 chromosome 17, bFalNau1.pat, whole genome shotgun sequence	G	26	5015475
NC_054070.1 Falco naumanni isolate bFalNau1 chromosome 17, bFalNau1.pat, whole genome shotgun sequence	A	23	5032798
NC_054070.1 Falco naumanni isolate bFalNau1 chromosome 17, bFalNau1.pat, whole genome shotgun sequence	T	19	5074742
NC_054070.1 Falco naumanni isolate bFalNau1 chromosome 17, bFalNau1.pat, whole genome shotgun sequence	G	17	5078208
NC_054070.1 Falco naumanni isolate bFalNau1 chromosome 17, bFalNau1.pat, whole genome shotgun sequence	T	17	5078757
NC_054070.1 Falco naumanni isolate bFalNau1 chromosome 17, bFalNau1.pat, whole genome shotgun sequence	T	20	5078794
NC_054070.1 Falco naumanni isolate bFalNau1 chromosome 17, bFalNau1.pat, whole genome shotgun sequence	A	18	5090827
NC_054070.1 Falco naumanni isolate bFalNau1 chromosome 17, bFalNau1.pat, whole genome shotgun sequence	C	23	5113703
NC_054070.1 Falco naumanni isolate bFalNau1 chromosome 17, bFalNau1.pat, whole genome shotgun sequence	C	22	5139475
NC_054070.1 Falco naumanni isolate bFalNau1 chromosome 17, bFalNau1.pat, whole genome shotgun sequence	T	25	5141684
NC_054070.1 Falco naumanni isolate bFalNau1 chromosome 17, bFalNau1.pat, whole genome shotgun sequence	A	21	5153153
NC_054070.1 Falco naumanni isolate bFalNau1 chromosome 17, bFalNau1.pat, whole genome shotgun sequence	A	17	5178231
NC_054070.1 Falco naumanni isolate bFalNau1 chromosome 17, bFalNau1.pat, whole genome shotgun sequence	A	27	5187584
NC_054070.1 Falco naumanni isolate bFalNau1 chromosome 17, bFalNau1.pat, whole genome shotgun sequence	T	18	5230397
NC_054070.1 Falco naumanni isolate bFalNau1 chromosome 17, bFalNau1.pat, whole genome shotgun sequence	C	18	5237167
NC_054070.1 Falco naumanni isolate bFalNau1 chromosome 17, bFalNau1.pat, whole genome shotgun sequence	C	23	5245634
NC_054070.1 Falco naumanni isolate bFalNau1 chromosome 17, bFalNau1.pat, whole genome shotgun sequence	A	16	5272763
NC_054070.1 Falco naumanni isolate bFalNau1 chromosome 17, bFalNau1.pat, whole genome shotgun sequence	G	25	5282632
NC_054070.1 Falco naumanni isolate bFalNau1 chromosome 17, bFalNau1.pat, whole genome shotgun sequence	A	16	5290493
NC_054070.1 Falco naumanni isolate bFalNau1 chromosome 17, bFalNau1.pat, whole genome shotgun sequence	T	19	5301953
NC_054070.1 Falco naumanni isolate bFalNau1 chromosome 17, bFalNau1.pat, whole genome shotgun sequence	A	16	5304320
NC_054070.1 Falco naumanni isolate bFalNau1 chromosome 17, bFalNau1.pat, whole genome shotgun sequence	A	16	5360565
NC_054070.1 Falco naumanni isolate bFalNau1 chromosome 17, bFalNau1.pat, whole genome shotgun sequence	C	21	5363557
NC_054070.1 Falco naumanni isolate bFalNau1 chromosome 17, bFalNau1.pat, whole genome shotgun sequence	A	18	5424148
NC_054070.1 Falco naumanni isolate bFalNau1 chromosome 17, bFalNau1.pat, whole genome shotgun sequence	C	25	5431245
NC_054070.1 Falco naumanni isolate bFalNau1 chromosome 17, bFalNau1.pat, whole genome shotgun sequence	T	17	5436518
NC_054070.1 Falco naumanni isolate bFalNau1 chromosome 17, bFalNau1.pat, whole genome shotgun sequence	T	20	5442686
NC_054070.1 Falco naumanni isolate bFalNau1 chromosome 17, bFalNau1.pat, whole genome shotgun sequence	T	27	5460926
NC_054070.1 Falco naumanni isolate bFalNau1 chromosome 17, bFalNau1.pat, whole genome shotgun sequence	C	25	5488019
NC_054070.1 Falco naumanni isolate bFalNau1 chromosome 17, bFalNau1.pat, whole genome shotgun sequence	G	19	5500601
NC_054070.1 Falco naumanni isolate bFalNau1 chromosome 17, bFalNau1.pat, whole genome shotgun sequence	T	19	5501597
NC_054070.1 Falco naumanni isolate bFalNau1 chromosome 17, bFalNau1.pat, whole genome shotgun sequence	A	19	5521832
NC_054070.1 Falco naumanni isolate bFalNau1 chromosome 17, bFalNau1.pat, whole genome shotgun sequence	A	16	5532903
NC_054070.1 Falco naumanni isolate bFalNau1 chromosome 17, bFalNau1.pat, whole genome shotgun sequence	T	20	5533014
NC_054070.1 Falco naumanni isolate bFalNau1 chromosome 17, bFalNau1.pat, whole genome shotgun sequence	G	17	5570867
NC_054070.1 Falco naumanni isolate bFalNau1 chromosome 17, bFalNau1.pat, whole genome shotgun sequence	A	18	5677944
NC_054070.1 Falco naumanni isolate bFalNau1 chromosome 17, bFalNau1.pat, whole genome shotgun sequence	G	18	5713316
NC_054070.1 Falco naumanni isolate bFalNau1 chromosome 17, bFalNau1.pat, whole genome shotgun sequence	T	17	5736565
NC_054070.1 Falco naumanni isolate bFalNau1 chromosome 17, bFalNau1.pat, whole genome shotgun sequence	C	25	5740697
NC_054070.1 Falco naumanni isolate bFalNau1 chromosome 17, bFalNau1.pat, whole genome shotgun sequence	T	19	5758378
NC_054070.1 Falco naumanni isolate bFalNau1 chromosome 17, bFalNau1.pat, whole genome shotgun sequence	A	16	5778363
NC_054070.1 Falco naumanni isolate bFalNau1 chromosome 17, bFalNau1.pat, whole genome shotgun sequence	A	18	5805409
NC_054070.1 Falco naumanni isolate bFalNau1 chromosome 17, bFalNau1.pat, whole genome shotgun sequence	A	27	5811522
NC_054070.1 Falco naumanni isolate bFalNau1 chromosome 17, bFalNau1.pat, whole genome shotgun sequence	A	18	5868533
NC_054070.1 Falco naumanni isolate bFalNau1 chromosome 17, bFalNau1.pat, whole genome shotgun sequence	A	17	5912623
NC_054070.1 Falco naumanni isolate bFalNau1 chromosome 17, bFalNau1.pat, whole genome shotgun sequence	T	18	5932625
NC_054070.1 Falco naumanni isolate bFalNau1 chromosome 17, bFalNau1.pat, whole genome shotgun sequence	A	27	5988828
NC_054070.1 Falco naumanni isolate bFalNau1 chromosome 17, bFalNau1.pat, whole genome shotgun sequence	T	17	6020475
NC_054070.1 Falco naumanni isolate bFalNau1 chromosome 17, bFalNau1.pat, whole genome shotgun sequence	G	21	6037203
NC_054070.1 Falco naumanni isolate bFalNau1 chromosome 17, bFalNau1.pat, whole genome shotgun sequence	A	19	6043834
NC_054070.1 Falco naumanni isolate bFalNau1 chromosome 17, bFalNau1.pat, whole genome shotgun sequence	A	16	6044713
NC_054070.1 Falco naumanni isolate bFalNau1 chromosome 17, bFalNau1.pat, whole genome shotgun sequence	T	31	6122887
NC_054070.1 Falco naumanni isolate bFalNau1 chromosome 17, bFalNau1.pat, whole genome shotgun sequence	A	16	6124210
NC_054070.1 Falco naumanni isolate bFalNau1 chromosome 17, bFalNau1.pat, whole genome shotgun sequence	A	22	6136046
NC_054070.1 Falco naumanni isolate bFalNau1 chromosome 17, bFalNau1.pat, whole genome shotgun sequence	T	17	6145872
NC_054070.1 Falco naumanni isolate bFalNau1 chromosome 17, bFalNau1.pat, whole genome shotgun sequence	A	18	6160274
NC_054070.1 Falco naumanni isolate bFalNau1 chromosome 17, bFalNau1.pat, whole genome shotgun sequence	T	19	6178793
NC_054070.1 Falco naumanni isolate bFalNau1 chromosome 17, bFalNau1.pat, whole genome shotgun sequence	A	20	6195119
NC_054070.1 Falco naumanni isolate bFalNau1 chromosome 17, bFalNau1.pat, whole genome shotgun sequence	A	17	6197884
NC_054070.1 Falco naumanni isolate bFalNau1 chromosome 17, bFalNau1.pat, whole genome shotgun sequence	A	28	6208748
NC_054070.1 Falco naumanni isolate bFalNau1 chromosome 17, bFalNau1.pat, whole genome shotgun sequence	A	17	6213491
NC_054070.1 Falco naumanni isolate bFalNau1 chromosome 17, bFalNau1.pat, whole genome shotgun sequence	A	21	6214679
NC_054070.1 Falco naumanni isolate bFalNau1 chromosome 17, bFalNau1.pat, whole genome shotgun sequence	T	29	6215968
NC_054070.1 Falco naumanni isolate bFalNau1 chromosome 17, bFalNau1.pat, whole genome shotgun sequence	A	16	6245983
NC_054070.1 Falco naumanni isolate bFalNau1 chromosome 17, bFalNau1.pat, whole genome shotgun sequence	A	20	6291504
NC_054070.1 Falco naumanni isolate bFalNau1 chromosome 17, bFalNau1.pat, whole genome shotgun sequence	A	23	6297469
NC_054070.1 Falco naumanni isolate bFalNau1 chromosome 17, bFalNau1.pat, whole genome shotgun sequence	A	20	6327896
NC_054070.1 Falco naumanni isolate bFalNau1 chromosome 17, bFalNau1.pat, whole genome shotgun sequence	A	23	6350646
NC_054070.1 Falco naumanni isolate bFalNau1 chromosome 17, bFalNau1.pat, whole genome shotgun sequence	A	21	6354858
NC_054070.1 Falco naumanni isolate bFalNau1 chromosome 17, bFalNau1.pat, whole genome shotgun sequence	A	17	6359909
NC_054070.1 Falco naumanni isolate bFalNau1 chromosome 17, bFalNau1.pat, whole genome shotgun sequence	A	19	6381354
NC_054070.1 Falco naumanni isolate bFalNau1 chromosome 17, bFalNau1.pat, whole genome shotgun sequence	A	32	6383272
NC_054070.1 Falco naumanni isolate bFalNau1 chromosome 17, bFalNau1.pat, whole genome shotgun sequence	T	19	6386583
NC_054070.1 Falco naumanni isolate bFalNau1 chromosome 17, bFalNau1.pat, whole genome shotgun sequence	T	25	6397870
NC_054070.1 Falco naumanni isolate bFalNau1 chromosome 17, bFalNau1.pat, whole genome shotgun sequence	A	17	6404856
NC_054070.1 Falco naumanni isolate bFalNau1 chromosome 17, bFalNau1.pat, whole genome shotgun sequence	G	17	6408152
NC_054070.1 Falco naumanni isolate bFalNau1 chromosome 17, bFalNau1.pat, whole genome shotgun sequence	A	29	6417136
NC_054070.1 Falco naumanni isolate bFalNau1 chromosome 17, bFalNau1.pat, whole genome shotgun sequence	A	17	6434005
NC_054070.1 Falco naumanni isolate bFalNau1 chromosome 17, bFalNau1.pat, whole genome shotgun sequence	T	19	6445881
NC_054070.1 Falco naumanni isolate bFalNau1 chromosome 17, bFalNau1.pat, whole genome shotgun sequence	T	22	6455362
NC_054070.1 Falco naumanni isolate bFalNau1 chromosome 17, bFalNau1.pat, whole genome shotgun sequence	A	20	6459167
NC_054070.1 Falco naumanni isolate bFalNau1 chromosome 17, bFalNau1.pat, whole genome shotgun sequence	A	16	6463752
NC_054070.1 Falco naumanni isolate bFalNau1 chromosome 17, bFalNau1.pat, whole genome shotgun sequence	A	16	6527993
NC_054070.1 Falco naumanni isolate bFalNau1 chromosome 17, bFalNau1.pat, whole genome shotgun sequence	G	20	6557906
NC_054070.1 Falco naumanni isolate bFalNau1 chromosome 17, bFalNau1.pat, whole genome shotgun sequence	T	16	6559740
NC_054070.1 Falco naumanni isolate bFalNau1 chromosome 17, bFalNau1.pat, whole genome shotgun sequence	C	26	6599597
NC_054070.1 Falco naumanni isolate bFalNau1 chromosome 17, bFalNau1.pat, whole genome shotgun sequence	A	22	6607432
NC_054070.1 Falco naumanni isolate bFalNau1 chromosome 17, bFalNau1.pat, whole genome shotgun sequence	T	20	6651884
NC_054070.1 Falco naumanni isolate bFalNau1 chromosome 17, bFalNau1.pat, whole genome shotgun sequence	A	27	6657872
NC_054070.1 Falco naumanni isolate bFalNau1 chromosome 17, bFalNau1.pat, whole genome shotgun sequence	T	16	6672047
NC_054070.1 Falco naumanni isolate bFalNau1 chromosome 17, bFalNau1.pat, whole genome shotgun sequence	G	17	6686011
NC_054070.1 Falco naumanni isolate bFalNau1 chromosome 17, bFalNau1.pat, whole genome shotgun sequence	C	20	6696094
NC_054070.1 Falco naumanni isolate bFalNau1 chromosome 17, bFalNau1.pat, whole genome shotgun sequence	A	16	6708118
NC_054070.1 Falco naumanni isolate bFalNau1 chromosome 17, bFalNau1.pat, whole genome shotgun sequence	C	17	6766664
NC_054070.1 Falco naumanni isolate bFalNau1 chromosome 17, bFalNau1.pat, whole genome shotgun sequence	A	24	6773607
NC_054070.1 Falco naumanni isolate bFalNau1 chromosome 17, bFalNau1.pat, whole genome shotgun sequence	C	28	6778777
NC_054070.1 Falco naumanni isolate bFalNau1 chromosome 17, bFalNau1.pat, whole genome shotgun sequence	A	21	6792032
NC_054070.1 Falco naumanni isolate bFalNau1 chromosome 17, bFalNau1.pat, whole genome shotgun sequence	A	16	6802825
NC_054070.1 Falco naumanni isolate bFalNau1 chromosome 17, bFalNau1.pat, whole genome shotgun sequence	A	19	6822796
NC_054070.1 Falco naumanni isolate bFalNau1 chromosome 17, bFalNau1.pat, whole genome shotgun sequence	T	19	6828913
NC_054070.1 Falco naumanni isolate bFalNau1 chromosome 17, bFalNau1.pat, whole genome shotgun sequence	A	21	6859914
NC_054070.1 Falco naumanni isolate bFalNau1 chromosome 17, bFalNau1.pat, whole genome shotgun sequence	T	16	6865815
NC_054070.1 Falco naumanni isolate bFalNau1 chromosome 17, bFalNau1.pat, whole genome shotgun sequence	C	23	6882674
NC_054070.1 Falco naumanni isolate bFalNau1 chromosome 17, bFalNau1.pat, whole genome shotgun sequence	A	21	6887170
NC_054070.1 Falco naumanni isolate bFalNau1 chromosome 17, bFalNau1.pat, whole genome shotgun sequence	A	17	6890116
NC_054070.1 Falco naumanni isolate bFalNau1 chromosome 17, bFalNau1.pat, whole genome shotgun sequence	G	21	6939696
NC_054070.1 Falco naumanni isolate bFalNau1 chromosome 17, bFalNau1.pat, whole genome shotgun sequence	G	25	6940746
NC_054070.1 Falco naumanni isolate bFalNau1 chromosome 17, bFalNau1.pat, whole genome shotgun sequence	G	16	6943679
NC_054070.1 Falco naumanni isolate bFalNau1 chromosome 17, bFalNau1.pat, whole genome shotgun sequence	G	18	6943753
NC_054070.1 Falco naumanni isolate bFalNau1 chromosome 17, bFalNau1.pat, whole genome shotgun sequence	A	16	6944017
NC_054070.1 Falco naumanni isolate bFalNau1 chromosome 17, bFalNau1.pat, whole genome shotgun sequence	T	22	6948208
NC_054070.1 Falco naumanni isolate bFalNau1 chromosome 17, bFalNau1.pat, whole genome shotgun sequence	A	16	6955072
NC_054070.1 Falco naumanni isolate bFalNau1 chromosome 17, bFalNau1.pat, whole genome shotgun sequence	T	19	6964969
NC_054070.1 Falco naumanni isolate bFalNau1 chromosome 17, bFalNau1.pat, whole genome shotgun sequence	T	19	6972321
NC_054070.1 Falco naumanni isolate bFalNau1 chromosome 17, bFalNau1.pat, whole genome shotgun sequence	A	27	7004833
NC_054070.1 Falco naumanni isolate bFalNau1 chromosome 17, bFalNau1.pat, whole genome shotgun sequence	A	17	7005893
NC_054070.1 Falco naumanni isolate bFalNau1 chromosome 17, bFalNau1.pat, whole genome shotgun sequence	A	19	7006587
NC_054070.1 Falco naumanni isolate bFalNau1 chromosome 17, bFalNau1.pat, whole genome shotgun sequence	A	23	7022210
NC_054070.1 Falco naumanni isolate bFalNau1 chromosome 17, bFalNau1.pat, whole genome shotgun sequence	C	18	7022661
NC_054070.1 Falco naumanni isolate bFalNau1 chromosome 17, bFalNau1.pat, whole genome shotgun sequence	C	21	7034524
NC_054070.1 Falco naumanni isolate bFalNau1 chromosome 17, bFalNau1.pat, whole genome shotgun sequence	T	18	7039583
NC_054070.1 Falco naumanni isolate bFalNau1 chromosome 17, bFalNau1.pat, whole genome shotgun sequence	A	21	7055678
NC_054070.1 Falco naumanni isolate bFalNau1 chromosome 17, bFalNau1.pat, whole genome shotgun sequence	A	16	7057924
NC_054070.1 Falco naumanni isolate bFalNau1 chromosome 17, bFalNau1.pat, whole genome shotgun sequence	T	21	7091215
NC_054070.1 Falco naumanni isolate bFalNau1 chromosome 17, bFalNau1.pat, whole genome shotgun sequence	A	21	7094492
NC_054070.1 Falco naumanni isolate bFalNau1 chromosome 17, bFalNau1.pat, whole genome shotgun sequence	A	23	7171193
NC_054070.1 Falco naumanni isolate bFalNau1 chromosome 17, bFalNau1.pat, whole genome shotgun sequence	C	16	7173295
NC_054070.1 Falco naumanni isolate bFalNau1 chromosome 17, bFalNau1.pat, whole genome shotgun sequence	T	17	7188776
NC_054070.1 Falco naumanni isolate bFalNau1 chromosome 17, bFalNau1.pat, whole genome shotgun sequence	C	18	7194678
NC_054070.1 Falco naumanni isolate bFalNau1 chromosome 17, bFalNau1.pat, whole genome shotgun sequence	T	18	7211615
NC_054070.1 Falco naumanni isolate bFalNau1 chromosome 17, bFalNau1.pat, whole genome shotgun sequence	T	21	7252698
NC_054070.1 Falco naumanni isolate bFalNau1 chromosome 17, bFalNau1.pat, whole genome shotgun sequence	T	22	7264079
NC_054070.1 Falco naumanni isolate bFalNau1 chromosome 17, bFalNau1.pat, whole genome shotgun sequence	T	16	7270516
NC_054070.1 Falco naumanni isolate bFalNau1 chromosome 17, bFalNau1.pat, whole genome shotgun sequence	T	17	7284628
NC_054070.1 Falco naumanni isolate bFalNau1 chromosome 17, bFalNau1.pat, whole genome shotgun sequence	T	16	7290000
NC_054070.1 Falco naumanni isolate bFalNau1 chromosome 17, bFalNau1.pat, whole genome shotgun sequence	T	18	7290023
NC_054070.1 Falco naumanni isolate bFalNau1 chromosome 17, bFalNau1.pat, whole genome shotgun sequence	T	30	7311549
NC_054070.1 Falco naumanni isolate bFalNau1 chromosome 17, bFalNau1.pat, whole genome shotgun sequence	T	16	7315161
NC_054070.1 Falco naumanni isolate bFalNau1 chromosome 17, bFalNau1.pat, whole genome shotgun sequence	A	20	7320496
NC_054070.1 Falco naumanni isolate bFalNau1 chromosome 17, bFalNau1.pat, whole genome shotgun sequence	T	18	7321744
NC_054070.1 Falco naumanni isolate bFalNau1 chromosome 17, bFalNau1.pat, whole genome shotgun sequence	G	19	7330383
NC_054070.1 Falco naumanni isolate bFalNau1 chromosome 17, bFalNau1.pat, whole genome shotgun sequence	T	21	7340789
NC_054070.1 Falco naumanni isolate bFalNau1 chromosome 17, bFalNau1.pat, whole genome shotgun sequence	C	19	7340814
NC_054070.1 Falco naumanni isolate bFalNau1 chromosome 17, bFalNau1.pat, whole genome shotgun sequence	C	17	7354196
NC_054070.1 Falco naumanni isolate bFalNau1 chromosome 17, bFalNau1.pat, whole genome shotgun sequence	C	25	7385666
NC_054070.1 Falco naumanni isolate bFalNau1 chromosome 17, bFalNau1.pat, whole genome shotgun sequence	T	20	7392968
NC_054070.1 Falco naumanni isolate bFalNau1 chromosome 17, bFalNau1.pat, whole genome shotgun sequence	A	18	7400765
NC_054070.1 Falco naumanni isolate bFalNau1 chromosome 17, bFalNau1.pat, whole genome shotgun sequence	A	25	7401234
NC_054070.1 Falco naumanni isolate bFalNau1 chromosome 17, bFalNau1.pat, whole genome shotgun sequence	T	20	7401602
NC_054070.1 Falco naumanni isolate bFalNau1 chromosome 17, bFalNau1.pat, whole genome shotgun sequence	G	20	7401683
NC_054070.1 Falco naumanni isolate bFalNau1 chromosome 17, bFalNau1.pat, whole genome shotgun sequence	A	18	7401919
NC_054070.1 Falco naumanni isolate bFalNau1 chromosome 17, bFalNau1.pat, whole genome shotgun sequence	T	18	7416370
NC_054070.1 Falco naumanni isolate bFalNau1 chromosome 17, bFalNau1.pat, whole genome shotgun sequence	T	19	7453988
NC_054070.1 Falco naumanni isolate bFalNau1 chromosome 17, bFalNau1.pat, whole genome shotgun sequence	T	24	7457429
NC_054070.1 Falco naumanni isolate bFalNau1 chromosome 17, bFalNau1.pat, whole genome shotgun sequence	A	19	7478880
NC_054070.1 Falco naumanni isolate bFalNau1 chromosome 17, bFalNau1.pat, whole genome shotgun sequence	A	22	7494361
NC_054070.1 Falco naumanni isolate bFalNau1 chromosome 17, bFalNau1.pat, whole genome shotgun sequence	T	18	7523976
NC_054070.1 Falco naumanni isolate bFalNau1 chromosome 17, bFalNau1.pat, whole genome shotgun sequence	A	17	7526486
NC_054070.1 Falco naumanni isolate bFalNau1 chromosome 17, bFalNau1.pat, whole genome shotgun sequence	T	27	7538481
NC_054070.1 Falco naumanni isolate bFalNau1 chromosome 17, bFalNau1.pat, whole genome shotgun sequence	T	25	7540120
NC_054070.1 Falco naumanni isolate bFalNau1 chromosome 17, bFalNau1.pat, whole genome shotgun sequence	T	17	7541672
NC_054070.1 Falco naumanni isolate bFalNau1 chromosome 17, bFalNau1.pat, whole genome shotgun sequence	G	17	7541984
NC_054070.1 Falco naumanni isolate bFalNau1 chromosome 17, bFalNau1.pat, whole genome shotgun sequence	T	17	7542140
NC_054070.1 Falco naumanni isolate bFalNau1 chromosome 17, bFalNau1.pat, whole genome shotgun sequence	T	16	7568359
NC_054070.1 Falco naumanni isolate bFalNau1 chromosome 17, bFalNau1.pat, whole genome shotgun sequence	T	17	7571020
NC_054070.1 Falco naumanni isolate bFalNau1 chromosome 17, bFalNau1.pat, whole genome shotgun sequence	A	16	7594252
NC_054070.1 Falco naumanni isolate bFalNau1 chromosome 17, bFalNau1.pat, whole genome shotgun sequence	A	29	7595430
NC_054070.1 Falco naumanni isolate bFalNau1 chromosome 17, bFalNau1.pat, whole genome shotgun sequence	A	19	7620579
NC_054070.1 Falco naumanni isolate bFalNau1 chromosome 17, bFalNau1.pat, whole genome shotgun sequence	C	21	7646472
NC_054070.1 Falco naumanni isolate bFalNau1 chromosome 17, bFalNau1.pat, whole genome shotgun sequence	T	17	7646657
NC_054070.1 Falco naumanni isolate bFalNau1 chromosome 17, bFalNau1.pat, whole genome shotgun sequence	T	21	7654424
NC_054070.1 Falco naumanni isolate bFalNau1 chromosome 17, bFalNau1.pat, whole genome shotgun sequence	T	16	7654924
NC_054070.1 Falco naumanni isolate bFalNau1 chromosome 17, bFalNau1.pat, whole genome shotgun sequence	T	20	7666682
NC_054070.1 Falco naumanni isolate bFalNau1 chromosome 17, bFalNau1.pat, whole genome shotgun sequence	T	18	7701093
NC_054070.1 Falco naumanni isolate bFalNau1 chromosome 17, bFalNau1.pat, whole genome shotgun sequence	T	16	7710767
NC_054070.1 Falco naumanni isolate bFalNau1 chromosome 17, bFalNau1.pat, whole genome shotgun sequence	T	19	7715306
NC_054070.1 Falco naumanni isolate bFalNau1 chromosome 17, bFalNau1.pat, whole genome shotgun sequence	T	20	7721110
NC_054070.1 Falco naumanni isolate bFalNau1 chromosome 17, bFalNau1.pat, whole genome shotgun sequence	T	19	7724762
NC_054070.1 Falco naumanni isolate bFalNau1 chromosome 17, bFalNau1.pat, whole genome shotgun sequence	A	26	7735718
NC_054070.1 Falco naumanni isolate bFalNau1 chromosome 17, bFalNau1.pat, whole genome shotgun sequence	T	18	7736677
NC_054070.1 Falco naumanni isolate bFalNau1 chromosome 17, bFalNau1.pat, whole genome shotgun sequence	A	19	7748233
NC_054070.1 Falco naumanni isolate bFalNau1 chromosome 17, bFalNau1.pat, whole genome shotgun sequence	T	17	7751498
NC_054070.1 Falco naumanni isolate bFalNau1 chromosome 17, bFalNau1.pat, whole genome shotgun sequence	A	27	7758438
NC_054070.1 Falco naumanni isolate bFalNau1 chromosome 17, bFalNau1.pat, whole genome shotgun sequence	C	26	7760554
NC_054070.1 Falco naumanni isolate bFalNau1 chromosome 17, bFalNau1.pat, whole genome shotgun sequence	A	39	7769858
NC_054070.1 Falco naumanni isolate bFalNau1 chromosome 17, bFalNau1.pat, whole genome shotgun sequence	C	16	7797164
