#Sequence_Name	SSR	Repeats	Position
NC_054071.1 Falco naumanni isolate bFalNau1 chromosome 18, bFalNau1.pat, whole genome shotgun sequence	G	25	26686
NC_054071.1 Falco naumanni isolate bFalNau1 chromosome 18, bFalNau1.pat, whole genome shotgun sequence	G	22	50665
NC_054071.1 Falco naumanni isolate bFalNau1 chromosome 18, bFalNau1.pat, whole genome shotgun sequence	C	19	53019
NC_054071.1 Falco naumanni isolate bFalNau1 chromosome 18, bFalNau1.pat, whole genome shotgun sequence	A	28	58522
NC_054071.1 Falco naumanni isolate bFalNau1 chromosome 18, bFalNau1.pat, whole genome shotgun sequence	A	25	61520
NC_054071.1 Falco naumanni isolate bFalNau1 chromosome 18, bFalNau1.pat, whole genome shotgun sequence	A	17	4311548
NC_054071.1 Falco naumanni isolate bFalNau1 chromosome 18, bFalNau1.pat, whole genome shotgun sequence	C	18	4311835
NC_054071.1 Falco naumanni isolate bFalNau1 chromosome 18, bFalNau1.pat, whole genome shotgun sequence	A	19	4311906
NC_054071.1 Falco naumanni isolate bFalNau1 chromosome 18, bFalNau1.pat, whole genome shotgun sequence	C	18	4312022
NC_054071.1 Falco naumanni isolate bFalNau1 chromosome 18, bFalNau1.pat, whole genome shotgun sequence	A	24	4313362
NC_054071.1 Falco naumanni isolate bFalNau1 chromosome 18, bFalNau1.pat, whole genome shotgun sequence	A	20	4313808
NC_054071.1 Falco naumanni isolate bFalNau1 chromosome 18, bFalNau1.pat, whole genome shotgun sequence	A	17	4314145
NC_054071.1 Falco naumanni isolate bFalNau1 chromosome 18, bFalNau1.pat, whole genome shotgun sequence	A	28	4314603
NC_054071.1 Falco naumanni isolate bFalNau1 chromosome 18, bFalNau1.pat, whole genome shotgun sequence	C	18	4316291
NC_054071.1 Falco naumanni isolate bFalNau1 chromosome 18, bFalNau1.pat, whole genome shotgun sequence	T	19	4317355
NC_054071.1 Falco naumanni isolate bFalNau1 chromosome 18, bFalNau1.pat, whole genome shotgun sequence	T	18	4317645
NC_054071.1 Falco naumanni isolate bFalNau1 chromosome 18, bFalNau1.pat, whole genome shotgun sequence	A	17	4336977
NC_054071.1 Falco naumanni isolate bFalNau1 chromosome 18, bFalNau1.pat, whole genome shotgun sequence	T	16	4359289
NC_054071.1 Falco naumanni isolate bFalNau1 chromosome 18, bFalNau1.pat, whole genome shotgun sequence	T	31	4361416
NC_054071.1 Falco naumanni isolate bFalNau1 chromosome 18, bFalNau1.pat, whole genome shotgun sequence	A	21	4363662
NC_054071.1 Falco naumanni isolate bFalNau1 chromosome 18, bFalNau1.pat, whole genome shotgun sequence	T	18	4364625
NC_054071.1 Falco naumanni isolate bFalNau1 chromosome 18, bFalNau1.pat, whole genome shotgun sequence	T	17	4365140
NC_054071.1 Falco naumanni isolate bFalNau1 chromosome 18, bFalNau1.pat, whole genome shotgun sequence	T	30	4392869
NC_054071.1 Falco naumanni isolate bFalNau1 chromosome 18, bFalNau1.pat, whole genome shotgun sequence	T	20	4393136
NC_054071.1 Falco naumanni isolate bFalNau1 chromosome 18, bFalNau1.pat, whole genome shotgun sequence	G	18	4393842
NC_054071.1 Falco naumanni isolate bFalNau1 chromosome 18, bFalNau1.pat, whole genome shotgun sequence	A	17	4402220
NC_054071.1 Falco naumanni isolate bFalNau1 chromosome 18, bFalNau1.pat, whole genome shotgun sequence	T	26	4402549
NC_054071.1 Falco naumanni isolate bFalNau1 chromosome 18, bFalNau1.pat, whole genome shotgun sequence	T	17	4405422
NC_054071.1 Falco naumanni isolate bFalNau1 chromosome 18, bFalNau1.pat, whole genome shotgun sequence	G	33	4406608
NC_054071.1 Falco naumanni isolate bFalNau1 chromosome 18, bFalNau1.pat, whole genome shotgun sequence	A	27	4412471
NC_054071.1 Falco naumanni isolate bFalNau1 chromosome 18, bFalNau1.pat, whole genome shotgun sequence	A	28	4412608
NC_054071.1 Falco naumanni isolate bFalNau1 chromosome 18, bFalNau1.pat, whole genome shotgun sequence	A	25	4412978
NC_054071.1 Falco naumanni isolate bFalNau1 chromosome 18, bFalNau1.pat, whole genome shotgun sequence	G	40	4413379
NC_054071.1 Falco naumanni isolate bFalNau1 chromosome 18, bFalNau1.pat, whole genome shotgun sequence	C	17	4414127
NC_054071.1 Falco naumanni isolate bFalNau1 chromosome 18, bFalNau1.pat, whole genome shotgun sequence	GATGG	25	4782901
NC_054071.1 Falco naumanni isolate bFalNau1 chromosome 18, bFalNau1.pat, whole genome shotgun sequence	GAG	16	4670127
NC_054071.1 Falco naumanni isolate bFalNau1 chromosome 18, bFalNau1.pat, whole genome shotgun sequence	CA	15	4496705
NC_054071.1 Falco naumanni isolate bFalNau1 chromosome 18, bFalNau1.pat, whole genome shotgun sequence	TA	14	4673782
NC_054071.1 Falco naumanni isolate bFalNau1 chromosome 18, bFalNau1.pat, whole genome shotgun sequence	C	16	4421749
NC_054071.1 Falco naumanni isolate bFalNau1 chromosome 18, bFalNau1.pat, whole genome shotgun sequence	C	18	4422116
NC_054071.1 Falco naumanni isolate bFalNau1 chromosome 18, bFalNau1.pat, whole genome shotgun sequence	G	16	4429646
NC_054071.1 Falco naumanni isolate bFalNau1 chromosome 18, bFalNau1.pat, whole genome shotgun sequence	G	16	4432993
NC_054071.1 Falco naumanni isolate bFalNau1 chromosome 18, bFalNau1.pat, whole genome shotgun sequence	C	17	4433828
NC_054071.1 Falco naumanni isolate bFalNau1 chromosome 18, bFalNau1.pat, whole genome shotgun sequence	G	18	4434023
NC_054071.1 Falco naumanni isolate bFalNau1 chromosome 18, bFalNau1.pat, whole genome shotgun sequence	T	25	4435750
NC_054071.1 Falco naumanni isolate bFalNau1 chromosome 18, bFalNau1.pat, whole genome shotgun sequence	C	20	4440140
NC_054071.1 Falco naumanni isolate bFalNau1 chromosome 18, bFalNau1.pat, whole genome shotgun sequence	C	18	4441015
NC_054071.1 Falco naumanni isolate bFalNau1 chromosome 18, bFalNau1.pat, whole genome shotgun sequence	C	22	4441136
NC_054071.1 Falco naumanni isolate bFalNau1 chromosome 18, bFalNau1.pat, whole genome shotgun sequence	C	18	4441201
NC_054071.1 Falco naumanni isolate bFalNau1 chromosome 18, bFalNau1.pat, whole genome shotgun sequence	C	17	4441262
NC_054071.1 Falco naumanni isolate bFalNau1 chromosome 18, bFalNau1.pat, whole genome shotgun sequence	G	18	4441699
NC_054071.1 Falco naumanni isolate bFalNau1 chromosome 18, bFalNau1.pat, whole genome shotgun sequence	C	27	4441883
NC_054071.1 Falco naumanni isolate bFalNau1 chromosome 18, bFalNau1.pat, whole genome shotgun sequence	C	17	4442606
NC_054071.1 Falco naumanni isolate bFalNau1 chromosome 18, bFalNau1.pat, whole genome shotgun sequence	T	21	4462848
NC_054071.1 Falco naumanni isolate bFalNau1 chromosome 18, bFalNau1.pat, whole genome shotgun sequence	T	16	4463743
NC_054071.1 Falco naumanni isolate bFalNau1 chromosome 18, bFalNau1.pat, whole genome shotgun sequence	C	19	4466143
NC_054071.1 Falco naumanni isolate bFalNau1 chromosome 18, bFalNau1.pat, whole genome shotgun sequence	G	16	4474047
NC_054071.1 Falco naumanni isolate bFalNau1 chromosome 18, bFalNau1.pat, whole genome shotgun sequence	G	16	4499624
NC_054071.1 Falco naumanni isolate bFalNau1 chromosome 18, bFalNau1.pat, whole genome shotgun sequence	G	16	4499641
NC_054071.1 Falco naumanni isolate bFalNau1 chromosome 18, bFalNau1.pat, whole genome shotgun sequence	C	16	4510331
NC_054071.1 Falco naumanni isolate bFalNau1 chromosome 18, bFalNau1.pat, whole genome shotgun sequence	A	31	4510684
NC_054071.1 Falco naumanni isolate bFalNau1 chromosome 18, bFalNau1.pat, whole genome shotgun sequence	C	23	4512277
NC_054071.1 Falco naumanni isolate bFalNau1 chromosome 18, bFalNau1.pat, whole genome shotgun sequence	A	20	4516702
NC_054071.1 Falco naumanni isolate bFalNau1 chromosome 18, bFalNau1.pat, whole genome shotgun sequence	T	16	4516770
NC_054071.1 Falco naumanni isolate bFalNau1 chromosome 18, bFalNau1.pat, whole genome shotgun sequence	A	26	4518074
NC_054071.1 Falco naumanni isolate bFalNau1 chromosome 18, bFalNau1.pat, whole genome shotgun sequence	C	18	4518706
NC_054071.1 Falco naumanni isolate bFalNau1 chromosome 18, bFalNau1.pat, whole genome shotgun sequence	C	22	4526365
NC_054071.1 Falco naumanni isolate bFalNau1 chromosome 18, bFalNau1.pat, whole genome shotgun sequence	A	17	4526937
NC_054071.1 Falco naumanni isolate bFalNau1 chromosome 18, bFalNau1.pat, whole genome shotgun sequence	A	22	4527094
NC_054071.1 Falco naumanni isolate bFalNau1 chromosome 18, bFalNau1.pat, whole genome shotgun sequence	G	24	4527672
NC_054071.1 Falco naumanni isolate bFalNau1 chromosome 18, bFalNau1.pat, whole genome shotgun sequence	T	16	4587078
NC_054071.1 Falco naumanni isolate bFalNau1 chromosome 18, bFalNau1.pat, whole genome shotgun sequence	C	16	4588563
NC_054071.1 Falco naumanni isolate bFalNau1 chromosome 18, bFalNau1.pat, whole genome shotgun sequence	T	36	4592208
NC_054071.1 Falco naumanni isolate bFalNau1 chromosome 18, bFalNau1.pat, whole genome shotgun sequence	T	18	4592491
NC_054071.1 Falco naumanni isolate bFalNau1 chromosome 18, bFalNau1.pat, whole genome shotgun sequence	T	16	4592740
NC_054071.1 Falco naumanni isolate bFalNau1 chromosome 18, bFalNau1.pat, whole genome shotgun sequence	A	17	4592773
NC_054071.1 Falco naumanni isolate bFalNau1 chromosome 18, bFalNau1.pat, whole genome shotgun sequence	A	16	4593384
NC_054071.1 Falco naumanni isolate bFalNau1 chromosome 18, bFalNau1.pat, whole genome shotgun sequence	A	16	4596727
NC_054071.1 Falco naumanni isolate bFalNau1 chromosome 18, bFalNau1.pat, whole genome shotgun sequence	T	24	4600997
NC_054071.1 Falco naumanni isolate bFalNau1 chromosome 18, bFalNau1.pat, whole genome shotgun sequence	A	17	4602322
NC_054071.1 Falco naumanni isolate bFalNau1 chromosome 18, bFalNau1.pat, whole genome shotgun sequence	C	20	4609379
NC_054071.1 Falco naumanni isolate bFalNau1 chromosome 18, bFalNau1.pat, whole genome shotgun sequence	A	16	4614940
NC_054071.1 Falco naumanni isolate bFalNau1 chromosome 18, bFalNau1.pat, whole genome shotgun sequence	C	20	4654544
NC_054071.1 Falco naumanni isolate bFalNau1 chromosome 18, bFalNau1.pat, whole genome shotgun sequence	A	20	4661548
NC_054071.1 Falco naumanni isolate bFalNau1 chromosome 18, bFalNau1.pat, whole genome shotgun sequence	A	24	4667352
NC_054071.1 Falco naumanni isolate bFalNau1 chromosome 18, bFalNau1.pat, whole genome shotgun sequence	C	16	4668635
NC_054071.1 Falco naumanni isolate bFalNau1 chromosome 18, bFalNau1.pat, whole genome shotgun sequence	C	18	4671719
NC_054071.1 Falco naumanni isolate bFalNau1 chromosome 18, bFalNau1.pat, whole genome shotgun sequence	A	27	4672181
NC_054071.1 Falco naumanni isolate bFalNau1 chromosome 18, bFalNau1.pat, whole genome shotgun sequence	A	17	4672286
NC_054071.1 Falco naumanni isolate bFalNau1 chromosome 18, bFalNau1.pat, whole genome shotgun sequence	A	16	4673297
NC_054071.1 Falco naumanni isolate bFalNau1 chromosome 18, bFalNau1.pat, whole genome shotgun sequence	A	17	4674299
NC_054071.1 Falco naumanni isolate bFalNau1 chromosome 18, bFalNau1.pat, whole genome shotgun sequence	T	16	4675278
NC_054071.1 Falco naumanni isolate bFalNau1 chromosome 18, bFalNau1.pat, whole genome shotgun sequence	C	17	4676741
NC_054071.1 Falco naumanni isolate bFalNau1 chromosome 18, bFalNau1.pat, whole genome shotgun sequence	A	31	4677136
NC_054071.1 Falco naumanni isolate bFalNau1 chromosome 18, bFalNau1.pat, whole genome shotgun sequence	A	16	4677210
NC_054071.1 Falco naumanni isolate bFalNau1 chromosome 18, bFalNau1.pat, whole genome shotgun sequence	T	16	4680214
NC_054071.1 Falco naumanni isolate bFalNau1 chromosome 18, bFalNau1.pat, whole genome shotgun sequence	T	19	4693505
NC_054071.1 Falco naumanni isolate bFalNau1 chromosome 18, bFalNau1.pat, whole genome shotgun sequence	T	23	4710865
NC_054071.1 Falco naumanni isolate bFalNau1 chromosome 18, bFalNau1.pat, whole genome shotgun sequence	C	21	4720972
NC_054071.1 Falco naumanni isolate bFalNau1 chromosome 18, bFalNau1.pat, whole genome shotgun sequence	T	21	4723396
NC_054071.1 Falco naumanni isolate bFalNau1 chromosome 18, bFalNau1.pat, whole genome shotgun sequence	G	20	4724401
NC_054071.1 Falco naumanni isolate bFalNau1 chromosome 18, bFalNau1.pat, whole genome shotgun sequence	T	19	4741478
NC_054071.1 Falco naumanni isolate bFalNau1 chromosome 18, bFalNau1.pat, whole genome shotgun sequence	A	30	4743010
NC_054071.1 Falco naumanni isolate bFalNau1 chromosome 18, bFalNau1.pat, whole genome shotgun sequence	G	30	4743611
NC_054071.1 Falco naumanni isolate bFalNau1 chromosome 18, bFalNau1.pat, whole genome shotgun sequence	C	28	4745382
NC_054071.1 Falco naumanni isolate bFalNau1 chromosome 18, bFalNau1.pat, whole genome shotgun sequence	C	30	4745987
NC_054071.1 Falco naumanni isolate bFalNau1 chromosome 18, bFalNau1.pat, whole genome shotgun sequence	C	20	4747684
NC_054071.1 Falco naumanni isolate bFalNau1 chromosome 18, bFalNau1.pat, whole genome shotgun sequence	G	22	4757752
NC_054071.1 Falco naumanni isolate bFalNau1 chromosome 18, bFalNau1.pat, whole genome shotgun sequence	A	18	4760079
NC_054071.1 Falco naumanni isolate bFalNau1 chromosome 18, bFalNau1.pat, whole genome shotgun sequence	C	16	4765208
NC_054071.1 Falco naumanni isolate bFalNau1 chromosome 18, bFalNau1.pat, whole genome shotgun sequence	T	19	4765498
NC_054071.1 Falco naumanni isolate bFalNau1 chromosome 18, bFalNau1.pat, whole genome shotgun sequence	G	17	4786963
NC_054071.1 Falco naumanni isolate bFalNau1 chromosome 18, bFalNau1.pat, whole genome shotgun sequence	A	25	4787613
NC_054071.1 Falco naumanni isolate bFalNau1 chromosome 18, bFalNau1.pat, whole genome shotgun sequence	A	21	4788005
NC_054071.1 Falco naumanni isolate bFalNau1 chromosome 18, bFalNau1.pat, whole genome shotgun sequence	A	22	4788848
NC_054071.1 Falco naumanni isolate bFalNau1 chromosome 18, bFalNau1.pat, whole genome shotgun sequence	A	23	4818342
NC_054071.1 Falco naumanni isolate bFalNau1 chromosome 18, bFalNau1.pat, whole genome shotgun sequence	G	23	4819427
NC_054071.1 Falco naumanni isolate bFalNau1 chromosome 18, bFalNau1.pat, whole genome shotgun sequence	G	26	4827277
NC_054071.1 Falco naumanni isolate bFalNau1 chromosome 18, bFalNau1.pat, whole genome shotgun sequence	A	23	4831276
NC_054071.1 Falco naumanni isolate bFalNau1 chromosome 18, bFalNau1.pat, whole genome shotgun sequence	A	17	4831625
NC_054071.1 Falco naumanni isolate bFalNau1 chromosome 18, bFalNau1.pat, whole genome shotgun sequence	A	19	4837356
NC_054071.1 Falco naumanni isolate bFalNau1 chromosome 18, bFalNau1.pat, whole genome shotgun sequence	A	19	4840763
NC_054071.1 Falco naumanni isolate bFalNau1 chromosome 18, bFalNau1.pat, whole genome shotgun sequence	C	21	4880047
NC_054071.1 Falco naumanni isolate bFalNau1 chromosome 18, bFalNau1.pat, whole genome shotgun sequence	G	28	4882992
NC_054071.1 Falco naumanni isolate bFalNau1 chromosome 18, bFalNau1.pat, whole genome shotgun sequence	C	17	4883823
NC_054071.1 Falco naumanni isolate bFalNau1 chromosome 18, bFalNau1.pat, whole genome shotgun sequence	C	16	4884618
NC_054071.1 Falco naumanni isolate bFalNau1 chromosome 18, bFalNau1.pat, whole genome shotgun sequence	C	16	4884798
NC_054071.1 Falco naumanni isolate bFalNau1 chromosome 18, bFalNau1.pat, whole genome shotgun sequence	T	16	4904390
NC_054071.1 Falco naumanni isolate bFalNau1 chromosome 18, bFalNau1.pat, whole genome shotgun sequence	C	19	4907299
NC_054071.1 Falco naumanni isolate bFalNau1 chromosome 18, bFalNau1.pat, whole genome shotgun sequence	C	19	4930177
NC_054071.1 Falco naumanni isolate bFalNau1 chromosome 18, bFalNau1.pat, whole genome shotgun sequence	G	17	4932147
NC_054071.1 Falco naumanni isolate bFalNau1 chromosome 18, bFalNau1.pat, whole genome shotgun sequence	T	17	4933187
NC_054071.1 Falco naumanni isolate bFalNau1 chromosome 18, bFalNau1.pat, whole genome shotgun sequence	A	18	4946360
NC_054071.1 Falco naumanni isolate bFalNau1 chromosome 18, bFalNau1.pat, whole genome shotgun sequence	A	20	4946814
NC_054071.1 Falco naumanni isolate bFalNau1 chromosome 18, bFalNau1.pat, whole genome shotgun sequence	G	20	4954433
NC_054071.1 Falco naumanni isolate bFalNau1 chromosome 18, bFalNau1.pat, whole genome shotgun sequence	A	16	4955185
NC_054071.1 Falco naumanni isolate bFalNau1 chromosome 18, bFalNau1.pat, whole genome shotgun sequence	A	20	4955294
NC_054071.1 Falco naumanni isolate bFalNau1 chromosome 18, bFalNau1.pat, whole genome shotgun sequence	T	20	4957604
NC_054071.1 Falco naumanni isolate bFalNau1 chromosome 18, bFalNau1.pat, whole genome shotgun sequence	G	20	4962530
NC_054071.1 Falco naumanni isolate bFalNau1 chromosome 18, bFalNau1.pat, whole genome shotgun sequence	G	17	4969136
NC_054071.1 Falco naumanni isolate bFalNau1 chromosome 18, bFalNau1.pat, whole genome shotgun sequence	C	17	6666575
NC_054071.1 Falco naumanni isolate bFalNau1 chromosome 18, bFalNau1.pat, whole genome shotgun sequence	C	16	6666599
NC_054071.1 Falco naumanni isolate bFalNau1 chromosome 18, bFalNau1.pat, whole genome shotgun sequence	G	21	6667228
NC_054071.1 Falco naumanni isolate bFalNau1 chromosome 18, bFalNau1.pat, whole genome shotgun sequence	C	17	6668187
NC_054071.1 Falco naumanni isolate bFalNau1 chromosome 18, bFalNau1.pat, whole genome shotgun sequence	C	18	6668263
NC_054071.1 Falco naumanni isolate bFalNau1 chromosome 18, bFalNau1.pat, whole genome shotgun sequence	C	18	6671113
NC_054071.1 Falco naumanni isolate bFalNau1 chromosome 18, bFalNau1.pat, whole genome shotgun sequence	C	17	6671372
NC_054071.1 Falco naumanni isolate bFalNau1 chromosome 18, bFalNau1.pat, whole genome shotgun sequence	C	19	6675151
NC_054071.1 Falco naumanni isolate bFalNau1 chromosome 18, bFalNau1.pat, whole genome shotgun sequence	C	16	6682452
NC_054071.1 Falco naumanni isolate bFalNau1 chromosome 18, bFalNau1.pat, whole genome shotgun sequence	G	18	6684416
NC_054071.1 Falco naumanni isolate bFalNau1 chromosome 18, bFalNau1.pat, whole genome shotgun sequence	C	21	6686759
NC_054071.1 Falco naumanni isolate bFalNau1 chromosome 18, bFalNau1.pat, whole genome shotgun sequence	T	18	6695304
NC_054071.1 Falco naumanni isolate bFalNau1 chromosome 18, bFalNau1.pat, whole genome shotgun sequence	G	17	6697539
NC_054071.1 Falco naumanni isolate bFalNau1 chromosome 18, bFalNau1.pat, whole genome shotgun sequence	C	24	6699667
NC_054071.1 Falco naumanni isolate bFalNau1 chromosome 18, bFalNau1.pat, whole genome shotgun sequence	G	20	6699741
NC_054071.1 Falco naumanni isolate bFalNau1 chromosome 18, bFalNau1.pat, whole genome shotgun sequence	G	17	6699883
NC_054071.1 Falco naumanni isolate bFalNau1 chromosome 18, bFalNau1.pat, whole genome shotgun sequence	T	24	6701025
NC_054071.1 Falco naumanni isolate bFalNau1 chromosome 18, bFalNau1.pat, whole genome shotgun sequence	G	19	6704613
NC_054071.1 Falco naumanni isolate bFalNau1 chromosome 18, bFalNau1.pat, whole genome shotgun sequence	G	19	6706085
NC_054071.1 Falco naumanni isolate bFalNau1 chromosome 18, bFalNau1.pat, whole genome shotgun sequence	C	30	6706258
NC_054071.1 Falco naumanni isolate bFalNau1 chromosome 18, bFalNau1.pat, whole genome shotgun sequence	G	16	6723723
NC_054071.1 Falco naumanni isolate bFalNau1 chromosome 18, bFalNau1.pat, whole genome shotgun sequence	G	17	6724081
NC_054071.1 Falco naumanni isolate bFalNau1 chromosome 18, bFalNau1.pat, whole genome shotgun sequence	G	17	6725851
NC_054071.1 Falco naumanni isolate bFalNau1 chromosome 18, bFalNau1.pat, whole genome shotgun sequence	G	17	6725965
NC_054071.1 Falco naumanni isolate bFalNau1 chromosome 18, bFalNau1.pat, whole genome shotgun sequence	T	19	6726212
NC_054071.1 Falco naumanni isolate bFalNau1 chromosome 18, bFalNau1.pat, whole genome shotgun sequence	G	21	6726409
NC_054071.1 Falco naumanni isolate bFalNau1 chromosome 18, bFalNau1.pat, whole genome shotgun sequence	AC	16	6750409
NC_054071.1 Falco naumanni isolate bFalNau1 chromosome 18, bFalNau1.pat, whole genome shotgun sequence	G	20	6731074
NC_054071.1 Falco naumanni isolate bFalNau1 chromosome 18, bFalNau1.pat, whole genome shotgun sequence	C	21	6732168
NC_054071.1 Falco naumanni isolate bFalNau1 chromosome 18, bFalNau1.pat, whole genome shotgun sequence	C	26	6732882
NC_054071.1 Falco naumanni isolate bFalNau1 chromosome 18, bFalNau1.pat, whole genome shotgun sequence	G	16	6734129
NC_054071.1 Falco naumanni isolate bFalNau1 chromosome 18, bFalNau1.pat, whole genome shotgun sequence	T	26	6736067
NC_054071.1 Falco naumanni isolate bFalNau1 chromosome 18, bFalNau1.pat, whole genome shotgun sequence	A	18	6736439
NC_054071.1 Falco naumanni isolate bFalNau1 chromosome 18, bFalNau1.pat, whole genome shotgun sequence	C	21	6741180
NC_054071.1 Falco naumanni isolate bFalNau1 chromosome 18, bFalNau1.pat, whole genome shotgun sequence	G	22	6745587
NC_054071.1 Falco naumanni isolate bFalNau1 chromosome 18, bFalNau1.pat, whole genome shotgun sequence	C	18	6753598
NC_054071.1 Falco naumanni isolate bFalNau1 chromosome 18, bFalNau1.pat, whole genome shotgun sequence	C	17	6757973
NC_054071.1 Falco naumanni isolate bFalNau1 chromosome 18, bFalNau1.pat, whole genome shotgun sequence	AGGGA	35	5435532
NC_054071.1 Falco naumanni isolate bFalNau1 chromosome 18, bFalNau1.pat, whole genome shotgun sequence	AGAAG	45	5453219
NC_054071.1 Falco naumanni isolate bFalNau1 chromosome 18, bFalNau1.pat, whole genome shotgun sequence	CATC	16	6179206
NC_054071.1 Falco naumanni isolate bFalNau1 chromosome 18, bFalNau1.pat, whole genome shotgun sequence	ATCT	18	6334686
NC_054071.1 Falco naumanni isolate bFalNau1 chromosome 18, bFalNau1.pat, whole genome shotgun sequence	GGA	14	5766271
NC_054071.1 Falco naumanni isolate bFalNau1 chromosome 18, bFalNau1.pat, whole genome shotgun sequence	CTC	21	5768517
NC_054071.1 Falco naumanni isolate bFalNau1 chromosome 18, bFalNau1.pat, whole genome shotgun sequence	CTC	37	5786791
NC_054071.1 Falco naumanni isolate bFalNau1 chromosome 18, bFalNau1.pat, whole genome shotgun sequence	GA	17	5434117
NC_054071.1 Falco naumanni isolate bFalNau1 chromosome 18, bFalNau1.pat, whole genome shotgun sequence	AT	19	5435893
NC_054071.1 Falco naumanni isolate bFalNau1 chromosome 18, bFalNau1.pat, whole genome shotgun sequence	G	24	4977886
NC_054071.1 Falco naumanni isolate bFalNau1 chromosome 18, bFalNau1.pat, whole genome shotgun sequence	C	18	4980600
NC_054071.1 Falco naumanni isolate bFalNau1 chromosome 18, bFalNau1.pat, whole genome shotgun sequence	G	19	4987048
NC_054071.1 Falco naumanni isolate bFalNau1 chromosome 18, bFalNau1.pat, whole genome shotgun sequence	A	18	4991176
NC_054071.1 Falco naumanni isolate bFalNau1 chromosome 18, bFalNau1.pat, whole genome shotgun sequence	G	17	4993273
NC_054071.1 Falco naumanni isolate bFalNau1 chromosome 18, bFalNau1.pat, whole genome shotgun sequence	C	21	4993652
NC_054071.1 Falco naumanni isolate bFalNau1 chromosome 18, bFalNau1.pat, whole genome shotgun sequence	G	18	4996667
NC_054071.1 Falco naumanni isolate bFalNau1 chromosome 18, bFalNau1.pat, whole genome shotgun sequence	G	28	4998048
NC_054071.1 Falco naumanni isolate bFalNau1 chromosome 18, bFalNau1.pat, whole genome shotgun sequence	G	17	5012377
NC_054071.1 Falco naumanni isolate bFalNau1 chromosome 18, bFalNau1.pat, whole genome shotgun sequence	G	30	5052744
NC_054071.1 Falco naumanni isolate bFalNau1 chromosome 18, bFalNau1.pat, whole genome shotgun sequence	C	18	5066697
NC_054071.1 Falco naumanni isolate bFalNau1 chromosome 18, bFalNau1.pat, whole genome shotgun sequence	G	20	5070183
NC_054071.1 Falco naumanni isolate bFalNau1 chromosome 18, bFalNau1.pat, whole genome shotgun sequence	T	17	5070625
NC_054071.1 Falco naumanni isolate bFalNau1 chromosome 18, bFalNau1.pat, whole genome shotgun sequence	A	25	5080553
NC_054071.1 Falco naumanni isolate bFalNau1 chromosome 18, bFalNau1.pat, whole genome shotgun sequence	T	20	5084805
NC_054071.1 Falco naumanni isolate bFalNau1 chromosome 18, bFalNau1.pat, whole genome shotgun sequence	A	16	5085005
NC_054071.1 Falco naumanni isolate bFalNau1 chromosome 18, bFalNau1.pat, whole genome shotgun sequence	T	17	5089778
NC_054071.1 Falco naumanni isolate bFalNau1 chromosome 18, bFalNau1.pat, whole genome shotgun sequence	C	18	5106752
NC_054071.1 Falco naumanni isolate bFalNau1 chromosome 18, bFalNau1.pat, whole genome shotgun sequence	G	18	5114593
NC_054071.1 Falco naumanni isolate bFalNau1 chromosome 18, bFalNau1.pat, whole genome shotgun sequence	T	16	5116525
NC_054071.1 Falco naumanni isolate bFalNau1 chromosome 18, bFalNau1.pat, whole genome shotgun sequence	T	17	5116544
NC_054071.1 Falco naumanni isolate bFalNau1 chromosome 18, bFalNau1.pat, whole genome shotgun sequence	G	17	5125479
NC_054071.1 Falco naumanni isolate bFalNau1 chromosome 18, bFalNau1.pat, whole genome shotgun sequence	A	18	5142867
NC_054071.1 Falco naumanni isolate bFalNau1 chromosome 18, bFalNau1.pat, whole genome shotgun sequence	T	23	5148584
NC_054071.1 Falco naumanni isolate bFalNau1 chromosome 18, bFalNau1.pat, whole genome shotgun sequence	C	20	5166915
NC_054071.1 Falco naumanni isolate bFalNau1 chromosome 18, bFalNau1.pat, whole genome shotgun sequence	T	23	5171606
NC_054071.1 Falco naumanni isolate bFalNau1 chromosome 18, bFalNau1.pat, whole genome shotgun sequence	T	24	5174884
NC_054071.1 Falco naumanni isolate bFalNau1 chromosome 18, bFalNau1.pat, whole genome shotgun sequence	A	20	5174962
NC_054071.1 Falco naumanni isolate bFalNau1 chromosome 18, bFalNau1.pat, whole genome shotgun sequence	G	20	5176277
NC_054071.1 Falco naumanni isolate bFalNau1 chromosome 18, bFalNau1.pat, whole genome shotgun sequence	A	20	5185512
NC_054071.1 Falco naumanni isolate bFalNau1 chromosome 18, bFalNau1.pat, whole genome shotgun sequence	A	23	5196350
NC_054071.1 Falco naumanni isolate bFalNau1 chromosome 18, bFalNau1.pat, whole genome shotgun sequence	A	17	5203497
NC_054071.1 Falco naumanni isolate bFalNau1 chromosome 18, bFalNau1.pat, whole genome shotgun sequence	A	18	5204812
NC_054071.1 Falco naumanni isolate bFalNau1 chromosome 18, bFalNau1.pat, whole genome shotgun sequence	T	17	5212411
NC_054071.1 Falco naumanni isolate bFalNau1 chromosome 18, bFalNau1.pat, whole genome shotgun sequence	A	24	5219861
NC_054071.1 Falco naumanni isolate bFalNau1 chromosome 18, bFalNau1.pat, whole genome shotgun sequence	G	18	5236029
NC_054071.1 Falco naumanni isolate bFalNau1 chromosome 18, bFalNau1.pat, whole genome shotgun sequence	A	21	5237698
NC_054071.1 Falco naumanni isolate bFalNau1 chromosome 18, bFalNau1.pat, whole genome shotgun sequence	A	17	5253223
NC_054071.1 Falco naumanni isolate bFalNau1 chromosome 18, bFalNau1.pat, whole genome shotgun sequence	T	18	5286610
NC_054071.1 Falco naumanni isolate bFalNau1 chromosome 18, bFalNau1.pat, whole genome shotgun sequence	G	21	5315009
NC_054071.1 Falco naumanni isolate bFalNau1 chromosome 18, bFalNau1.pat, whole genome shotgun sequence	A	25	5329793
NC_054071.1 Falco naumanni isolate bFalNau1 chromosome 18, bFalNau1.pat, whole genome shotgun sequence	A	16	5338945
NC_054071.1 Falco naumanni isolate bFalNau1 chromosome 18, bFalNau1.pat, whole genome shotgun sequence	G	16	5339490
NC_054071.1 Falco naumanni isolate bFalNau1 chromosome 18, bFalNau1.pat, whole genome shotgun sequence	T	18	5341424
NC_054071.1 Falco naumanni isolate bFalNau1 chromosome 18, bFalNau1.pat, whole genome shotgun sequence	C	25	5341905
NC_054071.1 Falco naumanni isolate bFalNau1 chromosome 18, bFalNau1.pat, whole genome shotgun sequence	A	17	5343907
NC_054071.1 Falco naumanni isolate bFalNau1 chromosome 18, bFalNau1.pat, whole genome shotgun sequence	A	30	5345671
NC_054071.1 Falco naumanni isolate bFalNau1 chromosome 18, bFalNau1.pat, whole genome shotgun sequence	A	23	5346626
NC_054071.1 Falco naumanni isolate bFalNau1 chromosome 18, bFalNau1.pat, whole genome shotgun sequence	T	21	5347790
NC_054071.1 Falco naumanni isolate bFalNau1 chromosome 18, bFalNau1.pat, whole genome shotgun sequence	A	17	5348628
NC_054071.1 Falco naumanni isolate bFalNau1 chromosome 18, bFalNau1.pat, whole genome shotgun sequence	A	20	5351737
NC_054071.1 Falco naumanni isolate bFalNau1 chromosome 18, bFalNau1.pat, whole genome shotgun sequence	A	25	5354648
NC_054071.1 Falco naumanni isolate bFalNau1 chromosome 18, bFalNau1.pat, whole genome shotgun sequence	T	19	5358074
NC_054071.1 Falco naumanni isolate bFalNau1 chromosome 18, bFalNau1.pat, whole genome shotgun sequence	A	16	5359789
NC_054071.1 Falco naumanni isolate bFalNau1 chromosome 18, bFalNau1.pat, whole genome shotgun sequence	T	18	5363289
NC_054071.1 Falco naumanni isolate bFalNau1 chromosome 18, bFalNau1.pat, whole genome shotgun sequence	C	18	5368382
NC_054071.1 Falco naumanni isolate bFalNau1 chromosome 18, bFalNau1.pat, whole genome shotgun sequence	A	27	5369870
NC_054071.1 Falco naumanni isolate bFalNau1 chromosome 18, bFalNau1.pat, whole genome shotgun sequence	A	16	5370418
NC_054071.1 Falco naumanni isolate bFalNau1 chromosome 18, bFalNau1.pat, whole genome shotgun sequence	A	25	5375136
NC_054071.1 Falco naumanni isolate bFalNau1 chromosome 18, bFalNau1.pat, whole genome shotgun sequence	T	21	5376436
NC_054071.1 Falco naumanni isolate bFalNau1 chromosome 18, bFalNau1.pat, whole genome shotgun sequence	G	25	5377576
NC_054071.1 Falco naumanni isolate bFalNau1 chromosome 18, bFalNau1.pat, whole genome shotgun sequence	C	20	5377754
NC_054071.1 Falco naumanni isolate bFalNau1 chromosome 18, bFalNau1.pat, whole genome shotgun sequence	G	26	5379534
NC_054071.1 Falco naumanni isolate bFalNau1 chromosome 18, bFalNau1.pat, whole genome shotgun sequence	T	18	5379826
NC_054071.1 Falco naumanni isolate bFalNau1 chromosome 18, bFalNau1.pat, whole genome shotgun sequence	A	16	5381271
NC_054071.1 Falco naumanni isolate bFalNau1 chromosome 18, bFalNau1.pat, whole genome shotgun sequence	G	19	5382154
NC_054071.1 Falco naumanni isolate bFalNau1 chromosome 18, bFalNau1.pat, whole genome shotgun sequence	T	30	5382793
NC_054071.1 Falco naumanni isolate bFalNau1 chromosome 18, bFalNau1.pat, whole genome shotgun sequence	A	16	5383134
NC_054071.1 Falco naumanni isolate bFalNau1 chromosome 18, bFalNau1.pat, whole genome shotgun sequence	C	22	5384208
NC_054071.1 Falco naumanni isolate bFalNau1 chromosome 18, bFalNau1.pat, whole genome shotgun sequence	A	17	5385819
NC_054071.1 Falco naumanni isolate bFalNau1 chromosome 18, bFalNau1.pat, whole genome shotgun sequence	A	25	5387759
NC_054071.1 Falco naumanni isolate bFalNau1 chromosome 18, bFalNau1.pat, whole genome shotgun sequence	T	16	5388040
NC_054071.1 Falco naumanni isolate bFalNau1 chromosome 18, bFalNau1.pat, whole genome shotgun sequence	T	18	5390029
NC_054071.1 Falco naumanni isolate bFalNau1 chromosome 18, bFalNau1.pat, whole genome shotgun sequence	C	16	5390065
NC_054071.1 Falco naumanni isolate bFalNau1 chromosome 18, bFalNau1.pat, whole genome shotgun sequence	T	25	5392625
NC_054071.1 Falco naumanni isolate bFalNau1 chromosome 18, bFalNau1.pat, whole genome shotgun sequence	G	32	5396222
NC_054071.1 Falco naumanni isolate bFalNau1 chromosome 18, bFalNau1.pat, whole genome shotgun sequence	C	16	5398196
NC_054071.1 Falco naumanni isolate bFalNau1 chromosome 18, bFalNau1.pat, whole genome shotgun sequence	A	16	5398212
NC_054071.1 Falco naumanni isolate bFalNau1 chromosome 18, bFalNau1.pat, whole genome shotgun sequence	T	17	5398508
NC_054071.1 Falco naumanni isolate bFalNau1 chromosome 18, bFalNau1.pat, whole genome shotgun sequence	T	18	5399449
NC_054071.1 Falco naumanni isolate bFalNau1 chromosome 18, bFalNau1.pat, whole genome shotgun sequence	A	17	5401654
NC_054071.1 Falco naumanni isolate bFalNau1 chromosome 18, bFalNau1.pat, whole genome shotgun sequence	A	16	5401826
NC_054071.1 Falco naumanni isolate bFalNau1 chromosome 18, bFalNau1.pat, whole genome shotgun sequence	G	18	5406288
NC_054071.1 Falco naumanni isolate bFalNau1 chromosome 18, bFalNau1.pat, whole genome shotgun sequence	C	30	5406401
NC_054071.1 Falco naumanni isolate bFalNau1 chromosome 18, bFalNau1.pat, whole genome shotgun sequence	C	18	5409035
NC_054071.1 Falco naumanni isolate bFalNau1 chromosome 18, bFalNau1.pat, whole genome shotgun sequence	G	22	5410257
NC_054071.1 Falco naumanni isolate bFalNau1 chromosome 18, bFalNau1.pat, whole genome shotgun sequence	G	21	5411174
NC_054071.1 Falco naumanni isolate bFalNau1 chromosome 18, bFalNau1.pat, whole genome shotgun sequence	C	23	5411627
NC_054071.1 Falco naumanni isolate bFalNau1 chromosome 18, bFalNau1.pat, whole genome shotgun sequence	T	18	5415322
NC_054071.1 Falco naumanni isolate bFalNau1 chromosome 18, bFalNau1.pat, whole genome shotgun sequence	C	21	5417471
NC_054071.1 Falco naumanni isolate bFalNau1 chromosome 18, bFalNau1.pat, whole genome shotgun sequence	A	45	5423580
NC_054071.1 Falco naumanni isolate bFalNau1 chromosome 18, bFalNau1.pat, whole genome shotgun sequence	T	25	5428789
NC_054071.1 Falco naumanni isolate bFalNau1 chromosome 18, bFalNau1.pat, whole genome shotgun sequence	T	19	5428966
NC_054071.1 Falco naumanni isolate bFalNau1 chromosome 18, bFalNau1.pat, whole genome shotgun sequence	A	18	5429330
NC_054071.1 Falco naumanni isolate bFalNau1 chromosome 18, bFalNau1.pat, whole genome shotgun sequence	A	24	5433719
NC_054071.1 Falco naumanni isolate bFalNau1 chromosome 18, bFalNau1.pat, whole genome shotgun sequence	A	16	5445321
NC_054071.1 Falco naumanni isolate bFalNau1 chromosome 18, bFalNau1.pat, whole genome shotgun sequence	A	22	5458616
NC_054071.1 Falco naumanni isolate bFalNau1 chromosome 18, bFalNau1.pat, whole genome shotgun sequence	G	17	5461369
NC_054071.1 Falco naumanni isolate bFalNau1 chromosome 18, bFalNau1.pat, whole genome shotgun sequence	T	38	5470809
NC_054071.1 Falco naumanni isolate bFalNau1 chromosome 18, bFalNau1.pat, whole genome shotgun sequence	A	21	5472643
NC_054071.1 Falco naumanni isolate bFalNau1 chromosome 18, bFalNau1.pat, whole genome shotgun sequence	A	17	5487891
NC_054071.1 Falco naumanni isolate bFalNau1 chromosome 18, bFalNau1.pat, whole genome shotgun sequence	T	26	5510487
NC_054071.1 Falco naumanni isolate bFalNau1 chromosome 18, bFalNau1.pat, whole genome shotgun sequence	T	26	5516716
NC_054071.1 Falco naumanni isolate bFalNau1 chromosome 18, bFalNau1.pat, whole genome shotgun sequence	C	17	5523734
NC_054071.1 Falco naumanni isolate bFalNau1 chromosome 18, bFalNau1.pat, whole genome shotgun sequence	A	22	5538612
NC_054071.1 Falco naumanni isolate bFalNau1 chromosome 18, bFalNau1.pat, whole genome shotgun sequence	T	29	5539538
NC_054071.1 Falco naumanni isolate bFalNau1 chromosome 18, bFalNau1.pat, whole genome shotgun sequence	T	16	5543683
NC_054071.1 Falco naumanni isolate bFalNau1 chromosome 18, bFalNau1.pat, whole genome shotgun sequence	A	18	5547868
NC_054071.1 Falco naumanni isolate bFalNau1 chromosome 18, bFalNau1.pat, whole genome shotgun sequence	C	16	5551149
NC_054071.1 Falco naumanni isolate bFalNau1 chromosome 18, bFalNau1.pat, whole genome shotgun sequence	T	17	5560776
NC_054071.1 Falco naumanni isolate bFalNau1 chromosome 18, bFalNau1.pat, whole genome shotgun sequence	T	18	5561883
NC_054071.1 Falco naumanni isolate bFalNau1 chromosome 18, bFalNau1.pat, whole genome shotgun sequence	A	31	5571269
NC_054071.1 Falco naumanni isolate bFalNau1 chromosome 18, bFalNau1.pat, whole genome shotgun sequence	C	18	5571617
NC_054071.1 Falco naumanni isolate bFalNau1 chromosome 18, bFalNau1.pat, whole genome shotgun sequence	T	16	5571635
NC_054071.1 Falco naumanni isolate bFalNau1 chromosome 18, bFalNau1.pat, whole genome shotgun sequence	A	28	5572172
NC_054071.1 Falco naumanni isolate bFalNau1 chromosome 18, bFalNau1.pat, whole genome shotgun sequence	T	16	5573500
NC_054071.1 Falco naumanni isolate bFalNau1 chromosome 18, bFalNau1.pat, whole genome shotgun sequence	T	19	5573854
NC_054071.1 Falco naumanni isolate bFalNau1 chromosome 18, bFalNau1.pat, whole genome shotgun sequence	T	17	5574877
NC_054071.1 Falco naumanni isolate bFalNau1 chromosome 18, bFalNau1.pat, whole genome shotgun sequence	T	26	5575174
NC_054071.1 Falco naumanni isolate bFalNau1 chromosome 18, bFalNau1.pat, whole genome shotgun sequence	T	19	5579058
NC_054071.1 Falco naumanni isolate bFalNau1 chromosome 18, bFalNau1.pat, whole genome shotgun sequence	T	24	5579647
NC_054071.1 Falco naumanni isolate bFalNau1 chromosome 18, bFalNau1.pat, whole genome shotgun sequence	C	22	5586304
NC_054071.1 Falco naumanni isolate bFalNau1 chromosome 18, bFalNau1.pat, whole genome shotgun sequence	T	16	5595266
NC_054071.1 Falco naumanni isolate bFalNau1 chromosome 18, bFalNau1.pat, whole genome shotgun sequence	T	17	5598249
NC_054071.1 Falco naumanni isolate bFalNau1 chromosome 18, bFalNau1.pat, whole genome shotgun sequence	A	17	5599944
NC_054071.1 Falco naumanni isolate bFalNau1 chromosome 18, bFalNau1.pat, whole genome shotgun sequence	A	22	5606532
NC_054071.1 Falco naumanni isolate bFalNau1 chromosome 18, bFalNau1.pat, whole genome shotgun sequence	C	19	5643463
NC_054071.1 Falco naumanni isolate bFalNau1 chromosome 18, bFalNau1.pat, whole genome shotgun sequence	G	17	5814526
NC_054071.1 Falco naumanni isolate bFalNau1 chromosome 18, bFalNau1.pat, whole genome shotgun sequence	T	19	5862349
NC_054071.1 Falco naumanni isolate bFalNau1 chromosome 18, bFalNau1.pat, whole genome shotgun sequence	T	17	5865086
NC_054071.1 Falco naumanni isolate bFalNau1 chromosome 18, bFalNau1.pat, whole genome shotgun sequence	A	16	5902378
NC_054071.1 Falco naumanni isolate bFalNau1 chromosome 18, bFalNau1.pat, whole genome shotgun sequence	T	26	5902695
NC_054071.1 Falco naumanni isolate bFalNau1 chromosome 18, bFalNau1.pat, whole genome shotgun sequence	T	28	5902748
NC_054071.1 Falco naumanni isolate bFalNau1 chromosome 18, bFalNau1.pat, whole genome shotgun sequence	T	19	5904597
NC_054071.1 Falco naumanni isolate bFalNau1 chromosome 18, bFalNau1.pat, whole genome shotgun sequence	T	17	5926987
NC_054071.1 Falco naumanni isolate bFalNau1 chromosome 18, bFalNau1.pat, whole genome shotgun sequence	A	16	5951148
NC_054071.1 Falco naumanni isolate bFalNau1 chromosome 18, bFalNau1.pat, whole genome shotgun sequence	T	16	6015884
NC_054071.1 Falco naumanni isolate bFalNau1 chromosome 18, bFalNau1.pat, whole genome shotgun sequence	T	16	6023197
NC_054071.1 Falco naumanni isolate bFalNau1 chromosome 18, bFalNau1.pat, whole genome shotgun sequence	A	16	6029377
NC_054071.1 Falco naumanni isolate bFalNau1 chromosome 18, bFalNau1.pat, whole genome shotgun sequence	A	20	6038992
NC_054071.1 Falco naumanni isolate bFalNau1 chromosome 18, bFalNau1.pat, whole genome shotgun sequence	G	19	6065819
NC_054071.1 Falco naumanni isolate bFalNau1 chromosome 18, bFalNau1.pat, whole genome shotgun sequence	C	21	6081442
NC_054071.1 Falco naumanni isolate bFalNau1 chromosome 18, bFalNau1.pat, whole genome shotgun sequence	A	21	6088152
NC_054071.1 Falco naumanni isolate bFalNau1 chromosome 18, bFalNau1.pat, whole genome shotgun sequence	T	23	6088753
NC_054071.1 Falco naumanni isolate bFalNau1 chromosome 18, bFalNau1.pat, whole genome shotgun sequence	T	25	6096971
NC_054071.1 Falco naumanni isolate bFalNau1 chromosome 18, bFalNau1.pat, whole genome shotgun sequence	T	18	6108146
NC_054071.1 Falco naumanni isolate bFalNau1 chromosome 18, bFalNau1.pat, whole genome shotgun sequence	C	16	6176112
NC_054071.1 Falco naumanni isolate bFalNau1 chromosome 18, bFalNau1.pat, whole genome shotgun sequence	A	20	6183113
NC_054071.1 Falco naumanni isolate bFalNau1 chromosome 18, bFalNau1.pat, whole genome shotgun sequence	T	23	6280803
NC_054071.1 Falco naumanni isolate bFalNau1 chromosome 18, bFalNau1.pat, whole genome shotgun sequence	A	16	6305292
NC_054071.1 Falco naumanni isolate bFalNau1 chromosome 18, bFalNau1.pat, whole genome shotgun sequence	A	23	6307533
NC_054071.1 Falco naumanni isolate bFalNau1 chromosome 18, bFalNau1.pat, whole genome shotgun sequence	T	42	6328095
NC_054071.1 Falco naumanni isolate bFalNau1 chromosome 18, bFalNau1.pat, whole genome shotgun sequence	C	27	6335724
NC_054071.1 Falco naumanni isolate bFalNau1 chromosome 18, bFalNau1.pat, whole genome shotgun sequence	T	18	6340348
NC_054071.1 Falco naumanni isolate bFalNau1 chromosome 18, bFalNau1.pat, whole genome shotgun sequence	T	26	6347157
NC_054071.1 Falco naumanni isolate bFalNau1 chromosome 18, bFalNau1.pat, whole genome shotgun sequence	T	21	6350476
NC_054071.1 Falco naumanni isolate bFalNau1 chromosome 18, bFalNau1.pat, whole genome shotgun sequence	T	21	6358418
NC_054071.1 Falco naumanni isolate bFalNau1 chromosome 18, bFalNau1.pat, whole genome shotgun sequence	T	17	6379657
NC_054071.1 Falco naumanni isolate bFalNau1 chromosome 18, bFalNau1.pat, whole genome shotgun sequence	T	17	6382068
NC_054071.1 Falco naumanni isolate bFalNau1 chromosome 18, bFalNau1.pat, whole genome shotgun sequence	T	20	6383716
NC_054071.1 Falco naumanni isolate bFalNau1 chromosome 18, bFalNau1.pat, whole genome shotgun sequence	T	30	6427988
NC_054071.1 Falco naumanni isolate bFalNau1 chromosome 18, bFalNau1.pat, whole genome shotgun sequence	A	17	6437973
NC_054071.1 Falco naumanni isolate bFalNau1 chromosome 18, bFalNau1.pat, whole genome shotgun sequence	T	19	6495215
NC_054071.1 Falco naumanni isolate bFalNau1 chromosome 18, bFalNau1.pat, whole genome shotgun sequence	T	17	6498359
NC_054071.1 Falco naumanni isolate bFalNau1 chromosome 18, bFalNau1.pat, whole genome shotgun sequence	C	16	6529118
NC_054071.1 Falco naumanni isolate bFalNau1 chromosome 18, bFalNau1.pat, whole genome shotgun sequence	G	19	6534670
NC_054071.1 Falco naumanni isolate bFalNau1 chromosome 18, bFalNau1.pat, whole genome shotgun sequence	C	17	6540999
NC_054071.1 Falco naumanni isolate bFalNau1 chromosome 18, bFalNau1.pat, whole genome shotgun sequence	G	16	6542660
NC_054071.1 Falco naumanni isolate bFalNau1 chromosome 18, bFalNau1.pat, whole genome shotgun sequence	G	16	6548784
NC_054071.1 Falco naumanni isolate bFalNau1 chromosome 18, bFalNau1.pat, whole genome shotgun sequence	G	24	6587600
NC_054071.1 Falco naumanni isolate bFalNau1 chromosome 18, bFalNau1.pat, whole genome shotgun sequence	G	21	6591193
NC_054071.1 Falco naumanni isolate bFalNau1 chromosome 18, bFalNau1.pat, whole genome shotgun sequence	C	20	6611533
NC_054071.1 Falco naumanni isolate bFalNau1 chromosome 18, bFalNau1.pat, whole genome shotgun sequence	C	16	6613407
NC_054071.1 Falco naumanni isolate bFalNau1 chromosome 18, bFalNau1.pat, whole genome shotgun sequence	T	18	6616163
NC_054071.1 Falco naumanni isolate bFalNau1 chromosome 18, bFalNau1.pat, whole genome shotgun sequence	C	20	6618516
NC_054071.1 Falco naumanni isolate bFalNau1 chromosome 18, bFalNau1.pat, whole genome shotgun sequence	C	22	6619747
NC_054071.1 Falco naumanni isolate bFalNau1 chromosome 18, bFalNau1.pat, whole genome shotgun sequence	C	16	6620690
NC_054071.1 Falco naumanni isolate bFalNau1 chromosome 18, bFalNau1.pat, whole genome shotgun sequence	G	16	6633621
NC_054071.1 Falco naumanni isolate bFalNau1 chromosome 18, bFalNau1.pat, whole genome shotgun sequence	G	17	6634366
NC_054071.1 Falco naumanni isolate bFalNau1 chromosome 18, bFalNau1.pat, whole genome shotgun sequence	C	18	6644209
NC_054071.1 Falco naumanni isolate bFalNau1 chromosome 18, bFalNau1.pat, whole genome shotgun sequence	G	19	6649674
NC_054071.1 Falco naumanni isolate bFalNau1 chromosome 18, bFalNau1.pat, whole genome shotgun sequence	G	17	6661519
NC_054071.1 Falco naumanni isolate bFalNau1 chromosome 18, bFalNau1.pat, whole genome shotgun sequence	AAAGAA	25	1139940
NC_054071.1 Falco naumanni isolate bFalNau1 chromosome 18, bFalNau1.pat, whole genome shotgun sequence	CCATC	15	1091617
NC_054071.1 Falco naumanni isolate bFalNau1 chromosome 18, bFalNau1.pat, whole genome shotgun sequence	GAAGA	20	2059114
NC_054071.1 Falco naumanni isolate bFalNau1 chromosome 18, bFalNau1.pat, whole genome shotgun sequence	GAAGA	17	2059383
NC_054071.1 Falco naumanni isolate bFalNau1 chromosome 18, bFalNau1.pat, whole genome shotgun sequence	GGGAT	18	2553110
NC_054071.1 Falco naumanni isolate bFalNau1 chromosome 18, bFalNau1.pat, whole genome shotgun sequence	CCAT	19	1503689
NC_054071.1 Falco naumanni isolate bFalNau1 chromosome 18, bFalNau1.pat, whole genome shotgun sequence	TATC	14	1958977
NC_054071.1 Falco naumanni isolate bFalNau1 chromosome 18, bFalNau1.pat, whole genome shotgun sequence	TGC	20	3376242
NC_054071.1 Falco naumanni isolate bFalNau1 chromosome 18, bFalNau1.pat, whole genome shotgun sequence	TGC	14	3889436
NC_054071.1 Falco naumanni isolate bFalNau1 chromosome 18, bFalNau1.pat, whole genome shotgun sequence	AC	15	1757987
NC_054071.1 Falco naumanni isolate bFalNau1 chromosome 18, bFalNau1.pat, whole genome shotgun sequence	GT	14	1760655
NC_054071.1 Falco naumanni isolate bFalNau1 chromosome 18, bFalNau1.pat, whole genome shotgun sequence	AT	19	1980246
NC_054071.1 Falco naumanni isolate bFalNau1 chromosome 18, bFalNau1.pat, whole genome shotgun sequence	TA	22	3254824
NC_054071.1 Falco naumanni isolate bFalNau1 chromosome 18, bFalNau1.pat, whole genome shotgun sequence	TA	14	4187539
NC_054071.1 Falco naumanni isolate bFalNau1 chromosome 18, bFalNau1.pat, whole genome shotgun sequence	T	18	129144
NC_054071.1 Falco naumanni isolate bFalNau1 chromosome 18, bFalNau1.pat, whole genome shotgun sequence	G	18	129454
NC_054071.1 Falco naumanni isolate bFalNau1 chromosome 18, bFalNau1.pat, whole genome shotgun sequence	A	18	137688
NC_054071.1 Falco naumanni isolate bFalNau1 chromosome 18, bFalNau1.pat, whole genome shotgun sequence	A	18	157579
NC_054071.1 Falco naumanni isolate bFalNau1 chromosome 18, bFalNau1.pat, whole genome shotgun sequence	T	18	190693
NC_054071.1 Falco naumanni isolate bFalNau1 chromosome 18, bFalNau1.pat, whole genome shotgun sequence	A	21	210154
NC_054071.1 Falco naumanni isolate bFalNau1 chromosome 18, bFalNau1.pat, whole genome shotgun sequence	G	23	218921
NC_054071.1 Falco naumanni isolate bFalNau1 chromosome 18, bFalNau1.pat, whole genome shotgun sequence	T	17	223424
NC_054071.1 Falco naumanni isolate bFalNau1 chromosome 18, bFalNau1.pat, whole genome shotgun sequence	C	17	245249
NC_054071.1 Falco naumanni isolate bFalNau1 chromosome 18, bFalNau1.pat, whole genome shotgun sequence	A	19	260592
NC_054071.1 Falco naumanni isolate bFalNau1 chromosome 18, bFalNau1.pat, whole genome shotgun sequence	C	17	264180
NC_054071.1 Falco naumanni isolate bFalNau1 chromosome 18, bFalNau1.pat, whole genome shotgun sequence	A	18	264586
NC_054071.1 Falco naumanni isolate bFalNau1 chromosome 18, bFalNau1.pat, whole genome shotgun sequence	A	19	271421
NC_054071.1 Falco naumanni isolate bFalNau1 chromosome 18, bFalNau1.pat, whole genome shotgun sequence	T	19	273916
NC_054071.1 Falco naumanni isolate bFalNau1 chromosome 18, bFalNau1.pat, whole genome shotgun sequence	A	21	275660
NC_054071.1 Falco naumanni isolate bFalNau1 chromosome 18, bFalNau1.pat, whole genome shotgun sequence	A	40	282586
NC_054071.1 Falco naumanni isolate bFalNau1 chromosome 18, bFalNau1.pat, whole genome shotgun sequence	G	21	293403
NC_054071.1 Falco naumanni isolate bFalNau1 chromosome 18, bFalNau1.pat, whole genome shotgun sequence	A	16	311799
NC_054071.1 Falco naumanni isolate bFalNau1 chromosome 18, bFalNau1.pat, whole genome shotgun sequence	T	18	334162
NC_054071.1 Falco naumanni isolate bFalNau1 chromosome 18, bFalNau1.pat, whole genome shotgun sequence	T	17	412850
NC_054071.1 Falco naumanni isolate bFalNau1 chromosome 18, bFalNau1.pat, whole genome shotgun sequence	A	17	428114
NC_054071.1 Falco naumanni isolate bFalNau1 chromosome 18, bFalNau1.pat, whole genome shotgun sequence	A	38	432001
NC_054071.1 Falco naumanni isolate bFalNau1 chromosome 18, bFalNau1.pat, whole genome shotgun sequence	C	18	446159
NC_054071.1 Falco naumanni isolate bFalNau1 chromosome 18, bFalNau1.pat, whole genome shotgun sequence	T	17	457329
NC_054071.1 Falco naumanni isolate bFalNau1 chromosome 18, bFalNau1.pat, whole genome shotgun sequence	A	18	467696
NC_054071.1 Falco naumanni isolate bFalNau1 chromosome 18, bFalNau1.pat, whole genome shotgun sequence	T	16	489648
NC_054071.1 Falco naumanni isolate bFalNau1 chromosome 18, bFalNau1.pat, whole genome shotgun sequence	G	22	497904
NC_054071.1 Falco naumanni isolate bFalNau1 chromosome 18, bFalNau1.pat, whole genome shotgun sequence	C	22	498259
NC_054071.1 Falco naumanni isolate bFalNau1 chromosome 18, bFalNau1.pat, whole genome shotgun sequence	C	25	509404
NC_054071.1 Falco naumanni isolate bFalNau1 chromosome 18, bFalNau1.pat, whole genome shotgun sequence	A	20	557756
NC_054071.1 Falco naumanni isolate bFalNau1 chromosome 18, bFalNau1.pat, whole genome shotgun sequence	T	19	560429
NC_054071.1 Falco naumanni isolate bFalNau1 chromosome 18, bFalNau1.pat, whole genome shotgun sequence	A	16	560611
NC_054071.1 Falco naumanni isolate bFalNau1 chromosome 18, bFalNau1.pat, whole genome shotgun sequence	G	17	585253
NC_054071.1 Falco naumanni isolate bFalNau1 chromosome 18, bFalNau1.pat, whole genome shotgun sequence	G	27	592212
NC_054071.1 Falco naumanni isolate bFalNau1 chromosome 18, bFalNau1.pat, whole genome shotgun sequence	A	20	604990
NC_054071.1 Falco naumanni isolate bFalNau1 chromosome 18, bFalNau1.pat, whole genome shotgun sequence	G	17	614705
NC_054071.1 Falco naumanni isolate bFalNau1 chromosome 18, bFalNau1.pat, whole genome shotgun sequence	T	27	620449
NC_054071.1 Falco naumanni isolate bFalNau1 chromosome 18, bFalNau1.pat, whole genome shotgun sequence	A	19	620701
NC_054071.1 Falco naumanni isolate bFalNau1 chromosome 18, bFalNau1.pat, whole genome shotgun sequence	A	17	620844
NC_054071.1 Falco naumanni isolate bFalNau1 chromosome 18, bFalNau1.pat, whole genome shotgun sequence	T	16	621194
NC_054071.1 Falco naumanni isolate bFalNau1 chromosome 18, bFalNau1.pat, whole genome shotgun sequence	G	21	633726
NC_054071.1 Falco naumanni isolate bFalNau1 chromosome 18, bFalNau1.pat, whole genome shotgun sequence	C	16	633873
NC_054071.1 Falco naumanni isolate bFalNau1 chromosome 18, bFalNau1.pat, whole genome shotgun sequence	G	16	638931
NC_054071.1 Falco naumanni isolate bFalNau1 chromosome 18, bFalNau1.pat, whole genome shotgun sequence	C	54	650231
NC_054071.1 Falco naumanni isolate bFalNau1 chromosome 18, bFalNau1.pat, whole genome shotgun sequence	G	17	658114
NC_054071.1 Falco naumanni isolate bFalNau1 chromosome 18, bFalNau1.pat, whole genome shotgun sequence	A	19	659278
NC_054071.1 Falco naumanni isolate bFalNau1 chromosome 18, bFalNau1.pat, whole genome shotgun sequence	A	27	661565
NC_054071.1 Falco naumanni isolate bFalNau1 chromosome 18, bFalNau1.pat, whole genome shotgun sequence	A	35	661718
NC_054071.1 Falco naumanni isolate bFalNau1 chromosome 18, bFalNau1.pat, whole genome shotgun sequence	A	20	678163
NC_054071.1 Falco naumanni isolate bFalNau1 chromosome 18, bFalNau1.pat, whole genome shotgun sequence	A	26	678845
NC_054071.1 Falco naumanni isolate bFalNau1 chromosome 18, bFalNau1.pat, whole genome shotgun sequence	T	17	680630
NC_054071.1 Falco naumanni isolate bFalNau1 chromosome 18, bFalNau1.pat, whole genome shotgun sequence	C	16	682024
NC_054071.1 Falco naumanni isolate bFalNau1 chromosome 18, bFalNau1.pat, whole genome shotgun sequence	T	19	683597
NC_054071.1 Falco naumanni isolate bFalNau1 chromosome 18, bFalNau1.pat, whole genome shotgun sequence	T	22	699394
NC_054071.1 Falco naumanni isolate bFalNau1 chromosome 18, bFalNau1.pat, whole genome shotgun sequence	C	16	699823
NC_054071.1 Falco naumanni isolate bFalNau1 chromosome 18, bFalNau1.pat, whole genome shotgun sequence	T	25	723325
NC_054071.1 Falco naumanni isolate bFalNau1 chromosome 18, bFalNau1.pat, whole genome shotgun sequence	T	22	725363
NC_054071.1 Falco naumanni isolate bFalNau1 chromosome 18, bFalNau1.pat, whole genome shotgun sequence	A	17	730761
NC_054071.1 Falco naumanni isolate bFalNau1 chromosome 18, bFalNau1.pat, whole genome shotgun sequence	T	18	765735
NC_054071.1 Falco naumanni isolate bFalNau1 chromosome 18, bFalNau1.pat, whole genome shotgun sequence	T	17	769036
NC_054071.1 Falco naumanni isolate bFalNau1 chromosome 18, bFalNau1.pat, whole genome shotgun sequence	C	31	794436
NC_054071.1 Falco naumanni isolate bFalNau1 chromosome 18, bFalNau1.pat, whole genome shotgun sequence	T	16	794687
NC_054071.1 Falco naumanni isolate bFalNau1 chromosome 18, bFalNau1.pat, whole genome shotgun sequence	T	16	803583
NC_054071.1 Falco naumanni isolate bFalNau1 chromosome 18, bFalNau1.pat, whole genome shotgun sequence	A	22	805704
NC_054071.1 Falco naumanni isolate bFalNau1 chromosome 18, bFalNau1.pat, whole genome shotgun sequence	A	20	815371
NC_054071.1 Falco naumanni isolate bFalNau1 chromosome 18, bFalNau1.pat, whole genome shotgun sequence	T	19	824567
NC_054071.1 Falco naumanni isolate bFalNau1 chromosome 18, bFalNau1.pat, whole genome shotgun sequence	G	23	842048
NC_054071.1 Falco naumanni isolate bFalNau1 chromosome 18, bFalNau1.pat, whole genome shotgun sequence	A	16	853506
NC_054071.1 Falco naumanni isolate bFalNau1 chromosome 18, bFalNau1.pat, whole genome shotgun sequence	A	18	857200
NC_054071.1 Falco naumanni isolate bFalNau1 chromosome 18, bFalNau1.pat, whole genome shotgun sequence	C	21	859267
NC_054071.1 Falco naumanni isolate bFalNau1 chromosome 18, bFalNau1.pat, whole genome shotgun sequence	A	21	859903
NC_054071.1 Falco naumanni isolate bFalNau1 chromosome 18, bFalNau1.pat, whole genome shotgun sequence	G	19	863085
NC_054071.1 Falco naumanni isolate bFalNau1 chromosome 18, bFalNau1.pat, whole genome shotgun sequence	C	24	866677
NC_054071.1 Falco naumanni isolate bFalNau1 chromosome 18, bFalNau1.pat, whole genome shotgun sequence	A	17	872203
NC_054071.1 Falco naumanni isolate bFalNau1 chromosome 18, bFalNau1.pat, whole genome shotgun sequence	A	20	879586
NC_054071.1 Falco naumanni isolate bFalNau1 chromosome 18, bFalNau1.pat, whole genome shotgun sequence	A	25	881110
NC_054071.1 Falco naumanni isolate bFalNau1 chromosome 18, bFalNau1.pat, whole genome shotgun sequence	T	20	883450
NC_054071.1 Falco naumanni isolate bFalNau1 chromosome 18, bFalNau1.pat, whole genome shotgun sequence	G	22	924785
NC_054071.1 Falco naumanni isolate bFalNau1 chromosome 18, bFalNau1.pat, whole genome shotgun sequence	A	19	938314
NC_054071.1 Falco naumanni isolate bFalNau1 chromosome 18, bFalNau1.pat, whole genome shotgun sequence	A	19	938853
NC_054071.1 Falco naumanni isolate bFalNau1 chromosome 18, bFalNau1.pat, whole genome shotgun sequence	C	20	970535
NC_054071.1 Falco naumanni isolate bFalNau1 chromosome 18, bFalNau1.pat, whole genome shotgun sequence	T	17	1031823
NC_054071.1 Falco naumanni isolate bFalNau1 chromosome 18, bFalNau1.pat, whole genome shotgun sequence	A	22	1039867
NC_054071.1 Falco naumanni isolate bFalNau1 chromosome 18, bFalNau1.pat, whole genome shotgun sequence	A	21	1068199
NC_054071.1 Falco naumanni isolate bFalNau1 chromosome 18, bFalNau1.pat, whole genome shotgun sequence	C	22	1091203
NC_054071.1 Falco naumanni isolate bFalNau1 chromosome 18, bFalNau1.pat, whole genome shotgun sequence	G	17	1111791
NC_054071.1 Falco naumanni isolate bFalNau1 chromosome 18, bFalNau1.pat, whole genome shotgun sequence	T	22	1137460
NC_054071.1 Falco naumanni isolate bFalNau1 chromosome 18, bFalNau1.pat, whole genome shotgun sequence	T	26	1139588
NC_054071.1 Falco naumanni isolate bFalNau1 chromosome 18, bFalNau1.pat, whole genome shotgun sequence	G	17	1149990
NC_054071.1 Falco naumanni isolate bFalNau1 chromosome 18, bFalNau1.pat, whole genome shotgun sequence	A	23	1153841
NC_054071.1 Falco naumanni isolate bFalNau1 chromosome 18, bFalNau1.pat, whole genome shotgun sequence	C	16	1154163
NC_054071.1 Falco naumanni isolate bFalNau1 chromosome 18, bFalNau1.pat, whole genome shotgun sequence	A	24	1164101
NC_054071.1 Falco naumanni isolate bFalNau1 chromosome 18, bFalNau1.pat, whole genome shotgun sequence	A	17	1168628
NC_054071.1 Falco naumanni isolate bFalNau1 chromosome 18, bFalNau1.pat, whole genome shotgun sequence	C	22	1181994
NC_054071.1 Falco naumanni isolate bFalNau1 chromosome 18, bFalNau1.pat, whole genome shotgun sequence	T	28	1201975
NC_054071.1 Falco naumanni isolate bFalNau1 chromosome 18, bFalNau1.pat, whole genome shotgun sequence	T	21	1202025
NC_054071.1 Falco naumanni isolate bFalNau1 chromosome 18, bFalNau1.pat, whole genome shotgun sequence	A	20	1205916
NC_054071.1 Falco naumanni isolate bFalNau1 chromosome 18, bFalNau1.pat, whole genome shotgun sequence	A	16	1212396
NC_054071.1 Falco naumanni isolate bFalNau1 chromosome 18, bFalNau1.pat, whole genome shotgun sequence	G	18	1218586
NC_054071.1 Falco naumanni isolate bFalNau1 chromosome 18, bFalNau1.pat, whole genome shotgun sequence	T	16	1227203
NC_054071.1 Falco naumanni isolate bFalNau1 chromosome 18, bFalNau1.pat, whole genome shotgun sequence	C	16	1238461
NC_054071.1 Falco naumanni isolate bFalNau1 chromosome 18, bFalNau1.pat, whole genome shotgun sequence	G	30	1240265
NC_054071.1 Falco naumanni isolate bFalNau1 chromosome 18, bFalNau1.pat, whole genome shotgun sequence	A	27	1241017
NC_054071.1 Falco naumanni isolate bFalNau1 chromosome 18, bFalNau1.pat, whole genome shotgun sequence	A	18	1242860
NC_054071.1 Falco naumanni isolate bFalNau1 chromosome 18, bFalNau1.pat, whole genome shotgun sequence	T	21	1244899
NC_054071.1 Falco naumanni isolate bFalNau1 chromosome 18, bFalNau1.pat, whole genome shotgun sequence	A	23	1251204
NC_054071.1 Falco naumanni isolate bFalNau1 chromosome 18, bFalNau1.pat, whole genome shotgun sequence	C	23	1253126
NC_054071.1 Falco naumanni isolate bFalNau1 chromosome 18, bFalNau1.pat, whole genome shotgun sequence	T	25	1261522
NC_054071.1 Falco naumanni isolate bFalNau1 chromosome 18, bFalNau1.pat, whole genome shotgun sequence	A	29	1313587
NC_054071.1 Falco naumanni isolate bFalNau1 chromosome 18, bFalNau1.pat, whole genome shotgun sequence	A	16	1314504
NC_054071.1 Falco naumanni isolate bFalNau1 chromosome 18, bFalNau1.pat, whole genome shotgun sequence	A	18	1320754
NC_054071.1 Falco naumanni isolate bFalNau1 chromosome 18, bFalNau1.pat, whole genome shotgun sequence	G	24	1323293
NC_054071.1 Falco naumanni isolate bFalNau1 chromosome 18, bFalNau1.pat, whole genome shotgun sequence	T	23	1338284
NC_054071.1 Falco naumanni isolate bFalNau1 chromosome 18, bFalNau1.pat, whole genome shotgun sequence	A	16	1351129
NC_054071.1 Falco naumanni isolate bFalNau1 chromosome 18, bFalNau1.pat, whole genome shotgun sequence	C	19	1352106
NC_054071.1 Falco naumanni isolate bFalNau1 chromosome 18, bFalNau1.pat, whole genome shotgun sequence	A	28	1354068
NC_054071.1 Falco naumanni isolate bFalNau1 chromosome 18, bFalNau1.pat, whole genome shotgun sequence	A	16	1358258
NC_054071.1 Falco naumanni isolate bFalNau1 chromosome 18, bFalNau1.pat, whole genome shotgun sequence	A	24	1370239
NC_054071.1 Falco naumanni isolate bFalNau1 chromosome 18, bFalNau1.pat, whole genome shotgun sequence	G	25	1380789
NC_054071.1 Falco naumanni isolate bFalNau1 chromosome 18, bFalNau1.pat, whole genome shotgun sequence	A	17	1388340
NC_054071.1 Falco naumanni isolate bFalNau1 chromosome 18, bFalNau1.pat, whole genome shotgun sequence	T	22	1399714
NC_054071.1 Falco naumanni isolate bFalNau1 chromosome 18, bFalNau1.pat, whole genome shotgun sequence	A	23	1400596
NC_054071.1 Falco naumanni isolate bFalNau1 chromosome 18, bFalNau1.pat, whole genome shotgun sequence	A	16	1409010
NC_054071.1 Falco naumanni isolate bFalNau1 chromosome 18, bFalNau1.pat, whole genome shotgun sequence	T	19	1417801
NC_054071.1 Falco naumanni isolate bFalNau1 chromosome 18, bFalNau1.pat, whole genome shotgun sequence	A	16	1421659
NC_054071.1 Falco naumanni isolate bFalNau1 chromosome 18, bFalNau1.pat, whole genome shotgun sequence	A	16	1429708
NC_054071.1 Falco naumanni isolate bFalNau1 chromosome 18, bFalNau1.pat, whole genome shotgun sequence	T	18	1444911
NC_054071.1 Falco naumanni isolate bFalNau1 chromosome 18, bFalNau1.pat, whole genome shotgun sequence	T	18	1455808
NC_054071.1 Falco naumanni isolate bFalNau1 chromosome 18, bFalNau1.pat, whole genome shotgun sequence	A	16	1471256
NC_054071.1 Falco naumanni isolate bFalNau1 chromosome 18, bFalNau1.pat, whole genome shotgun sequence	A	17	1474028
NC_054071.1 Falco naumanni isolate bFalNau1 chromosome 18, bFalNau1.pat, whole genome shotgun sequence	G	17	1500960
NC_054071.1 Falco naumanni isolate bFalNau1 chromosome 18, bFalNau1.pat, whole genome shotgun sequence	A	24	1501274
NC_054071.1 Falco naumanni isolate bFalNau1 chromosome 18, bFalNau1.pat, whole genome shotgun sequence	G	19	1502035
NC_054071.1 Falco naumanni isolate bFalNau1 chromosome 18, bFalNau1.pat, whole genome shotgun sequence	A	17	1502317
NC_054071.1 Falco naumanni isolate bFalNau1 chromosome 18, bFalNau1.pat, whole genome shotgun sequence	A	23	1518586
NC_054071.1 Falco naumanni isolate bFalNau1 chromosome 18, bFalNau1.pat, whole genome shotgun sequence	A	18	1531538
NC_054071.1 Falco naumanni isolate bFalNau1 chromosome 18, bFalNau1.pat, whole genome shotgun sequence	G	22	1554022
NC_054071.1 Falco naumanni isolate bFalNau1 chromosome 18, bFalNau1.pat, whole genome shotgun sequence	C	17	1554612
NC_054071.1 Falco naumanni isolate bFalNau1 chromosome 18, bFalNau1.pat, whole genome shotgun sequence	A	23	1609631
NC_054071.1 Falco naumanni isolate bFalNau1 chromosome 18, bFalNau1.pat, whole genome shotgun sequence	A	29	1610384
NC_054071.1 Falco naumanni isolate bFalNau1 chromosome 18, bFalNau1.pat, whole genome shotgun sequence	C	19	1618425
NC_054071.1 Falco naumanni isolate bFalNau1 chromosome 18, bFalNau1.pat, whole genome shotgun sequence	A	25	1621138
NC_054071.1 Falco naumanni isolate bFalNau1 chromosome 18, bFalNau1.pat, whole genome shotgun sequence	T	23	1649498
NC_054071.1 Falco naumanni isolate bFalNau1 chromosome 18, bFalNau1.pat, whole genome shotgun sequence	A	31	1651632
NC_054071.1 Falco naumanni isolate bFalNau1 chromosome 18, bFalNau1.pat, whole genome shotgun sequence	T	22	1675491
NC_054071.1 Falco naumanni isolate bFalNau1 chromosome 18, bFalNau1.pat, whole genome shotgun sequence	A	31	1700352
NC_054071.1 Falco naumanni isolate bFalNau1 chromosome 18, bFalNau1.pat, whole genome shotgun sequence	T	20	1712742
NC_054071.1 Falco naumanni isolate bFalNau1 chromosome 18, bFalNau1.pat, whole genome shotgun sequence	G	24	1728935
NC_054071.1 Falco naumanni isolate bFalNau1 chromosome 18, bFalNau1.pat, whole genome shotgun sequence	A	19	1747369
NC_054071.1 Falco naumanni isolate bFalNau1 chromosome 18, bFalNau1.pat, whole genome shotgun sequence	T	17	1748726
NC_054071.1 Falco naumanni isolate bFalNau1 chromosome 18, bFalNau1.pat, whole genome shotgun sequence	A	17	1750137
NC_054071.1 Falco naumanni isolate bFalNau1 chromosome 18, bFalNau1.pat, whole genome shotgun sequence	A	21	1755325
NC_054071.1 Falco naumanni isolate bFalNau1 chromosome 18, bFalNau1.pat, whole genome shotgun sequence	T	26	1766204
NC_054071.1 Falco naumanni isolate bFalNau1 chromosome 18, bFalNau1.pat, whole genome shotgun sequence	A	21	1818202
NC_054071.1 Falco naumanni isolate bFalNau1 chromosome 18, bFalNau1.pat, whole genome shotgun sequence	A	23	1820005
NC_054071.1 Falco naumanni isolate bFalNau1 chromosome 18, bFalNau1.pat, whole genome shotgun sequence	T	17	1824764
NC_054071.1 Falco naumanni isolate bFalNau1 chromosome 18, bFalNau1.pat, whole genome shotgun sequence	T	26	1868366
NC_054071.1 Falco naumanni isolate bFalNau1 chromosome 18, bFalNau1.pat, whole genome shotgun sequence	A	16	1890128
NC_054071.1 Falco naumanni isolate bFalNau1 chromosome 18, bFalNau1.pat, whole genome shotgun sequence	A	24	1960754
NC_054071.1 Falco naumanni isolate bFalNau1 chromosome 18, bFalNau1.pat, whole genome shotgun sequence	T	34	1972372
NC_054071.1 Falco naumanni isolate bFalNau1 chromosome 18, bFalNau1.pat, whole genome shotgun sequence	A	22	1982951
NC_054071.1 Falco naumanni isolate bFalNau1 chromosome 18, bFalNau1.pat, whole genome shotgun sequence	T	17	2002727
NC_054071.1 Falco naumanni isolate bFalNau1 chromosome 18, bFalNau1.pat, whole genome shotgun sequence	A	16	2008376
NC_054071.1 Falco naumanni isolate bFalNau1 chromosome 18, bFalNau1.pat, whole genome shotgun sequence	T	16	2013819
NC_054071.1 Falco naumanni isolate bFalNau1 chromosome 18, bFalNau1.pat, whole genome shotgun sequence	T	17	2019380
NC_054071.1 Falco naumanni isolate bFalNau1 chromosome 18, bFalNau1.pat, whole genome shotgun sequence	A	17	2023902
NC_054071.1 Falco naumanni isolate bFalNau1 chromosome 18, bFalNau1.pat, whole genome shotgun sequence	G	24	2027923
NC_054071.1 Falco naumanni isolate bFalNau1 chromosome 18, bFalNau1.pat, whole genome shotgun sequence	T	25	2057602
NC_054071.1 Falco naumanni isolate bFalNau1 chromosome 18, bFalNau1.pat, whole genome shotgun sequence	T	19	2073706
NC_054071.1 Falco naumanni isolate bFalNau1 chromosome 18, bFalNau1.pat, whole genome shotgun sequence	T	22	2084016
NC_054071.1 Falco naumanni isolate bFalNau1 chromosome 18, bFalNau1.pat, whole genome shotgun sequence	T	16	2088051
NC_054071.1 Falco naumanni isolate bFalNau1 chromosome 18, bFalNau1.pat, whole genome shotgun sequence	A	17	2095746
NC_054071.1 Falco naumanni isolate bFalNau1 chromosome 18, bFalNau1.pat, whole genome shotgun sequence	C	26	2097487
NC_054071.1 Falco naumanni isolate bFalNau1 chromosome 18, bFalNau1.pat, whole genome shotgun sequence	A	26	2102433
NC_054071.1 Falco naumanni isolate bFalNau1 chromosome 18, bFalNau1.pat, whole genome shotgun sequence	T	22	2106996
NC_054071.1 Falco naumanni isolate bFalNau1 chromosome 18, bFalNau1.pat, whole genome shotgun sequence	G	22	2111775
NC_054071.1 Falco naumanni isolate bFalNau1 chromosome 18, bFalNau1.pat, whole genome shotgun sequence	C	16	2116943
NC_054071.1 Falco naumanni isolate bFalNau1 chromosome 18, bFalNau1.pat, whole genome shotgun sequence	A	19	2120100
NC_054071.1 Falco naumanni isolate bFalNau1 chromosome 18, bFalNau1.pat, whole genome shotgun sequence	A	17	2142660
NC_054071.1 Falco naumanni isolate bFalNau1 chromosome 18, bFalNau1.pat, whole genome shotgun sequence	A	16	2154538
NC_054071.1 Falco naumanni isolate bFalNau1 chromosome 18, bFalNau1.pat, whole genome shotgun sequence	T	18	2167631
NC_054071.1 Falco naumanni isolate bFalNau1 chromosome 18, bFalNau1.pat, whole genome shotgun sequence	T	25	2168196
NC_054071.1 Falco naumanni isolate bFalNau1 chromosome 18, bFalNau1.pat, whole genome shotgun sequence	A	24	2171015
NC_054071.1 Falco naumanni isolate bFalNau1 chromosome 18, bFalNau1.pat, whole genome shotgun sequence	A	17	2175347
NC_054071.1 Falco naumanni isolate bFalNau1 chromosome 18, bFalNau1.pat, whole genome shotgun sequence	G	26	2175519
NC_054071.1 Falco naumanni isolate bFalNau1 chromosome 18, bFalNau1.pat, whole genome shotgun sequence	G	29	2176124
NC_054071.1 Falco naumanni isolate bFalNau1 chromosome 18, bFalNau1.pat, whole genome shotgun sequence	T	16	2182960
NC_054071.1 Falco naumanni isolate bFalNau1 chromosome 18, bFalNau1.pat, whole genome shotgun sequence	T	21	2183667
NC_054071.1 Falco naumanni isolate bFalNau1 chromosome 18, bFalNau1.pat, whole genome shotgun sequence	A	19	2206403
NC_054071.1 Falco naumanni isolate bFalNau1 chromosome 18, bFalNau1.pat, whole genome shotgun sequence	T	24	2208363
NC_054071.1 Falco naumanni isolate bFalNau1 chromosome 18, bFalNau1.pat, whole genome shotgun sequence	T	19	2208558
NC_054071.1 Falco naumanni isolate bFalNau1 chromosome 18, bFalNau1.pat, whole genome shotgun sequence	G	24	2212308
NC_054071.1 Falco naumanni isolate bFalNau1 chromosome 18, bFalNau1.pat, whole genome shotgun sequence	T	21	2212855
NC_054071.1 Falco naumanni isolate bFalNau1 chromosome 18, bFalNau1.pat, whole genome shotgun sequence	A	22	2240058
NC_054071.1 Falco naumanni isolate bFalNau1 chromosome 18, bFalNau1.pat, whole genome shotgun sequence	T	26	2244794
NC_054071.1 Falco naumanni isolate bFalNau1 chromosome 18, bFalNau1.pat, whole genome shotgun sequence	A	26	2249278
NC_054071.1 Falco naumanni isolate bFalNau1 chromosome 18, bFalNau1.pat, whole genome shotgun sequence	A	16	2272519
NC_054071.1 Falco naumanni isolate bFalNau1 chromosome 18, bFalNau1.pat, whole genome shotgun sequence	T	17	2272909
NC_054071.1 Falco naumanni isolate bFalNau1 chromosome 18, bFalNau1.pat, whole genome shotgun sequence	T	18	2279043
NC_054071.1 Falco naumanni isolate bFalNau1 chromosome 18, bFalNau1.pat, whole genome shotgun sequence	T	16	2279084
NC_054071.1 Falco naumanni isolate bFalNau1 chromosome 18, bFalNau1.pat, whole genome shotgun sequence	A	28	2286280
NC_054071.1 Falco naumanni isolate bFalNau1 chromosome 18, bFalNau1.pat, whole genome shotgun sequence	A	16	2289906
NC_054071.1 Falco naumanni isolate bFalNau1 chromosome 18, bFalNau1.pat, whole genome shotgun sequence	A	27	2305877
NC_054071.1 Falco naumanni isolate bFalNau1 chromosome 18, bFalNau1.pat, whole genome shotgun sequence	G	20	2314909
NC_054071.1 Falco naumanni isolate bFalNau1 chromosome 18, bFalNau1.pat, whole genome shotgun sequence	G	29	2317006
NC_054071.1 Falco naumanni isolate bFalNau1 chromosome 18, bFalNau1.pat, whole genome shotgun sequence	A	20	2320057
NC_054071.1 Falco naumanni isolate bFalNau1 chromosome 18, bFalNau1.pat, whole genome shotgun sequence	A	18	2321957
NC_054071.1 Falco naumanni isolate bFalNau1 chromosome 18, bFalNau1.pat, whole genome shotgun sequence	A	31	2323223
NC_054071.1 Falco naumanni isolate bFalNau1 chromosome 18, bFalNau1.pat, whole genome shotgun sequence	A	27	2330190
NC_054071.1 Falco naumanni isolate bFalNau1 chromosome 18, bFalNau1.pat, whole genome shotgun sequence	G	25	2360902
NC_054071.1 Falco naumanni isolate bFalNau1 chromosome 18, bFalNau1.pat, whole genome shotgun sequence	A	16	2364666
NC_054071.1 Falco naumanni isolate bFalNau1 chromosome 18, bFalNau1.pat, whole genome shotgun sequence	C	18	2395154
NC_054071.1 Falco naumanni isolate bFalNau1 chromosome 18, bFalNau1.pat, whole genome shotgun sequence	C	19	2397072
NC_054071.1 Falco naumanni isolate bFalNau1 chromosome 18, bFalNau1.pat, whole genome shotgun sequence	C	17	2404699
NC_054071.1 Falco naumanni isolate bFalNau1 chromosome 18, bFalNau1.pat, whole genome shotgun sequence	G	28	2424872
NC_054071.1 Falco naumanni isolate bFalNau1 chromosome 18, bFalNau1.pat, whole genome shotgun sequence	A	16	2439666
NC_054071.1 Falco naumanni isolate bFalNau1 chromosome 18, bFalNau1.pat, whole genome shotgun sequence	G	23	2440154
NC_054071.1 Falco naumanni isolate bFalNau1 chromosome 18, bFalNau1.pat, whole genome shotgun sequence	T	17	2443048
NC_054071.1 Falco naumanni isolate bFalNau1 chromosome 18, bFalNau1.pat, whole genome shotgun sequence	G	19	2452632
NC_054071.1 Falco naumanni isolate bFalNau1 chromosome 18, bFalNau1.pat, whole genome shotgun sequence	A	19	2472348
NC_054071.1 Falco naumanni isolate bFalNau1 chromosome 18, bFalNau1.pat, whole genome shotgun sequence	G	17	2485100
NC_054071.1 Falco naumanni isolate bFalNau1 chromosome 18, bFalNau1.pat, whole genome shotgun sequence	G	16	2519538
NC_054071.1 Falco naumanni isolate bFalNau1 chromosome 18, bFalNau1.pat, whole genome shotgun sequence	T	19	2538220
NC_054071.1 Falco naumanni isolate bFalNau1 chromosome 18, bFalNau1.pat, whole genome shotgun sequence	T	17	2538240
NC_054071.1 Falco naumanni isolate bFalNau1 chromosome 18, bFalNau1.pat, whole genome shotgun sequence	G	21	2543137
NC_054071.1 Falco naumanni isolate bFalNau1 chromosome 18, bFalNau1.pat, whole genome shotgun sequence	C	18	2544209
NC_054071.1 Falco naumanni isolate bFalNau1 chromosome 18, bFalNau1.pat, whole genome shotgun sequence	G	16	2544769
NC_054071.1 Falco naumanni isolate bFalNau1 chromosome 18, bFalNau1.pat, whole genome shotgun sequence	G	29	2557686
NC_054071.1 Falco naumanni isolate bFalNau1 chromosome 18, bFalNau1.pat, whole genome shotgun sequence	G	16	2559317
NC_054071.1 Falco naumanni isolate bFalNau1 chromosome 18, bFalNau1.pat, whole genome shotgun sequence	G	27	2564879
NC_054071.1 Falco naumanni isolate bFalNau1 chromosome 18, bFalNau1.pat, whole genome shotgun sequence	C	18	2571384
NC_054071.1 Falco naumanni isolate bFalNau1 chromosome 18, bFalNau1.pat, whole genome shotgun sequence	G	16	2578579
NC_054071.1 Falco naumanni isolate bFalNau1 chromosome 18, bFalNau1.pat, whole genome shotgun sequence	G	24	2579115
NC_054071.1 Falco naumanni isolate bFalNau1 chromosome 18, bFalNau1.pat, whole genome shotgun sequence	G	27	2586701
NC_054071.1 Falco naumanni isolate bFalNau1 chromosome 18, bFalNau1.pat, whole genome shotgun sequence	G	20	2590498
NC_054071.1 Falco naumanni isolate bFalNau1 chromosome 18, bFalNau1.pat, whole genome shotgun sequence	G	16	2590588
NC_054071.1 Falco naumanni isolate bFalNau1 chromosome 18, bFalNau1.pat, whole genome shotgun sequence	G	21	2590735
NC_054071.1 Falco naumanni isolate bFalNau1 chromosome 18, bFalNau1.pat, whole genome shotgun sequence	G	16	2591057
NC_054071.1 Falco naumanni isolate bFalNau1 chromosome 18, bFalNau1.pat, whole genome shotgun sequence	T	22	2592309
NC_054071.1 Falco naumanni isolate bFalNau1 chromosome 18, bFalNau1.pat, whole genome shotgun sequence	T	19	2603985
NC_054071.1 Falco naumanni isolate bFalNau1 chromosome 18, bFalNau1.pat, whole genome shotgun sequence	A	17	2622299
NC_054071.1 Falco naumanni isolate bFalNau1 chromosome 18, bFalNau1.pat, whole genome shotgun sequence	G	20	2638607
NC_054071.1 Falco naumanni isolate bFalNau1 chromosome 18, bFalNau1.pat, whole genome shotgun sequence	G	21	2649689
NC_054071.1 Falco naumanni isolate bFalNau1 chromosome 18, bFalNau1.pat, whole genome shotgun sequence	C	17	2653309
NC_054071.1 Falco naumanni isolate bFalNau1 chromosome 18, bFalNau1.pat, whole genome shotgun sequence	G	19	2657734
NC_054071.1 Falco naumanni isolate bFalNau1 chromosome 18, bFalNau1.pat, whole genome shotgun sequence	C	18	2659545
NC_054071.1 Falco naumanni isolate bFalNau1 chromosome 18, bFalNau1.pat, whole genome shotgun sequence	C	17	2663189
NC_054071.1 Falco naumanni isolate bFalNau1 chromosome 18, bFalNau1.pat, whole genome shotgun sequence	T	17	2664500
NC_054071.1 Falco naumanni isolate bFalNau1 chromosome 18, bFalNau1.pat, whole genome shotgun sequence	G	19	2664517
NC_054071.1 Falco naumanni isolate bFalNau1 chromosome 18, bFalNau1.pat, whole genome shotgun sequence	G	16	2670667
NC_054071.1 Falco naumanni isolate bFalNau1 chromosome 18, bFalNau1.pat, whole genome shotgun sequence	T	18	2690583
NC_054071.1 Falco naumanni isolate bFalNau1 chromosome 18, bFalNau1.pat, whole genome shotgun sequence	A	18	2699871
NC_054071.1 Falco naumanni isolate bFalNau1 chromosome 18, bFalNau1.pat, whole genome shotgun sequence	A	16	2701215
NC_054071.1 Falco naumanni isolate bFalNau1 chromosome 18, bFalNau1.pat, whole genome shotgun sequence	T	19	2733184
NC_054071.1 Falco naumanni isolate bFalNau1 chromosome 18, bFalNau1.pat, whole genome shotgun sequence	A	18	2738246
NC_054071.1 Falco naumanni isolate bFalNau1 chromosome 18, bFalNau1.pat, whole genome shotgun sequence	A	22	2741007
NC_054071.1 Falco naumanni isolate bFalNau1 chromosome 18, bFalNau1.pat, whole genome shotgun sequence	T	24	2747723
NC_054071.1 Falco naumanni isolate bFalNau1 chromosome 18, bFalNau1.pat, whole genome shotgun sequence	A	27	2750431
NC_054071.1 Falco naumanni isolate bFalNau1 chromosome 18, bFalNau1.pat, whole genome shotgun sequence	A	17	2768852
NC_054071.1 Falco naumanni isolate bFalNau1 chromosome 18, bFalNau1.pat, whole genome shotgun sequence	A	16	2769461
NC_054071.1 Falco naumanni isolate bFalNau1 chromosome 18, bFalNau1.pat, whole genome shotgun sequence	A	22	2776783
NC_054071.1 Falco naumanni isolate bFalNau1 chromosome 18, bFalNau1.pat, whole genome shotgun sequence	C	20	2778259
NC_054071.1 Falco naumanni isolate bFalNau1 chromosome 18, bFalNau1.pat, whole genome shotgun sequence	A	21	2778279
NC_054071.1 Falco naumanni isolate bFalNau1 chromosome 18, bFalNau1.pat, whole genome shotgun sequence	T	18	2779282
NC_054071.1 Falco naumanni isolate bFalNau1 chromosome 18, bFalNau1.pat, whole genome shotgun sequence	T	23	2786170
NC_054071.1 Falco naumanni isolate bFalNau1 chromosome 18, bFalNau1.pat, whole genome shotgun sequence	A	19	2791590
NC_054071.1 Falco naumanni isolate bFalNau1 chromosome 18, bFalNau1.pat, whole genome shotgun sequence	T	19	2796467
NC_054071.1 Falco naumanni isolate bFalNau1 chromosome 18, bFalNau1.pat, whole genome shotgun sequence	C	17	2796891
NC_054071.1 Falco naumanni isolate bFalNau1 chromosome 18, bFalNau1.pat, whole genome shotgun sequence	A	17	2797536
NC_054071.1 Falco naumanni isolate bFalNau1 chromosome 18, bFalNau1.pat, whole genome shotgun sequence	T	28	2804220
NC_054071.1 Falco naumanni isolate bFalNau1 chromosome 18, bFalNau1.pat, whole genome shotgun sequence	A	17	2805561
NC_054071.1 Falco naumanni isolate bFalNau1 chromosome 18, bFalNau1.pat, whole genome shotgun sequence	A	24	2812202
NC_054071.1 Falco naumanni isolate bFalNau1 chromosome 18, bFalNau1.pat, whole genome shotgun sequence	A	17	2813956
NC_054071.1 Falco naumanni isolate bFalNau1 chromosome 18, bFalNau1.pat, whole genome shotgun sequence	T	18	2818593
NC_054071.1 Falco naumanni isolate bFalNau1 chromosome 18, bFalNau1.pat, whole genome shotgun sequence	A	21	2820230
NC_054071.1 Falco naumanni isolate bFalNau1 chromosome 18, bFalNau1.pat, whole genome shotgun sequence	T	39	2823708
NC_054071.1 Falco naumanni isolate bFalNau1 chromosome 18, bFalNau1.pat, whole genome shotgun sequence	C	18	2829070
NC_054071.1 Falco naumanni isolate bFalNau1 chromosome 18, bFalNau1.pat, whole genome shotgun sequence	T	16	2830119
NC_054071.1 Falco naumanni isolate bFalNau1 chromosome 18, bFalNau1.pat, whole genome shotgun sequence	A	18	2850390
NC_054071.1 Falco naumanni isolate bFalNau1 chromosome 18, bFalNau1.pat, whole genome shotgun sequence	T	18	2871612
NC_054071.1 Falco naumanni isolate bFalNau1 chromosome 18, bFalNau1.pat, whole genome shotgun sequence	A	19	2887777
NC_054071.1 Falco naumanni isolate bFalNau1 chromosome 18, bFalNau1.pat, whole genome shotgun sequence	A	23	2903832
NC_054071.1 Falco naumanni isolate bFalNau1 chromosome 18, bFalNau1.pat, whole genome shotgun sequence	T	17	2908584
NC_054071.1 Falco naumanni isolate bFalNau1 chromosome 18, bFalNau1.pat, whole genome shotgun sequence	A	17	2908743
NC_054071.1 Falco naumanni isolate bFalNau1 chromosome 18, bFalNau1.pat, whole genome shotgun sequence	A	30	2909302
NC_054071.1 Falco naumanni isolate bFalNau1 chromosome 18, bFalNau1.pat, whole genome shotgun sequence	G	16	2934789
NC_054071.1 Falco naumanni isolate bFalNau1 chromosome 18, bFalNau1.pat, whole genome shotgun sequence	G	17	2955318
NC_054071.1 Falco naumanni isolate bFalNau1 chromosome 18, bFalNau1.pat, whole genome shotgun sequence	G	19	2961749
NC_054071.1 Falco naumanni isolate bFalNau1 chromosome 18, bFalNau1.pat, whole genome shotgun sequence	A	16	2962992
NC_054071.1 Falco naumanni isolate bFalNau1 chromosome 18, bFalNau1.pat, whole genome shotgun sequence	A	26	2964374
NC_054071.1 Falco naumanni isolate bFalNau1 chromosome 18, bFalNau1.pat, whole genome shotgun sequence	C	20	2971519
NC_054071.1 Falco naumanni isolate bFalNau1 chromosome 18, bFalNau1.pat, whole genome shotgun sequence	C	16	3039536
NC_054071.1 Falco naumanni isolate bFalNau1 chromosome 18, bFalNau1.pat, whole genome shotgun sequence	C	18	3042474
NC_054071.1 Falco naumanni isolate bFalNau1 chromosome 18, bFalNau1.pat, whole genome shotgun sequence	C	21	3042578
NC_054071.1 Falco naumanni isolate bFalNau1 chromosome 18, bFalNau1.pat, whole genome shotgun sequence	C	18	3042891
NC_054071.1 Falco naumanni isolate bFalNau1 chromosome 18, bFalNau1.pat, whole genome shotgun sequence	T	26	3053878
NC_054071.1 Falco naumanni isolate bFalNau1 chromosome 18, bFalNau1.pat, whole genome shotgun sequence	A	19	3056177
NC_054071.1 Falco naumanni isolate bFalNau1 chromosome 18, bFalNau1.pat, whole genome shotgun sequence	A	26	3087760
NC_054071.1 Falco naumanni isolate bFalNau1 chromosome 18, bFalNau1.pat, whole genome shotgun sequence	C	20	3114018
NC_054071.1 Falco naumanni isolate bFalNau1 chromosome 18, bFalNau1.pat, whole genome shotgun sequence	A	17	3129192
NC_054071.1 Falco naumanni isolate bFalNau1 chromosome 18, bFalNau1.pat, whole genome shotgun sequence	C	16	3137688
NC_054071.1 Falco naumanni isolate bFalNau1 chromosome 18, bFalNau1.pat, whole genome shotgun sequence	T	17	3192266
NC_054071.1 Falco naumanni isolate bFalNau1 chromosome 18, bFalNau1.pat, whole genome shotgun sequence	A	17	3223066
NC_054071.1 Falco naumanni isolate bFalNau1 chromosome 18, bFalNau1.pat, whole genome shotgun sequence	C	23	3224281
NC_054071.1 Falco naumanni isolate bFalNau1 chromosome 18, bFalNau1.pat, whole genome shotgun sequence	A	23	3238698
NC_054071.1 Falco naumanni isolate bFalNau1 chromosome 18, bFalNau1.pat, whole genome shotgun sequence	A	31	3247585
NC_054071.1 Falco naumanni isolate bFalNau1 chromosome 18, bFalNau1.pat, whole genome shotgun sequence	C	20	3277482
NC_054071.1 Falco naumanni isolate bFalNau1 chromosome 18, bFalNau1.pat, whole genome shotgun sequence	G	19	3294997
NC_054071.1 Falco naumanni isolate bFalNau1 chromosome 18, bFalNau1.pat, whole genome shotgun sequence	C	20	3302506
NC_054071.1 Falco naumanni isolate bFalNau1 chromosome 18, bFalNau1.pat, whole genome shotgun sequence	C	17	3313850
NC_054071.1 Falco naumanni isolate bFalNau1 chromosome 18, bFalNau1.pat, whole genome shotgun sequence	C	16	3314511
NC_054071.1 Falco naumanni isolate bFalNau1 chromosome 18, bFalNau1.pat, whole genome shotgun sequence	T	20	3324764
NC_054071.1 Falco naumanni isolate bFalNau1 chromosome 18, bFalNau1.pat, whole genome shotgun sequence	T	21	3385822
NC_054071.1 Falco naumanni isolate bFalNau1 chromosome 18, bFalNau1.pat, whole genome shotgun sequence	A	28	3400150
NC_054071.1 Falco naumanni isolate bFalNau1 chromosome 18, bFalNau1.pat, whole genome shotgun sequence	T	20	3406409
NC_054071.1 Falco naumanni isolate bFalNau1 chromosome 18, bFalNau1.pat, whole genome shotgun sequence	A	16	3411992
NC_054071.1 Falco naumanni isolate bFalNau1 chromosome 18, bFalNau1.pat, whole genome shotgun sequence	T	24	3421188
NC_054071.1 Falco naumanni isolate bFalNau1 chromosome 18, bFalNau1.pat, whole genome shotgun sequence	G	23	3426032
NC_054071.1 Falco naumanni isolate bFalNau1 chromosome 18, bFalNau1.pat, whole genome shotgun sequence	T	27	3428976
NC_054071.1 Falco naumanni isolate bFalNau1 chromosome 18, bFalNau1.pat, whole genome shotgun sequence	T	16	3451512
NC_054071.1 Falco naumanni isolate bFalNau1 chromosome 18, bFalNau1.pat, whole genome shotgun sequence	G	16	3457888
NC_054071.1 Falco naumanni isolate bFalNau1 chromosome 18, bFalNau1.pat, whole genome shotgun sequence	T	16	3458066
NC_054071.1 Falco naumanni isolate bFalNau1 chromosome 18, bFalNau1.pat, whole genome shotgun sequence	T	29	3465193
NC_054071.1 Falco naumanni isolate bFalNau1 chromosome 18, bFalNau1.pat, whole genome shotgun sequence	A	17	3485271
NC_054071.1 Falco naumanni isolate bFalNau1 chromosome 18, bFalNau1.pat, whole genome shotgun sequence	T	20	3485379
NC_054071.1 Falco naumanni isolate bFalNau1 chromosome 18, bFalNau1.pat, whole genome shotgun sequence	T	17	3491184
NC_054071.1 Falco naumanni isolate bFalNau1 chromosome 18, bFalNau1.pat, whole genome shotgun sequence	T	17	3494555
NC_054071.1 Falco naumanni isolate bFalNau1 chromosome 18, bFalNau1.pat, whole genome shotgun sequence	A	16	3495218
NC_054071.1 Falco naumanni isolate bFalNau1 chromosome 18, bFalNau1.pat, whole genome shotgun sequence	T	25	3512674
NC_054071.1 Falco naumanni isolate bFalNau1 chromosome 18, bFalNau1.pat, whole genome shotgun sequence	A	18	3526800
NC_054071.1 Falco naumanni isolate bFalNau1 chromosome 18, bFalNau1.pat, whole genome shotgun sequence	T	16	3543657
NC_054071.1 Falco naumanni isolate bFalNau1 chromosome 18, bFalNau1.pat, whole genome shotgun sequence	T	21	3564813
NC_054071.1 Falco naumanni isolate bFalNau1 chromosome 18, bFalNau1.pat, whole genome shotgun sequence	A	16	3565075
NC_054071.1 Falco naumanni isolate bFalNau1 chromosome 18, bFalNau1.pat, whole genome shotgun sequence	A	20	3570026
NC_054071.1 Falco naumanni isolate bFalNau1 chromosome 18, bFalNau1.pat, whole genome shotgun sequence	T	21	3597608
NC_054071.1 Falco naumanni isolate bFalNau1 chromosome 18, bFalNau1.pat, whole genome shotgun sequence	T	23	3607091
NC_054071.1 Falco naumanni isolate bFalNau1 chromosome 18, bFalNau1.pat, whole genome shotgun sequence	G	19	3610663
NC_054071.1 Falco naumanni isolate bFalNau1 chromosome 18, bFalNau1.pat, whole genome shotgun sequence	C	29	3630183
NC_054071.1 Falco naumanni isolate bFalNau1 chromosome 18, bFalNau1.pat, whole genome shotgun sequence	T	16	3661141
NC_054071.1 Falco naumanni isolate bFalNau1 chromosome 18, bFalNau1.pat, whole genome shotgun sequence	A	27	3716572
NC_054071.1 Falco naumanni isolate bFalNau1 chromosome 18, bFalNau1.pat, whole genome shotgun sequence	T	21	3774893
NC_054071.1 Falco naumanni isolate bFalNau1 chromosome 18, bFalNau1.pat, whole genome shotgun sequence	T	16	3829479
NC_054071.1 Falco naumanni isolate bFalNau1 chromosome 18, bFalNau1.pat, whole genome shotgun sequence	A	18	3834292
NC_054071.1 Falco naumanni isolate bFalNau1 chromosome 18, bFalNau1.pat, whole genome shotgun sequence	T	26	3839686
NC_054071.1 Falco naumanni isolate bFalNau1 chromosome 18, bFalNau1.pat, whole genome shotgun sequence	T	16	3846366
NC_054071.1 Falco naumanni isolate bFalNau1 chromosome 18, bFalNau1.pat, whole genome shotgun sequence	T	22	3857799
NC_054071.1 Falco naumanni isolate bFalNau1 chromosome 18, bFalNau1.pat, whole genome shotgun sequence	T	20	3860011
NC_054071.1 Falco naumanni isolate bFalNau1 chromosome 18, bFalNau1.pat, whole genome shotgun sequence	C	19	3925582
NC_054071.1 Falco naumanni isolate bFalNau1 chromosome 18, bFalNau1.pat, whole genome shotgun sequence	T	28	3926343
NC_054071.1 Falco naumanni isolate bFalNau1 chromosome 18, bFalNau1.pat, whole genome shotgun sequence	A	25	3927537
NC_054071.1 Falco naumanni isolate bFalNau1 chromosome 18, bFalNau1.pat, whole genome shotgun sequence	G	18	3944835
NC_054071.1 Falco naumanni isolate bFalNau1 chromosome 18, bFalNau1.pat, whole genome shotgun sequence	C	21	3947918
NC_054071.1 Falco naumanni isolate bFalNau1 chromosome 18, bFalNau1.pat, whole genome shotgun sequence	G	22	3972168
NC_054071.1 Falco naumanni isolate bFalNau1 chromosome 18, bFalNau1.pat, whole genome shotgun sequence	C	25	3972506
NC_054071.1 Falco naumanni isolate bFalNau1 chromosome 18, bFalNau1.pat, whole genome shotgun sequence	A	22	3977197
NC_054071.1 Falco naumanni isolate bFalNau1 chromosome 18, bFalNau1.pat, whole genome shotgun sequence	A	18	3977222
NC_054071.1 Falco naumanni isolate bFalNau1 chromosome 18, bFalNau1.pat, whole genome shotgun sequence	A	16	3987841
NC_054071.1 Falco naumanni isolate bFalNau1 chromosome 18, bFalNau1.pat, whole genome shotgun sequence	C	17	3988490
NC_054071.1 Falco naumanni isolate bFalNau1 chromosome 18, bFalNau1.pat, whole genome shotgun sequence	G	21	3989392
NC_054071.1 Falco naumanni isolate bFalNau1 chromosome 18, bFalNau1.pat, whole genome shotgun sequence	G	16	3996788
NC_054071.1 Falco naumanni isolate bFalNau1 chromosome 18, bFalNau1.pat, whole genome shotgun sequence	C	16	3997086
NC_054071.1 Falco naumanni isolate bFalNau1 chromosome 18, bFalNau1.pat, whole genome shotgun sequence	G	19	3998563
NC_054071.1 Falco naumanni isolate bFalNau1 chromosome 18, bFalNau1.pat, whole genome shotgun sequence	G	17	3999747
NC_054071.1 Falco naumanni isolate bFalNau1 chromosome 18, bFalNau1.pat, whole genome shotgun sequence	G	21	4002614
NC_054071.1 Falco naumanni isolate bFalNau1 chromosome 18, bFalNau1.pat, whole genome shotgun sequence	G	17	4003782
NC_054071.1 Falco naumanni isolate bFalNau1 chromosome 18, bFalNau1.pat, whole genome shotgun sequence	A	24	4009796
NC_054071.1 Falco naumanni isolate bFalNau1 chromosome 18, bFalNau1.pat, whole genome shotgun sequence	C	16	4011701
NC_054071.1 Falco naumanni isolate bFalNau1 chromosome 18, bFalNau1.pat, whole genome shotgun sequence	A	21	4019258
NC_054071.1 Falco naumanni isolate bFalNau1 chromosome 18, bFalNau1.pat, whole genome shotgun sequence	G	18	4025389
NC_054071.1 Falco naumanni isolate bFalNau1 chromosome 18, bFalNau1.pat, whole genome shotgun sequence	G	17	4028616
NC_054071.1 Falco naumanni isolate bFalNau1 chromosome 18, bFalNau1.pat, whole genome shotgun sequence	C	17	4036149
NC_054071.1 Falco naumanni isolate bFalNau1 chromosome 18, bFalNau1.pat, whole genome shotgun sequence	C	24	4036590
NC_054071.1 Falco naumanni isolate bFalNau1 chromosome 18, bFalNau1.pat, whole genome shotgun sequence	A	24	4046019
NC_054071.1 Falco naumanni isolate bFalNau1 chromosome 18, bFalNau1.pat, whole genome shotgun sequence	A	18	4053452
NC_054071.1 Falco naumanni isolate bFalNau1 chromosome 18, bFalNau1.pat, whole genome shotgun sequence	A	19	4053935
NC_054071.1 Falco naumanni isolate bFalNau1 chromosome 18, bFalNau1.pat, whole genome shotgun sequence	G	17	4060947
NC_054071.1 Falco naumanni isolate bFalNau1 chromosome 18, bFalNau1.pat, whole genome shotgun sequence	G	18	4061208
NC_054071.1 Falco naumanni isolate bFalNau1 chromosome 18, bFalNau1.pat, whole genome shotgun sequence	G	22	4064209
NC_054071.1 Falco naumanni isolate bFalNau1 chromosome 18, bFalNau1.pat, whole genome shotgun sequence	C	23	4065453
NC_054071.1 Falco naumanni isolate bFalNau1 chromosome 18, bFalNau1.pat, whole genome shotgun sequence	C	24	4071776
NC_054071.1 Falco naumanni isolate bFalNau1 chromosome 18, bFalNau1.pat, whole genome shotgun sequence	C	19	4084626
NC_054071.1 Falco naumanni isolate bFalNau1 chromosome 18, bFalNau1.pat, whole genome shotgun sequence	G	17	4085757
NC_054071.1 Falco naumanni isolate bFalNau1 chromosome 18, bFalNau1.pat, whole genome shotgun sequence	G	21	4086204
NC_054071.1 Falco naumanni isolate bFalNau1 chromosome 18, bFalNau1.pat, whole genome shotgun sequence	G	16	4088030
NC_054071.1 Falco naumanni isolate bFalNau1 chromosome 18, bFalNau1.pat, whole genome shotgun sequence	G	16	4092212
NC_054071.1 Falco naumanni isolate bFalNau1 chromosome 18, bFalNau1.pat, whole genome shotgun sequence	C	20	4092317
NC_054071.1 Falco naumanni isolate bFalNau1 chromosome 18, bFalNau1.pat, whole genome shotgun sequence	C	17	4095925
NC_054071.1 Falco naumanni isolate bFalNau1 chromosome 18, bFalNau1.pat, whole genome shotgun sequence	A	17	4139579
NC_054071.1 Falco naumanni isolate bFalNau1 chromosome 18, bFalNau1.pat, whole genome shotgun sequence	C	20	4150735
NC_054071.1 Falco naumanni isolate bFalNau1 chromosome 18, bFalNau1.pat, whole genome shotgun sequence	A	16	4191585
NC_054071.1 Falco naumanni isolate bFalNau1 chromosome 18, bFalNau1.pat, whole genome shotgun sequence	T	16	4211727
NC_054071.1 Falco naumanni isolate bFalNau1 chromosome 18, bFalNau1.pat, whole genome shotgun sequence	T	18	4217762
NC_054071.1 Falco naumanni isolate bFalNau1 chromosome 18, bFalNau1.pat, whole genome shotgun sequence	G	20	4235544
NC_054071.1 Falco naumanni isolate bFalNau1 chromosome 18, bFalNau1.pat, whole genome shotgun sequence	C	17	4242373
NC_054071.1 Falco naumanni isolate bFalNau1 chromosome 18, bFalNau1.pat, whole genome shotgun sequence	G	16	4242896
NC_054071.1 Falco naumanni isolate bFalNau1 chromosome 18, bFalNau1.pat, whole genome shotgun sequence	G	17	4248630
NC_054071.1 Falco naumanni isolate bFalNau1 chromosome 18, bFalNau1.pat, whole genome shotgun sequence	G	16	4250606
NC_054071.1 Falco naumanni isolate bFalNau1 chromosome 18, bFalNau1.pat, whole genome shotgun sequence	C	16	4252907
NC_054071.1 Falco naumanni isolate bFalNau1 chromosome 18, bFalNau1.pat, whole genome shotgun sequence	C	18	4254679
NC_054071.1 Falco naumanni isolate bFalNau1 chromosome 18, bFalNau1.pat, whole genome shotgun sequence	G	18	4254874
NC_054071.1 Falco naumanni isolate bFalNau1 chromosome 18, bFalNau1.pat, whole genome shotgun sequence	C	17	4255032
NC_054071.1 Falco naumanni isolate bFalNau1 chromosome 18, bFalNau1.pat, whole genome shotgun sequence	C	18	4260717
NC_054071.1 Falco naumanni isolate bFalNau1 chromosome 18, bFalNau1.pat, whole genome shotgun sequence	A	21	4267387
NC_054071.1 Falco naumanni isolate bFalNau1 chromosome 18, bFalNau1.pat, whole genome shotgun sequence	A	22	4280445
NC_054071.1 Falco naumanni isolate bFalNau1 chromosome 18, bFalNau1.pat, whole genome shotgun sequence	G	16	4284457
NC_054071.1 Falco naumanni isolate bFalNau1 chromosome 18, bFalNau1.pat, whole genome shotgun sequence	C	17	4284673
NC_054071.1 Falco naumanni isolate bFalNau1 chromosome 18, bFalNau1.pat, whole genome shotgun sequence	C	18	4305903
NC_054071.1 Falco naumanni isolate bFalNau1 chromosome 18, bFalNau1.pat, whole genome shotgun sequence	T	18	4307002
