#Sequence_Name	SSR	Repeats	Position
NC_054072.1 Falco naumanni isolate bFalNau1 chromosome 19, bFalNau1.pat, whole genome shotgun sequence	A	21	32804
NC_054072.1 Falco naumanni isolate bFalNau1 chromosome 19, bFalNau1.pat, whole genome shotgun sequence	A	16	68521
NC_054072.1 Falco naumanni isolate bFalNau1 chromosome 19, bFalNau1.pat, whole genome shotgun sequence	C	17	109815
NC_054072.1 Falco naumanni isolate bFalNau1 chromosome 19, bFalNau1.pat, whole genome shotgun sequence	G	21	110711
NC_054072.1 Falco naumanni isolate bFalNau1 chromosome 19, bFalNau1.pat, whole genome shotgun sequence	G	16	112660
NC_054072.1 Falco naumanni isolate bFalNau1 chromosome 19, bFalNau1.pat, whole genome shotgun sequence	G	16	119787
NC_054072.1 Falco naumanni isolate bFalNau1 chromosome 19, bFalNau1.pat, whole genome shotgun sequence	A	23	149498
NC_054072.1 Falco naumanni isolate bFalNau1 chromosome 19, bFalNau1.pat, whole genome shotgun sequence	T	24	256700
NC_054072.1 Falco naumanni isolate bFalNau1 chromosome 19, bFalNau1.pat, whole genome shotgun sequence	C	21	257980
NC_054072.1 Falco naumanni isolate bFalNau1 chromosome 19, bFalNau1.pat, whole genome shotgun sequence	T	19	279633
NC_054072.1 Falco naumanni isolate bFalNau1 chromosome 19, bFalNau1.pat, whole genome shotgun sequence	C	27	285807
NC_054072.1 Falco naumanni isolate bFalNau1 chromosome 19, bFalNau1.pat, whole genome shotgun sequence	C	21	303143
NC_054072.1 Falco naumanni isolate bFalNau1 chromosome 19, bFalNau1.pat, whole genome shotgun sequence	G	17	305932
NC_054072.1 Falco naumanni isolate bFalNau1 chromosome 19, bFalNau1.pat, whole genome shotgun sequence	C	16	309433
NC_054072.1 Falco naumanni isolate bFalNau1 chromosome 19, bFalNau1.pat, whole genome shotgun sequence	A	24	323194
NC_054072.1 Falco naumanni isolate bFalNau1 chromosome 19, bFalNau1.pat, whole genome shotgun sequence	A	20	323244
NC_054072.1 Falco naumanni isolate bFalNau1 chromosome 19, bFalNau1.pat, whole genome shotgun sequence	G	27	324352
NC_054072.1 Falco naumanni isolate bFalNau1 chromosome 19, bFalNau1.pat, whole genome shotgun sequence	C	27	324581
NC_054072.1 Falco naumanni isolate bFalNau1 chromosome 19, bFalNau1.pat, whole genome shotgun sequence	G	16	342832
NC_054072.1 Falco naumanni isolate bFalNau1 chromosome 19, bFalNau1.pat, whole genome shotgun sequence	G	18	369046
NC_054072.1 Falco naumanni isolate bFalNau1 chromosome 19, bFalNau1.pat, whole genome shotgun sequence	A	19	381619
NC_054072.1 Falco naumanni isolate bFalNau1 chromosome 19, bFalNau1.pat, whole genome shotgun sequence	C	16	396340
NC_054072.1 Falco naumanni isolate bFalNau1 chromosome 19, bFalNau1.pat, whole genome shotgun sequence	G	19	406323
NC_054072.1 Falco naumanni isolate bFalNau1 chromosome 19, bFalNau1.pat, whole genome shotgun sequence	C	20	409071
NC_054072.1 Falco naumanni isolate bFalNau1 chromosome 19, bFalNau1.pat, whole genome shotgun sequence	A	22	429853
NC_054072.1 Falco naumanni isolate bFalNau1 chromosome 19, bFalNau1.pat, whole genome shotgun sequence	C	27	456231
NC_054072.1 Falco naumanni isolate bFalNau1 chromosome 19, bFalNau1.pat, whole genome shotgun sequence	G	24	1462846
NC_054072.1 Falco naumanni isolate bFalNau1 chromosome 19, bFalNau1.pat, whole genome shotgun sequence	G	20	1475472
NC_054072.1 Falco naumanni isolate bFalNau1 chromosome 19, bFalNau1.pat, whole genome shotgun sequence	G	24	1479516
NC_054072.1 Falco naumanni isolate bFalNau1 chromosome 19, bFalNau1.pat, whole genome shotgun sequence	T	28	1494295
NC_054072.1 Falco naumanni isolate bFalNau1 chromosome 19, bFalNau1.pat, whole genome shotgun sequence	T	18	1496354
NC_054072.1 Falco naumanni isolate bFalNau1 chromosome 19, bFalNau1.pat, whole genome shotgun sequence	C	26	1506009
NC_054072.1 Falco naumanni isolate bFalNau1 chromosome 19, bFalNau1.pat, whole genome shotgun sequence	G	16	1506854
NC_054072.1 Falco naumanni isolate bFalNau1 chromosome 19, bFalNau1.pat, whole genome shotgun sequence	G	23	1509433
NC_054072.1 Falco naumanni isolate bFalNau1 chromosome 19, bFalNau1.pat, whole genome shotgun sequence	T	38	1513954
NC_054072.1 Falco naumanni isolate bFalNau1 chromosome 19, bFalNau1.pat, whole genome shotgun sequence	C	18	1517301
NC_054072.1 Falco naumanni isolate bFalNau1 chromosome 19, bFalNau1.pat, whole genome shotgun sequence	C	17	1517503
NC_054072.1 Falco naumanni isolate bFalNau1 chromosome 19, bFalNau1.pat, whole genome shotgun sequence	T	18	1518997
NC_054072.1 Falco naumanni isolate bFalNau1 chromosome 19, bFalNau1.pat, whole genome shotgun sequence	G	20	1520396
NC_054072.1 Falco naumanni isolate bFalNau1 chromosome 19, bFalNau1.pat, whole genome shotgun sequence	T	19	1522272
NC_054072.1 Falco naumanni isolate bFalNau1 chromosome 19, bFalNau1.pat, whole genome shotgun sequence	T	16	1523622
NC_054072.1 Falco naumanni isolate bFalNau1 chromosome 19, bFalNau1.pat, whole genome shotgun sequence	A	16	1524004
NC_054072.1 Falco naumanni isolate bFalNau1 chromosome 19, bFalNau1.pat, whole genome shotgun sequence	G	17	1524417
NC_054072.1 Falco naumanni isolate bFalNau1 chromosome 19, bFalNau1.pat, whole genome shotgun sequence	C	17	1525108
NC_054072.1 Falco naumanni isolate bFalNau1 chromosome 19, bFalNau1.pat, whole genome shotgun sequence	T	18	1525623
NC_054072.1 Falco naumanni isolate bFalNau1 chromosome 19, bFalNau1.pat, whole genome shotgun sequence	C	18	1533326
NC_054072.1 Falco naumanni isolate bFalNau1 chromosome 19, bFalNau1.pat, whole genome shotgun sequence	C	16	1535560
NC_054072.1 Falco naumanni isolate bFalNau1 chromosome 19, bFalNau1.pat, whole genome shotgun sequence	G	18	1541543
NC_054072.1 Falco naumanni isolate bFalNau1 chromosome 19, bFalNau1.pat, whole genome shotgun sequence	G	16	1544151
NC_054072.1 Falco naumanni isolate bFalNau1 chromosome 19, bFalNau1.pat, whole genome shotgun sequence	CATCCC	22	1392284
NC_054072.1 Falco naumanni isolate bFalNau1 chromosome 19, bFalNau1.pat, whole genome shotgun sequence	C	17	1228543
NC_054072.1 Falco naumanni isolate bFalNau1 chromosome 19, bFalNau1.pat, whole genome shotgun sequence	T	16	1234478
NC_054072.1 Falco naumanni isolate bFalNau1 chromosome 19, bFalNau1.pat, whole genome shotgun sequence	T	19	1235246
NC_054072.1 Falco naumanni isolate bFalNau1 chromosome 19, bFalNau1.pat, whole genome shotgun sequence	G	21	1246332
NC_054072.1 Falco naumanni isolate bFalNau1 chromosome 19, bFalNau1.pat, whole genome shotgun sequence	A	16	1252748
NC_054072.1 Falco naumanni isolate bFalNau1 chromosome 19, bFalNau1.pat, whole genome shotgun sequence	G	31	1252934
NC_054072.1 Falco naumanni isolate bFalNau1 chromosome 19, bFalNau1.pat, whole genome shotgun sequence	T	17	1259745
NC_054072.1 Falco naumanni isolate bFalNau1 chromosome 19, bFalNau1.pat, whole genome shotgun sequence	A	17	1263827
NC_054072.1 Falco naumanni isolate bFalNau1 chromosome 19, bFalNau1.pat, whole genome shotgun sequence	A	24	1265411
NC_054072.1 Falco naumanni isolate bFalNau1 chromosome 19, bFalNau1.pat, whole genome shotgun sequence	A	20	1265492
NC_054072.1 Falco naumanni isolate bFalNau1 chromosome 19, bFalNau1.pat, whole genome shotgun sequence	A	16	1266227
NC_054072.1 Falco naumanni isolate bFalNau1 chromosome 19, bFalNau1.pat, whole genome shotgun sequence	A	17	1267972
NC_054072.1 Falco naumanni isolate bFalNau1 chromosome 19, bFalNau1.pat, whole genome shotgun sequence	T	17	1270748
NC_054072.1 Falco naumanni isolate bFalNau1 chromosome 19, bFalNau1.pat, whole genome shotgun sequence	T	22	1273581
NC_054072.1 Falco naumanni isolate bFalNau1 chromosome 19, bFalNau1.pat, whole genome shotgun sequence	A	22	1282777
NC_054072.1 Falco naumanni isolate bFalNau1 chromosome 19, bFalNau1.pat, whole genome shotgun sequence	T	21	1294401
NC_054072.1 Falco naumanni isolate bFalNau1 chromosome 19, bFalNau1.pat, whole genome shotgun sequence	A	16	1300603
NC_054072.1 Falco naumanni isolate bFalNau1 chromosome 19, bFalNau1.pat, whole genome shotgun sequence	A	22	1316070
NC_054072.1 Falco naumanni isolate bFalNau1 chromosome 19, bFalNau1.pat, whole genome shotgun sequence	A	22	1323208
NC_054072.1 Falco naumanni isolate bFalNau1 chromosome 19, bFalNau1.pat, whole genome shotgun sequence	A	18	1323238
NC_054072.1 Falco naumanni isolate bFalNau1 chromosome 19, bFalNau1.pat, whole genome shotgun sequence	A	26	1328861
NC_054072.1 Falco naumanni isolate bFalNau1 chromosome 19, bFalNau1.pat, whole genome shotgun sequence	G	21	1370020
NC_054072.1 Falco naumanni isolate bFalNau1 chromosome 19, bFalNau1.pat, whole genome shotgun sequence	C	24	1394094
NC_054072.1 Falco naumanni isolate bFalNau1 chromosome 19, bFalNau1.pat, whole genome shotgun sequence	C	19	1395706
NC_054072.1 Falco naumanni isolate bFalNau1 chromosome 19, bFalNau1.pat, whole genome shotgun sequence	G	16	1395969
NC_054072.1 Falco naumanni isolate bFalNau1 chromosome 19, bFalNau1.pat, whole genome shotgun sequence	G	21	1396231
NC_054072.1 Falco naumanni isolate bFalNau1 chromosome 19, bFalNau1.pat, whole genome shotgun sequence	C	18	1396323
NC_054072.1 Falco naumanni isolate bFalNau1 chromosome 19, bFalNau1.pat, whole genome shotgun sequence	C	17	1396481
NC_054072.1 Falco naumanni isolate bFalNau1 chromosome 19, bFalNau1.pat, whole genome shotgun sequence	T	17	1397330
NC_054072.1 Falco naumanni isolate bFalNau1 chromosome 19, bFalNau1.pat, whole genome shotgun sequence	T	23	1397664
NC_054072.1 Falco naumanni isolate bFalNau1 chromosome 19, bFalNau1.pat, whole genome shotgun sequence	C	16	1397953
NC_054072.1 Falco naumanni isolate bFalNau1 chromosome 19, bFalNau1.pat, whole genome shotgun sequence	A	16	1398025
NC_054072.1 Falco naumanni isolate bFalNau1 chromosome 19, bFalNau1.pat, whole genome shotgun sequence	A	17	1398117
NC_054072.1 Falco naumanni isolate bFalNau1 chromosome 19, bFalNau1.pat, whole genome shotgun sequence	A	20	1401086
NC_054072.1 Falco naumanni isolate bFalNau1 chromosome 19, bFalNau1.pat, whole genome shotgun sequence	A	17	1406555
NC_054072.1 Falco naumanni isolate bFalNau1 chromosome 19, bFalNau1.pat, whole genome shotgun sequence	A	25	1414700
NC_054072.1 Falco naumanni isolate bFalNau1 chromosome 19, bFalNau1.pat, whole genome shotgun sequence	A	18	1414778
NC_054072.1 Falco naumanni isolate bFalNau1 chromosome 19, bFalNau1.pat, whole genome shotgun sequence	A	16	1421839
NC_054072.1 Falco naumanni isolate bFalNau1 chromosome 19, bFalNau1.pat, whole genome shotgun sequence	T	16	1434557
NC_054072.1 Falco naumanni isolate bFalNau1 chromosome 19, bFalNau1.pat, whole genome shotgun sequence	G	16	1435230
NC_054072.1 Falco naumanni isolate bFalNau1 chromosome 19, bFalNau1.pat, whole genome shotgun sequence	AC	14	4036261
NC_054072.1 Falco naumanni isolate bFalNau1 chromosome 19, bFalNau1.pat, whole genome shotgun sequence	C	20	3970597
NC_054072.1 Falco naumanni isolate bFalNau1 chromosome 19, bFalNau1.pat, whole genome shotgun sequence	A	29	3970776
NC_054072.1 Falco naumanni isolate bFalNau1 chromosome 19, bFalNau1.pat, whole genome shotgun sequence	T	32	3971212
NC_054072.1 Falco naumanni isolate bFalNau1 chromosome 19, bFalNau1.pat, whole genome shotgun sequence	A	17	3979336
NC_054072.1 Falco naumanni isolate bFalNau1 chromosome 19, bFalNau1.pat, whole genome shotgun sequence	T	16	3985736
NC_054072.1 Falco naumanni isolate bFalNau1 chromosome 19, bFalNau1.pat, whole genome shotgun sequence	A	37	3995263
NC_054072.1 Falco naumanni isolate bFalNau1 chromosome 19, bFalNau1.pat, whole genome shotgun sequence	T	19	4001017
NC_054072.1 Falco naumanni isolate bFalNau1 chromosome 19, bFalNau1.pat, whole genome shotgun sequence	G	31	4030851
NC_054072.1 Falco naumanni isolate bFalNau1 chromosome 19, bFalNau1.pat, whole genome shotgun sequence	G	16	4034286
NC_054072.1 Falco naumanni isolate bFalNau1 chromosome 19, bFalNau1.pat, whole genome shotgun sequence	T	27	4034777
NC_054072.1 Falco naumanni isolate bFalNau1 chromosome 19, bFalNau1.pat, whole genome shotgun sequence	C	25	4035045
NC_054072.1 Falco naumanni isolate bFalNau1 chromosome 19, bFalNau1.pat, whole genome shotgun sequence	T	18	4037924
NC_054072.1 Falco naumanni isolate bFalNau1 chromosome 19, bFalNau1.pat, whole genome shotgun sequence	C	17	4040088
NC_054072.1 Falco naumanni isolate bFalNau1 chromosome 19, bFalNau1.pat, whole genome shotgun sequence	C	34	4056625
NC_054072.1 Falco naumanni isolate bFalNau1 chromosome 19, bFalNau1.pat, whole genome shotgun sequence	A	18	4062427
NC_054072.1 Falco naumanni isolate bFalNau1 chromosome 19, bFalNau1.pat, whole genome shotgun sequence	C	16	4067730
NC_054072.1 Falco naumanni isolate bFalNau1 chromosome 19, bFalNau1.pat, whole genome shotgun sequence	C	20	4076809
NC_054072.1 Falco naumanni isolate bFalNau1 chromosome 19, bFalNau1.pat, whole genome shotgun sequence	G	18	4087587
NC_054072.1 Falco naumanni isolate bFalNau1 chromosome 19, bFalNau1.pat, whole genome shotgun sequence	C	25	4090510
NC_054072.1 Falco naumanni isolate bFalNau1 chromosome 19, bFalNau1.pat, whole genome shotgun sequence	C	18	4092812
NC_054072.1 Falco naumanni isolate bFalNau1 chromosome 19, bFalNau1.pat, whole genome shotgun sequence	G	18	4097716
NC_054072.1 Falco naumanni isolate bFalNau1 chromosome 19, bFalNau1.pat, whole genome shotgun sequence	A	24	4099009
NC_054072.1 Falco naumanni isolate bFalNau1 chromosome 19, bFalNau1.pat, whole genome shotgun sequence	T	23	4100253
NC_054072.1 Falco naumanni isolate bFalNau1 chromosome 19, bFalNau1.pat, whole genome shotgun sequence	T	24	4100441
NC_054072.1 Falco naumanni isolate bFalNau1 chromosome 19, bFalNau1.pat, whole genome shotgun sequence	T	29	4102831
NC_054072.1 Falco naumanni isolate bFalNau1 chromosome 19, bFalNau1.pat, whole genome shotgun sequence	A	19	4122722
NC_054072.1 Falco naumanni isolate bFalNau1 chromosome 19, bFalNau1.pat, whole genome shotgun sequence	A	22	4126288
NC_054072.1 Falco naumanni isolate bFalNau1 chromosome 19, bFalNau1.pat, whole genome shotgun sequence	A	16	4129706
NC_054072.1 Falco naumanni isolate bFalNau1 chromosome 19, bFalNau1.pat, whole genome shotgun sequence	CA	16	844910
NC_054072.1 Falco naumanni isolate bFalNau1 chromosome 19, bFalNau1.pat, whole genome shotgun sequence	A	16	542262
NC_054072.1 Falco naumanni isolate bFalNau1 chromosome 19, bFalNau1.pat, whole genome shotgun sequence	C	19	554119
NC_054072.1 Falco naumanni isolate bFalNau1 chromosome 19, bFalNau1.pat, whole genome shotgun sequence	A	16	565261
NC_054072.1 Falco naumanni isolate bFalNau1 chromosome 19, bFalNau1.pat, whole genome shotgun sequence	C	16	568592
NC_054072.1 Falco naumanni isolate bFalNau1 chromosome 19, bFalNau1.pat, whole genome shotgun sequence	G	29	575161
NC_054072.1 Falco naumanni isolate bFalNau1 chromosome 19, bFalNau1.pat, whole genome shotgun sequence	C	22	576133
NC_054072.1 Falco naumanni isolate bFalNau1 chromosome 19, bFalNau1.pat, whole genome shotgun sequence	G	17	588362
NC_054072.1 Falco naumanni isolate bFalNau1 chromosome 19, bFalNau1.pat, whole genome shotgun sequence	G	20	588436
NC_054072.1 Falco naumanni isolate bFalNau1 chromosome 19, bFalNau1.pat, whole genome shotgun sequence	A	18	593664
NC_054072.1 Falco naumanni isolate bFalNau1 chromosome 19, bFalNau1.pat, whole genome shotgun sequence	A	22	610042
NC_054072.1 Falco naumanni isolate bFalNau1 chromosome 19, bFalNau1.pat, whole genome shotgun sequence	C	16	616697
NC_054072.1 Falco naumanni isolate bFalNau1 chromosome 19, bFalNau1.pat, whole genome shotgun sequence	A	17	623571
NC_054072.1 Falco naumanni isolate bFalNau1 chromosome 19, bFalNau1.pat, whole genome shotgun sequence	A	16	628799
NC_054072.1 Falco naumanni isolate bFalNau1 chromosome 19, bFalNau1.pat, whole genome shotgun sequence	A	19	634183
NC_054072.1 Falco naumanni isolate bFalNau1 chromosome 19, bFalNau1.pat, whole genome shotgun sequence	A	16	638446
NC_054072.1 Falco naumanni isolate bFalNau1 chromosome 19, bFalNau1.pat, whole genome shotgun sequence	A	18	641414
NC_054072.1 Falco naumanni isolate bFalNau1 chromosome 19, bFalNau1.pat, whole genome shotgun sequence	A	18	643726
NC_054072.1 Falco naumanni isolate bFalNau1 chromosome 19, bFalNau1.pat, whole genome shotgun sequence	T	16	649533
NC_054072.1 Falco naumanni isolate bFalNau1 chromosome 19, bFalNau1.pat, whole genome shotgun sequence	A	17	667318
NC_054072.1 Falco naumanni isolate bFalNau1 chromosome 19, bFalNau1.pat, whole genome shotgun sequence	T	16	671576
NC_054072.1 Falco naumanni isolate bFalNau1 chromosome 19, bFalNau1.pat, whole genome shotgun sequence	T	16	675534
NC_054072.1 Falco naumanni isolate bFalNau1 chromosome 19, bFalNau1.pat, whole genome shotgun sequence	C	22	681266
NC_054072.1 Falco naumanni isolate bFalNau1 chromosome 19, bFalNau1.pat, whole genome shotgun sequence	T	24	713646
NC_054072.1 Falco naumanni isolate bFalNau1 chromosome 19, bFalNau1.pat, whole genome shotgun sequence	T	25	723771
NC_054072.1 Falco naumanni isolate bFalNau1 chromosome 19, bFalNau1.pat, whole genome shotgun sequence	T	16	725446
NC_054072.1 Falco naumanni isolate bFalNau1 chromosome 19, bFalNau1.pat, whole genome shotgun sequence	C	28	735969
NC_054072.1 Falco naumanni isolate bFalNau1 chromosome 19, bFalNau1.pat, whole genome shotgun sequence	T	19	740414
NC_054072.1 Falco naumanni isolate bFalNau1 chromosome 19, bFalNau1.pat, whole genome shotgun sequence	A	21	753725
NC_054072.1 Falco naumanni isolate bFalNau1 chromosome 19, bFalNau1.pat, whole genome shotgun sequence	C	25	761251
NC_054072.1 Falco naumanni isolate bFalNau1 chromosome 19, bFalNau1.pat, whole genome shotgun sequence	T	19	783238
NC_054072.1 Falco naumanni isolate bFalNau1 chromosome 19, bFalNau1.pat, whole genome shotgun sequence	T	29	784702
NC_054072.1 Falco naumanni isolate bFalNau1 chromosome 19, bFalNau1.pat, whole genome shotgun sequence	C	23	787592
NC_054072.1 Falco naumanni isolate bFalNau1 chromosome 19, bFalNau1.pat, whole genome shotgun sequence	T	19	798093
NC_054072.1 Falco naumanni isolate bFalNau1 chromosome 19, bFalNau1.pat, whole genome shotgun sequence	T	16	800499
NC_054072.1 Falco naumanni isolate bFalNau1 chromosome 19, bFalNau1.pat, whole genome shotgun sequence	T	17	805126
NC_054072.1 Falco naumanni isolate bFalNau1 chromosome 19, bFalNau1.pat, whole genome shotgun sequence	A	17	824727
NC_054072.1 Falco naumanni isolate bFalNau1 chromosome 19, bFalNau1.pat, whole genome shotgun sequence	T	18	827837
NC_054072.1 Falco naumanni isolate bFalNau1 chromosome 19, bFalNau1.pat, whole genome shotgun sequence	A	16	830344
NC_054072.1 Falco naumanni isolate bFalNau1 chromosome 19, bFalNau1.pat, whole genome shotgun sequence	T	17	877550
NC_054072.1 Falco naumanni isolate bFalNau1 chromosome 19, bFalNau1.pat, whole genome shotgun sequence	C	22	947480
NC_054072.1 Falco naumanni isolate bFalNau1 chromosome 19, bFalNau1.pat, whole genome shotgun sequence	G	19	950933
NC_054072.1 Falco naumanni isolate bFalNau1 chromosome 19, bFalNau1.pat, whole genome shotgun sequence	G	16	950964
NC_054072.1 Falco naumanni isolate bFalNau1 chromosome 19, bFalNau1.pat, whole genome shotgun sequence	T	16	986207
NC_054072.1 Falco naumanni isolate bFalNau1 chromosome 19, bFalNau1.pat, whole genome shotgun sequence	A	17	1022105
NC_054072.1 Falco naumanni isolate bFalNau1 chromosome 19, bFalNau1.pat, whole genome shotgun sequence	T	17	1056970
NC_054072.1 Falco naumanni isolate bFalNau1 chromosome 19, bFalNau1.pat, whole genome shotgun sequence	C	17	1065054
NC_054072.1 Falco naumanni isolate bFalNau1 chromosome 19, bFalNau1.pat, whole genome shotgun sequence	A	17	1065653
NC_054072.1 Falco naumanni isolate bFalNau1 chromosome 19, bFalNau1.pat, whole genome shotgun sequence	T	19	1083961
NC_054072.1 Falco naumanni isolate bFalNau1 chromosome 19, bFalNau1.pat, whole genome shotgun sequence	T	26	1087665
NC_054072.1 Falco naumanni isolate bFalNau1 chromosome 19, bFalNau1.pat, whole genome shotgun sequence	T	18	1111606
NC_054072.1 Falco naumanni isolate bFalNau1 chromosome 19, bFalNau1.pat, whole genome shotgun sequence	T	17	1113754
NC_054072.1 Falco naumanni isolate bFalNau1 chromosome 19, bFalNau1.pat, whole genome shotgun sequence	T	20	1125218
NC_054072.1 Falco naumanni isolate bFalNau1 chromosome 19, bFalNau1.pat, whole genome shotgun sequence	A	18	1135815
NC_054072.1 Falco naumanni isolate bFalNau1 chromosome 19, bFalNau1.pat, whole genome shotgun sequence	T	20	1136932
NC_054072.1 Falco naumanni isolate bFalNau1 chromosome 19, bFalNau1.pat, whole genome shotgun sequence	T	22	1140048
NC_054072.1 Falco naumanni isolate bFalNau1 chromosome 19, bFalNau1.pat, whole genome shotgun sequence	A	17	1143392
NC_054072.1 Falco naumanni isolate bFalNau1 chromosome 19, bFalNau1.pat, whole genome shotgun sequence	A	16	1143533
NC_054072.1 Falco naumanni isolate bFalNau1 chromosome 19, bFalNau1.pat, whole genome shotgun sequence	T	21	1149937
NC_054072.1 Falco naumanni isolate bFalNau1 chromosome 19, bFalNau1.pat, whole genome shotgun sequence	T	17	1152534
NC_054072.1 Falco naumanni isolate bFalNau1 chromosome 19, bFalNau1.pat, whole genome shotgun sequence	T	30	1152737
NC_054072.1 Falco naumanni isolate bFalNau1 chromosome 19, bFalNau1.pat, whole genome shotgun sequence	T	23	1156116
NC_054072.1 Falco naumanni isolate bFalNau1 chromosome 19, bFalNau1.pat, whole genome shotgun sequence	A	21	1157599
NC_054072.1 Falco naumanni isolate bFalNau1 chromosome 19, bFalNau1.pat, whole genome shotgun sequence	T	16	1161971
NC_054072.1 Falco naumanni isolate bFalNau1 chromosome 19, bFalNau1.pat, whole genome shotgun sequence	T	16	1162083
NC_054072.1 Falco naumanni isolate bFalNau1 chromosome 19, bFalNau1.pat, whole genome shotgun sequence	T	16	1164050
NC_054072.1 Falco naumanni isolate bFalNau1 chromosome 19, bFalNau1.pat, whole genome shotgun sequence	A	17	1167185
NC_054072.1 Falco naumanni isolate bFalNau1 chromosome 19, bFalNau1.pat, whole genome shotgun sequence	T	21	1170747
NC_054072.1 Falco naumanni isolate bFalNau1 chromosome 19, bFalNau1.pat, whole genome shotgun sequence	T	25	1177242
NC_054072.1 Falco naumanni isolate bFalNau1 chromosome 19, bFalNau1.pat, whole genome shotgun sequence	T	25	1195038
NC_054072.1 Falco naumanni isolate bFalNau1 chromosome 19, bFalNau1.pat, whole genome shotgun sequence	T	18	1210129
NC_054072.1 Falco naumanni isolate bFalNau1 chromosome 19, bFalNau1.pat, whole genome shotgun sequence	T	28	1211710
NC_054072.1 Falco naumanni isolate bFalNau1 chromosome 19, bFalNau1.pat, whole genome shotgun sequence	G	25	1216764
NC_054072.1 Falco naumanni isolate bFalNau1 chromosome 19, bFalNau1.pat, whole genome shotgun sequence	C	16	1218131
NC_054072.1 Falco naumanni isolate bFalNau1 chromosome 19, bFalNau1.pat, whole genome shotgun sequence	C	22	1219279
NC_054072.1 Falco naumanni isolate bFalNau1 chromosome 19, bFalNau1.pat, whole genome shotgun sequence	TGGGA	17	5381809
NC_054072.1 Falco naumanni isolate bFalNau1 chromosome 19, bFalNau1.pat, whole genome shotgun sequence	AAT	26	4252319
NC_054072.1 Falco naumanni isolate bFalNau1 chromosome 19, bFalNau1.pat, whole genome shotgun sequence	TG	16	5288683
NC_054072.1 Falco naumanni isolate bFalNau1 chromosome 19, bFalNau1.pat, whole genome shotgun sequence	A	23	4142878
NC_054072.1 Falco naumanni isolate bFalNau1 chromosome 19, bFalNau1.pat, whole genome shotgun sequence	A	18	4144214
NC_054072.1 Falco naumanni isolate bFalNau1 chromosome 19, bFalNau1.pat, whole genome shotgun sequence	A	19	4144987
NC_054072.1 Falco naumanni isolate bFalNau1 chromosome 19, bFalNau1.pat, whole genome shotgun sequence	T	18	4172737
NC_054072.1 Falco naumanni isolate bFalNau1 chromosome 19, bFalNau1.pat, whole genome shotgun sequence	C	32	4181734
NC_054072.1 Falco naumanni isolate bFalNau1 chromosome 19, bFalNau1.pat, whole genome shotgun sequence	T	20	4182785
NC_054072.1 Falco naumanni isolate bFalNau1 chromosome 19, bFalNau1.pat, whole genome shotgun sequence	T	22	4182815
NC_054072.1 Falco naumanni isolate bFalNau1 chromosome 19, bFalNau1.pat, whole genome shotgun sequence	G	35	4184134
NC_054072.1 Falco naumanni isolate bFalNau1 chromosome 19, bFalNau1.pat, whole genome shotgun sequence	T	16	4184926
NC_054072.1 Falco naumanni isolate bFalNau1 chromosome 19, bFalNau1.pat, whole genome shotgun sequence	T	16	4191738
NC_054072.1 Falco naumanni isolate bFalNau1 chromosome 19, bFalNau1.pat, whole genome shotgun sequence	C	27	4193464
NC_054072.1 Falco naumanni isolate bFalNau1 chromosome 19, bFalNau1.pat, whole genome shotgun sequence	C	25	4194286
NC_054072.1 Falco naumanni isolate bFalNau1 chromosome 19, bFalNau1.pat, whole genome shotgun sequence	A	21	4196110
NC_054072.1 Falco naumanni isolate bFalNau1 chromosome 19, bFalNau1.pat, whole genome shotgun sequence	A	16	4202731
NC_054072.1 Falco naumanni isolate bFalNau1 chromosome 19, bFalNau1.pat, whole genome shotgun sequence	T	23	4204557
NC_054072.1 Falco naumanni isolate bFalNau1 chromosome 19, bFalNau1.pat, whole genome shotgun sequence	A	16	4206337
NC_054072.1 Falco naumanni isolate bFalNau1 chromosome 19, bFalNau1.pat, whole genome shotgun sequence	T	16	4209405
NC_054072.1 Falco naumanni isolate bFalNau1 chromosome 19, bFalNau1.pat, whole genome shotgun sequence	T	18	4209423
NC_054072.1 Falco naumanni isolate bFalNau1 chromosome 19, bFalNau1.pat, whole genome shotgun sequence	A	16	4212793
NC_054072.1 Falco naumanni isolate bFalNau1 chromosome 19, bFalNau1.pat, whole genome shotgun sequence	T	27	4216049
NC_054072.1 Falco naumanni isolate bFalNau1 chromosome 19, bFalNau1.pat, whole genome shotgun sequence	G	17	4216238
NC_054072.1 Falco naumanni isolate bFalNau1 chromosome 19, bFalNau1.pat, whole genome shotgun sequence	A	33	4217109
NC_054072.1 Falco naumanni isolate bFalNau1 chromosome 19, bFalNau1.pat, whole genome shotgun sequence	T	18	4230608
NC_054072.1 Falco naumanni isolate bFalNau1 chromosome 19, bFalNau1.pat, whole genome shotgun sequence	C	19	4233527
NC_054072.1 Falco naumanni isolate bFalNau1 chromosome 19, bFalNau1.pat, whole genome shotgun sequence	G	28	4239785
NC_054072.1 Falco naumanni isolate bFalNau1 chromosome 19, bFalNau1.pat, whole genome shotgun sequence	G	18	4249805
NC_054072.1 Falco naumanni isolate bFalNau1 chromosome 19, bFalNau1.pat, whole genome shotgun sequence	T	33	4251900
NC_054072.1 Falco naumanni isolate bFalNau1 chromosome 19, bFalNau1.pat, whole genome shotgun sequence	T	20	4260814
NC_054072.1 Falco naumanni isolate bFalNau1 chromosome 19, bFalNau1.pat, whole genome shotgun sequence	A	22	4270290
NC_054072.1 Falco naumanni isolate bFalNau1 chromosome 19, bFalNau1.pat, whole genome shotgun sequence	A	40	4283285
NC_054072.1 Falco naumanni isolate bFalNau1 chromosome 19, bFalNau1.pat, whole genome shotgun sequence	C	17	4284954
NC_054072.1 Falco naumanni isolate bFalNau1 chromosome 19, bFalNau1.pat, whole genome shotgun sequence	T	17	4290459
NC_054072.1 Falco naumanni isolate bFalNau1 chromosome 19, bFalNau1.pat, whole genome shotgun sequence	T	25	4293911
NC_054072.1 Falco naumanni isolate bFalNau1 chromosome 19, bFalNau1.pat, whole genome shotgun sequence	C	16	4299610
NC_054072.1 Falco naumanni isolate bFalNau1 chromosome 19, bFalNau1.pat, whole genome shotgun sequence	C	22	4302680
NC_054072.1 Falco naumanni isolate bFalNau1 chromosome 19, bFalNau1.pat, whole genome shotgun sequence	T	16	4308470
NC_054072.1 Falco naumanni isolate bFalNau1 chromosome 19, bFalNau1.pat, whole genome shotgun sequence	A	22	4310037
NC_054072.1 Falco naumanni isolate bFalNau1 chromosome 19, bFalNau1.pat, whole genome shotgun sequence	A	25	4310661
NC_054072.1 Falco naumanni isolate bFalNau1 chromosome 19, bFalNau1.pat, whole genome shotgun sequence	C	25	4313547
NC_054072.1 Falco naumanni isolate bFalNau1 chromosome 19, bFalNau1.pat, whole genome shotgun sequence	T	21	4322046
NC_054072.1 Falco naumanni isolate bFalNau1 chromosome 19, bFalNau1.pat, whole genome shotgun sequence	T	26	4322319
NC_054072.1 Falco naumanni isolate bFalNau1 chromosome 19, bFalNau1.pat, whole genome shotgun sequence	A	20	4326498
NC_054072.1 Falco naumanni isolate bFalNau1 chromosome 19, bFalNau1.pat, whole genome shotgun sequence	T	18	4330812
NC_054072.1 Falco naumanni isolate bFalNau1 chromosome 19, bFalNau1.pat, whole genome shotgun sequence	T	21	4337767
NC_054072.1 Falco naumanni isolate bFalNau1 chromosome 19, bFalNau1.pat, whole genome shotgun sequence	A	22	4339115
NC_054072.1 Falco naumanni isolate bFalNau1 chromosome 19, bFalNau1.pat, whole genome shotgun sequence	T	20	4340539
NC_054072.1 Falco naumanni isolate bFalNau1 chromosome 19, bFalNau1.pat, whole genome shotgun sequence	A	18	4348741
NC_054072.1 Falco naumanni isolate bFalNau1 chromosome 19, bFalNau1.pat, whole genome shotgun sequence	A	24	4349954
NC_054072.1 Falco naumanni isolate bFalNau1 chromosome 19, bFalNau1.pat, whole genome shotgun sequence	C	26	4353489
NC_054072.1 Falco naumanni isolate bFalNau1 chromosome 19, bFalNau1.pat, whole genome shotgun sequence	A	25	4354833
NC_054072.1 Falco naumanni isolate bFalNau1 chromosome 19, bFalNau1.pat, whole genome shotgun sequence	C	22	4363043
NC_054072.1 Falco naumanni isolate bFalNau1 chromosome 19, bFalNau1.pat, whole genome shotgun sequence	A	17	4365327
NC_054072.1 Falco naumanni isolate bFalNau1 chromosome 19, bFalNau1.pat, whole genome shotgun sequence	G	17	4377810
NC_054072.1 Falco naumanni isolate bFalNau1 chromosome 19, bFalNau1.pat, whole genome shotgun sequence	A	25	4379222
NC_054072.1 Falco naumanni isolate bFalNau1 chromosome 19, bFalNau1.pat, whole genome shotgun sequence	T	19	4380767
NC_054072.1 Falco naumanni isolate bFalNau1 chromosome 19, bFalNau1.pat, whole genome shotgun sequence	A	20	4380960
NC_054072.1 Falco naumanni isolate bFalNau1 chromosome 19, bFalNau1.pat, whole genome shotgun sequence	C	22	4402615
NC_054072.1 Falco naumanni isolate bFalNau1 chromosome 19, bFalNau1.pat, whole genome shotgun sequence	A	17	4403422
NC_054072.1 Falco naumanni isolate bFalNau1 chromosome 19, bFalNau1.pat, whole genome shotgun sequence	A	28	4417869
NC_054072.1 Falco naumanni isolate bFalNau1 chromosome 19, bFalNau1.pat, whole genome shotgun sequence	A	40	4435216
NC_054072.1 Falco naumanni isolate bFalNau1 chromosome 19, bFalNau1.pat, whole genome shotgun sequence	T	20	4438820
NC_054072.1 Falco naumanni isolate bFalNau1 chromosome 19, bFalNau1.pat, whole genome shotgun sequence	T	26	4453321
NC_054072.1 Falco naumanni isolate bFalNau1 chromosome 19, bFalNau1.pat, whole genome shotgun sequence	T	18	4493294
NC_054072.1 Falco naumanni isolate bFalNau1 chromosome 19, bFalNau1.pat, whole genome shotgun sequence	A	17	4510466
NC_054072.1 Falco naumanni isolate bFalNau1 chromosome 19, bFalNau1.pat, whole genome shotgun sequence	A	18	4518484
NC_054072.1 Falco naumanni isolate bFalNau1 chromosome 19, bFalNau1.pat, whole genome shotgun sequence	A	16	4565473
NC_054072.1 Falco naumanni isolate bFalNau1 chromosome 19, bFalNau1.pat, whole genome shotgun sequence	T	32	4571802
NC_054072.1 Falco naumanni isolate bFalNau1 chromosome 19, bFalNau1.pat, whole genome shotgun sequence	C	17	4584096
NC_054072.1 Falco naumanni isolate bFalNau1 chromosome 19, bFalNau1.pat, whole genome shotgun sequence	T	16	4585958
NC_054072.1 Falco naumanni isolate bFalNau1 chromosome 19, bFalNau1.pat, whole genome shotgun sequence	T	19	4607360
NC_054072.1 Falco naumanni isolate bFalNau1 chromosome 19, bFalNau1.pat, whole genome shotgun sequence	T	26	4617235
NC_054072.1 Falco naumanni isolate bFalNau1 chromosome 19, bFalNau1.pat, whole genome shotgun sequence	T	23	4624487
NC_054072.1 Falco naumanni isolate bFalNau1 chromosome 19, bFalNau1.pat, whole genome shotgun sequence	A	23	4630805
NC_054072.1 Falco naumanni isolate bFalNau1 chromosome 19, bFalNau1.pat, whole genome shotgun sequence	C	25	4631835
NC_054072.1 Falco naumanni isolate bFalNau1 chromosome 19, bFalNau1.pat, whole genome shotgun sequence	A	17	4633281
NC_054072.1 Falco naumanni isolate bFalNau1 chromosome 19, bFalNau1.pat, whole genome shotgun sequence	A	17	4649875
NC_054072.1 Falco naumanni isolate bFalNau1 chromosome 19, bFalNau1.pat, whole genome shotgun sequence	T	34	4650419
NC_054072.1 Falco naumanni isolate bFalNau1 chromosome 19, bFalNau1.pat, whole genome shotgun sequence	T	22	4670128
NC_054072.1 Falco naumanni isolate bFalNau1 chromosome 19, bFalNau1.pat, whole genome shotgun sequence	T	17	4677171
NC_054072.1 Falco naumanni isolate bFalNau1 chromosome 19, bFalNau1.pat, whole genome shotgun sequence	T	17	4682454
NC_054072.1 Falco naumanni isolate bFalNau1 chromosome 19, bFalNau1.pat, whole genome shotgun sequence	T	30	4693225
NC_054072.1 Falco naumanni isolate bFalNau1 chromosome 19, bFalNau1.pat, whole genome shotgun sequence	T	19	4703878
NC_054072.1 Falco naumanni isolate bFalNau1 chromosome 19, bFalNau1.pat, whole genome shotgun sequence	A	20	4712233
NC_054072.1 Falco naumanni isolate bFalNau1 chromosome 19, bFalNau1.pat, whole genome shotgun sequence	T	33	4716365
NC_054072.1 Falco naumanni isolate bFalNau1 chromosome 19, bFalNau1.pat, whole genome shotgun sequence	T	21	4754941
NC_054072.1 Falco naumanni isolate bFalNau1 chromosome 19, bFalNau1.pat, whole genome shotgun sequence	T	23	4759030
NC_054072.1 Falco naumanni isolate bFalNau1 chromosome 19, bFalNau1.pat, whole genome shotgun sequence	T	17	4767514
NC_054072.1 Falco naumanni isolate bFalNau1 chromosome 19, bFalNau1.pat, whole genome shotgun sequence	A	17	4768048
NC_054072.1 Falco naumanni isolate bFalNau1 chromosome 19, bFalNau1.pat, whole genome shotgun sequence	A	19	4768086
NC_054072.1 Falco naumanni isolate bFalNau1 chromosome 19, bFalNau1.pat, whole genome shotgun sequence	A	18	4768106
NC_054072.1 Falco naumanni isolate bFalNau1 chromosome 19, bFalNau1.pat, whole genome shotgun sequence	C	24	4768619
NC_054072.1 Falco naumanni isolate bFalNau1 chromosome 19, bFalNau1.pat, whole genome shotgun sequence	G	23	4812742
NC_054072.1 Falco naumanni isolate bFalNau1 chromosome 19, bFalNau1.pat, whole genome shotgun sequence	A	16	4813295
NC_054072.1 Falco naumanni isolate bFalNau1 chromosome 19, bFalNau1.pat, whole genome shotgun sequence	C	26	4820241
NC_054072.1 Falco naumanni isolate bFalNau1 chromosome 19, bFalNau1.pat, whole genome shotgun sequence	A	23	4837924
NC_054072.1 Falco naumanni isolate bFalNau1 chromosome 19, bFalNau1.pat, whole genome shotgun sequence	T	16	4857403
NC_054072.1 Falco naumanni isolate bFalNau1 chromosome 19, bFalNau1.pat, whole genome shotgun sequence	A	17	4866911
NC_054072.1 Falco naumanni isolate bFalNau1 chromosome 19, bFalNau1.pat, whole genome shotgun sequence	A	17	4877171
NC_054072.1 Falco naumanni isolate bFalNau1 chromosome 19, bFalNau1.pat, whole genome shotgun sequence	G	22	4882856
NC_054072.1 Falco naumanni isolate bFalNau1 chromosome 19, bFalNau1.pat, whole genome shotgun sequence	A	35	4896409
NC_054072.1 Falco naumanni isolate bFalNau1 chromosome 19, bFalNau1.pat, whole genome shotgun sequence	A	18	4900105
NC_054072.1 Falco naumanni isolate bFalNau1 chromosome 19, bFalNau1.pat, whole genome shotgun sequence	G	16	4900871
NC_054072.1 Falco naumanni isolate bFalNau1 chromosome 19, bFalNau1.pat, whole genome shotgun sequence	T	16	4915855
NC_054072.1 Falco naumanni isolate bFalNau1 chromosome 19, bFalNau1.pat, whole genome shotgun sequence	C	18	4925084
NC_054072.1 Falco naumanni isolate bFalNau1 chromosome 19, bFalNau1.pat, whole genome shotgun sequence	A	22	4930712
NC_054072.1 Falco naumanni isolate bFalNau1 chromosome 19, bFalNau1.pat, whole genome shotgun sequence	C	22	4932923
NC_054072.1 Falco naumanni isolate bFalNau1 chromosome 19, bFalNau1.pat, whole genome shotgun sequence	T	18	4954401
NC_054072.1 Falco naumanni isolate bFalNau1 chromosome 19, bFalNau1.pat, whole genome shotgun sequence	G	18	4962966
NC_054072.1 Falco naumanni isolate bFalNau1 chromosome 19, bFalNau1.pat, whole genome shotgun sequence	A	17	4967875
NC_054072.1 Falco naumanni isolate bFalNau1 chromosome 19, bFalNau1.pat, whole genome shotgun sequence	A	17	4975054
NC_054072.1 Falco naumanni isolate bFalNau1 chromosome 19, bFalNau1.pat, whole genome shotgun sequence	A	18	4992188
NC_054072.1 Falco naumanni isolate bFalNau1 chromosome 19, bFalNau1.pat, whole genome shotgun sequence	T	18	5015828
NC_054072.1 Falco naumanni isolate bFalNau1 chromosome 19, bFalNau1.pat, whole genome shotgun sequence	A	21	5029131
NC_054072.1 Falco naumanni isolate bFalNau1 chromosome 19, bFalNau1.pat, whole genome shotgun sequence	A	17	5036066
NC_054072.1 Falco naumanni isolate bFalNau1 chromosome 19, bFalNau1.pat, whole genome shotgun sequence	G	33	5048258
NC_054072.1 Falco naumanni isolate bFalNau1 chromosome 19, bFalNau1.pat, whole genome shotgun sequence	T	16	5061580
NC_054072.1 Falco naumanni isolate bFalNau1 chromosome 19, bFalNau1.pat, whole genome shotgun sequence	T	23	5064518
NC_054072.1 Falco naumanni isolate bFalNau1 chromosome 19, bFalNau1.pat, whole genome shotgun sequence	T	16	5068892
NC_054072.1 Falco naumanni isolate bFalNau1 chromosome 19, bFalNau1.pat, whole genome shotgun sequence	T	19	5072334
NC_054072.1 Falco naumanni isolate bFalNau1 chromosome 19, bFalNau1.pat, whole genome shotgun sequence	A	25	5081943
NC_054072.1 Falco naumanni isolate bFalNau1 chromosome 19, bFalNau1.pat, whole genome shotgun sequence	A	18	5108434
NC_054072.1 Falco naumanni isolate bFalNau1 chromosome 19, bFalNau1.pat, whole genome shotgun sequence	A	19	5108635
NC_054072.1 Falco naumanni isolate bFalNau1 chromosome 19, bFalNau1.pat, whole genome shotgun sequence	A	22	5115206
NC_054072.1 Falco naumanni isolate bFalNau1 chromosome 19, bFalNau1.pat, whole genome shotgun sequence	A	17	5141145
NC_054072.1 Falco naumanni isolate bFalNau1 chromosome 19, bFalNau1.pat, whole genome shotgun sequence	A	18	5146941
NC_054072.1 Falco naumanni isolate bFalNau1 chromosome 19, bFalNau1.pat, whole genome shotgun sequence	A	17	5149632
NC_054072.1 Falco naumanni isolate bFalNau1 chromosome 19, bFalNau1.pat, whole genome shotgun sequence	A	19	5157389
NC_054072.1 Falco naumanni isolate bFalNau1 chromosome 19, bFalNau1.pat, whole genome shotgun sequence	G	27	5159444
NC_054072.1 Falco naumanni isolate bFalNau1 chromosome 19, bFalNau1.pat, whole genome shotgun sequence	T	18	5196451
NC_054072.1 Falco naumanni isolate bFalNau1 chromosome 19, bFalNau1.pat, whole genome shotgun sequence	A	20	5222201
NC_054072.1 Falco naumanni isolate bFalNau1 chromosome 19, bFalNau1.pat, whole genome shotgun sequence	T	27	5227329
NC_054072.1 Falco naumanni isolate bFalNau1 chromosome 19, bFalNau1.pat, whole genome shotgun sequence	G	32	5244964
NC_054072.1 Falco naumanni isolate bFalNau1 chromosome 19, bFalNau1.pat, whole genome shotgun sequence	T	28	5249818
NC_054072.1 Falco naumanni isolate bFalNau1 chromosome 19, bFalNau1.pat, whole genome shotgun sequence	C	27	5267546
NC_054072.1 Falco naumanni isolate bFalNau1 chromosome 19, bFalNau1.pat, whole genome shotgun sequence	A	18	5292472
NC_054072.1 Falco naumanni isolate bFalNau1 chromosome 19, bFalNau1.pat, whole genome shotgun sequence	A	25	5292957
NC_054072.1 Falco naumanni isolate bFalNau1 chromosome 19, bFalNau1.pat, whole genome shotgun sequence	T	16	5319869
NC_054072.1 Falco naumanni isolate bFalNau1 chromosome 19, bFalNau1.pat, whole genome shotgun sequence	T	17	5332842
NC_054072.1 Falco naumanni isolate bFalNau1 chromosome 19, bFalNau1.pat, whole genome shotgun sequence	A	20	5334198
NC_054072.1 Falco naumanni isolate bFalNau1 chromosome 19, bFalNau1.pat, whole genome shotgun sequence	C	33	5367845
NC_054072.1 Falco naumanni isolate bFalNau1 chromosome 19, bFalNau1.pat, whole genome shotgun sequence	A	21	5369995
NC_054072.1 Falco naumanni isolate bFalNau1 chromosome 19, bFalNau1.pat, whole genome shotgun sequence	T	18	5370256
NC_054072.1 Falco naumanni isolate bFalNau1 chromosome 19, bFalNau1.pat, whole genome shotgun sequence	G	16	5370692
NC_054072.1 Falco naumanni isolate bFalNau1 chromosome 19, bFalNau1.pat, whole genome shotgun sequence	C	20	5371058
NC_054072.1 Falco naumanni isolate bFalNau1 chromosome 19, bFalNau1.pat, whole genome shotgun sequence	T	18	5377989
NC_054072.1 Falco naumanni isolate bFalNau1 chromosome 19, bFalNau1.pat, whole genome shotgun sequence	A	23	5392904
NC_054072.1 Falco naumanni isolate bFalNau1 chromosome 19, bFalNau1.pat, whole genome shotgun sequence	A	18	5401645
NC_054072.1 Falco naumanni isolate bFalNau1 chromosome 19, bFalNau1.pat, whole genome shotgun sequence	C	16	5413651
NC_054072.1 Falco naumanni isolate bFalNau1 chromosome 19, bFalNau1.pat, whole genome shotgun sequence	A	27	5438004
NC_054072.1 Falco naumanni isolate bFalNau1 chromosome 19, bFalNau1.pat, whole genome shotgun sequence	G	17	5480882
NC_054072.1 Falco naumanni isolate bFalNau1 chromosome 19, bFalNau1.pat, whole genome shotgun sequence	T	22	5482174
NC_054072.1 Falco naumanni isolate bFalNau1 chromosome 19, bFalNau1.pat, whole genome shotgun sequence	T	17	5489271
NC_054072.1 Falco naumanni isolate bFalNau1 chromosome 19, bFalNau1.pat, whole genome shotgun sequence	T	21	5494119
NC_054072.1 Falco naumanni isolate bFalNau1 chromosome 19, bFalNau1.pat, whole genome shotgun sequence	T	17	5507828
NC_054072.1 Falco naumanni isolate bFalNau1 chromosome 19, bFalNau1.pat, whole genome shotgun sequence	C	19	5515496
NC_054072.1 Falco naumanni isolate bFalNau1 chromosome 19, bFalNau1.pat, whole genome shotgun sequence	C	21	5523666
NC_054072.1 Falco naumanni isolate bFalNau1 chromosome 19, bFalNau1.pat, whole genome shotgun sequence	G	17	5554336
NC_054072.1 Falco naumanni isolate bFalNau1 chromosome 19, bFalNau1.pat, whole genome shotgun sequence	C	26	5555971
NC_054072.1 Falco naumanni isolate bFalNau1 chromosome 19, bFalNau1.pat, whole genome shotgun sequence	A	19	5566505
NC_054072.1 Falco naumanni isolate bFalNau1 chromosome 19, bFalNau1.pat, whole genome shotgun sequence	A	24	5570758
NC_054072.1 Falco naumanni isolate bFalNau1 chromosome 19, bFalNau1.pat, whole genome shotgun sequence	T	16	5575180
NC_054072.1 Falco naumanni isolate bFalNau1 chromosome 19, bFalNau1.pat, whole genome shotgun sequence	A	18	5585873
NC_054072.1 Falco naumanni isolate bFalNau1 chromosome 19, bFalNau1.pat, whole genome shotgun sequence	A	17	5601893
NC_054072.1 Falco naumanni isolate bFalNau1 chromosome 19, bFalNau1.pat, whole genome shotgun sequence	C	18	5603093
NC_054072.1 Falco naumanni isolate bFalNau1 chromosome 19, bFalNau1.pat, whole genome shotgun sequence	C	24	5611624
NC_054072.1 Falco naumanni isolate bFalNau1 chromosome 19, bFalNau1.pat, whole genome shotgun sequence	G	20	5625414
NC_054072.1 Falco naumanni isolate bFalNau1 chromosome 19, bFalNau1.pat, whole genome shotgun sequence	C	18	5626701
NC_054072.1 Falco naumanni isolate bFalNau1 chromosome 19, bFalNau1.pat, whole genome shotgun sequence	C	17	5630024
NC_054072.1 Falco naumanni isolate bFalNau1 chromosome 19, bFalNau1.pat, whole genome shotgun sequence	A	19	5639539
NC_054072.1 Falco naumanni isolate bFalNau1 chromosome 19, bFalNau1.pat, whole genome shotgun sequence	G	16	5644957
NC_054072.1 Falco naumanni isolate bFalNau1 chromosome 19, bFalNau1.pat, whole genome shotgun sequence	G	23	5651513
NC_054072.1 Falco naumanni isolate bFalNau1 chromosome 19, bFalNau1.pat, whole genome shotgun sequence	C	21	5689587
NC_054072.1 Falco naumanni isolate bFalNau1 chromosome 19, bFalNau1.pat, whole genome shotgun sequence	T	18	5739708
NC_054072.1 Falco naumanni isolate bFalNau1 chromosome 19, bFalNau1.pat, whole genome shotgun sequence	T	18	5740045
NC_054072.1 Falco naumanni isolate bFalNau1 chromosome 19, bFalNau1.pat, whole genome shotgun sequence	G	17	5740264
NC_054072.1 Falco naumanni isolate bFalNau1 chromosome 19, bFalNau1.pat, whole genome shotgun sequence	G	23	5816101
NC_054072.1 Falco naumanni isolate bFalNau1 chromosome 19, bFalNau1.pat, whole genome shotgun sequence	C	17	5823562
NC_054072.1 Falco naumanni isolate bFalNau1 chromosome 19, bFalNau1.pat, whole genome shotgun sequence	A	17	5882470
NC_054072.1 Falco naumanni isolate bFalNau1 chromosome 19, bFalNau1.pat, whole genome shotgun sequence	A	16	5934754
NC_054072.1 Falco naumanni isolate bFalNau1 chromosome 19, bFalNau1.pat, whole genome shotgun sequence	T	16	5951558
NC_054072.1 Falco naumanni isolate bFalNau1 chromosome 19, bFalNau1.pat, whole genome shotgun sequence	A	18	5955209
NC_054072.1 Falco naumanni isolate bFalNau1 chromosome 19, bFalNau1.pat, whole genome shotgun sequence	T	21	5957192
NC_054072.1 Falco naumanni isolate bFalNau1 chromosome 19, bFalNau1.pat, whole genome shotgun sequence	A	17	5963024
NC_054072.1 Falco naumanni isolate bFalNau1 chromosome 19, bFalNau1.pat, whole genome shotgun sequence	G	25	5996308
NC_054072.1 Falco naumanni isolate bFalNau1 chromosome 19, bFalNau1.pat, whole genome shotgun sequence	T	19	5998154
NC_054072.1 Falco naumanni isolate bFalNau1 chromosome 19, bFalNau1.pat, whole genome shotgun sequence	A	18	5999887
NC_054072.1 Falco naumanni isolate bFalNau1 chromosome 19, bFalNau1.pat, whole genome shotgun sequence	G	31	6010085
NC_054072.1 Falco naumanni isolate bFalNau1 chromosome 19, bFalNau1.pat, whole genome shotgun sequence	G	21	6010120
NC_054072.1 Falco naumanni isolate bFalNau1 chromosome 19, bFalNau1.pat, whole genome shotgun sequence	G	17	6010237
NC_054072.1 Falco naumanni isolate bFalNau1 chromosome 19, bFalNau1.pat, whole genome shotgun sequence	A	24	6022958
NC_054072.1 Falco naumanni isolate bFalNau1 chromosome 19, bFalNau1.pat, whole genome shotgun sequence	G	21	6038717
NC_054072.1 Falco naumanni isolate bFalNau1 chromosome 19, bFalNau1.pat, whole genome shotgun sequence	A	29	6047292
NC_054072.1 Falco naumanni isolate bFalNau1 chromosome 19, bFalNau1.pat, whole genome shotgun sequence	A	21	6062277
NC_054072.1 Falco naumanni isolate bFalNau1 chromosome 19, bFalNau1.pat, whole genome shotgun sequence	A	24	6064294
NC_054072.1 Falco naumanni isolate bFalNau1 chromosome 19, bFalNau1.pat, whole genome shotgun sequence	G	23	6072932
NC_054072.1 Falco naumanni isolate bFalNau1 chromosome 19, bFalNau1.pat, whole genome shotgun sequence	C	16	6085702
NC_054072.1 Falco naumanni isolate bFalNau1 chromosome 19, bFalNau1.pat, whole genome shotgun sequence	G	19	6155574
NC_054072.1 Falco naumanni isolate bFalNau1 chromosome 19, bFalNau1.pat, whole genome shotgun sequence	T	17	6192872
NC_054072.1 Falco naumanni isolate bFalNau1 chromosome 19, bFalNau1.pat, whole genome shotgun sequence	T	29	6225980
NC_054072.1 Falco naumanni isolate bFalNau1 chromosome 19, bFalNau1.pat, whole genome shotgun sequence	T	25	6231121
NC_054072.1 Falco naumanni isolate bFalNau1 chromosome 19, bFalNau1.pat, whole genome shotgun sequence	T	29	6288761
NC_054072.1 Falco naumanni isolate bFalNau1 chromosome 19, bFalNau1.pat, whole genome shotgun sequence	T	24	6297905
NC_054072.1 Falco naumanni isolate bFalNau1 chromosome 19, bFalNau1.pat, whole genome shotgun sequence	A	43	6317447
NC_054072.1 Falco naumanni isolate bFalNau1 chromosome 19, bFalNau1.pat, whole genome shotgun sequence	A	16	6320333
NC_054072.1 Falco naumanni isolate bFalNau1 chromosome 19, bFalNau1.pat, whole genome shotgun sequence	C	24	6353342
NC_054072.1 Falco naumanni isolate bFalNau1 chromosome 19, bFalNau1.pat, whole genome shotgun sequence	TG	21	2747851
NC_054072.1 Falco naumanni isolate bFalNau1 chromosome 19, bFalNau1.pat, whole genome shotgun sequence	TA	15	2910829
NC_054072.1 Falco naumanni isolate bFalNau1 chromosome 19, bFalNau1.pat, whole genome shotgun sequence	AT	15	2984088
NC_054072.1 Falco naumanni isolate bFalNau1 chromosome 19, bFalNau1.pat, whole genome shotgun sequence	CA	14	3579346
NC_054072.1 Falco naumanni isolate bFalNau1 chromosome 19, bFalNau1.pat, whole genome shotgun sequence	GT	17	3788377
NC_054072.1 Falco naumanni isolate bFalNau1 chromosome 19, bFalNau1.pat, whole genome shotgun sequence	G	18	1550930
NC_054072.1 Falco naumanni isolate bFalNau1 chromosome 19, bFalNau1.pat, whole genome shotgun sequence	C	24	1587216
NC_054072.1 Falco naumanni isolate bFalNau1 chromosome 19, bFalNau1.pat, whole genome shotgun sequence	C	19	1594220
NC_054072.1 Falco naumanni isolate bFalNau1 chromosome 19, bFalNau1.pat, whole genome shotgun sequence	A	16	1594932
NC_054072.1 Falco naumanni isolate bFalNau1 chromosome 19, bFalNau1.pat, whole genome shotgun sequence	A	21	1595328
NC_054072.1 Falco naumanni isolate bFalNau1 chromosome 19, bFalNau1.pat, whole genome shotgun sequence	A	28	1598019
NC_054072.1 Falco naumanni isolate bFalNau1 chromosome 19, bFalNau1.pat, whole genome shotgun sequence	A	24	1600784
NC_054072.1 Falco naumanni isolate bFalNau1 chromosome 19, bFalNau1.pat, whole genome shotgun sequence	A	16	1602803
NC_054072.1 Falco naumanni isolate bFalNau1 chromosome 19, bFalNau1.pat, whole genome shotgun sequence	T	27	1603799
NC_054072.1 Falco naumanni isolate bFalNau1 chromosome 19, bFalNau1.pat, whole genome shotgun sequence	G	17	1612927
NC_054072.1 Falco naumanni isolate bFalNau1 chromosome 19, bFalNau1.pat, whole genome shotgun sequence	G	19	1624331
NC_054072.1 Falco naumanni isolate bFalNau1 chromosome 19, bFalNau1.pat, whole genome shotgun sequence	C	18	1628375
NC_054072.1 Falco naumanni isolate bFalNau1 chromosome 19, bFalNau1.pat, whole genome shotgun sequence	A	16	1628496
NC_054072.1 Falco naumanni isolate bFalNau1 chromosome 19, bFalNau1.pat, whole genome shotgun sequence	A	25	1629150
NC_054072.1 Falco naumanni isolate bFalNau1 chromosome 19, bFalNau1.pat, whole genome shotgun sequence	A	16	1632020
NC_054072.1 Falco naumanni isolate bFalNau1 chromosome 19, bFalNau1.pat, whole genome shotgun sequence	G	23	1634505
NC_054072.1 Falco naumanni isolate bFalNau1 chromosome 19, bFalNau1.pat, whole genome shotgun sequence	A	19	1643094
NC_054072.1 Falco naumanni isolate bFalNau1 chromosome 19, bFalNau1.pat, whole genome shotgun sequence	A	25	1644123
NC_054072.1 Falco naumanni isolate bFalNau1 chromosome 19, bFalNau1.pat, whole genome shotgun sequence	A	30	1644611
NC_054072.1 Falco naumanni isolate bFalNau1 chromosome 19, bFalNau1.pat, whole genome shotgun sequence	T	19	1646463
NC_054072.1 Falco naumanni isolate bFalNau1 chromosome 19, bFalNau1.pat, whole genome shotgun sequence	A	24	1658008
NC_054072.1 Falco naumanni isolate bFalNau1 chromosome 19, bFalNau1.pat, whole genome shotgun sequence	T	22	1662502
NC_054072.1 Falco naumanni isolate bFalNau1 chromosome 19, bFalNau1.pat, whole genome shotgun sequence	C	20	1664671
NC_054072.1 Falco naumanni isolate bFalNau1 chromosome 19, bFalNau1.pat, whole genome shotgun sequence	A	17	1683085
NC_054072.1 Falco naumanni isolate bFalNau1 chromosome 19, bFalNau1.pat, whole genome shotgun sequence	C	16	1683711
NC_054072.1 Falco naumanni isolate bFalNau1 chromosome 19, bFalNau1.pat, whole genome shotgun sequence	A	19	1685653
NC_054072.1 Falco naumanni isolate bFalNau1 chromosome 19, bFalNau1.pat, whole genome shotgun sequence	A	17	1694460
NC_054072.1 Falco naumanni isolate bFalNau1 chromosome 19, bFalNau1.pat, whole genome shotgun sequence	A	23	1696424
NC_054072.1 Falco naumanni isolate bFalNau1 chromosome 19, bFalNau1.pat, whole genome shotgun sequence	T	17	1698328
NC_054072.1 Falco naumanni isolate bFalNau1 chromosome 19, bFalNau1.pat, whole genome shotgun sequence	A	18	1700121
NC_054072.1 Falco naumanni isolate bFalNau1 chromosome 19, bFalNau1.pat, whole genome shotgun sequence	C	26	1705774
NC_054072.1 Falco naumanni isolate bFalNau1 chromosome 19, bFalNau1.pat, whole genome shotgun sequence	T	21	1722564
NC_054072.1 Falco naumanni isolate bFalNau1 chromosome 19, bFalNau1.pat, whole genome shotgun sequence	T	16	1729845
NC_054072.1 Falco naumanni isolate bFalNau1 chromosome 19, bFalNau1.pat, whole genome shotgun sequence	A	17	1730689
NC_054072.1 Falco naumanni isolate bFalNau1 chromosome 19, bFalNau1.pat, whole genome shotgun sequence	T	28	1736608
NC_054072.1 Falco naumanni isolate bFalNau1 chromosome 19, bFalNau1.pat, whole genome shotgun sequence	A	20	1741514
NC_054072.1 Falco naumanni isolate bFalNau1 chromosome 19, bFalNau1.pat, whole genome shotgun sequence	T	17	1743270
NC_054072.1 Falco naumanni isolate bFalNau1 chromosome 19, bFalNau1.pat, whole genome shotgun sequence	T	29	1744626
NC_054072.1 Falco naumanni isolate bFalNau1 chromosome 19, bFalNau1.pat, whole genome shotgun sequence	A	19	1746086
NC_054072.1 Falco naumanni isolate bFalNau1 chromosome 19, bFalNau1.pat, whole genome shotgun sequence	A	16	1750037
NC_054072.1 Falco naumanni isolate bFalNau1 chromosome 19, bFalNau1.pat, whole genome shotgun sequence	A	19	1750106
NC_054072.1 Falco naumanni isolate bFalNau1 chromosome 19, bFalNau1.pat, whole genome shotgun sequence	A	20	1750469
NC_054072.1 Falco naumanni isolate bFalNau1 chromosome 19, bFalNau1.pat, whole genome shotgun sequence	A	21	1764252
NC_054072.1 Falco naumanni isolate bFalNau1 chromosome 19, bFalNau1.pat, whole genome shotgun sequence	A	16	1765994
NC_054072.1 Falco naumanni isolate bFalNau1 chromosome 19, bFalNau1.pat, whole genome shotgun sequence	T	17	1767509
NC_054072.1 Falco naumanni isolate bFalNau1 chromosome 19, bFalNau1.pat, whole genome shotgun sequence	A	18	1779975
NC_054072.1 Falco naumanni isolate bFalNau1 chromosome 19, bFalNau1.pat, whole genome shotgun sequence	T	25	1780897
NC_054072.1 Falco naumanni isolate bFalNau1 chromosome 19, bFalNau1.pat, whole genome shotgun sequence	T	19	1785092
NC_054072.1 Falco naumanni isolate bFalNau1 chromosome 19, bFalNau1.pat, whole genome shotgun sequence	A	16	1787141
NC_054072.1 Falco naumanni isolate bFalNau1 chromosome 19, bFalNau1.pat, whole genome shotgun sequence	T	30	1790639
NC_054072.1 Falco naumanni isolate bFalNau1 chromosome 19, bFalNau1.pat, whole genome shotgun sequence	A	27	1792845
NC_054072.1 Falco naumanni isolate bFalNau1 chromosome 19, bFalNau1.pat, whole genome shotgun sequence	C	21	1805115
NC_054072.1 Falco naumanni isolate bFalNau1 chromosome 19, bFalNau1.pat, whole genome shotgun sequence	T	18	1806030
NC_054072.1 Falco naumanni isolate bFalNau1 chromosome 19, bFalNau1.pat, whole genome shotgun sequence	A	17	1811013
NC_054072.1 Falco naumanni isolate bFalNau1 chromosome 19, bFalNau1.pat, whole genome shotgun sequence	T	16	1828779
NC_054072.1 Falco naumanni isolate bFalNau1 chromosome 19, bFalNau1.pat, whole genome shotgun sequence	T	16	1833283
NC_054072.1 Falco naumanni isolate bFalNau1 chromosome 19, bFalNau1.pat, whole genome shotgun sequence	A	23	1841540
NC_054072.1 Falco naumanni isolate bFalNau1 chromosome 19, bFalNau1.pat, whole genome shotgun sequence	A	17	1854678
NC_054072.1 Falco naumanni isolate bFalNau1 chromosome 19, bFalNau1.pat, whole genome shotgun sequence	A	23	1857194
NC_054072.1 Falco naumanni isolate bFalNau1 chromosome 19, bFalNau1.pat, whole genome shotgun sequence	C	22	1862259
NC_054072.1 Falco naumanni isolate bFalNau1 chromosome 19, bFalNau1.pat, whole genome shotgun sequence	A	28	1878372
NC_054072.1 Falco naumanni isolate bFalNau1 chromosome 19, bFalNau1.pat, whole genome shotgun sequence	T	17	1882811
NC_054072.1 Falco naumanni isolate bFalNau1 chromosome 19, bFalNau1.pat, whole genome shotgun sequence	G	22	1888827
NC_054072.1 Falco naumanni isolate bFalNau1 chromosome 19, bFalNau1.pat, whole genome shotgun sequence	T	17	1919181
NC_054072.1 Falco naumanni isolate bFalNau1 chromosome 19, bFalNau1.pat, whole genome shotgun sequence	A	16	1934411
NC_054072.1 Falco naumanni isolate bFalNau1 chromosome 19, bFalNau1.pat, whole genome shotgun sequence	A	16	1958304
NC_054072.1 Falco naumanni isolate bFalNau1 chromosome 19, bFalNau1.pat, whole genome shotgun sequence	C	16	1968423
NC_054072.1 Falco naumanni isolate bFalNau1 chromosome 19, bFalNau1.pat, whole genome shotgun sequence	A	18	1992570
NC_054072.1 Falco naumanni isolate bFalNau1 chromosome 19, bFalNau1.pat, whole genome shotgun sequence	T	20	2004338
NC_054072.1 Falco naumanni isolate bFalNau1 chromosome 19, bFalNau1.pat, whole genome shotgun sequence	G	38	2041150
NC_054072.1 Falco naumanni isolate bFalNau1 chromosome 19, bFalNau1.pat, whole genome shotgun sequence	A	30	2042453
NC_054072.1 Falco naumanni isolate bFalNau1 chromosome 19, bFalNau1.pat, whole genome shotgun sequence	A	33	2044186
NC_054072.1 Falco naumanni isolate bFalNau1 chromosome 19, bFalNau1.pat, whole genome shotgun sequence	G	26	2053848
NC_054072.1 Falco naumanni isolate bFalNau1 chromosome 19, bFalNau1.pat, whole genome shotgun sequence	C	22	2061027
NC_054072.1 Falco naumanni isolate bFalNau1 chromosome 19, bFalNau1.pat, whole genome shotgun sequence	T	17	2066905
NC_054072.1 Falco naumanni isolate bFalNau1 chromosome 19, bFalNau1.pat, whole genome shotgun sequence	T	22	2068914
NC_054072.1 Falco naumanni isolate bFalNau1 chromosome 19, bFalNau1.pat, whole genome shotgun sequence	T	18	2078748
NC_054072.1 Falco naumanni isolate bFalNau1 chromosome 19, bFalNau1.pat, whole genome shotgun sequence	A	22	2083887
NC_054072.1 Falco naumanni isolate bFalNau1 chromosome 19, bFalNau1.pat, whole genome shotgun sequence	A	17	2085794
NC_054072.1 Falco naumanni isolate bFalNau1 chromosome 19, bFalNau1.pat, whole genome shotgun sequence	A	25	2106675
NC_054072.1 Falco naumanni isolate bFalNau1 chromosome 19, bFalNau1.pat, whole genome shotgun sequence	T	17	2111226
NC_054072.1 Falco naumanni isolate bFalNau1 chromosome 19, bFalNau1.pat, whole genome shotgun sequence	C	18	2115242
NC_054072.1 Falco naumanni isolate bFalNau1 chromosome 19, bFalNau1.pat, whole genome shotgun sequence	A	20	2117533
NC_054072.1 Falco naumanni isolate bFalNau1 chromosome 19, bFalNau1.pat, whole genome shotgun sequence	G	17	2121630
NC_054072.1 Falco naumanni isolate bFalNau1 chromosome 19, bFalNau1.pat, whole genome shotgun sequence	T	22	2122542
NC_054072.1 Falco naumanni isolate bFalNau1 chromosome 19, bFalNau1.pat, whole genome shotgun sequence	C	21	2122759
NC_054072.1 Falco naumanni isolate bFalNau1 chromosome 19, bFalNau1.pat, whole genome shotgun sequence	A	16	2129691
NC_054072.1 Falco naumanni isolate bFalNau1 chromosome 19, bFalNau1.pat, whole genome shotgun sequence	A	23	2137956
NC_054072.1 Falco naumanni isolate bFalNau1 chromosome 19, bFalNau1.pat, whole genome shotgun sequence	T	16	2150736
NC_054072.1 Falco naumanni isolate bFalNau1 chromosome 19, bFalNau1.pat, whole genome shotgun sequence	A	21	2156834
NC_054072.1 Falco naumanni isolate bFalNau1 chromosome 19, bFalNau1.pat, whole genome shotgun sequence	T	16	2162021
NC_054072.1 Falco naumanni isolate bFalNau1 chromosome 19, bFalNau1.pat, whole genome shotgun sequence	G	27	2162788
NC_054072.1 Falco naumanni isolate bFalNau1 chromosome 19, bFalNau1.pat, whole genome shotgun sequence	A	24	2170274
NC_054072.1 Falco naumanni isolate bFalNau1 chromosome 19, bFalNau1.pat, whole genome shotgun sequence	A	16	2183494
NC_054072.1 Falco naumanni isolate bFalNau1 chromosome 19, bFalNau1.pat, whole genome shotgun sequence	T	18	2183943
NC_054072.1 Falco naumanni isolate bFalNau1 chromosome 19, bFalNau1.pat, whole genome shotgun sequence	T	30	2189007
NC_054072.1 Falco naumanni isolate bFalNau1 chromosome 19, bFalNau1.pat, whole genome shotgun sequence	C	18	2198232
NC_054072.1 Falco naumanni isolate bFalNau1 chromosome 19, bFalNau1.pat, whole genome shotgun sequence	C	20	2228291
NC_054072.1 Falco naumanni isolate bFalNau1 chromosome 19, bFalNau1.pat, whole genome shotgun sequence	A	24	2235637
NC_054072.1 Falco naumanni isolate bFalNau1 chromosome 19, bFalNau1.pat, whole genome shotgun sequence	A	25	2244292
NC_054072.1 Falco naumanni isolate bFalNau1 chromosome 19, bFalNau1.pat, whole genome shotgun sequence	A	18	2251858
NC_054072.1 Falco naumanni isolate bFalNau1 chromosome 19, bFalNau1.pat, whole genome shotgun sequence	T	17	2252097
NC_054072.1 Falco naumanni isolate bFalNau1 chromosome 19, bFalNau1.pat, whole genome shotgun sequence	T	20	2260041
NC_054072.1 Falco naumanni isolate bFalNau1 chromosome 19, bFalNau1.pat, whole genome shotgun sequence	C	18	2260605
NC_054072.1 Falco naumanni isolate bFalNau1 chromosome 19, bFalNau1.pat, whole genome shotgun sequence	C	26	2260788
NC_054072.1 Falco naumanni isolate bFalNau1 chromosome 19, bFalNau1.pat, whole genome shotgun sequence	G	17	2270015
NC_054072.1 Falco naumanni isolate bFalNau1 chromosome 19, bFalNau1.pat, whole genome shotgun sequence	A	16	2274291
NC_054072.1 Falco naumanni isolate bFalNau1 chromosome 19, bFalNau1.pat, whole genome shotgun sequence	A	18	2275133
NC_054072.1 Falco naumanni isolate bFalNau1 chromosome 19, bFalNau1.pat, whole genome shotgun sequence	T	19	2282730
NC_054072.1 Falco naumanni isolate bFalNau1 chromosome 19, bFalNau1.pat, whole genome shotgun sequence	A	21	2284700
NC_054072.1 Falco naumanni isolate bFalNau1 chromosome 19, bFalNau1.pat, whole genome shotgun sequence	A	19	2288424
NC_054072.1 Falco naumanni isolate bFalNau1 chromosome 19, bFalNau1.pat, whole genome shotgun sequence	A	23	2288819
NC_054072.1 Falco naumanni isolate bFalNau1 chromosome 19, bFalNau1.pat, whole genome shotgun sequence	T	18	2303090
NC_054072.1 Falco naumanni isolate bFalNau1 chromosome 19, bFalNau1.pat, whole genome shotgun sequence	A	31	2304952
NC_054072.1 Falco naumanni isolate bFalNau1 chromosome 19, bFalNau1.pat, whole genome shotgun sequence	A	22	2343163
NC_054072.1 Falco naumanni isolate bFalNau1 chromosome 19, bFalNau1.pat, whole genome shotgun sequence	G	25	2348978
NC_054072.1 Falco naumanni isolate bFalNau1 chromosome 19, bFalNau1.pat, whole genome shotgun sequence	A	19	2357931
NC_054072.1 Falco naumanni isolate bFalNau1 chromosome 19, bFalNau1.pat, whole genome shotgun sequence	A	19	2363732
NC_054072.1 Falco naumanni isolate bFalNau1 chromosome 19, bFalNau1.pat, whole genome shotgun sequence	A	26	2363761
NC_054072.1 Falco naumanni isolate bFalNau1 chromosome 19, bFalNau1.pat, whole genome shotgun sequence	A	25	2369314
NC_054072.1 Falco naumanni isolate bFalNau1 chromosome 19, bFalNau1.pat, whole genome shotgun sequence	A	23	2376293
NC_054072.1 Falco naumanni isolate bFalNau1 chromosome 19, bFalNau1.pat, whole genome shotgun sequence	C	16	2376789
NC_054072.1 Falco naumanni isolate bFalNau1 chromosome 19, bFalNau1.pat, whole genome shotgun sequence	A	20	2383599
NC_054072.1 Falco naumanni isolate bFalNau1 chromosome 19, bFalNau1.pat, whole genome shotgun sequence	A	25	2386250
NC_054072.1 Falco naumanni isolate bFalNau1 chromosome 19, bFalNau1.pat, whole genome shotgun sequence	T	19	2410790
NC_054072.1 Falco naumanni isolate bFalNau1 chromosome 19, bFalNau1.pat, whole genome shotgun sequence	A	23	2413951
NC_054072.1 Falco naumanni isolate bFalNau1 chromosome 19, bFalNau1.pat, whole genome shotgun sequence	A	19	2434255
NC_054072.1 Falco naumanni isolate bFalNau1 chromosome 19, bFalNau1.pat, whole genome shotgun sequence	T	22	2450420
NC_054072.1 Falco naumanni isolate bFalNau1 chromosome 19, bFalNau1.pat, whole genome shotgun sequence	T	19	2454663
NC_054072.1 Falco naumanni isolate bFalNau1 chromosome 19, bFalNau1.pat, whole genome shotgun sequence	A	19	2466680
NC_054072.1 Falco naumanni isolate bFalNau1 chromosome 19, bFalNau1.pat, whole genome shotgun sequence	A	21	2474404
NC_054072.1 Falco naumanni isolate bFalNau1 chromosome 19, bFalNau1.pat, whole genome shotgun sequence	A	22	2478152
NC_054072.1 Falco naumanni isolate bFalNau1 chromosome 19, bFalNau1.pat, whole genome shotgun sequence	A	21	2490863
NC_054072.1 Falco naumanni isolate bFalNau1 chromosome 19, bFalNau1.pat, whole genome shotgun sequence	T	16	2497284
NC_054072.1 Falco naumanni isolate bFalNau1 chromosome 19, bFalNau1.pat, whole genome shotgun sequence	A	18	2498608
NC_054072.1 Falco naumanni isolate bFalNau1 chromosome 19, bFalNau1.pat, whole genome shotgun sequence	T	18	2499595
NC_054072.1 Falco naumanni isolate bFalNau1 chromosome 19, bFalNau1.pat, whole genome shotgun sequence	A	22	2503140
NC_054072.1 Falco naumanni isolate bFalNau1 chromosome 19, bFalNau1.pat, whole genome shotgun sequence	A	28	2515918
NC_054072.1 Falco naumanni isolate bFalNau1 chromosome 19, bFalNau1.pat, whole genome shotgun sequence	A	17	2528690
NC_054072.1 Falco naumanni isolate bFalNau1 chromosome 19, bFalNau1.pat, whole genome shotgun sequence	A	21	2535017
NC_054072.1 Falco naumanni isolate bFalNau1 chromosome 19, bFalNau1.pat, whole genome shotgun sequence	A	17	2539902
NC_054072.1 Falco naumanni isolate bFalNau1 chromosome 19, bFalNau1.pat, whole genome shotgun sequence	T	18	2556458
NC_054072.1 Falco naumanni isolate bFalNau1 chromosome 19, bFalNau1.pat, whole genome shotgun sequence	A	16	2560881
NC_054072.1 Falco naumanni isolate bFalNau1 chromosome 19, bFalNau1.pat, whole genome shotgun sequence	T	30	2561176
NC_054072.1 Falco naumanni isolate bFalNau1 chromosome 19, bFalNau1.pat, whole genome shotgun sequence	T	17	2569061
NC_054072.1 Falco naumanni isolate bFalNau1 chromosome 19, bFalNau1.pat, whole genome shotgun sequence	G	16	2575209
NC_054072.1 Falco naumanni isolate bFalNau1 chromosome 19, bFalNau1.pat, whole genome shotgun sequence	T	17	2576574
NC_054072.1 Falco naumanni isolate bFalNau1 chromosome 19, bFalNau1.pat, whole genome shotgun sequence	A	26	2596344
NC_054072.1 Falco naumanni isolate bFalNau1 chromosome 19, bFalNau1.pat, whole genome shotgun sequence	A	28	2624570
NC_054072.1 Falco naumanni isolate bFalNau1 chromosome 19, bFalNau1.pat, whole genome shotgun sequence	A	19	2635948
NC_054072.1 Falco naumanni isolate bFalNau1 chromosome 19, bFalNau1.pat, whole genome shotgun sequence	A	17	2636915
NC_054072.1 Falco naumanni isolate bFalNau1 chromosome 19, bFalNau1.pat, whole genome shotgun sequence	A	22	2648487
NC_054072.1 Falco naumanni isolate bFalNau1 chromosome 19, bFalNau1.pat, whole genome shotgun sequence	A	18	2676896
NC_054072.1 Falco naumanni isolate bFalNau1 chromosome 19, bFalNau1.pat, whole genome shotgun sequence	A	16	2679880
NC_054072.1 Falco naumanni isolate bFalNau1 chromosome 19, bFalNau1.pat, whole genome shotgun sequence	T	23	2689152
NC_054072.1 Falco naumanni isolate bFalNau1 chromosome 19, bFalNau1.pat, whole genome shotgun sequence	A	20	2701057
NC_054072.1 Falco naumanni isolate bFalNau1 chromosome 19, bFalNau1.pat, whole genome shotgun sequence	A	16	2706932
NC_054072.1 Falco naumanni isolate bFalNau1 chromosome 19, bFalNau1.pat, whole genome shotgun sequence	T	19	2706950
NC_054072.1 Falco naumanni isolate bFalNau1 chromosome 19, bFalNau1.pat, whole genome shotgun sequence	A	25	2728885
NC_054072.1 Falco naumanni isolate bFalNau1 chromosome 19, bFalNau1.pat, whole genome shotgun sequence	A	19	2740659
NC_054072.1 Falco naumanni isolate bFalNau1 chromosome 19, bFalNau1.pat, whole genome shotgun sequence	A	24	2746935
NC_054072.1 Falco naumanni isolate bFalNau1 chromosome 19, bFalNau1.pat, whole genome shotgun sequence	G	23	2748784
NC_054072.1 Falco naumanni isolate bFalNau1 chromosome 19, bFalNau1.pat, whole genome shotgun sequence	T	16	2750368
NC_054072.1 Falco naumanni isolate bFalNau1 chromosome 19, bFalNau1.pat, whole genome shotgun sequence	T	16	2750967
NC_054072.1 Falco naumanni isolate bFalNau1 chromosome 19, bFalNau1.pat, whole genome shotgun sequence	G	31	2751995
NC_054072.1 Falco naumanni isolate bFalNau1 chromosome 19, bFalNau1.pat, whole genome shotgun sequence	A	19	2759158
NC_054072.1 Falco naumanni isolate bFalNau1 chromosome 19, bFalNau1.pat, whole genome shotgun sequence	A	18	2760853
NC_054072.1 Falco naumanni isolate bFalNau1 chromosome 19, bFalNau1.pat, whole genome shotgun sequence	A	19	2762060
NC_054072.1 Falco naumanni isolate bFalNau1 chromosome 19, bFalNau1.pat, whole genome shotgun sequence	A	17	2783000
NC_054072.1 Falco naumanni isolate bFalNau1 chromosome 19, bFalNau1.pat, whole genome shotgun sequence	A	30	2785834
NC_054072.1 Falco naumanni isolate bFalNau1 chromosome 19, bFalNau1.pat, whole genome shotgun sequence	A	17	2788540
NC_054072.1 Falco naumanni isolate bFalNau1 chromosome 19, bFalNau1.pat, whole genome shotgun sequence	A	17	2800993
NC_054072.1 Falco naumanni isolate bFalNau1 chromosome 19, bFalNau1.pat, whole genome shotgun sequence	T	19	2808023
NC_054072.1 Falco naumanni isolate bFalNau1 chromosome 19, bFalNau1.pat, whole genome shotgun sequence	T	16	2837311
NC_054072.1 Falco naumanni isolate bFalNau1 chromosome 19, bFalNau1.pat, whole genome shotgun sequence	A	23	2847194
NC_054072.1 Falco naumanni isolate bFalNau1 chromosome 19, bFalNau1.pat, whole genome shotgun sequence	T	19	2847463
NC_054072.1 Falco naumanni isolate bFalNau1 chromosome 19, bFalNau1.pat, whole genome shotgun sequence	T	19	2869168
NC_054072.1 Falco naumanni isolate bFalNau1 chromosome 19, bFalNau1.pat, whole genome shotgun sequence	G	17	2869974
NC_054072.1 Falco naumanni isolate bFalNau1 chromosome 19, bFalNau1.pat, whole genome shotgun sequence	A	16	2883484
NC_054072.1 Falco naumanni isolate bFalNau1 chromosome 19, bFalNau1.pat, whole genome shotgun sequence	T	20	2885087
NC_054072.1 Falco naumanni isolate bFalNau1 chromosome 19, bFalNau1.pat, whole genome shotgun sequence	T	19	2888139
NC_054072.1 Falco naumanni isolate bFalNau1 chromosome 19, bFalNau1.pat, whole genome shotgun sequence	T	25	2888440
NC_054072.1 Falco naumanni isolate bFalNau1 chromosome 19, bFalNau1.pat, whole genome shotgun sequence	T	20	2888723
NC_054072.1 Falco naumanni isolate bFalNau1 chromosome 19, bFalNau1.pat, whole genome shotgun sequence	C	23	2889595
NC_054072.1 Falco naumanni isolate bFalNau1 chromosome 19, bFalNau1.pat, whole genome shotgun sequence	T	24	2889631
NC_054072.1 Falco naumanni isolate bFalNau1 chromosome 19, bFalNau1.pat, whole genome shotgun sequence	T	25	2893143
NC_054072.1 Falco naumanni isolate bFalNau1 chromosome 19, bFalNau1.pat, whole genome shotgun sequence	T	22	2896188
NC_054072.1 Falco naumanni isolate bFalNau1 chromosome 19, bFalNau1.pat, whole genome shotgun sequence	C	21	2897383
NC_054072.1 Falco naumanni isolate bFalNau1 chromosome 19, bFalNau1.pat, whole genome shotgun sequence	C	18	2907023
NC_054072.1 Falco naumanni isolate bFalNau1 chromosome 19, bFalNau1.pat, whole genome shotgun sequence	T	18	2914476
NC_054072.1 Falco naumanni isolate bFalNau1 chromosome 19, bFalNau1.pat, whole genome shotgun sequence	C	20	2919817
NC_054072.1 Falco naumanni isolate bFalNau1 chromosome 19, bFalNau1.pat, whole genome shotgun sequence	T	27	2923499
NC_054072.1 Falco naumanni isolate bFalNau1 chromosome 19, bFalNau1.pat, whole genome shotgun sequence	C	31	2931287
NC_054072.1 Falco naumanni isolate bFalNau1 chromosome 19, bFalNau1.pat, whole genome shotgun sequence	T	16	2936180
NC_054072.1 Falco naumanni isolate bFalNau1 chromosome 19, bFalNau1.pat, whole genome shotgun sequence	A	20	2948050
NC_054072.1 Falco naumanni isolate bFalNau1 chromosome 19, bFalNau1.pat, whole genome shotgun sequence	T	18	2951344
NC_054072.1 Falco naumanni isolate bFalNau1 chromosome 19, bFalNau1.pat, whole genome shotgun sequence	T	26	2951632
NC_054072.1 Falco naumanni isolate bFalNau1 chromosome 19, bFalNau1.pat, whole genome shotgun sequence	T	16	2955095
NC_054072.1 Falco naumanni isolate bFalNau1 chromosome 19, bFalNau1.pat, whole genome shotgun sequence	G	21	2959516
NC_054072.1 Falco naumanni isolate bFalNau1 chromosome 19, bFalNau1.pat, whole genome shotgun sequence	T	19	2959624
NC_054072.1 Falco naumanni isolate bFalNau1 chromosome 19, bFalNau1.pat, whole genome shotgun sequence	T	25	2974400
NC_054072.1 Falco naumanni isolate bFalNau1 chromosome 19, bFalNau1.pat, whole genome shotgun sequence	T	18	2985357
NC_054072.1 Falco naumanni isolate bFalNau1 chromosome 19, bFalNau1.pat, whole genome shotgun sequence	T	20	2995568
NC_054072.1 Falco naumanni isolate bFalNau1 chromosome 19, bFalNau1.pat, whole genome shotgun sequence	T	16	2998494
NC_054072.1 Falco naumanni isolate bFalNau1 chromosome 19, bFalNau1.pat, whole genome shotgun sequence	T	23	3000001
NC_054072.1 Falco naumanni isolate bFalNau1 chromosome 19, bFalNau1.pat, whole genome shotgun sequence	T	16	3001184
NC_054072.1 Falco naumanni isolate bFalNau1 chromosome 19, bFalNau1.pat, whole genome shotgun sequence	A	18	3004880
NC_054072.1 Falco naumanni isolate bFalNau1 chromosome 19, bFalNau1.pat, whole genome shotgun sequence	C	17	3007786
NC_054072.1 Falco naumanni isolate bFalNau1 chromosome 19, bFalNau1.pat, whole genome shotgun sequence	T	16	3010632
NC_054072.1 Falco naumanni isolate bFalNau1 chromosome 19, bFalNau1.pat, whole genome shotgun sequence	T	16	3013842
NC_054072.1 Falco naumanni isolate bFalNau1 chromosome 19, bFalNau1.pat, whole genome shotgun sequence	T	20	3020287
NC_054072.1 Falco naumanni isolate bFalNau1 chromosome 19, bFalNau1.pat, whole genome shotgun sequence	G	16	3023826
NC_054072.1 Falco naumanni isolate bFalNau1 chromosome 19, bFalNau1.pat, whole genome shotgun sequence	T	17	3038234
NC_054072.1 Falco naumanni isolate bFalNau1 chromosome 19, bFalNau1.pat, whole genome shotgun sequence	A	35	3047330
NC_054072.1 Falco naumanni isolate bFalNau1 chromosome 19, bFalNau1.pat, whole genome shotgun sequence	A	17	3073969
NC_054072.1 Falco naumanni isolate bFalNau1 chromosome 19, bFalNau1.pat, whole genome shotgun sequence	A	28	3088280
NC_054072.1 Falco naumanni isolate bFalNau1 chromosome 19, bFalNau1.pat, whole genome shotgun sequence	A	28	3090156
NC_054072.1 Falco naumanni isolate bFalNau1 chromosome 19, bFalNau1.pat, whole genome shotgun sequence	T	21	3093249
NC_054072.1 Falco naumanni isolate bFalNau1 chromosome 19, bFalNau1.pat, whole genome shotgun sequence	G	20	3108474
NC_054072.1 Falco naumanni isolate bFalNau1 chromosome 19, bFalNau1.pat, whole genome shotgun sequence	A	18	3121965
NC_054072.1 Falco naumanni isolate bFalNau1 chromosome 19, bFalNau1.pat, whole genome shotgun sequence	T	17	3122839
NC_054072.1 Falco naumanni isolate bFalNau1 chromosome 19, bFalNau1.pat, whole genome shotgun sequence	C	18	3133259
NC_054072.1 Falco naumanni isolate bFalNau1 chromosome 19, bFalNau1.pat, whole genome shotgun sequence	C	16	3133350
NC_054072.1 Falco naumanni isolate bFalNau1 chromosome 19, bFalNau1.pat, whole genome shotgun sequence	C	22	3133543
NC_054072.1 Falco naumanni isolate bFalNau1 chromosome 19, bFalNau1.pat, whole genome shotgun sequence	C	17	3133808
NC_054072.1 Falco naumanni isolate bFalNau1 chromosome 19, bFalNau1.pat, whole genome shotgun sequence	A	16	3143122
NC_054072.1 Falco naumanni isolate bFalNau1 chromosome 19, bFalNau1.pat, whole genome shotgun sequence	A	17	3152971
NC_054072.1 Falco naumanni isolate bFalNau1 chromosome 19, bFalNau1.pat, whole genome shotgun sequence	A	16	3156668
NC_054072.1 Falco naumanni isolate bFalNau1 chromosome 19, bFalNau1.pat, whole genome shotgun sequence	A	21	3165998
NC_054072.1 Falco naumanni isolate bFalNau1 chromosome 19, bFalNau1.pat, whole genome shotgun sequence	A	25	3176897
NC_054072.1 Falco naumanni isolate bFalNau1 chromosome 19, bFalNau1.pat, whole genome shotgun sequence	A	17	3183479
NC_054072.1 Falco naumanni isolate bFalNau1 chromosome 19, bFalNau1.pat, whole genome shotgun sequence	A	18	3184527
NC_054072.1 Falco naumanni isolate bFalNau1 chromosome 19, bFalNau1.pat, whole genome shotgun sequence	T	24	3188816
NC_054072.1 Falco naumanni isolate bFalNau1 chromosome 19, bFalNau1.pat, whole genome shotgun sequence	A	24	3208782
NC_054072.1 Falco naumanni isolate bFalNau1 chromosome 19, bFalNau1.pat, whole genome shotgun sequence	T	27	3215089
NC_054072.1 Falco naumanni isolate bFalNau1 chromosome 19, bFalNau1.pat, whole genome shotgun sequence	A	20	3217488
NC_054072.1 Falco naumanni isolate bFalNau1 chromosome 19, bFalNau1.pat, whole genome shotgun sequence	A	17	3223028
NC_054072.1 Falco naumanni isolate bFalNau1 chromosome 19, bFalNau1.pat, whole genome shotgun sequence	A	17	3229662
NC_054072.1 Falco naumanni isolate bFalNau1 chromosome 19, bFalNau1.pat, whole genome shotgun sequence	A	20	3238022
NC_054072.1 Falco naumanni isolate bFalNau1 chromosome 19, bFalNau1.pat, whole genome shotgun sequence	T	17	3250195
NC_054072.1 Falco naumanni isolate bFalNau1 chromosome 19, bFalNau1.pat, whole genome shotgun sequence	A	17	3265693
NC_054072.1 Falco naumanni isolate bFalNau1 chromosome 19, bFalNau1.pat, whole genome shotgun sequence	G	22	3272484
NC_054072.1 Falco naumanni isolate bFalNau1 chromosome 19, bFalNau1.pat, whole genome shotgun sequence	A	25	3288526
NC_054072.1 Falco naumanni isolate bFalNau1 chromosome 19, bFalNau1.pat, whole genome shotgun sequence	T	16	3289180
NC_054072.1 Falco naumanni isolate bFalNau1 chromosome 19, bFalNau1.pat, whole genome shotgun sequence	C	16	3292443
NC_054072.1 Falco naumanni isolate bFalNau1 chromosome 19, bFalNau1.pat, whole genome shotgun sequence	G	19	3294425
NC_054072.1 Falco naumanni isolate bFalNau1 chromosome 19, bFalNau1.pat, whole genome shotgun sequence	A	16	3296831
NC_054072.1 Falco naumanni isolate bFalNau1 chromosome 19, bFalNau1.pat, whole genome shotgun sequence	A	25	3300962
NC_054072.1 Falco naumanni isolate bFalNau1 chromosome 19, bFalNau1.pat, whole genome shotgun sequence	C	19	3303642
NC_054072.1 Falco naumanni isolate bFalNau1 chromosome 19, bFalNau1.pat, whole genome shotgun sequence	T	28	3308397
NC_054072.1 Falco naumanni isolate bFalNau1 chromosome 19, bFalNau1.pat, whole genome shotgun sequence	T	20	3309153
NC_054072.1 Falco naumanni isolate bFalNau1 chromosome 19, bFalNau1.pat, whole genome shotgun sequence	T	30	3316983
NC_054072.1 Falco naumanni isolate bFalNau1 chromosome 19, bFalNau1.pat, whole genome shotgun sequence	T	20	3321981
NC_054072.1 Falco naumanni isolate bFalNau1 chromosome 19, bFalNau1.pat, whole genome shotgun sequence	T	30	3324077
NC_054072.1 Falco naumanni isolate bFalNau1 chromosome 19, bFalNau1.pat, whole genome shotgun sequence	C	25	3326865
NC_054072.1 Falco naumanni isolate bFalNau1 chromosome 19, bFalNau1.pat, whole genome shotgun sequence	A	26	3328782
NC_054072.1 Falco naumanni isolate bFalNau1 chromosome 19, bFalNau1.pat, whole genome shotgun sequence	T	28	3330271
NC_054072.1 Falco naumanni isolate bFalNau1 chromosome 19, bFalNau1.pat, whole genome shotgun sequence	T	19	3342315
NC_054072.1 Falco naumanni isolate bFalNau1 chromosome 19, bFalNau1.pat, whole genome shotgun sequence	A	16	3343761
NC_054072.1 Falco naumanni isolate bFalNau1 chromosome 19, bFalNau1.pat, whole genome shotgun sequence	A	18	3345373
NC_054072.1 Falco naumanni isolate bFalNau1 chromosome 19, bFalNau1.pat, whole genome shotgun sequence	A	18	3347952
NC_054072.1 Falco naumanni isolate bFalNau1 chromosome 19, bFalNau1.pat, whole genome shotgun sequence	A	28	3348823
NC_054072.1 Falco naumanni isolate bFalNau1 chromosome 19, bFalNau1.pat, whole genome shotgun sequence	T	29	3356983
NC_054072.1 Falco naumanni isolate bFalNau1 chromosome 19, bFalNau1.pat, whole genome shotgun sequence	T	20	3360241
NC_054072.1 Falco naumanni isolate bFalNau1 chromosome 19, bFalNau1.pat, whole genome shotgun sequence	T	22	3371466
NC_054072.1 Falco naumanni isolate bFalNau1 chromosome 19, bFalNau1.pat, whole genome shotgun sequence	T	25	3373021
NC_054072.1 Falco naumanni isolate bFalNau1 chromosome 19, bFalNau1.pat, whole genome shotgun sequence	T	19	3377222
NC_054072.1 Falco naumanni isolate bFalNau1 chromosome 19, bFalNau1.pat, whole genome shotgun sequence	T	16	3381659
NC_054072.1 Falco naumanni isolate bFalNau1 chromosome 19, bFalNau1.pat, whole genome shotgun sequence	C	26	3384381
NC_054072.1 Falco naumanni isolate bFalNau1 chromosome 19, bFalNau1.pat, whole genome shotgun sequence	T	18	3398822
NC_054072.1 Falco naumanni isolate bFalNau1 chromosome 19, bFalNau1.pat, whole genome shotgun sequence	A	28	3405908
NC_054072.1 Falco naumanni isolate bFalNau1 chromosome 19, bFalNau1.pat, whole genome shotgun sequence	A	16	3423908
NC_054072.1 Falco naumanni isolate bFalNau1 chromosome 19, bFalNau1.pat, whole genome shotgun sequence	T	33	3431633
NC_054072.1 Falco naumanni isolate bFalNau1 chromosome 19, bFalNau1.pat, whole genome shotgun sequence	T	32	3437738
NC_054072.1 Falco naumanni isolate bFalNau1 chromosome 19, bFalNau1.pat, whole genome shotgun sequence	T	17	3442182
NC_054072.1 Falco naumanni isolate bFalNau1 chromosome 19, bFalNau1.pat, whole genome shotgun sequence	C	21	3446562
NC_054072.1 Falco naumanni isolate bFalNau1 chromosome 19, bFalNau1.pat, whole genome shotgun sequence	G	25	3447936
NC_054072.1 Falco naumanni isolate bFalNau1 chromosome 19, bFalNau1.pat, whole genome shotgun sequence	T	25	3448762
NC_054072.1 Falco naumanni isolate bFalNau1 chromosome 19, bFalNau1.pat, whole genome shotgun sequence	T	17	3455243
NC_054072.1 Falco naumanni isolate bFalNau1 chromosome 19, bFalNau1.pat, whole genome shotgun sequence	T	17	3456260
NC_054072.1 Falco naumanni isolate bFalNau1 chromosome 19, bFalNau1.pat, whole genome shotgun sequence	A	20	3460288
NC_054072.1 Falco naumanni isolate bFalNau1 chromosome 19, bFalNau1.pat, whole genome shotgun sequence	A	27	3468550
NC_054072.1 Falco naumanni isolate bFalNau1 chromosome 19, bFalNau1.pat, whole genome shotgun sequence	T	16	3473313
NC_054072.1 Falco naumanni isolate bFalNau1 chromosome 19, bFalNau1.pat, whole genome shotgun sequence	T	31	3476516
NC_054072.1 Falco naumanni isolate bFalNau1 chromosome 19, bFalNau1.pat, whole genome shotgun sequence	A	28	3478273
NC_054072.1 Falco naumanni isolate bFalNau1 chromosome 19, bFalNau1.pat, whole genome shotgun sequence	A	18	3480741
NC_054072.1 Falco naumanni isolate bFalNau1 chromosome 19, bFalNau1.pat, whole genome shotgun sequence	G	39	3494908
NC_054072.1 Falco naumanni isolate bFalNau1 chromosome 19, bFalNau1.pat, whole genome shotgun sequence	A	27	3495939
NC_054072.1 Falco naumanni isolate bFalNau1 chromosome 19, bFalNau1.pat, whole genome shotgun sequence	A	19	3499126
NC_054072.1 Falco naumanni isolate bFalNau1 chromosome 19, bFalNau1.pat, whole genome shotgun sequence	C	19	3499725
NC_054072.1 Falco naumanni isolate bFalNau1 chromosome 19, bFalNau1.pat, whole genome shotgun sequence	T	25	3503134
NC_054072.1 Falco naumanni isolate bFalNau1 chromosome 19, bFalNau1.pat, whole genome shotgun sequence	T	21	3510246
NC_054072.1 Falco naumanni isolate bFalNau1 chromosome 19, bFalNau1.pat, whole genome shotgun sequence	T	21	3510278
NC_054072.1 Falco naumanni isolate bFalNau1 chromosome 19, bFalNau1.pat, whole genome shotgun sequence	G	16	3512798
NC_054072.1 Falco naumanni isolate bFalNau1 chromosome 19, bFalNau1.pat, whole genome shotgun sequence	T	38	3512897
NC_054072.1 Falco naumanni isolate bFalNau1 chromosome 19, bFalNau1.pat, whole genome shotgun sequence	T	16	3514391
NC_054072.1 Falco naumanni isolate bFalNau1 chromosome 19, bFalNau1.pat, whole genome shotgun sequence	A	29	3514781
NC_054072.1 Falco naumanni isolate bFalNau1 chromosome 19, bFalNau1.pat, whole genome shotgun sequence	T	20	3515085
NC_054072.1 Falco naumanni isolate bFalNau1 chromosome 19, bFalNau1.pat, whole genome shotgun sequence	G	16	3515474
NC_054072.1 Falco naumanni isolate bFalNau1 chromosome 19, bFalNau1.pat, whole genome shotgun sequence	C	33	3515846
NC_054072.1 Falco naumanni isolate bFalNau1 chromosome 19, bFalNau1.pat, whole genome shotgun sequence	A	21	3516506
NC_054072.1 Falco naumanni isolate bFalNau1 chromosome 19, bFalNau1.pat, whole genome shotgun sequence	T	17	3516771
NC_054072.1 Falco naumanni isolate bFalNau1 chromosome 19, bFalNau1.pat, whole genome shotgun sequence	A	17	3517296
NC_054072.1 Falco naumanni isolate bFalNau1 chromosome 19, bFalNau1.pat, whole genome shotgun sequence	A	31	3524426
NC_054072.1 Falco naumanni isolate bFalNau1 chromosome 19, bFalNau1.pat, whole genome shotgun sequence	C	21	3524881
NC_054072.1 Falco naumanni isolate bFalNau1 chromosome 19, bFalNau1.pat, whole genome shotgun sequence	T	17	3525960
NC_054072.1 Falco naumanni isolate bFalNau1 chromosome 19, bFalNau1.pat, whole genome shotgun sequence	T	23	3526135
NC_054072.1 Falco naumanni isolate bFalNau1 chromosome 19, bFalNau1.pat, whole genome shotgun sequence	A	18	3528305
NC_054072.1 Falco naumanni isolate bFalNau1 chromosome 19, bFalNau1.pat, whole genome shotgun sequence	A	18	3530146
NC_054072.1 Falco naumanni isolate bFalNau1 chromosome 19, bFalNau1.pat, whole genome shotgun sequence	T	33	3530385
NC_054072.1 Falco naumanni isolate bFalNau1 chromosome 19, bFalNau1.pat, whole genome shotgun sequence	A	17	3530753
NC_054072.1 Falco naumanni isolate bFalNau1 chromosome 19, bFalNau1.pat, whole genome shotgun sequence	T	17	3531468
NC_054072.1 Falco naumanni isolate bFalNau1 chromosome 19, bFalNau1.pat, whole genome shotgun sequence	T	17	3536512
NC_054072.1 Falco naumanni isolate bFalNau1 chromosome 19, bFalNau1.pat, whole genome shotgun sequence	T	17	3537495
NC_054072.1 Falco naumanni isolate bFalNau1 chromosome 19, bFalNau1.pat, whole genome shotgun sequence	A	16	3545517
NC_054072.1 Falco naumanni isolate bFalNau1 chromosome 19, bFalNau1.pat, whole genome shotgun sequence	T	20	3548979
NC_054072.1 Falco naumanni isolate bFalNau1 chromosome 19, bFalNau1.pat, whole genome shotgun sequence	A	17	3550798
NC_054072.1 Falco naumanni isolate bFalNau1 chromosome 19, bFalNau1.pat, whole genome shotgun sequence	G	23	3551000
NC_054072.1 Falco naumanni isolate bFalNau1 chromosome 19, bFalNau1.pat, whole genome shotgun sequence	A	21	3551489
NC_054072.1 Falco naumanni isolate bFalNau1 chromosome 19, bFalNau1.pat, whole genome shotgun sequence	A	16	3556157
NC_054072.1 Falco naumanni isolate bFalNau1 chromosome 19, bFalNau1.pat, whole genome shotgun sequence	A	16	3557115
NC_054072.1 Falco naumanni isolate bFalNau1 chromosome 19, bFalNau1.pat, whole genome shotgun sequence	T	21	3574680
NC_054072.1 Falco naumanni isolate bFalNau1 chromosome 19, bFalNau1.pat, whole genome shotgun sequence	G	19	3577226
NC_054072.1 Falco naumanni isolate bFalNau1 chromosome 19, bFalNau1.pat, whole genome shotgun sequence	T	17	3582405
NC_054072.1 Falco naumanni isolate bFalNau1 chromosome 19, bFalNau1.pat, whole genome shotgun sequence	T	18	3584046
NC_054072.1 Falco naumanni isolate bFalNau1 chromosome 19, bFalNau1.pat, whole genome shotgun sequence	T	22	3603694
NC_054072.1 Falco naumanni isolate bFalNau1 chromosome 19, bFalNau1.pat, whole genome shotgun sequence	T	18	3606229
NC_054072.1 Falco naumanni isolate bFalNau1 chromosome 19, bFalNau1.pat, whole genome shotgun sequence	G	22	3621174
NC_054072.1 Falco naumanni isolate bFalNau1 chromosome 19, bFalNau1.pat, whole genome shotgun sequence	A	17	3628023
NC_054072.1 Falco naumanni isolate bFalNau1 chromosome 19, bFalNau1.pat, whole genome shotgun sequence	T	21	3636399
NC_054072.1 Falco naumanni isolate bFalNau1 chromosome 19, bFalNau1.pat, whole genome shotgun sequence	A	27	3640466
NC_054072.1 Falco naumanni isolate bFalNau1 chromosome 19, bFalNau1.pat, whole genome shotgun sequence	T	24	3655929
NC_054072.1 Falco naumanni isolate bFalNau1 chromosome 19, bFalNau1.pat, whole genome shotgun sequence	T	21	3658644
NC_054072.1 Falco naumanni isolate bFalNau1 chromosome 19, bFalNau1.pat, whole genome shotgun sequence	A	32	3663694
NC_054072.1 Falco naumanni isolate bFalNau1 chromosome 19, bFalNau1.pat, whole genome shotgun sequence	A	16	3664681
NC_054072.1 Falco naumanni isolate bFalNau1 chromosome 19, bFalNau1.pat, whole genome shotgun sequence	A	19	3665327
NC_054072.1 Falco naumanni isolate bFalNau1 chromosome 19, bFalNau1.pat, whole genome shotgun sequence	A	17	3665767
NC_054072.1 Falco naumanni isolate bFalNau1 chromosome 19, bFalNau1.pat, whole genome shotgun sequence	A	16	3667193
NC_054072.1 Falco naumanni isolate bFalNau1 chromosome 19, bFalNau1.pat, whole genome shotgun sequence	A	25	3675363
NC_054072.1 Falco naumanni isolate bFalNau1 chromosome 19, bFalNau1.pat, whole genome shotgun sequence	A	27	3675619
NC_054072.1 Falco naumanni isolate bFalNau1 chromosome 19, bFalNau1.pat, whole genome shotgun sequence	A	30	3675989
NC_054072.1 Falco naumanni isolate bFalNau1 chromosome 19, bFalNau1.pat, whole genome shotgun sequence	A	20	3682925
NC_054072.1 Falco naumanni isolate bFalNau1 chromosome 19, bFalNau1.pat, whole genome shotgun sequence	A	20	3701216
NC_054072.1 Falco naumanni isolate bFalNau1 chromosome 19, bFalNau1.pat, whole genome shotgun sequence	A	26	3714436
NC_054072.1 Falco naumanni isolate bFalNau1 chromosome 19, bFalNau1.pat, whole genome shotgun sequence	T	23	3717017
NC_054072.1 Falco naumanni isolate bFalNau1 chromosome 19, bFalNau1.pat, whole genome shotgun sequence	G	29	3719044
NC_054072.1 Falco naumanni isolate bFalNau1 chromosome 19, bFalNau1.pat, whole genome shotgun sequence	C	19	3721031
NC_054072.1 Falco naumanni isolate bFalNau1 chromosome 19, bFalNau1.pat, whole genome shotgun sequence	G	31	3730848
NC_054072.1 Falco naumanni isolate bFalNau1 chromosome 19, bFalNau1.pat, whole genome shotgun sequence	G	17	3732539
NC_054072.1 Falco naumanni isolate bFalNau1 chromosome 19, bFalNau1.pat, whole genome shotgun sequence	T	21	3738616
NC_054072.1 Falco naumanni isolate bFalNau1 chromosome 19, bFalNau1.pat, whole genome shotgun sequence	G	18	3747454
NC_054072.1 Falco naumanni isolate bFalNau1 chromosome 19, bFalNau1.pat, whole genome shotgun sequence	A	23	3751649
NC_054072.1 Falco naumanni isolate bFalNau1 chromosome 19, bFalNau1.pat, whole genome shotgun sequence	A	20	3756846
NC_054072.1 Falco naumanni isolate bFalNau1 chromosome 19, bFalNau1.pat, whole genome shotgun sequence	A	19	3764516
NC_054072.1 Falco naumanni isolate bFalNau1 chromosome 19, bFalNau1.pat, whole genome shotgun sequence	T	23	3765040
NC_054072.1 Falco naumanni isolate bFalNau1 chromosome 19, bFalNau1.pat, whole genome shotgun sequence	T	19	3769832
NC_054072.1 Falco naumanni isolate bFalNau1 chromosome 19, bFalNau1.pat, whole genome shotgun sequence	A	30	3774729
NC_054072.1 Falco naumanni isolate bFalNau1 chromosome 19, bFalNau1.pat, whole genome shotgun sequence	G	18	3790009
NC_054072.1 Falco naumanni isolate bFalNau1 chromosome 19, bFalNau1.pat, whole genome shotgun sequence	C	26	3792287
NC_054072.1 Falco naumanni isolate bFalNau1 chromosome 19, bFalNau1.pat, whole genome shotgun sequence	A	20	3796447
NC_054072.1 Falco naumanni isolate bFalNau1 chromosome 19, bFalNau1.pat, whole genome shotgun sequence	A	17	3797217
NC_054072.1 Falco naumanni isolate bFalNau1 chromosome 19, bFalNau1.pat, whole genome shotgun sequence	A	17	3812532
NC_054072.1 Falco naumanni isolate bFalNau1 chromosome 19, bFalNau1.pat, whole genome shotgun sequence	G	19	3817794
NC_054072.1 Falco naumanni isolate bFalNau1 chromosome 19, bFalNau1.pat, whole genome shotgun sequence	G	23	3818805
NC_054072.1 Falco naumanni isolate bFalNau1 chromosome 19, bFalNau1.pat, whole genome shotgun sequence	G	20	3818960
NC_054072.1 Falco naumanni isolate bFalNau1 chromosome 19, bFalNau1.pat, whole genome shotgun sequence	C	18	3820385
NC_054072.1 Falco naumanni isolate bFalNau1 chromosome 19, bFalNau1.pat, whole genome shotgun sequence	C	21	3821318
NC_054072.1 Falco naumanni isolate bFalNau1 chromosome 19, bFalNau1.pat, whole genome shotgun sequence	T	17	3825123
NC_054072.1 Falco naumanni isolate bFalNau1 chromosome 19, bFalNau1.pat, whole genome shotgun sequence	A	20	3830492
NC_054072.1 Falco naumanni isolate bFalNau1 chromosome 19, bFalNau1.pat, whole genome shotgun sequence	T	17	3843867
NC_054072.1 Falco naumanni isolate bFalNau1 chromosome 19, bFalNau1.pat, whole genome shotgun sequence	T	16	3850584
NC_054072.1 Falco naumanni isolate bFalNau1 chromosome 19, bFalNau1.pat, whole genome shotgun sequence	A	17	3853389
NC_054072.1 Falco naumanni isolate bFalNau1 chromosome 19, bFalNau1.pat, whole genome shotgun sequence	A	19	3857134
NC_054072.1 Falco naumanni isolate bFalNau1 chromosome 19, bFalNau1.pat, whole genome shotgun sequence	C	21	3877584
NC_054072.1 Falco naumanni isolate bFalNau1 chromosome 19, bFalNau1.pat, whole genome shotgun sequence	G	16	3879981
NC_054072.1 Falco naumanni isolate bFalNau1 chromosome 19, bFalNau1.pat, whole genome shotgun sequence	T	28	3880250
NC_054072.1 Falco naumanni isolate bFalNau1 chromosome 19, bFalNau1.pat, whole genome shotgun sequence	G	17	3898474
NC_054072.1 Falco naumanni isolate bFalNau1 chromosome 19, bFalNau1.pat, whole genome shotgun sequence	A	23	3900973
NC_054072.1 Falco naumanni isolate bFalNau1 chromosome 19, bFalNau1.pat, whole genome shotgun sequence	G	16	3902204
NC_054072.1 Falco naumanni isolate bFalNau1 chromosome 19, bFalNau1.pat, whole genome shotgun sequence	C	17	3903656
NC_054072.1 Falco naumanni isolate bFalNau1 chromosome 19, bFalNau1.pat, whole genome shotgun sequence	A	20	3905429
NC_054072.1 Falco naumanni isolate bFalNau1 chromosome 19, bFalNau1.pat, whole genome shotgun sequence	A	20	3906495
NC_054072.1 Falco naumanni isolate bFalNau1 chromosome 19, bFalNau1.pat, whole genome shotgun sequence	T	17	3911385
NC_054072.1 Falco naumanni isolate bFalNau1 chromosome 19, bFalNau1.pat, whole genome shotgun sequence	A	16	3911624
NC_054072.1 Falco naumanni isolate bFalNau1 chromosome 19, bFalNau1.pat, whole genome shotgun sequence	T	29	3915163
NC_054072.1 Falco naumanni isolate bFalNau1 chromosome 19, bFalNau1.pat, whole genome shotgun sequence	A	26	3916122
NC_054072.1 Falco naumanni isolate bFalNau1 chromosome 19, bFalNau1.pat, whole genome shotgun sequence	T	17	3917125
NC_054072.1 Falco naumanni isolate bFalNau1 chromosome 19, bFalNau1.pat, whole genome shotgun sequence	A	20	3917177
NC_054072.1 Falco naumanni isolate bFalNau1 chromosome 19, bFalNau1.pat, whole genome shotgun sequence	A	28	3926575
NC_054072.1 Falco naumanni isolate bFalNau1 chromosome 19, bFalNau1.pat, whole genome shotgun sequence	A	16	3927482
NC_054072.1 Falco naumanni isolate bFalNau1 chromosome 19, bFalNau1.pat, whole genome shotgun sequence	T	19	3927858
NC_054072.1 Falco naumanni isolate bFalNau1 chromosome 19, bFalNau1.pat, whole genome shotgun sequence	A	20	3928419
NC_054072.1 Falco naumanni isolate bFalNau1 chromosome 19, bFalNau1.pat, whole genome shotgun sequence	A	16	3935465
NC_054072.1 Falco naumanni isolate bFalNau1 chromosome 19, bFalNau1.pat, whole genome shotgun sequence	A	28	3937539
NC_054072.1 Falco naumanni isolate bFalNau1 chromosome 19, bFalNau1.pat, whole genome shotgun sequence	C	16	3938787
NC_054072.1 Falco naumanni isolate bFalNau1 chromosome 19, bFalNau1.pat, whole genome shotgun sequence	G	24	3939160
NC_054072.1 Falco naumanni isolate bFalNau1 chromosome 19, bFalNau1.pat, whole genome shotgun sequence	C	20	3939931
NC_054072.1 Falco naumanni isolate bFalNau1 chromosome 19, bFalNau1.pat, whole genome shotgun sequence	C	16	3940896
NC_054072.1 Falco naumanni isolate bFalNau1 chromosome 19, bFalNau1.pat, whole genome shotgun sequence	T	21	3942339
NC_054072.1 Falco naumanni isolate bFalNau1 chromosome 19, bFalNau1.pat, whole genome shotgun sequence	A	21	3942507
NC_054072.1 Falco naumanni isolate bFalNau1 chromosome 19, bFalNau1.pat, whole genome shotgun sequence	A	17	3944881
NC_054072.1 Falco naumanni isolate bFalNau1 chromosome 19, bFalNau1.pat, whole genome shotgun sequence	A	22	3945892
NC_054072.1 Falco naumanni isolate bFalNau1 chromosome 19, bFalNau1.pat, whole genome shotgun sequence	C	22	3956190
