#Sequence_Name	SSR	Repeats	Position
NC_054069.1 Falco naumanni isolate bFalNau1 chromosome 16, bFalNau1.pat, whole genome shotgun sequence	CAAGGG	15	1486626
NC_054069.1 Falco naumanni isolate bFalNau1 chromosome 16, bFalNau1.pat, whole genome shotgun sequence	TA	15	1209385
NC_054069.1 Falco naumanni isolate bFalNau1 chromosome 16, bFalNau1.pat, whole genome shotgun sequence	A	37	9248
NC_054069.1 Falco naumanni isolate bFalNau1 chromosome 16, bFalNau1.pat, whole genome shotgun sequence	G	41	56881
NC_054069.1 Falco naumanni isolate bFalNau1 chromosome 16, bFalNau1.pat, whole genome shotgun sequence	G	17	76355
NC_054069.1 Falco naumanni isolate bFalNau1 chromosome 16, bFalNau1.pat, whole genome shotgun sequence	T	23	85516
NC_054069.1 Falco naumanni isolate bFalNau1 chromosome 16, bFalNau1.pat, whole genome shotgun sequence	G	20	132938
NC_054069.1 Falco naumanni isolate bFalNau1 chromosome 16, bFalNau1.pat, whole genome shotgun sequence	T	17	155004
NC_054069.1 Falco naumanni isolate bFalNau1 chromosome 16, bFalNau1.pat, whole genome shotgun sequence	A	34	157340
NC_054069.1 Falco naumanni isolate bFalNau1 chromosome 16, bFalNau1.pat, whole genome shotgun sequence	A	22	182244
NC_054069.1 Falco naumanni isolate bFalNau1 chromosome 16, bFalNau1.pat, whole genome shotgun sequence	T	18	206146
NC_054069.1 Falco naumanni isolate bFalNau1 chromosome 16, bFalNau1.pat, whole genome shotgun sequence	T	31	226844
NC_054069.1 Falco naumanni isolate bFalNau1 chromosome 16, bFalNau1.pat, whole genome shotgun sequence	A	29	230068
NC_054069.1 Falco naumanni isolate bFalNau1 chromosome 16, bFalNau1.pat, whole genome shotgun sequence	T	20	262033
NC_054069.1 Falco naumanni isolate bFalNau1 chromosome 16, bFalNau1.pat, whole genome shotgun sequence	A	23	266780
NC_054069.1 Falco naumanni isolate bFalNau1 chromosome 16, bFalNau1.pat, whole genome shotgun sequence	A	21	280979
NC_054069.1 Falco naumanni isolate bFalNau1 chromosome 16, bFalNau1.pat, whole genome shotgun sequence	C	31	332850
NC_054069.1 Falco naumanni isolate bFalNau1 chromosome 16, bFalNau1.pat, whole genome shotgun sequence	T	18	372457
NC_054069.1 Falco naumanni isolate bFalNau1 chromosome 16, bFalNau1.pat, whole genome shotgun sequence	T	18	380045
NC_054069.1 Falco naumanni isolate bFalNau1 chromosome 16, bFalNau1.pat, whole genome shotgun sequence	T	22	385467
NC_054069.1 Falco naumanni isolate bFalNau1 chromosome 16, bFalNau1.pat, whole genome shotgun sequence	A	28	395158
NC_054069.1 Falco naumanni isolate bFalNau1 chromosome 16, bFalNau1.pat, whole genome shotgun sequence	T	22	405063
NC_054069.1 Falco naumanni isolate bFalNau1 chromosome 16, bFalNau1.pat, whole genome shotgun sequence	C	20	410422
NC_054069.1 Falco naumanni isolate bFalNau1 chromosome 16, bFalNau1.pat, whole genome shotgun sequence	A	16	425153
NC_054069.1 Falco naumanni isolate bFalNau1 chromosome 16, bFalNau1.pat, whole genome shotgun sequence	A	18	438805
NC_054069.1 Falco naumanni isolate bFalNau1 chromosome 16, bFalNau1.pat, whole genome shotgun sequence	A	17	451266
NC_054069.1 Falco naumanni isolate bFalNau1 chromosome 16, bFalNau1.pat, whole genome shotgun sequence	G	22	457450
NC_054069.1 Falco naumanni isolate bFalNau1 chromosome 16, bFalNau1.pat, whole genome shotgun sequence	A	18	457487
NC_054069.1 Falco naumanni isolate bFalNau1 chromosome 16, bFalNau1.pat, whole genome shotgun sequence	T	21	492654
NC_054069.1 Falco naumanni isolate bFalNau1 chromosome 16, bFalNau1.pat, whole genome shotgun sequence	T	23	498180
NC_054069.1 Falco naumanni isolate bFalNau1 chromosome 16, bFalNau1.pat, whole genome shotgun sequence	T	17	538612
NC_054069.1 Falco naumanni isolate bFalNau1 chromosome 16, bFalNau1.pat, whole genome shotgun sequence	A	20	541363
NC_054069.1 Falco naumanni isolate bFalNau1 chromosome 16, bFalNau1.pat, whole genome shotgun sequence	A	16	543447
NC_054069.1 Falco naumanni isolate bFalNau1 chromosome 16, bFalNau1.pat, whole genome shotgun sequence	T	22	560908
NC_054069.1 Falco naumanni isolate bFalNau1 chromosome 16, bFalNau1.pat, whole genome shotgun sequence	A	22	576409
NC_054069.1 Falco naumanni isolate bFalNau1 chromosome 16, bFalNau1.pat, whole genome shotgun sequence	T	24	579147
NC_054069.1 Falco naumanni isolate bFalNau1 chromosome 16, bFalNau1.pat, whole genome shotgun sequence	T	17	580337
NC_054069.1 Falco naumanni isolate bFalNau1 chromosome 16, bFalNau1.pat, whole genome shotgun sequence	T	32	582771
NC_054069.1 Falco naumanni isolate bFalNau1 chromosome 16, bFalNau1.pat, whole genome shotgun sequence	T	20	586397
NC_054069.1 Falco naumanni isolate bFalNau1 chromosome 16, bFalNau1.pat, whole genome shotgun sequence	A	23	594703
NC_054069.1 Falco naumanni isolate bFalNau1 chromosome 16, bFalNau1.pat, whole genome shotgun sequence	G	23	610140
NC_054069.1 Falco naumanni isolate bFalNau1 chromosome 16, bFalNau1.pat, whole genome shotgun sequence	A	16	611779
NC_054069.1 Falco naumanni isolate bFalNau1 chromosome 16, bFalNau1.pat, whole genome shotgun sequence	A	21	617160
NC_054069.1 Falco naumanni isolate bFalNau1 chromosome 16, bFalNau1.pat, whole genome shotgun sequence	A	17	622991
NC_054069.1 Falco naumanni isolate bFalNau1 chromosome 16, bFalNau1.pat, whole genome shotgun sequence	G	16	635566
NC_054069.1 Falco naumanni isolate bFalNau1 chromosome 16, bFalNau1.pat, whole genome shotgun sequence	A	17	674053
NC_054069.1 Falco naumanni isolate bFalNau1 chromosome 16, bFalNau1.pat, whole genome shotgun sequence	G	22	675052
NC_054069.1 Falco naumanni isolate bFalNau1 chromosome 16, bFalNau1.pat, whole genome shotgun sequence	T	19	698610
NC_054069.1 Falco naumanni isolate bFalNau1 chromosome 16, bFalNau1.pat, whole genome shotgun sequence	A	24	702865
NC_054069.1 Falco naumanni isolate bFalNau1 chromosome 16, bFalNau1.pat, whole genome shotgun sequence	T	19	705535
NC_054069.1 Falco naumanni isolate bFalNau1 chromosome 16, bFalNau1.pat, whole genome shotgun sequence	A	16	707750
NC_054069.1 Falco naumanni isolate bFalNau1 chromosome 16, bFalNau1.pat, whole genome shotgun sequence	A	17	732402
NC_054069.1 Falco naumanni isolate bFalNau1 chromosome 16, bFalNau1.pat, whole genome shotgun sequence	A	16	734341
NC_054069.1 Falco naumanni isolate bFalNau1 chromosome 16, bFalNau1.pat, whole genome shotgun sequence	G	17	738517
NC_054069.1 Falco naumanni isolate bFalNau1 chromosome 16, bFalNau1.pat, whole genome shotgun sequence	A	16	749376
NC_054069.1 Falco naumanni isolate bFalNau1 chromosome 16, bFalNau1.pat, whole genome shotgun sequence	T	21	755448
NC_054069.1 Falco naumanni isolate bFalNau1 chromosome 16, bFalNau1.pat, whole genome shotgun sequence	A	21	759036
NC_054069.1 Falco naumanni isolate bFalNau1 chromosome 16, bFalNau1.pat, whole genome shotgun sequence	T	22	764790
NC_054069.1 Falco naumanni isolate bFalNau1 chromosome 16, bFalNau1.pat, whole genome shotgun sequence	A	19	771544
NC_054069.1 Falco naumanni isolate bFalNau1 chromosome 16, bFalNau1.pat, whole genome shotgun sequence	A	17	774993
NC_054069.1 Falco naumanni isolate bFalNau1 chromosome 16, bFalNau1.pat, whole genome shotgun sequence	A	17	778536
NC_054069.1 Falco naumanni isolate bFalNau1 chromosome 16, bFalNau1.pat, whole genome shotgun sequence	G	27	802963
NC_054069.1 Falco naumanni isolate bFalNau1 chromosome 16, bFalNau1.pat, whole genome shotgun sequence	G	20	807031
NC_054069.1 Falco naumanni isolate bFalNau1 chromosome 16, bFalNau1.pat, whole genome shotgun sequence	C	20	853060
NC_054069.1 Falco naumanni isolate bFalNau1 chromosome 16, bFalNau1.pat, whole genome shotgun sequence	T	20	877897
NC_054069.1 Falco naumanni isolate bFalNau1 chromosome 16, bFalNau1.pat, whole genome shotgun sequence	A	17	879131
NC_054069.1 Falco naumanni isolate bFalNau1 chromosome 16, bFalNau1.pat, whole genome shotgun sequence	A	18	882805
NC_054069.1 Falco naumanni isolate bFalNau1 chromosome 16, bFalNau1.pat, whole genome shotgun sequence	A	16	893443
NC_054069.1 Falco naumanni isolate bFalNau1 chromosome 16, bFalNau1.pat, whole genome shotgun sequence	C	25	898135
NC_054069.1 Falco naumanni isolate bFalNau1 chromosome 16, bFalNau1.pat, whole genome shotgun sequence	G	18	968139
NC_054069.1 Falco naumanni isolate bFalNau1 chromosome 16, bFalNau1.pat, whole genome shotgun sequence	A	19	987730
NC_054069.1 Falco naumanni isolate bFalNau1 chromosome 16, bFalNau1.pat, whole genome shotgun sequence	C	17	991319
NC_054069.1 Falco naumanni isolate bFalNau1 chromosome 16, bFalNau1.pat, whole genome shotgun sequence	G	16	1049263
NC_054069.1 Falco naumanni isolate bFalNau1 chromosome 16, bFalNau1.pat, whole genome shotgun sequence	A	18	1085655
NC_054069.1 Falco naumanni isolate bFalNau1 chromosome 16, bFalNau1.pat, whole genome shotgun sequence	T	21	1111989
NC_054069.1 Falco naumanni isolate bFalNau1 chromosome 16, bFalNau1.pat, whole genome shotgun sequence	A	17	1115079
NC_054069.1 Falco naumanni isolate bFalNau1 chromosome 16, bFalNau1.pat, whole genome shotgun sequence	A	23	1125924
NC_054069.1 Falco naumanni isolate bFalNau1 chromosome 16, bFalNau1.pat, whole genome shotgun sequence	G	16	1153747
NC_054069.1 Falco naumanni isolate bFalNau1 chromosome 16, bFalNau1.pat, whole genome shotgun sequence	C	17	1175009
NC_054069.1 Falco naumanni isolate bFalNau1 chromosome 16, bFalNau1.pat, whole genome shotgun sequence	T	30	1214396
NC_054069.1 Falco naumanni isolate bFalNau1 chromosome 16, bFalNau1.pat, whole genome shotgun sequence	T	22	1232784
NC_054069.1 Falco naumanni isolate bFalNau1 chromosome 16, bFalNau1.pat, whole genome shotgun sequence	G	16	1270863
NC_054069.1 Falco naumanni isolate bFalNau1 chromosome 16, bFalNau1.pat, whole genome shotgun sequence	C	21	1302952
NC_054069.1 Falco naumanni isolate bFalNau1 chromosome 16, bFalNau1.pat, whole genome shotgun sequence	A	19	1315169
NC_054069.1 Falco naumanni isolate bFalNau1 chromosome 16, bFalNau1.pat, whole genome shotgun sequence	A	23	1325566
NC_054069.1 Falco naumanni isolate bFalNau1 chromosome 16, bFalNau1.pat, whole genome shotgun sequence	G	17	1331936
NC_054069.1 Falco naumanni isolate bFalNau1 chromosome 16, bFalNau1.pat, whole genome shotgun sequence	A	18	1369516
NC_054069.1 Falco naumanni isolate bFalNau1 chromosome 16, bFalNau1.pat, whole genome shotgun sequence	C	31	1383665
NC_054069.1 Falco naumanni isolate bFalNau1 chromosome 16, bFalNau1.pat, whole genome shotgun sequence	C	18	1385868
NC_054069.1 Falco naumanni isolate bFalNau1 chromosome 16, bFalNau1.pat, whole genome shotgun sequence	A	16	1445426
NC_054069.1 Falco naumanni isolate bFalNau1 chromosome 16, bFalNau1.pat, whole genome shotgun sequence	G	17	1451357
NC_054069.1 Falco naumanni isolate bFalNau1 chromosome 16, bFalNau1.pat, whole genome shotgun sequence	A	23	1468389
NC_054069.1 Falco naumanni isolate bFalNau1 chromosome 16, bFalNau1.pat, whole genome shotgun sequence	G	20	1480604
NC_054069.1 Falco naumanni isolate bFalNau1 chromosome 16, bFalNau1.pat, whole genome shotgun sequence	G	20	1486873
NC_054069.1 Falco naumanni isolate bFalNau1 chromosome 16, bFalNau1.pat, whole genome shotgun sequence	C	27	1530237
NC_054069.1 Falco naumanni isolate bFalNau1 chromosome 16, bFalNau1.pat, whole genome shotgun sequence	T	16	1567438
NC_054069.1 Falco naumanni isolate bFalNau1 chromosome 16, bFalNau1.pat, whole genome shotgun sequence	T	20	1597616
NC_054069.1 Falco naumanni isolate bFalNau1 chromosome 16, bFalNau1.pat, whole genome shotgun sequence	A	28	1600713
NC_054069.1 Falco naumanni isolate bFalNau1 chromosome 16, bFalNau1.pat, whole genome shotgun sequence	T	36	1622043
NC_054069.1 Falco naumanni isolate bFalNau1 chromosome 16, bFalNau1.pat, whole genome shotgun sequence	A	37	1624868
NC_054069.1 Falco naumanni isolate bFalNau1 chromosome 16, bFalNau1.pat, whole genome shotgun sequence	T	19	1649410
NC_054069.1 Falco naumanni isolate bFalNau1 chromosome 16, bFalNau1.pat, whole genome shotgun sequence	G	16	1678412
NC_054069.1 Falco naumanni isolate bFalNau1 chromosome 16, bFalNau1.pat, whole genome shotgun sequence	A	18	1686875
NC_054069.1 Falco naumanni isolate bFalNau1 chromosome 16, bFalNau1.pat, whole genome shotgun sequence	T	16	1688378
NC_054069.1 Falco naumanni isolate bFalNau1 chromosome 16, bFalNau1.pat, whole genome shotgun sequence	A	20	1724394
NC_054069.1 Falco naumanni isolate bFalNau1 chromosome 16, bFalNau1.pat, whole genome shotgun sequence	A	22	1726416
NC_054069.1 Falco naumanni isolate bFalNau1 chromosome 16, bFalNau1.pat, whole genome shotgun sequence	A	19	1761627
NC_054069.1 Falco naumanni isolate bFalNau1 chromosome 16, bFalNau1.pat, whole genome shotgun sequence	T	17	1771401
NC_054069.1 Falco naumanni isolate bFalNau1 chromosome 16, bFalNau1.pat, whole genome shotgun sequence	T	18	1773371
NC_054069.1 Falco naumanni isolate bFalNau1 chromosome 16, bFalNau1.pat, whole genome shotgun sequence	A	16	1785706
NC_054069.1 Falco naumanni isolate bFalNau1 chromosome 16, bFalNau1.pat, whole genome shotgun sequence	G	26	1786873
NC_054069.1 Falco naumanni isolate bFalNau1 chromosome 16, bFalNau1.pat, whole genome shotgun sequence	T	18	1805488
NC_054069.1 Falco naumanni isolate bFalNau1 chromosome 16, bFalNau1.pat, whole genome shotgun sequence	C	22	1814517
NC_054069.1 Falco naumanni isolate bFalNau1 chromosome 16, bFalNau1.pat, whole genome shotgun sequence	C	16	1835556
NC_054069.1 Falco naumanni isolate bFalNau1 chromosome 16, bFalNau1.pat, whole genome shotgun sequence	G	20	1835894
NC_054069.1 Falco naumanni isolate bFalNau1 chromosome 16, bFalNau1.pat, whole genome shotgun sequence	G	23	1844320
NC_054069.1 Falco naumanni isolate bFalNau1 chromosome 16, bFalNau1.pat, whole genome shotgun sequence	T	21	1845771
NC_054069.1 Falco naumanni isolate bFalNau1 chromosome 16, bFalNau1.pat, whole genome shotgun sequence	T	41	1850726
NC_054069.1 Falco naumanni isolate bFalNau1 chromosome 16, bFalNau1.pat, whole genome shotgun sequence	A	16	1873478
NC_054069.1 Falco naumanni isolate bFalNau1 chromosome 16, bFalNau1.pat, whole genome shotgun sequence	T	18	1879616
NC_054069.1 Falco naumanni isolate bFalNau1 chromosome 16, bFalNau1.pat, whole genome shotgun sequence	T	19	1889709
NC_054069.1 Falco naumanni isolate bFalNau1 chromosome 16, bFalNau1.pat, whole genome shotgun sequence	A	19	1897260
NC_054069.1 Falco naumanni isolate bFalNau1 chromosome 16, bFalNau1.pat, whole genome shotgun sequence	C	23	1901370
NC_054069.1 Falco naumanni isolate bFalNau1 chromosome 16, bFalNau1.pat, whole genome shotgun sequence	T	22	1903078
NC_054069.1 Falco naumanni isolate bFalNau1 chromosome 16, bFalNau1.pat, whole genome shotgun sequence	A	18	1922536
NC_054069.1 Falco naumanni isolate bFalNau1 chromosome 16, bFalNau1.pat, whole genome shotgun sequence	T	25	1923918
NC_054069.1 Falco naumanni isolate bFalNau1 chromosome 16, bFalNau1.pat, whole genome shotgun sequence	T	19	1928309
NC_054069.1 Falco naumanni isolate bFalNau1 chromosome 16, bFalNau1.pat, whole genome shotgun sequence	A	18	1929688
NC_054069.1 Falco naumanni isolate bFalNau1 chromosome 16, bFalNau1.pat, whole genome shotgun sequence	A	24	1932511
NC_054069.1 Falco naumanni isolate bFalNau1 chromosome 16, bFalNau1.pat, whole genome shotgun sequence	T	24	1940926
NC_054069.1 Falco naumanni isolate bFalNau1 chromosome 16, bFalNau1.pat, whole genome shotgun sequence	A	20	1941539
NC_054069.1 Falco naumanni isolate bFalNau1 chromosome 16, bFalNau1.pat, whole genome shotgun sequence	A	17	1960176
NC_054069.1 Falco naumanni isolate bFalNau1 chromosome 16, bFalNau1.pat, whole genome shotgun sequence	T	17	1970046
NC_054069.1 Falco naumanni isolate bFalNau1 chromosome 16, bFalNau1.pat, whole genome shotgun sequence	T	24	1972588
NC_054069.1 Falco naumanni isolate bFalNau1 chromosome 16, bFalNau1.pat, whole genome shotgun sequence	T	27	1978991
NC_054069.1 Falco naumanni isolate bFalNau1 chromosome 16, bFalNau1.pat, whole genome shotgun sequence	A	17	1981949
NC_054069.1 Falco naumanni isolate bFalNau1 chromosome 16, bFalNau1.pat, whole genome shotgun sequence	A	20	1991800
NC_054069.1 Falco naumanni isolate bFalNau1 chromosome 16, bFalNau1.pat, whole genome shotgun sequence	A	25	1995410
NC_054069.1 Falco naumanni isolate bFalNau1 chromosome 16, bFalNau1.pat, whole genome shotgun sequence	AGGAGA	21	2485359
NC_054069.1 Falco naumanni isolate bFalNau1 chromosome 16, bFalNau1.pat, whole genome shotgun sequence	AGGAGA	18	2485665
NC_054069.1 Falco naumanni isolate bFalNau1 chromosome 16, bFalNau1.pat, whole genome shotgun sequence	CCATC	16	2308084
NC_054069.1 Falco naumanni isolate bFalNau1 chromosome 16, bFalNau1.pat, whole genome shotgun sequence	TTTTA	15	4171136
NC_054069.1 Falco naumanni isolate bFalNau1 chromosome 16, bFalNau1.pat, whole genome shotgun sequence	AGAAA	23	6030745
NC_054069.1 Falco naumanni isolate bFalNau1 chromosome 16, bFalNau1.pat, whole genome shotgun sequence	AGAAA	26	8032212
NC_054069.1 Falco naumanni isolate bFalNau1 chromosome 16, bFalNau1.pat, whole genome shotgun sequence	AAAG	14	6030674
NC_054069.1 Falco naumanni isolate bFalNau1 chromosome 16, bFalNau1.pat, whole genome shotgun sequence	CTCA	18	6192624
NC_054069.1 Falco naumanni isolate bFalNau1 chromosome 16, bFalNau1.pat, whole genome shotgun sequence	TAT	31	2483679
NC_054069.1 Falco naumanni isolate bFalNau1 chromosome 16, bFalNau1.pat, whole genome shotgun sequence	TTA	26	3508483
NC_054069.1 Falco naumanni isolate bFalNau1 chromosome 16, bFalNau1.pat, whole genome shotgun sequence	GGA	14	6754646
NC_054069.1 Falco naumanni isolate bFalNau1 chromosome 16, bFalNau1.pat, whole genome shotgun sequence	TA	26	2215678
NC_054069.1 Falco naumanni isolate bFalNau1 chromosome 16, bFalNau1.pat, whole genome shotgun sequence	TA	20	3586829
NC_054069.1 Falco naumanni isolate bFalNau1 chromosome 16, bFalNau1.pat, whole genome shotgun sequence	TA	15	4642609
NC_054069.1 Falco naumanni isolate bFalNau1 chromosome 16, bFalNau1.pat, whole genome shotgun sequence	TC	15	7989382
NC_054069.1 Falco naumanni isolate bFalNau1 chromosome 16, bFalNau1.pat, whole genome shotgun sequence	AT	15	8153849
NC_054069.1 Falco naumanni isolate bFalNau1 chromosome 16, bFalNau1.pat, whole genome shotgun sequence	C	73	1998555
NC_054069.1 Falco naumanni isolate bFalNau1 chromosome 16, bFalNau1.pat, whole genome shotgun sequence	A	19	2000632
NC_054069.1 Falco naumanni isolate bFalNau1 chromosome 16, bFalNau1.pat, whole genome shotgun sequence	A	17	2010274
NC_054069.1 Falco naumanni isolate bFalNau1 chromosome 16, bFalNau1.pat, whole genome shotgun sequence	A	23	2014075
NC_054069.1 Falco naumanni isolate bFalNau1 chromosome 16, bFalNau1.pat, whole genome shotgun sequence	T	35	2018140
NC_054069.1 Falco naumanni isolate bFalNau1 chromosome 16, bFalNau1.pat, whole genome shotgun sequence	T	19	2023438
NC_054069.1 Falco naumanni isolate bFalNau1 chromosome 16, bFalNau1.pat, whole genome shotgun sequence	A	19	2024399
NC_054069.1 Falco naumanni isolate bFalNau1 chromosome 16, bFalNau1.pat, whole genome shotgun sequence	A	26	2090724
NC_054069.1 Falco naumanni isolate bFalNau1 chromosome 16, bFalNau1.pat, whole genome shotgun sequence	G	16	2092122
NC_054069.1 Falco naumanni isolate bFalNau1 chromosome 16, bFalNau1.pat, whole genome shotgun sequence	G	23	2115970
NC_054069.1 Falco naumanni isolate bFalNau1 chromosome 16, bFalNau1.pat, whole genome shotgun sequence	G	23	2136945
NC_054069.1 Falco naumanni isolate bFalNau1 chromosome 16, bFalNau1.pat, whole genome shotgun sequence	A	18	2142747
NC_054069.1 Falco naumanni isolate bFalNau1 chromosome 16, bFalNau1.pat, whole genome shotgun sequence	G	18	2146620
NC_054069.1 Falco naumanni isolate bFalNau1 chromosome 16, bFalNau1.pat, whole genome shotgun sequence	G	16	2146994
NC_054069.1 Falco naumanni isolate bFalNau1 chromosome 16, bFalNau1.pat, whole genome shotgun sequence	T	21	2152397
NC_054069.1 Falco naumanni isolate bFalNau1 chromosome 16, bFalNau1.pat, whole genome shotgun sequence	A	18	2163503
NC_054069.1 Falco naumanni isolate bFalNau1 chromosome 16, bFalNau1.pat, whole genome shotgun sequence	T	24	2163880
NC_054069.1 Falco naumanni isolate bFalNau1 chromosome 16, bFalNau1.pat, whole genome shotgun sequence	T	16	2164027
NC_054069.1 Falco naumanni isolate bFalNau1 chromosome 16, bFalNau1.pat, whole genome shotgun sequence	A	16	2164987
NC_054069.1 Falco naumanni isolate bFalNau1 chromosome 16, bFalNau1.pat, whole genome shotgun sequence	A	26	2175223
NC_054069.1 Falco naumanni isolate bFalNau1 chromosome 16, bFalNau1.pat, whole genome shotgun sequence	A	16	2178387
NC_054069.1 Falco naumanni isolate bFalNau1 chromosome 16, bFalNau1.pat, whole genome shotgun sequence	T	16	2179038
NC_054069.1 Falco naumanni isolate bFalNau1 chromosome 16, bFalNau1.pat, whole genome shotgun sequence	A	28	2184436
NC_054069.1 Falco naumanni isolate bFalNau1 chromosome 16, bFalNau1.pat, whole genome shotgun sequence	A	18	2189511
NC_054069.1 Falco naumanni isolate bFalNau1 chromosome 16, bFalNau1.pat, whole genome shotgun sequence	G	17	2189700
NC_054069.1 Falco naumanni isolate bFalNau1 chromosome 16, bFalNau1.pat, whole genome shotgun sequence	T	20	2191531
NC_054069.1 Falco naumanni isolate bFalNau1 chromosome 16, bFalNau1.pat, whole genome shotgun sequence	A	29	2193065
NC_054069.1 Falco naumanni isolate bFalNau1 chromosome 16, bFalNau1.pat, whole genome shotgun sequence	T	36	2194380
NC_054069.1 Falco naumanni isolate bFalNau1 chromosome 16, bFalNau1.pat, whole genome shotgun sequence	A	22	2202424
NC_054069.1 Falco naumanni isolate bFalNau1 chromosome 16, bFalNau1.pat, whole genome shotgun sequence	A	24	2204973
NC_054069.1 Falco naumanni isolate bFalNau1 chromosome 16, bFalNau1.pat, whole genome shotgun sequence	A	25	2209683
NC_054069.1 Falco naumanni isolate bFalNau1 chromosome 16, bFalNau1.pat, whole genome shotgun sequence	A	24	2211633
NC_054069.1 Falco naumanni isolate bFalNau1 chromosome 16, bFalNau1.pat, whole genome shotgun sequence	A	20	2216343
NC_054069.1 Falco naumanni isolate bFalNau1 chromosome 16, bFalNau1.pat, whole genome shotgun sequence	A	17	2216392
NC_054069.1 Falco naumanni isolate bFalNau1 chromosome 16, bFalNau1.pat, whole genome shotgun sequence	G	18	2220402
NC_054069.1 Falco naumanni isolate bFalNau1 chromosome 16, bFalNau1.pat, whole genome shotgun sequence	T	16	2222644
NC_054069.1 Falco naumanni isolate bFalNau1 chromosome 16, bFalNau1.pat, whole genome shotgun sequence	T	30	2225968
NC_054069.1 Falco naumanni isolate bFalNau1 chromosome 16, bFalNau1.pat, whole genome shotgun sequence	T	19	2229692
NC_054069.1 Falco naumanni isolate bFalNau1 chromosome 16, bFalNau1.pat, whole genome shotgun sequence	A	17	2246117
NC_054069.1 Falco naumanni isolate bFalNau1 chromosome 16, bFalNau1.pat, whole genome shotgun sequence	A	16	2258855
NC_054069.1 Falco naumanni isolate bFalNau1 chromosome 16, bFalNau1.pat, whole genome shotgun sequence	T	18	2268457
NC_054069.1 Falco naumanni isolate bFalNau1 chromosome 16, bFalNau1.pat, whole genome shotgun sequence	T	18	2270896
NC_054069.1 Falco naumanni isolate bFalNau1 chromosome 16, bFalNau1.pat, whole genome shotgun sequence	T	32	2273310
NC_054069.1 Falco naumanni isolate bFalNau1 chromosome 16, bFalNau1.pat, whole genome shotgun sequence	C	20	2285129
NC_054069.1 Falco naumanni isolate bFalNau1 chromosome 16, bFalNau1.pat, whole genome shotgun sequence	T	16	2287275
NC_054069.1 Falco naumanni isolate bFalNau1 chromosome 16, bFalNau1.pat, whole genome shotgun sequence	A	24	2289584
NC_054069.1 Falco naumanni isolate bFalNau1 chromosome 16, bFalNau1.pat, whole genome shotgun sequence	T	17	2294233
NC_054069.1 Falco naumanni isolate bFalNau1 chromosome 16, bFalNau1.pat, whole genome shotgun sequence	G	30	2295119
NC_054069.1 Falco naumanni isolate bFalNau1 chromosome 16, bFalNau1.pat, whole genome shotgun sequence	A	26	2303834
NC_054069.1 Falco naumanni isolate bFalNau1 chromosome 16, bFalNau1.pat, whole genome shotgun sequence	G	24	2322921
NC_054069.1 Falco naumanni isolate bFalNau1 chromosome 16, bFalNau1.pat, whole genome shotgun sequence	T	18	2354420
NC_054069.1 Falco naumanni isolate bFalNau1 chromosome 16, bFalNau1.pat, whole genome shotgun sequence	T	20	2358242
NC_054069.1 Falco naumanni isolate bFalNau1 chromosome 16, bFalNau1.pat, whole genome shotgun sequence	A	16	2359621
NC_054069.1 Falco naumanni isolate bFalNau1 chromosome 16, bFalNau1.pat, whole genome shotgun sequence	T	18	2363472
NC_054069.1 Falco naumanni isolate bFalNau1 chromosome 16, bFalNau1.pat, whole genome shotgun sequence	C	18	2365054
NC_054069.1 Falco naumanni isolate bFalNau1 chromosome 16, bFalNau1.pat, whole genome shotgun sequence	T	16	2367994
NC_054069.1 Falco naumanni isolate bFalNau1 chromosome 16, bFalNau1.pat, whole genome shotgun sequence	T	26	2369779
NC_054069.1 Falco naumanni isolate bFalNau1 chromosome 16, bFalNau1.pat, whole genome shotgun sequence	T	18	2375053
NC_054069.1 Falco naumanni isolate bFalNau1 chromosome 16, bFalNau1.pat, whole genome shotgun sequence	G	28	2380328
NC_054069.1 Falco naumanni isolate bFalNau1 chromosome 16, bFalNau1.pat, whole genome shotgun sequence	G	16	2380724
NC_054069.1 Falco naumanni isolate bFalNau1 chromosome 16, bFalNau1.pat, whole genome shotgun sequence	T	22	2381003
NC_054069.1 Falco naumanni isolate bFalNau1 chromosome 16, bFalNau1.pat, whole genome shotgun sequence	T	22	2381037
NC_054069.1 Falco naumanni isolate bFalNau1 chromosome 16, bFalNau1.pat, whole genome shotgun sequence	A	17	2401827
NC_054069.1 Falco naumanni isolate bFalNau1 chromosome 16, bFalNau1.pat, whole genome shotgun sequence	T	18	2404511
NC_054069.1 Falco naumanni isolate bFalNau1 chromosome 16, bFalNau1.pat, whole genome shotgun sequence	T	21	2412614
NC_054069.1 Falco naumanni isolate bFalNau1 chromosome 16, bFalNau1.pat, whole genome shotgun sequence	A	17	2423089
NC_054069.1 Falco naumanni isolate bFalNau1 chromosome 16, bFalNau1.pat, whole genome shotgun sequence	T	16	2424201
NC_054069.1 Falco naumanni isolate bFalNau1 chromosome 16, bFalNau1.pat, whole genome shotgun sequence	T	20	2431383
NC_054069.1 Falco naumanni isolate bFalNau1 chromosome 16, bFalNau1.pat, whole genome shotgun sequence	G	20	2437918
NC_054069.1 Falco naumanni isolate bFalNau1 chromosome 16, bFalNau1.pat, whole genome shotgun sequence	A	18	2460245
NC_054069.1 Falco naumanni isolate bFalNau1 chromosome 16, bFalNau1.pat, whole genome shotgun sequence	C	19	2472764
NC_054069.1 Falco naumanni isolate bFalNau1 chromosome 16, bFalNau1.pat, whole genome shotgun sequence	A	19	2477215
NC_054069.1 Falco naumanni isolate bFalNau1 chromosome 16, bFalNau1.pat, whole genome shotgun sequence	C	17	2477903
NC_054069.1 Falco naumanni isolate bFalNau1 chromosome 16, bFalNau1.pat, whole genome shotgun sequence	T	19	2487743
NC_054069.1 Falco naumanni isolate bFalNau1 chromosome 16, bFalNau1.pat, whole genome shotgun sequence	G	17	2493685
NC_054069.1 Falco naumanni isolate bFalNau1 chromosome 16, bFalNau1.pat, whole genome shotgun sequence	A	21	2494478
NC_054069.1 Falco naumanni isolate bFalNau1 chromosome 16, bFalNau1.pat, whole genome shotgun sequence	C	16	2503632
NC_054069.1 Falco naumanni isolate bFalNau1 chromosome 16, bFalNau1.pat, whole genome shotgun sequence	C	17	2504189
NC_054069.1 Falco naumanni isolate bFalNau1 chromosome 16, bFalNau1.pat, whole genome shotgun sequence	A	21	2523816
NC_054069.1 Falco naumanni isolate bFalNau1 chromosome 16, bFalNau1.pat, whole genome shotgun sequence	G	16	2525402
NC_054069.1 Falco naumanni isolate bFalNau1 chromosome 16, bFalNau1.pat, whole genome shotgun sequence	C	18	2527097
NC_054069.1 Falco naumanni isolate bFalNau1 chromosome 16, bFalNau1.pat, whole genome shotgun sequence	C	21	2528845
NC_054069.1 Falco naumanni isolate bFalNau1 chromosome 16, bFalNau1.pat, whole genome shotgun sequence	T	20	2534116
NC_054069.1 Falco naumanni isolate bFalNau1 chromosome 16, bFalNau1.pat, whole genome shotgun sequence	A	19	2534689
NC_054069.1 Falco naumanni isolate bFalNau1 chromosome 16, bFalNau1.pat, whole genome shotgun sequence	T	21	2535145
NC_054069.1 Falco naumanni isolate bFalNau1 chromosome 16, bFalNau1.pat, whole genome shotgun sequence	G	19	2574762
NC_054069.1 Falco naumanni isolate bFalNau1 chromosome 16, bFalNau1.pat, whole genome shotgun sequence	T	18	2591922
NC_054069.1 Falco naumanni isolate bFalNau1 chromosome 16, bFalNau1.pat, whole genome shotgun sequence	T	16	2593431
NC_054069.1 Falco naumanni isolate bFalNau1 chromosome 16, bFalNau1.pat, whole genome shotgun sequence	T	16	2595340
NC_054069.1 Falco naumanni isolate bFalNau1 chromosome 16, bFalNau1.pat, whole genome shotgun sequence	T	16	2625446
NC_054069.1 Falco naumanni isolate bFalNau1 chromosome 16, bFalNau1.pat, whole genome shotgun sequence	A	22	2629987
NC_054069.1 Falco naumanni isolate bFalNau1 chromosome 16, bFalNau1.pat, whole genome shotgun sequence	A	21	2634801
NC_054069.1 Falco naumanni isolate bFalNau1 chromosome 16, bFalNau1.pat, whole genome shotgun sequence	T	24	2636100
NC_054069.1 Falco naumanni isolate bFalNau1 chromosome 16, bFalNau1.pat, whole genome shotgun sequence	T	16	2637980
NC_054069.1 Falco naumanni isolate bFalNau1 chromosome 16, bFalNau1.pat, whole genome shotgun sequence	A	21	2649039
NC_054069.1 Falco naumanni isolate bFalNau1 chromosome 16, bFalNau1.pat, whole genome shotgun sequence	A	16	2649718
NC_054069.1 Falco naumanni isolate bFalNau1 chromosome 16, bFalNau1.pat, whole genome shotgun sequence	T	16	2650058
NC_054069.1 Falco naumanni isolate bFalNau1 chromosome 16, bFalNau1.pat, whole genome shotgun sequence	T	21	2650579
NC_054069.1 Falco naumanni isolate bFalNau1 chromosome 16, bFalNau1.pat, whole genome shotgun sequence	T	24	2652497
NC_054069.1 Falco naumanni isolate bFalNau1 chromosome 16, bFalNau1.pat, whole genome shotgun sequence	C	20	2654547
NC_054069.1 Falco naumanni isolate bFalNau1 chromosome 16, bFalNau1.pat, whole genome shotgun sequence	T	20	2654802
NC_054069.1 Falco naumanni isolate bFalNau1 chromosome 16, bFalNau1.pat, whole genome shotgun sequence	T	22	2658194
NC_054069.1 Falco naumanni isolate bFalNau1 chromosome 16, bFalNau1.pat, whole genome shotgun sequence	T	31	2660209
NC_054069.1 Falco naumanni isolate bFalNau1 chromosome 16, bFalNau1.pat, whole genome shotgun sequence	A	17	2665423
NC_054069.1 Falco naumanni isolate bFalNau1 chromosome 16, bFalNau1.pat, whole genome shotgun sequence	T	17	2666667
NC_054069.1 Falco naumanni isolate bFalNau1 chromosome 16, bFalNau1.pat, whole genome shotgun sequence	C	22	2669583
NC_054069.1 Falco naumanni isolate bFalNau1 chromosome 16, bFalNau1.pat, whole genome shotgun sequence	A	17	2677166
NC_054069.1 Falco naumanni isolate bFalNau1 chromosome 16, bFalNau1.pat, whole genome shotgun sequence	A	23	2696096
NC_054069.1 Falco naumanni isolate bFalNau1 chromosome 16, bFalNau1.pat, whole genome shotgun sequence	T	18	2697666
NC_054069.1 Falco naumanni isolate bFalNau1 chromosome 16, bFalNau1.pat, whole genome shotgun sequence	A	16	2700150
NC_054069.1 Falco naumanni isolate bFalNau1 chromosome 16, bFalNau1.pat, whole genome shotgun sequence	T	25	2706591
NC_054069.1 Falco naumanni isolate bFalNau1 chromosome 16, bFalNau1.pat, whole genome shotgun sequence	A	24	2712193
NC_054069.1 Falco naumanni isolate bFalNau1 chromosome 16, bFalNau1.pat, whole genome shotgun sequence	A	24	2712644
NC_054069.1 Falco naumanni isolate bFalNau1 chromosome 16, bFalNau1.pat, whole genome shotgun sequence	A	21	2717157
NC_054069.1 Falco naumanni isolate bFalNau1 chromosome 16, bFalNau1.pat, whole genome shotgun sequence	C	22	2721767
NC_054069.1 Falco naumanni isolate bFalNau1 chromosome 16, bFalNau1.pat, whole genome shotgun sequence	A	25	2727900
NC_054069.1 Falco naumanni isolate bFalNau1 chromosome 16, bFalNau1.pat, whole genome shotgun sequence	T	19	2728384
NC_054069.1 Falco naumanni isolate bFalNau1 chromosome 16, bFalNau1.pat, whole genome shotgun sequence	T	19	2728620
NC_054069.1 Falco naumanni isolate bFalNau1 chromosome 16, bFalNau1.pat, whole genome shotgun sequence	C	18	2729273
NC_054069.1 Falco naumanni isolate bFalNau1 chromosome 16, bFalNau1.pat, whole genome shotgun sequence	A	29	2732686
NC_054069.1 Falco naumanni isolate bFalNau1 chromosome 16, bFalNau1.pat, whole genome shotgun sequence	C	21	2740795
NC_054069.1 Falco naumanni isolate bFalNau1 chromosome 16, bFalNau1.pat, whole genome shotgun sequence	T	17	2767848
NC_054069.1 Falco naumanni isolate bFalNau1 chromosome 16, bFalNau1.pat, whole genome shotgun sequence	A	16	2787741
NC_054069.1 Falco naumanni isolate bFalNau1 chromosome 16, bFalNau1.pat, whole genome shotgun sequence	A	19	2788671
NC_054069.1 Falco naumanni isolate bFalNau1 chromosome 16, bFalNau1.pat, whole genome shotgun sequence	T	16	2789300
NC_054069.1 Falco naumanni isolate bFalNau1 chromosome 16, bFalNau1.pat, whole genome shotgun sequence	A	17	2796139
NC_054069.1 Falco naumanni isolate bFalNau1 chromosome 16, bFalNau1.pat, whole genome shotgun sequence	A	28	2798810
NC_054069.1 Falco naumanni isolate bFalNau1 chromosome 16, bFalNau1.pat, whole genome shotgun sequence	A	22	2808229
NC_054069.1 Falco naumanni isolate bFalNau1 chromosome 16, bFalNau1.pat, whole genome shotgun sequence	T	28	2811145
NC_054069.1 Falco naumanni isolate bFalNau1 chromosome 16, bFalNau1.pat, whole genome shotgun sequence	T	24	2812774
NC_054069.1 Falco naumanni isolate bFalNau1 chromosome 16, bFalNau1.pat, whole genome shotgun sequence	A	19	2814674
NC_054069.1 Falco naumanni isolate bFalNau1 chromosome 16, bFalNau1.pat, whole genome shotgun sequence	T	16	2839194
NC_054069.1 Falco naumanni isolate bFalNau1 chromosome 16, bFalNau1.pat, whole genome shotgun sequence	A	35	2847573
NC_054069.1 Falco naumanni isolate bFalNau1 chromosome 16, bFalNau1.pat, whole genome shotgun sequence	A	30	2848085
NC_054069.1 Falco naumanni isolate bFalNau1 chromosome 16, bFalNau1.pat, whole genome shotgun sequence	T	18	2849961
NC_054069.1 Falco naumanni isolate bFalNau1 chromosome 16, bFalNau1.pat, whole genome shotgun sequence	A	24	2850806
NC_054069.1 Falco naumanni isolate bFalNau1 chromosome 16, bFalNau1.pat, whole genome shotgun sequence	A	18	2854320
NC_054069.1 Falco naumanni isolate bFalNau1 chromosome 16, bFalNau1.pat, whole genome shotgun sequence	C	25	2855439
NC_054069.1 Falco naumanni isolate bFalNau1 chromosome 16, bFalNau1.pat, whole genome shotgun sequence	A	21	2866769
NC_054069.1 Falco naumanni isolate bFalNau1 chromosome 16, bFalNau1.pat, whole genome shotgun sequence	T	19	2867051
NC_054069.1 Falco naumanni isolate bFalNau1 chromosome 16, bFalNau1.pat, whole genome shotgun sequence	A	17	2876060
NC_054069.1 Falco naumanni isolate bFalNau1 chromosome 16, bFalNau1.pat, whole genome shotgun sequence	A	25	2887523
NC_054069.1 Falco naumanni isolate bFalNau1 chromosome 16, bFalNau1.pat, whole genome shotgun sequence	G	29	2893295
NC_054069.1 Falco naumanni isolate bFalNau1 chromosome 16, bFalNau1.pat, whole genome shotgun sequence	A	17	2903094
NC_054069.1 Falco naumanni isolate bFalNau1 chromosome 16, bFalNau1.pat, whole genome shotgun sequence	A	19	2903208
NC_054069.1 Falco naumanni isolate bFalNau1 chromosome 16, bFalNau1.pat, whole genome shotgun sequence	A	16	2904756
NC_054069.1 Falco naumanni isolate bFalNau1 chromosome 16, bFalNau1.pat, whole genome shotgun sequence	G	16	2937669
NC_054069.1 Falco naumanni isolate bFalNau1 chromosome 16, bFalNau1.pat, whole genome shotgun sequence	G	19	2938683
NC_054069.1 Falco naumanni isolate bFalNau1 chromosome 16, bFalNau1.pat, whole genome shotgun sequence	T	18	2939105
NC_054069.1 Falco naumanni isolate bFalNau1 chromosome 16, bFalNau1.pat, whole genome shotgun sequence	T	27	2941051
NC_054069.1 Falco naumanni isolate bFalNau1 chromosome 16, bFalNau1.pat, whole genome shotgun sequence	G	23	2941222
NC_054069.1 Falco naumanni isolate bFalNau1 chromosome 16, bFalNau1.pat, whole genome shotgun sequence	G	19	2941976
NC_054069.1 Falco naumanni isolate bFalNau1 chromosome 16, bFalNau1.pat, whole genome shotgun sequence	A	19	2946244
NC_054069.1 Falco naumanni isolate bFalNau1 chromosome 16, bFalNau1.pat, whole genome shotgun sequence	T	16	2954701
NC_054069.1 Falco naumanni isolate bFalNau1 chromosome 16, bFalNau1.pat, whole genome shotgun sequence	A	17	2963974
NC_054069.1 Falco naumanni isolate bFalNau1 chromosome 16, bFalNau1.pat, whole genome shotgun sequence	A	16	2973275
NC_054069.1 Falco naumanni isolate bFalNau1 chromosome 16, bFalNau1.pat, whole genome shotgun sequence	A	38	2976328
NC_054069.1 Falco naumanni isolate bFalNau1 chromosome 16, bFalNau1.pat, whole genome shotgun sequence	A	26	2977927
NC_054069.1 Falco naumanni isolate bFalNau1 chromosome 16, bFalNau1.pat, whole genome shotgun sequence	A	17	2981778
NC_054069.1 Falco naumanni isolate bFalNau1 chromosome 16, bFalNau1.pat, whole genome shotgun sequence	A	20	2988327
NC_054069.1 Falco naumanni isolate bFalNau1 chromosome 16, bFalNau1.pat, whole genome shotgun sequence	G	24	3011882
NC_054069.1 Falco naumanni isolate bFalNau1 chromosome 16, bFalNau1.pat, whole genome shotgun sequence	A	16	3016344
NC_054069.1 Falco naumanni isolate bFalNau1 chromosome 16, bFalNau1.pat, whole genome shotgun sequence	A	22	3017141
NC_054069.1 Falco naumanni isolate bFalNau1 chromosome 16, bFalNau1.pat, whole genome shotgun sequence	T	17	3023322
NC_054069.1 Falco naumanni isolate bFalNau1 chromosome 16, bFalNau1.pat, whole genome shotgun sequence	A	23	3040728
NC_054069.1 Falco naumanni isolate bFalNau1 chromosome 16, bFalNau1.pat, whole genome shotgun sequence	T	27	3045266
NC_054069.1 Falco naumanni isolate bFalNau1 chromosome 16, bFalNau1.pat, whole genome shotgun sequence	T	30	3045796
NC_054069.1 Falco naumanni isolate bFalNau1 chromosome 16, bFalNau1.pat, whole genome shotgun sequence	T	20	3056185
NC_054069.1 Falco naumanni isolate bFalNau1 chromosome 16, bFalNau1.pat, whole genome shotgun sequence	A	19	3057280
NC_054069.1 Falco naumanni isolate bFalNau1 chromosome 16, bFalNau1.pat, whole genome shotgun sequence	A	19	3058788
NC_054069.1 Falco naumanni isolate bFalNau1 chromosome 16, bFalNau1.pat, whole genome shotgun sequence	A	17	3064167
NC_054069.1 Falco naumanni isolate bFalNau1 chromosome 16, bFalNau1.pat, whole genome shotgun sequence	T	20	3073624
NC_054069.1 Falco naumanni isolate bFalNau1 chromosome 16, bFalNau1.pat, whole genome shotgun sequence	T	21	3075258
NC_054069.1 Falco naumanni isolate bFalNau1 chromosome 16, bFalNau1.pat, whole genome shotgun sequence	A	26	3076540
NC_054069.1 Falco naumanni isolate bFalNau1 chromosome 16, bFalNau1.pat, whole genome shotgun sequence	A	16	3077117
NC_054069.1 Falco naumanni isolate bFalNau1 chromosome 16, bFalNau1.pat, whole genome shotgun sequence	G	30	3077464
NC_054069.1 Falco naumanni isolate bFalNau1 chromosome 16, bFalNau1.pat, whole genome shotgun sequence	T	18	3086369
NC_054069.1 Falco naumanni isolate bFalNau1 chromosome 16, bFalNau1.pat, whole genome shotgun sequence	T	19	3087022
NC_054069.1 Falco naumanni isolate bFalNau1 chromosome 16, bFalNau1.pat, whole genome shotgun sequence	T	41	3087898
NC_054069.1 Falco naumanni isolate bFalNau1 chromosome 16, bFalNau1.pat, whole genome shotgun sequence	A	20	3095010
NC_054069.1 Falco naumanni isolate bFalNau1 chromosome 16, bFalNau1.pat, whole genome shotgun sequence	T	20	3105668
NC_054069.1 Falco naumanni isolate bFalNau1 chromosome 16, bFalNau1.pat, whole genome shotgun sequence	T	33	3121077
NC_054069.1 Falco naumanni isolate bFalNau1 chromosome 16, bFalNau1.pat, whole genome shotgun sequence	T	16	3124846
NC_054069.1 Falco naumanni isolate bFalNau1 chromosome 16, bFalNau1.pat, whole genome shotgun sequence	C	22	3127608
NC_054069.1 Falco naumanni isolate bFalNau1 chromosome 16, bFalNau1.pat, whole genome shotgun sequence	A	18	3140353
NC_054069.1 Falco naumanni isolate bFalNau1 chromosome 16, bFalNau1.pat, whole genome shotgun sequence	C	16	3140925
NC_054069.1 Falco naumanni isolate bFalNau1 chromosome 16, bFalNau1.pat, whole genome shotgun sequence	A	21	3151638
NC_054069.1 Falco naumanni isolate bFalNau1 chromosome 16, bFalNau1.pat, whole genome shotgun sequence	A	16	3151665
NC_054069.1 Falco naumanni isolate bFalNau1 chromosome 16, bFalNau1.pat, whole genome shotgun sequence	T	17	3163806
NC_054069.1 Falco naumanni isolate bFalNau1 chromosome 16, bFalNau1.pat, whole genome shotgun sequence	T	30	3164116
NC_054069.1 Falco naumanni isolate bFalNau1 chromosome 16, bFalNau1.pat, whole genome shotgun sequence	A	23	3165116
NC_054069.1 Falco naumanni isolate bFalNau1 chromosome 16, bFalNau1.pat, whole genome shotgun sequence	T	22	3167649
NC_054069.1 Falco naumanni isolate bFalNau1 chromosome 16, bFalNau1.pat, whole genome shotgun sequence	A	18	3173393
NC_054069.1 Falco naumanni isolate bFalNau1 chromosome 16, bFalNau1.pat, whole genome shotgun sequence	A	21	3177360
NC_054069.1 Falco naumanni isolate bFalNau1 chromosome 16, bFalNau1.pat, whole genome shotgun sequence	A	17	3191263
NC_054069.1 Falco naumanni isolate bFalNau1 chromosome 16, bFalNau1.pat, whole genome shotgun sequence	A	20	3213845
NC_054069.1 Falco naumanni isolate bFalNau1 chromosome 16, bFalNau1.pat, whole genome shotgun sequence	T	19	3229086
NC_054069.1 Falco naumanni isolate bFalNau1 chromosome 16, bFalNau1.pat, whole genome shotgun sequence	A	24	3231116
NC_054069.1 Falco naumanni isolate bFalNau1 chromosome 16, bFalNau1.pat, whole genome shotgun sequence	A	17	3235750
NC_054069.1 Falco naumanni isolate bFalNau1 chromosome 16, bFalNau1.pat, whole genome shotgun sequence	C	18	3255007
NC_054069.1 Falco naumanni isolate bFalNau1 chromosome 16, bFalNau1.pat, whole genome shotgun sequence	T	16	3258274
NC_054069.1 Falco naumanni isolate bFalNau1 chromosome 16, bFalNau1.pat, whole genome shotgun sequence	A	22	3266091
NC_054069.1 Falco naumanni isolate bFalNau1 chromosome 16, bFalNau1.pat, whole genome shotgun sequence	A	18	3270728
NC_054069.1 Falco naumanni isolate bFalNau1 chromosome 16, bFalNau1.pat, whole genome shotgun sequence	T	21	3276445
NC_054069.1 Falco naumanni isolate bFalNau1 chromosome 16, bFalNau1.pat, whole genome shotgun sequence	T	21	3282374
NC_054069.1 Falco naumanni isolate bFalNau1 chromosome 16, bFalNau1.pat, whole genome shotgun sequence	G	24	3282978
NC_054069.1 Falco naumanni isolate bFalNau1 chromosome 16, bFalNau1.pat, whole genome shotgun sequence	C	32	3288946
NC_054069.1 Falco naumanni isolate bFalNau1 chromosome 16, bFalNau1.pat, whole genome shotgun sequence	A	23	3291983
NC_054069.1 Falco naumanni isolate bFalNau1 chromosome 16, bFalNau1.pat, whole genome shotgun sequence	C	20	3294470
NC_054069.1 Falco naumanni isolate bFalNau1 chromosome 16, bFalNau1.pat, whole genome shotgun sequence	A	23	3295580
NC_054069.1 Falco naumanni isolate bFalNau1 chromosome 16, bFalNau1.pat, whole genome shotgun sequence	T	17	3303768
NC_054069.1 Falco naumanni isolate bFalNau1 chromosome 16, bFalNau1.pat, whole genome shotgun sequence	T	16	3330154
NC_054069.1 Falco naumanni isolate bFalNau1 chromosome 16, bFalNau1.pat, whole genome shotgun sequence	T	17	3365349
NC_054069.1 Falco naumanni isolate bFalNau1 chromosome 16, bFalNau1.pat, whole genome shotgun sequence	A	17	3375089
NC_054069.1 Falco naumanni isolate bFalNau1 chromosome 16, bFalNau1.pat, whole genome shotgun sequence	G	18	3376124
NC_054069.1 Falco naumanni isolate bFalNau1 chromosome 16, bFalNau1.pat, whole genome shotgun sequence	T	24	3384482
NC_054069.1 Falco naumanni isolate bFalNau1 chromosome 16, bFalNau1.pat, whole genome shotgun sequence	T	29	3394361
NC_054069.1 Falco naumanni isolate bFalNau1 chromosome 16, bFalNau1.pat, whole genome shotgun sequence	A	20	3415796
NC_054069.1 Falco naumanni isolate bFalNau1 chromosome 16, bFalNau1.pat, whole genome shotgun sequence	A	16	3424500
NC_054069.1 Falco naumanni isolate bFalNau1 chromosome 16, bFalNau1.pat, whole genome shotgun sequence	A	17	3459090
NC_054069.1 Falco naumanni isolate bFalNau1 chromosome 16, bFalNau1.pat, whole genome shotgun sequence	C	19	3463522
NC_054069.1 Falco naumanni isolate bFalNau1 chromosome 16, bFalNau1.pat, whole genome shotgun sequence	A	23	3463541
NC_054069.1 Falco naumanni isolate bFalNau1 chromosome 16, bFalNau1.pat, whole genome shotgun sequence	T	23	3468393
NC_054069.1 Falco naumanni isolate bFalNau1 chromosome 16, bFalNau1.pat, whole genome shotgun sequence	T	16	3470120
NC_054069.1 Falco naumanni isolate bFalNau1 chromosome 16, bFalNau1.pat, whole genome shotgun sequence	T	18	3479840
NC_054069.1 Falco naumanni isolate bFalNau1 chromosome 16, bFalNau1.pat, whole genome shotgun sequence	C	16	3482404
NC_054069.1 Falco naumanni isolate bFalNau1 chromosome 16, bFalNau1.pat, whole genome shotgun sequence	T	16	3485220
NC_054069.1 Falco naumanni isolate bFalNau1 chromosome 16, bFalNau1.pat, whole genome shotgun sequence	T	24	3485239
NC_054069.1 Falco naumanni isolate bFalNau1 chromosome 16, bFalNau1.pat, whole genome shotgun sequence	C	18	3516257
NC_054069.1 Falco naumanni isolate bFalNau1 chromosome 16, bFalNau1.pat, whole genome shotgun sequence	G	20	3531223
NC_054069.1 Falco naumanni isolate bFalNau1 chromosome 16, bFalNau1.pat, whole genome shotgun sequence	A	19	3537004
NC_054069.1 Falco naumanni isolate bFalNau1 chromosome 16, bFalNau1.pat, whole genome shotgun sequence	T	26	3538974
NC_054069.1 Falco naumanni isolate bFalNau1 chromosome 16, bFalNau1.pat, whole genome shotgun sequence	A	18	3591362
NC_054069.1 Falco naumanni isolate bFalNau1 chromosome 16, bFalNau1.pat, whole genome shotgun sequence	A	21	3597980
NC_054069.1 Falco naumanni isolate bFalNau1 chromosome 16, bFalNau1.pat, whole genome shotgun sequence	T	22	3602225
NC_054069.1 Falco naumanni isolate bFalNau1 chromosome 16, bFalNau1.pat, whole genome shotgun sequence	T	23	3621450
NC_054069.1 Falco naumanni isolate bFalNau1 chromosome 16, bFalNau1.pat, whole genome shotgun sequence	T	17	3623098
NC_054069.1 Falco naumanni isolate bFalNau1 chromosome 16, bFalNau1.pat, whole genome shotgun sequence	A	16	3652837
NC_054069.1 Falco naumanni isolate bFalNau1 chromosome 16, bFalNau1.pat, whole genome shotgun sequence	A	17	3660207
NC_054069.1 Falco naumanni isolate bFalNau1 chromosome 16, bFalNau1.pat, whole genome shotgun sequence	A	19	3669733
NC_054069.1 Falco naumanni isolate bFalNau1 chromosome 16, bFalNau1.pat, whole genome shotgun sequence	A	16	3678041
NC_054069.1 Falco naumanni isolate bFalNau1 chromosome 16, bFalNau1.pat, whole genome shotgun sequence	A	17	3680597
NC_054069.1 Falco naumanni isolate bFalNau1 chromosome 16, bFalNau1.pat, whole genome shotgun sequence	T	17	3688274
NC_054069.1 Falco naumanni isolate bFalNau1 chromosome 16, bFalNau1.pat, whole genome shotgun sequence	A	22	3695792
NC_054069.1 Falco naumanni isolate bFalNau1 chromosome 16, bFalNau1.pat, whole genome shotgun sequence	T	20	3701435
NC_054069.1 Falco naumanni isolate bFalNau1 chromosome 16, bFalNau1.pat, whole genome shotgun sequence	A	16	3707079
NC_054069.1 Falco naumanni isolate bFalNau1 chromosome 16, bFalNau1.pat, whole genome shotgun sequence	A	19	3709138
NC_054069.1 Falco naumanni isolate bFalNau1 chromosome 16, bFalNau1.pat, whole genome shotgun sequence	A	16	3709282
NC_054069.1 Falco naumanni isolate bFalNau1 chromosome 16, bFalNau1.pat, whole genome shotgun sequence	A	18	3709304
NC_054069.1 Falco naumanni isolate bFalNau1 chromosome 16, bFalNau1.pat, whole genome shotgun sequence	G	23	3711918
NC_054069.1 Falco naumanni isolate bFalNau1 chromosome 16, bFalNau1.pat, whole genome shotgun sequence	G	20	3722858
NC_054069.1 Falco naumanni isolate bFalNau1 chromosome 16, bFalNau1.pat, whole genome shotgun sequence	A	18	3725579
NC_054069.1 Falco naumanni isolate bFalNau1 chromosome 16, bFalNau1.pat, whole genome shotgun sequence	T	22	3731184
NC_054069.1 Falco naumanni isolate bFalNau1 chromosome 16, bFalNau1.pat, whole genome shotgun sequence	T	19	3743919
NC_054069.1 Falco naumanni isolate bFalNau1 chromosome 16, bFalNau1.pat, whole genome shotgun sequence	T	23	3751937
NC_054069.1 Falco naumanni isolate bFalNau1 chromosome 16, bFalNau1.pat, whole genome shotgun sequence	A	16	3753519
NC_054069.1 Falco naumanni isolate bFalNau1 chromosome 16, bFalNau1.pat, whole genome shotgun sequence	A	25	3782531
NC_054069.1 Falco naumanni isolate bFalNau1 chromosome 16, bFalNau1.pat, whole genome shotgun sequence	A	19	3787168
NC_054069.1 Falco naumanni isolate bFalNau1 chromosome 16, bFalNau1.pat, whole genome shotgun sequence	A	17	3799313
NC_054069.1 Falco naumanni isolate bFalNau1 chromosome 16, bFalNau1.pat, whole genome shotgun sequence	A	18	3820025
NC_054069.1 Falco naumanni isolate bFalNau1 chromosome 16, bFalNau1.pat, whole genome shotgun sequence	A	19	3821931
NC_054069.1 Falco naumanni isolate bFalNau1 chromosome 16, bFalNau1.pat, whole genome shotgun sequence	T	30	3822581
NC_054069.1 Falco naumanni isolate bFalNau1 chromosome 16, bFalNau1.pat, whole genome shotgun sequence	T	20	3826852
NC_054069.1 Falco naumanni isolate bFalNau1 chromosome 16, bFalNau1.pat, whole genome shotgun sequence	T	24	3831897
NC_054069.1 Falco naumanni isolate bFalNau1 chromosome 16, bFalNau1.pat, whole genome shotgun sequence	A	21	3839865
NC_054069.1 Falco naumanni isolate bFalNau1 chromosome 16, bFalNau1.pat, whole genome shotgun sequence	T	16	3842825
NC_054069.1 Falco naumanni isolate bFalNau1 chromosome 16, bFalNau1.pat, whole genome shotgun sequence	G	19	3866362
NC_054069.1 Falco naumanni isolate bFalNau1 chromosome 16, bFalNau1.pat, whole genome shotgun sequence	G	16	3868115
NC_054069.1 Falco naumanni isolate bFalNau1 chromosome 16, bFalNau1.pat, whole genome shotgun sequence	T	27	3876129
NC_054069.1 Falco naumanni isolate bFalNau1 chromosome 16, bFalNau1.pat, whole genome shotgun sequence	T	19	3879026
NC_054069.1 Falco naumanni isolate bFalNau1 chromosome 16, bFalNau1.pat, whole genome shotgun sequence	T	33	3891675
NC_054069.1 Falco naumanni isolate bFalNau1 chromosome 16, bFalNau1.pat, whole genome shotgun sequence	T	16	3898229
NC_054069.1 Falco naumanni isolate bFalNau1 chromosome 16, bFalNau1.pat, whole genome shotgun sequence	T	19	3901465
NC_054069.1 Falco naumanni isolate bFalNau1 chromosome 16, bFalNau1.pat, whole genome shotgun sequence	G	17	3903076
NC_054069.1 Falco naumanni isolate bFalNau1 chromosome 16, bFalNau1.pat, whole genome shotgun sequence	A	19	3912204
NC_054069.1 Falco naumanni isolate bFalNau1 chromosome 16, bFalNau1.pat, whole genome shotgun sequence	A	24	3929898
NC_054069.1 Falco naumanni isolate bFalNau1 chromosome 16, bFalNau1.pat, whole genome shotgun sequence	G	20	3932438
NC_054069.1 Falco naumanni isolate bFalNau1 chromosome 16, bFalNau1.pat, whole genome shotgun sequence	A	20	3940368
NC_054069.1 Falco naumanni isolate bFalNau1 chromosome 16, bFalNau1.pat, whole genome shotgun sequence	G	32	3943961
NC_054069.1 Falco naumanni isolate bFalNau1 chromosome 16, bFalNau1.pat, whole genome shotgun sequence	T	16	4014050
NC_054069.1 Falco naumanni isolate bFalNau1 chromosome 16, bFalNau1.pat, whole genome shotgun sequence	T	21	4019279
NC_054069.1 Falco naumanni isolate bFalNau1 chromosome 16, bFalNau1.pat, whole genome shotgun sequence	T	17	4024253
NC_054069.1 Falco naumanni isolate bFalNau1 chromosome 16, bFalNau1.pat, whole genome shotgun sequence	A	21	4075400
NC_054069.1 Falco naumanni isolate bFalNau1 chromosome 16, bFalNau1.pat, whole genome shotgun sequence	A	21	4075673
NC_054069.1 Falco naumanni isolate bFalNau1 chromosome 16, bFalNau1.pat, whole genome shotgun sequence	A	28	4080341
NC_054069.1 Falco naumanni isolate bFalNau1 chromosome 16, bFalNau1.pat, whole genome shotgun sequence	T	21	4080981
NC_054069.1 Falco naumanni isolate bFalNau1 chromosome 16, bFalNau1.pat, whole genome shotgun sequence	T	18	4087839
NC_054069.1 Falco naumanni isolate bFalNau1 chromosome 16, bFalNau1.pat, whole genome shotgun sequence	A	21	4098383
NC_054069.1 Falco naumanni isolate bFalNau1 chromosome 16, bFalNau1.pat, whole genome shotgun sequence	A	17	4101317
NC_054069.1 Falco naumanni isolate bFalNau1 chromosome 16, bFalNau1.pat, whole genome shotgun sequence	G	23	4146851
NC_054069.1 Falco naumanni isolate bFalNau1 chromosome 16, bFalNau1.pat, whole genome shotgun sequence	G	17	4146904
NC_054069.1 Falco naumanni isolate bFalNau1 chromosome 16, bFalNau1.pat, whole genome shotgun sequence	T	19	4149540
NC_054069.1 Falco naumanni isolate bFalNau1 chromosome 16, bFalNau1.pat, whole genome shotgun sequence	A	29	4154407
NC_054069.1 Falco naumanni isolate bFalNau1 chromosome 16, bFalNau1.pat, whole genome shotgun sequence	A	23	4170509
NC_054069.1 Falco naumanni isolate bFalNau1 chromosome 16, bFalNau1.pat, whole genome shotgun sequence	T	26	4171764
NC_054069.1 Falco naumanni isolate bFalNau1 chromosome 16, bFalNau1.pat, whole genome shotgun sequence	A	18	4192834
NC_054069.1 Falco naumanni isolate bFalNau1 chromosome 16, bFalNau1.pat, whole genome shotgun sequence	A	19	4195279
NC_054069.1 Falco naumanni isolate bFalNau1 chromosome 16, bFalNau1.pat, whole genome shotgun sequence	T	17	4197203
NC_054069.1 Falco naumanni isolate bFalNau1 chromosome 16, bFalNau1.pat, whole genome shotgun sequence	A	20	4213488
NC_054069.1 Falco naumanni isolate bFalNau1 chromosome 16, bFalNau1.pat, whole genome shotgun sequence	A	16	4225789
NC_054069.1 Falco naumanni isolate bFalNau1 chromosome 16, bFalNau1.pat, whole genome shotgun sequence	T	22	4228868
NC_054069.1 Falco naumanni isolate bFalNau1 chromosome 16, bFalNau1.pat, whole genome shotgun sequence	A	30	4236492
NC_054069.1 Falco naumanni isolate bFalNau1 chromosome 16, bFalNau1.pat, whole genome shotgun sequence	T	23	4239729
NC_054069.1 Falco naumanni isolate bFalNau1 chromosome 16, bFalNau1.pat, whole genome shotgun sequence	C	23	4254190
NC_054069.1 Falco naumanni isolate bFalNau1 chromosome 16, bFalNau1.pat, whole genome shotgun sequence	T	26	4255571
NC_054069.1 Falco naumanni isolate bFalNau1 chromosome 16, bFalNau1.pat, whole genome shotgun sequence	C	23	4302898
NC_054069.1 Falco naumanni isolate bFalNau1 chromosome 16, bFalNau1.pat, whole genome shotgun sequence	C	21	4326293
NC_054069.1 Falco naumanni isolate bFalNau1 chromosome 16, bFalNau1.pat, whole genome shotgun sequence	T	17	4362416
NC_054069.1 Falco naumanni isolate bFalNau1 chromosome 16, bFalNau1.pat, whole genome shotgun sequence	T	26	4363753
NC_054069.1 Falco naumanni isolate bFalNau1 chromosome 16, bFalNau1.pat, whole genome shotgun sequence	A	19	4377995
NC_054069.1 Falco naumanni isolate bFalNau1 chromosome 16, bFalNau1.pat, whole genome shotgun sequence	A	25	4392742
NC_054069.1 Falco naumanni isolate bFalNau1 chromosome 16, bFalNau1.pat, whole genome shotgun sequence	T	16	4405957
NC_054069.1 Falco naumanni isolate bFalNau1 chromosome 16, bFalNau1.pat, whole genome shotgun sequence	T	21	4408334
NC_054069.1 Falco naumanni isolate bFalNau1 chromosome 16, bFalNau1.pat, whole genome shotgun sequence	T	16	4416370
NC_054069.1 Falco naumanni isolate bFalNau1 chromosome 16, bFalNau1.pat, whole genome shotgun sequence	A	25	4429679
NC_054069.1 Falco naumanni isolate bFalNau1 chromosome 16, bFalNau1.pat, whole genome shotgun sequence	C	20	4438775
NC_054069.1 Falco naumanni isolate bFalNau1 chromosome 16, bFalNau1.pat, whole genome shotgun sequence	T	17	4464844
NC_054069.1 Falco naumanni isolate bFalNau1 chromosome 16, bFalNau1.pat, whole genome shotgun sequence	T	16	4470626
NC_054069.1 Falco naumanni isolate bFalNau1 chromosome 16, bFalNau1.pat, whole genome shotgun sequence	T	18	4473323
NC_054069.1 Falco naumanni isolate bFalNau1 chromosome 16, bFalNau1.pat, whole genome shotgun sequence	A	16	4478201
NC_054069.1 Falco naumanni isolate bFalNau1 chromosome 16, bFalNau1.pat, whole genome shotgun sequence	T	19	4480424
NC_054069.1 Falco naumanni isolate bFalNau1 chromosome 16, bFalNau1.pat, whole genome shotgun sequence	T	16	4498732
NC_054069.1 Falco naumanni isolate bFalNau1 chromosome 16, bFalNau1.pat, whole genome shotgun sequence	A	18	4501017
NC_054069.1 Falco naumanni isolate bFalNau1 chromosome 16, bFalNau1.pat, whole genome shotgun sequence	G	18	4502798
NC_054069.1 Falco naumanni isolate bFalNau1 chromosome 16, bFalNau1.pat, whole genome shotgun sequence	T	19	4504544
NC_054069.1 Falco naumanni isolate bFalNau1 chromosome 16, bFalNau1.pat, whole genome shotgun sequence	A	21	4505285
NC_054069.1 Falco naumanni isolate bFalNau1 chromosome 16, bFalNau1.pat, whole genome shotgun sequence	A	18	4515566
NC_054069.1 Falco naumanni isolate bFalNau1 chromosome 16, bFalNau1.pat, whole genome shotgun sequence	T	22	4518115
NC_054069.1 Falco naumanni isolate bFalNau1 chromosome 16, bFalNau1.pat, whole genome shotgun sequence	T	19	4526570
NC_054069.1 Falco naumanni isolate bFalNau1 chromosome 16, bFalNau1.pat, whole genome shotgun sequence	T	23	4529235
NC_054069.1 Falco naumanni isolate bFalNau1 chromosome 16, bFalNau1.pat, whole genome shotgun sequence	T	19	4544023
NC_054069.1 Falco naumanni isolate bFalNau1 chromosome 16, bFalNau1.pat, whole genome shotgun sequence	T	21	4548204
NC_054069.1 Falco naumanni isolate bFalNau1 chromosome 16, bFalNau1.pat, whole genome shotgun sequence	A	19	4549470
NC_054069.1 Falco naumanni isolate bFalNau1 chromosome 16, bFalNau1.pat, whole genome shotgun sequence	C	25	4554554
NC_054069.1 Falco naumanni isolate bFalNau1 chromosome 16, bFalNau1.pat, whole genome shotgun sequence	A	19	4562219
NC_054069.1 Falco naumanni isolate bFalNau1 chromosome 16, bFalNau1.pat, whole genome shotgun sequence	G	19	4573477
NC_054069.1 Falco naumanni isolate bFalNau1 chromosome 16, bFalNau1.pat, whole genome shotgun sequence	A	16	4574759
NC_054069.1 Falco naumanni isolate bFalNau1 chromosome 16, bFalNau1.pat, whole genome shotgun sequence	A	16	4587746
NC_054069.1 Falco naumanni isolate bFalNau1 chromosome 16, bFalNau1.pat, whole genome shotgun sequence	T	20	4590388
NC_054069.1 Falco naumanni isolate bFalNau1 chromosome 16, bFalNau1.pat, whole genome shotgun sequence	A	16	4593544
NC_054069.1 Falco naumanni isolate bFalNau1 chromosome 16, bFalNau1.pat, whole genome shotgun sequence	A	19	4596311
NC_054069.1 Falco naumanni isolate bFalNau1 chromosome 16, bFalNau1.pat, whole genome shotgun sequence	T	18	4596615
NC_054069.1 Falco naumanni isolate bFalNau1 chromosome 16, bFalNau1.pat, whole genome shotgun sequence	A	25	4601060
NC_054069.1 Falco naumanni isolate bFalNau1 chromosome 16, bFalNau1.pat, whole genome shotgun sequence	T	16	4601633
NC_054069.1 Falco naumanni isolate bFalNau1 chromosome 16, bFalNau1.pat, whole genome shotgun sequence	T	20	4602405
NC_054069.1 Falco naumanni isolate bFalNau1 chromosome 16, bFalNau1.pat, whole genome shotgun sequence	T	17	4604187
NC_054069.1 Falco naumanni isolate bFalNau1 chromosome 16, bFalNau1.pat, whole genome shotgun sequence	T	22	4606163
NC_054069.1 Falco naumanni isolate bFalNau1 chromosome 16, bFalNau1.pat, whole genome shotgun sequence	T	19	4606851
NC_054069.1 Falco naumanni isolate bFalNau1 chromosome 16, bFalNau1.pat, whole genome shotgun sequence	A	16	4607934
NC_054069.1 Falco naumanni isolate bFalNau1 chromosome 16, bFalNau1.pat, whole genome shotgun sequence	T	29	4615581
NC_054069.1 Falco naumanni isolate bFalNau1 chromosome 16, bFalNau1.pat, whole genome shotgun sequence	T	29	4625208
NC_054069.1 Falco naumanni isolate bFalNau1 chromosome 16, bFalNau1.pat, whole genome shotgun sequence	A	27	4631709
NC_054069.1 Falco naumanni isolate bFalNau1 chromosome 16, bFalNau1.pat, whole genome shotgun sequence	T	17	4635385
NC_054069.1 Falco naumanni isolate bFalNau1 chromosome 16, bFalNau1.pat, whole genome shotgun sequence	A	20	4640174
NC_054069.1 Falco naumanni isolate bFalNau1 chromosome 16, bFalNau1.pat, whole genome shotgun sequence	A	28	4647180
NC_054069.1 Falco naumanni isolate bFalNau1 chromosome 16, bFalNau1.pat, whole genome shotgun sequence	T	19	4666055
NC_054069.1 Falco naumanni isolate bFalNau1 chromosome 16, bFalNau1.pat, whole genome shotgun sequence	T	16	4670479
NC_054069.1 Falco naumanni isolate bFalNau1 chromosome 16, bFalNau1.pat, whole genome shotgun sequence	A	18	4672599
NC_054069.1 Falco naumanni isolate bFalNau1 chromosome 16, bFalNau1.pat, whole genome shotgun sequence	A	18	4676239
NC_054069.1 Falco naumanni isolate bFalNau1 chromosome 16, bFalNau1.pat, whole genome shotgun sequence	A	18	4685182
NC_054069.1 Falco naumanni isolate bFalNau1 chromosome 16, bFalNau1.pat, whole genome shotgun sequence	G	17	4685360
NC_054069.1 Falco naumanni isolate bFalNau1 chromosome 16, bFalNau1.pat, whole genome shotgun sequence	A	17	4688438
NC_054069.1 Falco naumanni isolate bFalNau1 chromosome 16, bFalNau1.pat, whole genome shotgun sequence	A	24	4689375
NC_054069.1 Falco naumanni isolate bFalNau1 chromosome 16, bFalNau1.pat, whole genome shotgun sequence	T	32	4692009
NC_054069.1 Falco naumanni isolate bFalNau1 chromosome 16, bFalNau1.pat, whole genome shotgun sequence	A	35	4696371
NC_054069.1 Falco naumanni isolate bFalNau1 chromosome 16, bFalNau1.pat, whole genome shotgun sequence	T	16	4697871
NC_054069.1 Falco naumanni isolate bFalNau1 chromosome 16, bFalNau1.pat, whole genome shotgun sequence	A	19	4704083
NC_054069.1 Falco naumanni isolate bFalNau1 chromosome 16, bFalNau1.pat, whole genome shotgun sequence	T	24	4705167
NC_054069.1 Falco naumanni isolate bFalNau1 chromosome 16, bFalNau1.pat, whole genome shotgun sequence	A	18	4706811
NC_054069.1 Falco naumanni isolate bFalNau1 chromosome 16, bFalNau1.pat, whole genome shotgun sequence	A	16	4711367
NC_054069.1 Falco naumanni isolate bFalNau1 chromosome 16, bFalNau1.pat, whole genome shotgun sequence	A	19	4719565
NC_054069.1 Falco naumanni isolate bFalNau1 chromosome 16, bFalNau1.pat, whole genome shotgun sequence	T	18	4723575
NC_054069.1 Falco naumanni isolate bFalNau1 chromosome 16, bFalNau1.pat, whole genome shotgun sequence	T	23	4733063
NC_054069.1 Falco naumanni isolate bFalNau1 chromosome 16, bFalNau1.pat, whole genome shotgun sequence	A	17	4733476
NC_054069.1 Falco naumanni isolate bFalNau1 chromosome 16, bFalNau1.pat, whole genome shotgun sequence	A	23	4758700
NC_054069.1 Falco naumanni isolate bFalNau1 chromosome 16, bFalNau1.pat, whole genome shotgun sequence	C	21	4771299
NC_054069.1 Falco naumanni isolate bFalNau1 chromosome 16, bFalNau1.pat, whole genome shotgun sequence	C	25	4790620
NC_054069.1 Falco naumanni isolate bFalNau1 chromosome 16, bFalNau1.pat, whole genome shotgun sequence	A	21	4800899
NC_054069.1 Falco naumanni isolate bFalNau1 chromosome 16, bFalNau1.pat, whole genome shotgun sequence	A	20	4801467
NC_054069.1 Falco naumanni isolate bFalNau1 chromosome 16, bFalNau1.pat, whole genome shotgun sequence	A	29	4828547
NC_054069.1 Falco naumanni isolate bFalNau1 chromosome 16, bFalNau1.pat, whole genome shotgun sequence	G	43	4832015
NC_054069.1 Falco naumanni isolate bFalNau1 chromosome 16, bFalNau1.pat, whole genome shotgun sequence	C	24	4834549
NC_054069.1 Falco naumanni isolate bFalNau1 chromosome 16, bFalNau1.pat, whole genome shotgun sequence	A	17	4838154
NC_054069.1 Falco naumanni isolate bFalNau1 chromosome 16, bFalNau1.pat, whole genome shotgun sequence	T	24	4838989
NC_054069.1 Falco naumanni isolate bFalNau1 chromosome 16, bFalNau1.pat, whole genome shotgun sequence	T	23	4841186
NC_054069.1 Falco naumanni isolate bFalNau1 chromosome 16, bFalNau1.pat, whole genome shotgun sequence	A	23	4855535
NC_054069.1 Falco naumanni isolate bFalNau1 chromosome 16, bFalNau1.pat, whole genome shotgun sequence	G	18	4861599
NC_054069.1 Falco naumanni isolate bFalNau1 chromosome 16, bFalNau1.pat, whole genome shotgun sequence	A	17	4862024
NC_054069.1 Falco naumanni isolate bFalNau1 chromosome 16, bFalNau1.pat, whole genome shotgun sequence	T	20	4908084
NC_054069.1 Falco naumanni isolate bFalNau1 chromosome 16, bFalNau1.pat, whole genome shotgun sequence	A	20	4908656
NC_054069.1 Falco naumanni isolate bFalNau1 chromosome 16, bFalNau1.pat, whole genome shotgun sequence	A	30	4910576
NC_054069.1 Falco naumanni isolate bFalNau1 chromosome 16, bFalNau1.pat, whole genome shotgun sequence	A	17	4911200
NC_054069.1 Falco naumanni isolate bFalNau1 chromosome 16, bFalNau1.pat, whole genome shotgun sequence	G	22	4917725
NC_054069.1 Falco naumanni isolate bFalNau1 chromosome 16, bFalNau1.pat, whole genome shotgun sequence	A	20	4920604
NC_054069.1 Falco naumanni isolate bFalNau1 chromosome 16, bFalNau1.pat, whole genome shotgun sequence	A	28	4921575
NC_054069.1 Falco naumanni isolate bFalNau1 chromosome 16, bFalNau1.pat, whole genome shotgun sequence	G	20	4942767
NC_054069.1 Falco naumanni isolate bFalNau1 chromosome 16, bFalNau1.pat, whole genome shotgun sequence	C	18	4944782
NC_054069.1 Falco naumanni isolate bFalNau1 chromosome 16, bFalNau1.pat, whole genome shotgun sequence	A	17	4946239
NC_054069.1 Falco naumanni isolate bFalNau1 chromosome 16, bFalNau1.pat, whole genome shotgun sequence	A	16	4950225
NC_054069.1 Falco naumanni isolate bFalNau1 chromosome 16, bFalNau1.pat, whole genome shotgun sequence	A	30	4953564
NC_054069.1 Falco naumanni isolate bFalNau1 chromosome 16, bFalNau1.pat, whole genome shotgun sequence	T	16	4959803
NC_054069.1 Falco naumanni isolate bFalNau1 chromosome 16, bFalNau1.pat, whole genome shotgun sequence	G	16	4961163
NC_054069.1 Falco naumanni isolate bFalNau1 chromosome 16, bFalNau1.pat, whole genome shotgun sequence	G	17	4967785
NC_054069.1 Falco naumanni isolate bFalNau1 chromosome 16, bFalNau1.pat, whole genome shotgun sequence	T	18	4970900
NC_054069.1 Falco naumanni isolate bFalNau1 chromosome 16, bFalNau1.pat, whole genome shotgun sequence	T	23	4975452
NC_054069.1 Falco naumanni isolate bFalNau1 chromosome 16, bFalNau1.pat, whole genome shotgun sequence	A	18	4976896
NC_054069.1 Falco naumanni isolate bFalNau1 chromosome 16, bFalNau1.pat, whole genome shotgun sequence	A	21	4980041
NC_054069.1 Falco naumanni isolate bFalNau1 chromosome 16, bFalNau1.pat, whole genome shotgun sequence	A	18	4988336
NC_054069.1 Falco naumanni isolate bFalNau1 chromosome 16, bFalNau1.pat, whole genome shotgun sequence	A	17	4992286
NC_054069.1 Falco naumanni isolate bFalNau1 chromosome 16, bFalNau1.pat, whole genome shotgun sequence	T	16	5010592
NC_054069.1 Falco naumanni isolate bFalNau1 chromosome 16, bFalNau1.pat, whole genome shotgun sequence	G	22	5014216
NC_054069.1 Falco naumanni isolate bFalNau1 chromosome 16, bFalNau1.pat, whole genome shotgun sequence	G	16	5014744
NC_054069.1 Falco naumanni isolate bFalNau1 chromosome 16, bFalNau1.pat, whole genome shotgun sequence	A	21	5017189
NC_054069.1 Falco naumanni isolate bFalNau1 chromosome 16, bFalNau1.pat, whole genome shotgun sequence	A	24	5024195
NC_054069.1 Falco naumanni isolate bFalNau1 chromosome 16, bFalNau1.pat, whole genome shotgun sequence	A	18	5024665
NC_054069.1 Falco naumanni isolate bFalNau1 chromosome 16, bFalNau1.pat, whole genome shotgun sequence	A	16	5027319
NC_054069.1 Falco naumanni isolate bFalNau1 chromosome 16, bFalNau1.pat, whole genome shotgun sequence	A	18	5032161
NC_054069.1 Falco naumanni isolate bFalNau1 chromosome 16, bFalNau1.pat, whole genome shotgun sequence	A	23	5040704
NC_054069.1 Falco naumanni isolate bFalNau1 chromosome 16, bFalNau1.pat, whole genome shotgun sequence	T	18	5047671
NC_054069.1 Falco naumanni isolate bFalNau1 chromosome 16, bFalNau1.pat, whole genome shotgun sequence	A	19	5049366
NC_054069.1 Falco naumanni isolate bFalNau1 chromosome 16, bFalNau1.pat, whole genome shotgun sequence	A	22	5073532
NC_054069.1 Falco naumanni isolate bFalNau1 chromosome 16, bFalNau1.pat, whole genome shotgun sequence	A	20	5102329
NC_054069.1 Falco naumanni isolate bFalNau1 chromosome 16, bFalNau1.pat, whole genome shotgun sequence	A	17	5114386
NC_054069.1 Falco naumanni isolate bFalNau1 chromosome 16, bFalNau1.pat, whole genome shotgun sequence	A	17	5115314
NC_054069.1 Falco naumanni isolate bFalNau1 chromosome 16, bFalNau1.pat, whole genome shotgun sequence	T	16	5119721
NC_054069.1 Falco naumanni isolate bFalNau1 chromosome 16, bFalNau1.pat, whole genome shotgun sequence	A	26	5126658
NC_054069.1 Falco naumanni isolate bFalNau1 chromosome 16, bFalNau1.pat, whole genome shotgun sequence	A	17	5144356
NC_054069.1 Falco naumanni isolate bFalNau1 chromosome 16, bFalNau1.pat, whole genome shotgun sequence	A	16	5146111
NC_054069.1 Falco naumanni isolate bFalNau1 chromosome 16, bFalNau1.pat, whole genome shotgun sequence	A	16	5164157
NC_054069.1 Falco naumanni isolate bFalNau1 chromosome 16, bFalNau1.pat, whole genome shotgun sequence	G	17	5164360
NC_054069.1 Falco naumanni isolate bFalNau1 chromosome 16, bFalNau1.pat, whole genome shotgun sequence	T	16	5165717
NC_054069.1 Falco naumanni isolate bFalNau1 chromosome 16, bFalNau1.pat, whole genome shotgun sequence	A	19	5166451
NC_054069.1 Falco naumanni isolate bFalNau1 chromosome 16, bFalNau1.pat, whole genome shotgun sequence	G	17	5166627
NC_054069.1 Falco naumanni isolate bFalNau1 chromosome 16, bFalNau1.pat, whole genome shotgun sequence	G	26	5167200
NC_054069.1 Falco naumanni isolate bFalNau1 chromosome 16, bFalNau1.pat, whole genome shotgun sequence	A	16	5167418
NC_054069.1 Falco naumanni isolate bFalNau1 chromosome 16, bFalNau1.pat, whole genome shotgun sequence	A	19	5167778
NC_054069.1 Falco naumanni isolate bFalNau1 chromosome 16, bFalNau1.pat, whole genome shotgun sequence	G	21	5168398
NC_054069.1 Falco naumanni isolate bFalNau1 chromosome 16, bFalNau1.pat, whole genome shotgun sequence	T	17	5169046
NC_054069.1 Falco naumanni isolate bFalNau1 chromosome 16, bFalNau1.pat, whole genome shotgun sequence	A	16	5186447
NC_054069.1 Falco naumanni isolate bFalNau1 chromosome 16, bFalNau1.pat, whole genome shotgun sequence	T	23	5187037
NC_054069.1 Falco naumanni isolate bFalNau1 chromosome 16, bFalNau1.pat, whole genome shotgun sequence	T	18	5188822
NC_054069.1 Falco naumanni isolate bFalNau1 chromosome 16, bFalNau1.pat, whole genome shotgun sequence	A	21	5189908
NC_054069.1 Falco naumanni isolate bFalNau1 chromosome 16, bFalNau1.pat, whole genome shotgun sequence	A	20	5190310
NC_054069.1 Falco naumanni isolate bFalNau1 chromosome 16, bFalNau1.pat, whole genome shotgun sequence	A	19	5193859
NC_054069.1 Falco naumanni isolate bFalNau1 chromosome 16, bFalNau1.pat, whole genome shotgun sequence	T	17	5197075
NC_054069.1 Falco naumanni isolate bFalNau1 chromosome 16, bFalNau1.pat, whole genome shotgun sequence	A	27	5222565
NC_054069.1 Falco naumanni isolate bFalNau1 chromosome 16, bFalNau1.pat, whole genome shotgun sequence	G	17	5227998
NC_054069.1 Falco naumanni isolate bFalNau1 chromosome 16, bFalNau1.pat, whole genome shotgun sequence	G	16	5233605
NC_054069.1 Falco naumanni isolate bFalNau1 chromosome 16, bFalNau1.pat, whole genome shotgun sequence	C	21	5234609
NC_054069.1 Falco naumanni isolate bFalNau1 chromosome 16, bFalNau1.pat, whole genome shotgun sequence	A	24	5237637
NC_054069.1 Falco naumanni isolate bFalNau1 chromosome 16, bFalNau1.pat, whole genome shotgun sequence	A	29	5270839
NC_054069.1 Falco naumanni isolate bFalNau1 chromosome 16, bFalNau1.pat, whole genome shotgun sequence	A	48	5274977
NC_054069.1 Falco naumanni isolate bFalNau1 chromosome 16, bFalNau1.pat, whole genome shotgun sequence	A	18	5275173
NC_054069.1 Falco naumanni isolate bFalNau1 chromosome 16, bFalNau1.pat, whole genome shotgun sequence	A	18	5275454
NC_054069.1 Falco naumanni isolate bFalNau1 chromosome 16, bFalNau1.pat, whole genome shotgun sequence	C	16	5283127
NC_054069.1 Falco naumanni isolate bFalNau1 chromosome 16, bFalNau1.pat, whole genome shotgun sequence	C	16	5292622
NC_054069.1 Falco naumanni isolate bFalNau1 chromosome 16, bFalNau1.pat, whole genome shotgun sequence	T	25	5314606
NC_054069.1 Falco naumanni isolate bFalNau1 chromosome 16, bFalNau1.pat, whole genome shotgun sequence	A	21	5321663
NC_054069.1 Falco naumanni isolate bFalNau1 chromosome 16, bFalNau1.pat, whole genome shotgun sequence	C	20	5333239
NC_054069.1 Falco naumanni isolate bFalNau1 chromosome 16, bFalNau1.pat, whole genome shotgun sequence	G	32	5338140
NC_054069.1 Falco naumanni isolate bFalNau1 chromosome 16, bFalNau1.pat, whole genome shotgun sequence	T	17	5376283
NC_054069.1 Falco naumanni isolate bFalNau1 chromosome 16, bFalNau1.pat, whole genome shotgun sequence	T	17	5384870
NC_054069.1 Falco naumanni isolate bFalNau1 chromosome 16, bFalNau1.pat, whole genome shotgun sequence	A	21	5424070
NC_054069.1 Falco naumanni isolate bFalNau1 chromosome 16, bFalNau1.pat, whole genome shotgun sequence	A	17	5443139
NC_054069.1 Falco naumanni isolate bFalNau1 chromosome 16, bFalNau1.pat, whole genome shotgun sequence	T	20	5448645
NC_054069.1 Falco naumanni isolate bFalNau1 chromosome 16, bFalNau1.pat, whole genome shotgun sequence	A	17	5450969
NC_054069.1 Falco naumanni isolate bFalNau1 chromosome 16, bFalNau1.pat, whole genome shotgun sequence	C	16	5458167
NC_054069.1 Falco naumanni isolate bFalNau1 chromosome 16, bFalNau1.pat, whole genome shotgun sequence	A	35	5461465
NC_054069.1 Falco naumanni isolate bFalNau1 chromosome 16, bFalNau1.pat, whole genome shotgun sequence	A	17	5466175
NC_054069.1 Falco naumanni isolate bFalNau1 chromosome 16, bFalNau1.pat, whole genome shotgun sequence	T	28	5507667
NC_054069.1 Falco naumanni isolate bFalNau1 chromosome 16, bFalNau1.pat, whole genome shotgun sequence	T	16	5507876
NC_054069.1 Falco naumanni isolate bFalNau1 chromosome 16, bFalNau1.pat, whole genome shotgun sequence	T	17	5524017
NC_054069.1 Falco naumanni isolate bFalNau1 chromosome 16, bFalNau1.pat, whole genome shotgun sequence	T	25	5530152
NC_054069.1 Falco naumanni isolate bFalNau1 chromosome 16, bFalNau1.pat, whole genome shotgun sequence	A	17	5533486
NC_054069.1 Falco naumanni isolate bFalNau1 chromosome 16, bFalNau1.pat, whole genome shotgun sequence	T	19	5537530
NC_054069.1 Falco naumanni isolate bFalNau1 chromosome 16, bFalNau1.pat, whole genome shotgun sequence	A	33	5541247
NC_054069.1 Falco naumanni isolate bFalNau1 chromosome 16, bFalNau1.pat, whole genome shotgun sequence	T	20	5542370
NC_054069.1 Falco naumanni isolate bFalNau1 chromosome 16, bFalNau1.pat, whole genome shotgun sequence	A	18	5545940
NC_054069.1 Falco naumanni isolate bFalNau1 chromosome 16, bFalNau1.pat, whole genome shotgun sequence	A	16	5553117
NC_054069.1 Falco naumanni isolate bFalNau1 chromosome 16, bFalNau1.pat, whole genome shotgun sequence	A	16	5553221
NC_054069.1 Falco naumanni isolate bFalNau1 chromosome 16, bFalNau1.pat, whole genome shotgun sequence	A	17	5568349
NC_054069.1 Falco naumanni isolate bFalNau1 chromosome 16, bFalNau1.pat, whole genome shotgun sequence	A	16	5597606
NC_054069.1 Falco naumanni isolate bFalNau1 chromosome 16, bFalNau1.pat, whole genome shotgun sequence	T	30	5610896
NC_054069.1 Falco naumanni isolate bFalNau1 chromosome 16, bFalNau1.pat, whole genome shotgun sequence	T	24	5611640
NC_054069.1 Falco naumanni isolate bFalNau1 chromosome 16, bFalNau1.pat, whole genome shotgun sequence	A	18	5611798
NC_054069.1 Falco naumanni isolate bFalNau1 chromosome 16, bFalNau1.pat, whole genome shotgun sequence	A	36	5615143
NC_054069.1 Falco naumanni isolate bFalNau1 chromosome 16, bFalNau1.pat, whole genome shotgun sequence	T	16	5617065
NC_054069.1 Falco naumanni isolate bFalNau1 chromosome 16, bFalNau1.pat, whole genome shotgun sequence	T	21	5617377
NC_054069.1 Falco naumanni isolate bFalNau1 chromosome 16, bFalNau1.pat, whole genome shotgun sequence	A	27	5630755
NC_054069.1 Falco naumanni isolate bFalNau1 chromosome 16, bFalNau1.pat, whole genome shotgun sequence	T	23	5636091
NC_054069.1 Falco naumanni isolate bFalNau1 chromosome 16, bFalNau1.pat, whole genome shotgun sequence	T	18	5638388
NC_054069.1 Falco naumanni isolate bFalNau1 chromosome 16, bFalNau1.pat, whole genome shotgun sequence	A	16	5645423
NC_054069.1 Falco naumanni isolate bFalNau1 chromosome 16, bFalNau1.pat, whole genome shotgun sequence	T	18	5653100
NC_054069.1 Falco naumanni isolate bFalNau1 chromosome 16, bFalNau1.pat, whole genome shotgun sequence	A	18	5660042
NC_054069.1 Falco naumanni isolate bFalNau1 chromosome 16, bFalNau1.pat, whole genome shotgun sequence	A	26	5662910
NC_054069.1 Falco naumanni isolate bFalNau1 chromosome 16, bFalNau1.pat, whole genome shotgun sequence	T	16	5688882
NC_054069.1 Falco naumanni isolate bFalNau1 chromosome 16, bFalNau1.pat, whole genome shotgun sequence	T	16	5692341
NC_054069.1 Falco naumanni isolate bFalNau1 chromosome 16, bFalNau1.pat, whole genome shotgun sequence	A	20	5709738
NC_054069.1 Falco naumanni isolate bFalNau1 chromosome 16, bFalNau1.pat, whole genome shotgun sequence	T	25	5720921
NC_054069.1 Falco naumanni isolate bFalNau1 chromosome 16, bFalNau1.pat, whole genome shotgun sequence	G	20	5723299
NC_054069.1 Falco naumanni isolate bFalNau1 chromosome 16, bFalNau1.pat, whole genome shotgun sequence	A	27	5727534
NC_054069.1 Falco naumanni isolate bFalNau1 chromosome 16, bFalNau1.pat, whole genome shotgun sequence	G	23	5735411
NC_054069.1 Falco naumanni isolate bFalNau1 chromosome 16, bFalNau1.pat, whole genome shotgun sequence	A	28	5742544
NC_054069.1 Falco naumanni isolate bFalNau1 chromosome 16, bFalNau1.pat, whole genome shotgun sequence	C	19	5745838
NC_054069.1 Falco naumanni isolate bFalNau1 chromosome 16, bFalNau1.pat, whole genome shotgun sequence	A	19	5757969
NC_054069.1 Falco naumanni isolate bFalNau1 chromosome 16, bFalNau1.pat, whole genome shotgun sequence	T	29	5761929
NC_054069.1 Falco naumanni isolate bFalNau1 chromosome 16, bFalNau1.pat, whole genome shotgun sequence	A	18	5766986
NC_054069.1 Falco naumanni isolate bFalNau1 chromosome 16, bFalNau1.pat, whole genome shotgun sequence	A	25	5767015
NC_054069.1 Falco naumanni isolate bFalNau1 chromosome 16, bFalNau1.pat, whole genome shotgun sequence	A	22	5804935
NC_054069.1 Falco naumanni isolate bFalNau1 chromosome 16, bFalNau1.pat, whole genome shotgun sequence	A	18	5806187
NC_054069.1 Falco naumanni isolate bFalNau1 chromosome 16, bFalNau1.pat, whole genome shotgun sequence	T	16	5810519
NC_054069.1 Falco naumanni isolate bFalNau1 chromosome 16, bFalNau1.pat, whole genome shotgun sequence	A	16	5814682
NC_054069.1 Falco naumanni isolate bFalNau1 chromosome 16, bFalNau1.pat, whole genome shotgun sequence	A	16	5818084
NC_054069.1 Falco naumanni isolate bFalNau1 chromosome 16, bFalNau1.pat, whole genome shotgun sequence	C	27	5837859
NC_054069.1 Falco naumanni isolate bFalNau1 chromosome 16, bFalNau1.pat, whole genome shotgun sequence	A	16	5838048
NC_054069.1 Falco naumanni isolate bFalNau1 chromosome 16, bFalNau1.pat, whole genome shotgun sequence	T	25	5847503
NC_054069.1 Falco naumanni isolate bFalNau1 chromosome 16, bFalNau1.pat, whole genome shotgun sequence	A	26	5852395
NC_054069.1 Falco naumanni isolate bFalNau1 chromosome 16, bFalNau1.pat, whole genome shotgun sequence	A	21	5856677
NC_054069.1 Falco naumanni isolate bFalNau1 chromosome 16, bFalNau1.pat, whole genome shotgun sequence	A	27	5871003
NC_054069.1 Falco naumanni isolate bFalNau1 chromosome 16, bFalNau1.pat, whole genome shotgun sequence	A	21	5878028
NC_054069.1 Falco naumanni isolate bFalNau1 chromosome 16, bFalNau1.pat, whole genome shotgun sequence	A	26	5922671
NC_054069.1 Falco naumanni isolate bFalNau1 chromosome 16, bFalNau1.pat, whole genome shotgun sequence	A	16	5926278
NC_054069.1 Falco naumanni isolate bFalNau1 chromosome 16, bFalNau1.pat, whole genome shotgun sequence	T	20	5957612
NC_054069.1 Falco naumanni isolate bFalNau1 chromosome 16, bFalNau1.pat, whole genome shotgun sequence	T	24	5960450
NC_054069.1 Falco naumanni isolate bFalNau1 chromosome 16, bFalNau1.pat, whole genome shotgun sequence	T	28	5964808
NC_054069.1 Falco naumanni isolate bFalNau1 chromosome 16, bFalNau1.pat, whole genome shotgun sequence	T	21	5979446
NC_054069.1 Falco naumanni isolate bFalNau1 chromosome 16, bFalNau1.pat, whole genome shotgun sequence	T	18	5981214
NC_054069.1 Falco naumanni isolate bFalNau1 chromosome 16, bFalNau1.pat, whole genome shotgun sequence	T	16	5991401
NC_054069.1 Falco naumanni isolate bFalNau1 chromosome 16, bFalNau1.pat, whole genome shotgun sequence	T	22	5997248
NC_054069.1 Falco naumanni isolate bFalNau1 chromosome 16, bFalNau1.pat, whole genome shotgun sequence	A	22	6002865
NC_054069.1 Falco naumanni isolate bFalNau1 chromosome 16, bFalNau1.pat, whole genome shotgun sequence	G	26	6005767
NC_054069.1 Falco naumanni isolate bFalNau1 chromosome 16, bFalNau1.pat, whole genome shotgun sequence	C	17	6021702
NC_054069.1 Falco naumanni isolate bFalNau1 chromosome 16, bFalNau1.pat, whole genome shotgun sequence	A	17	6021719
NC_054069.1 Falco naumanni isolate bFalNau1 chromosome 16, bFalNau1.pat, whole genome shotgun sequence	G	19	6026053
NC_054069.1 Falco naumanni isolate bFalNau1 chromosome 16, bFalNau1.pat, whole genome shotgun sequence	A	16	6026652
NC_054069.1 Falco naumanni isolate bFalNau1 chromosome 16, bFalNau1.pat, whole genome shotgun sequence	G	19	6035611
NC_054069.1 Falco naumanni isolate bFalNau1 chromosome 16, bFalNau1.pat, whole genome shotgun sequence	A	16	6035680
NC_054069.1 Falco naumanni isolate bFalNau1 chromosome 16, bFalNau1.pat, whole genome shotgun sequence	T	18	6039845
NC_054069.1 Falco naumanni isolate bFalNau1 chromosome 16, bFalNau1.pat, whole genome shotgun sequence	C	19	6040298
NC_054069.1 Falco naumanni isolate bFalNau1 chromosome 16, bFalNau1.pat, whole genome shotgun sequence	T	20	6108260
NC_054069.1 Falco naumanni isolate bFalNau1 chromosome 16, bFalNau1.pat, whole genome shotgun sequence	A	17	6121040
NC_054069.1 Falco naumanni isolate bFalNau1 chromosome 16, bFalNau1.pat, whole genome shotgun sequence	T	18	6129717
NC_054069.1 Falco naumanni isolate bFalNau1 chromosome 16, bFalNau1.pat, whole genome shotgun sequence	T	16	6131405
NC_054069.1 Falco naumanni isolate bFalNau1 chromosome 16, bFalNau1.pat, whole genome shotgun sequence	A	20	6136584
NC_054069.1 Falco naumanni isolate bFalNau1 chromosome 16, bFalNau1.pat, whole genome shotgun sequence	T	21	6162271
NC_054069.1 Falco naumanni isolate bFalNau1 chromosome 16, bFalNau1.pat, whole genome shotgun sequence	G	18	6171571
NC_054069.1 Falco naumanni isolate bFalNau1 chromosome 16, bFalNau1.pat, whole genome shotgun sequence	C	25	6172654
NC_054069.1 Falco naumanni isolate bFalNau1 chromosome 16, bFalNau1.pat, whole genome shotgun sequence	C	24	6173960
NC_054069.1 Falco naumanni isolate bFalNau1 chromosome 16, bFalNau1.pat, whole genome shotgun sequence	T	26	6179216
NC_054069.1 Falco naumanni isolate bFalNau1 chromosome 16, bFalNau1.pat, whole genome shotgun sequence	G	17	6185301
NC_054069.1 Falco naumanni isolate bFalNau1 chromosome 16, bFalNau1.pat, whole genome shotgun sequence	A	17	6190001
NC_054069.1 Falco naumanni isolate bFalNau1 chromosome 16, bFalNau1.pat, whole genome shotgun sequence	G	21	6194165
NC_054069.1 Falco naumanni isolate bFalNau1 chromosome 16, bFalNau1.pat, whole genome shotgun sequence	G	20	6194260
NC_054069.1 Falco naumanni isolate bFalNau1 chromosome 16, bFalNau1.pat, whole genome shotgun sequence	G	21	6194585
NC_054069.1 Falco naumanni isolate bFalNau1 chromosome 16, bFalNau1.pat, whole genome shotgun sequence	A	19	6195500
NC_054069.1 Falco naumanni isolate bFalNau1 chromosome 16, bFalNau1.pat, whole genome shotgun sequence	C	26	6228399
NC_054069.1 Falco naumanni isolate bFalNau1 chromosome 16, bFalNau1.pat, whole genome shotgun sequence	A	17	6279380
NC_054069.1 Falco naumanni isolate bFalNau1 chromosome 16, bFalNau1.pat, whole genome shotgun sequence	T	19	6283809
NC_054069.1 Falco naumanni isolate bFalNau1 chromosome 16, bFalNau1.pat, whole genome shotgun sequence	C	29	6312297
NC_054069.1 Falco naumanni isolate bFalNau1 chromosome 16, bFalNau1.pat, whole genome shotgun sequence	C	22	6318451
NC_054069.1 Falco naumanni isolate bFalNau1 chromosome 16, bFalNau1.pat, whole genome shotgun sequence	T	16	6377760
NC_054069.1 Falco naumanni isolate bFalNau1 chromosome 16, bFalNau1.pat, whole genome shotgun sequence	T	18	6400194
NC_054069.1 Falco naumanni isolate bFalNau1 chromosome 16, bFalNau1.pat, whole genome shotgun sequence	T	16	6400494
NC_054069.1 Falco naumanni isolate bFalNau1 chromosome 16, bFalNau1.pat, whole genome shotgun sequence	C	16	6402123
NC_054069.1 Falco naumanni isolate bFalNau1 chromosome 16, bFalNau1.pat, whole genome shotgun sequence	T	18	6402139
NC_054069.1 Falco naumanni isolate bFalNau1 chromosome 16, bFalNau1.pat, whole genome shotgun sequence	T	20	6403553
NC_054069.1 Falco naumanni isolate bFalNau1 chromosome 16, bFalNau1.pat, whole genome shotgun sequence	A	23	6417684
NC_054069.1 Falco naumanni isolate bFalNau1 chromosome 16, bFalNau1.pat, whole genome shotgun sequence	A	21	6438224
NC_054069.1 Falco naumanni isolate bFalNau1 chromosome 16, bFalNau1.pat, whole genome shotgun sequence	A	19	6443948
NC_054069.1 Falco naumanni isolate bFalNau1 chromosome 16, bFalNau1.pat, whole genome shotgun sequence	A	37	6449829
NC_054069.1 Falco naumanni isolate bFalNau1 chromosome 16, bFalNau1.pat, whole genome shotgun sequence	G	20	6455637
NC_054069.1 Falco naumanni isolate bFalNau1 chromosome 16, bFalNau1.pat, whole genome shotgun sequence	A	16	6462049
NC_054069.1 Falco naumanni isolate bFalNau1 chromosome 16, bFalNau1.pat, whole genome shotgun sequence	G	18	6472537
NC_054069.1 Falco naumanni isolate bFalNau1 chromosome 16, bFalNau1.pat, whole genome shotgun sequence	C	23	6473270
NC_054069.1 Falco naumanni isolate bFalNau1 chromosome 16, bFalNau1.pat, whole genome shotgun sequence	A	26	6474208
NC_054069.1 Falco naumanni isolate bFalNau1 chromosome 16, bFalNau1.pat, whole genome shotgun sequence	A	26	6480909
NC_054069.1 Falco naumanni isolate bFalNau1 chromosome 16, bFalNau1.pat, whole genome shotgun sequence	A	20	6500601
NC_054069.1 Falco naumanni isolate bFalNau1 chromosome 16, bFalNau1.pat, whole genome shotgun sequence	A	18	6530557
NC_054069.1 Falco naumanni isolate bFalNau1 chromosome 16, bFalNau1.pat, whole genome shotgun sequence	T	17	6535045
NC_054069.1 Falco naumanni isolate bFalNau1 chromosome 16, bFalNau1.pat, whole genome shotgun sequence	T	20	6536802
NC_054069.1 Falco naumanni isolate bFalNau1 chromosome 16, bFalNau1.pat, whole genome shotgun sequence	A	26	6554093
NC_054069.1 Falco naumanni isolate bFalNau1 chromosome 16, bFalNau1.pat, whole genome shotgun sequence	C	18	6575003
NC_054069.1 Falco naumanni isolate bFalNau1 chromosome 16, bFalNau1.pat, whole genome shotgun sequence	C	17	6581390
NC_054069.1 Falco naumanni isolate bFalNau1 chromosome 16, bFalNau1.pat, whole genome shotgun sequence	A	24	6586351
NC_054069.1 Falco naumanni isolate bFalNau1 chromosome 16, bFalNau1.pat, whole genome shotgun sequence	T	29	6599516
NC_054069.1 Falco naumanni isolate bFalNau1 chromosome 16, bFalNau1.pat, whole genome shotgun sequence	T	17	6603116
NC_054069.1 Falco naumanni isolate bFalNau1 chromosome 16, bFalNau1.pat, whole genome shotgun sequence	A	23	6605006
NC_054069.1 Falco naumanni isolate bFalNau1 chromosome 16, bFalNau1.pat, whole genome shotgun sequence	G	17	6606231
NC_054069.1 Falco naumanni isolate bFalNau1 chromosome 16, bFalNau1.pat, whole genome shotgun sequence	T	16	6620843
NC_054069.1 Falco naumanni isolate bFalNau1 chromosome 16, bFalNau1.pat, whole genome shotgun sequence	A	27	6628239
NC_054069.1 Falco naumanni isolate bFalNau1 chromosome 16, bFalNau1.pat, whole genome shotgun sequence	A	16	6640321
NC_054069.1 Falco naumanni isolate bFalNau1 chromosome 16, bFalNau1.pat, whole genome shotgun sequence	G	22	6640551
NC_054069.1 Falco naumanni isolate bFalNau1 chromosome 16, bFalNau1.pat, whole genome shotgun sequence	C	29	6658197
NC_054069.1 Falco naumanni isolate bFalNau1 chromosome 16, bFalNau1.pat, whole genome shotgun sequence	T	18	6668785
NC_054069.1 Falco naumanni isolate bFalNau1 chromosome 16, bFalNau1.pat, whole genome shotgun sequence	G	18	6675372
NC_054069.1 Falco naumanni isolate bFalNau1 chromosome 16, bFalNau1.pat, whole genome shotgun sequence	G	16	6697268
NC_054069.1 Falco naumanni isolate bFalNau1 chromosome 16, bFalNau1.pat, whole genome shotgun sequence	T	17	6701234
NC_054069.1 Falco naumanni isolate bFalNau1 chromosome 16, bFalNau1.pat, whole genome shotgun sequence	A	18	6710830
NC_054069.1 Falco naumanni isolate bFalNau1 chromosome 16, bFalNau1.pat, whole genome shotgun sequence	A	25	6713553
NC_054069.1 Falco naumanni isolate bFalNau1 chromosome 16, bFalNau1.pat, whole genome shotgun sequence	T	19	6756981
NC_054069.1 Falco naumanni isolate bFalNau1 chromosome 16, bFalNau1.pat, whole genome shotgun sequence	T	22	6767692
NC_054069.1 Falco naumanni isolate bFalNau1 chromosome 16, bFalNau1.pat, whole genome shotgun sequence	A	16	6770909
NC_054069.1 Falco naumanni isolate bFalNau1 chromosome 16, bFalNau1.pat, whole genome shotgun sequence	A	22	6784773
NC_054069.1 Falco naumanni isolate bFalNau1 chromosome 16, bFalNau1.pat, whole genome shotgun sequence	G	18	6808585
NC_054069.1 Falco naumanni isolate bFalNau1 chromosome 16, bFalNau1.pat, whole genome shotgun sequence	A	19	6824184
NC_054069.1 Falco naumanni isolate bFalNau1 chromosome 16, bFalNau1.pat, whole genome shotgun sequence	G	22	6852421
NC_054069.1 Falco naumanni isolate bFalNau1 chromosome 16, bFalNau1.pat, whole genome shotgun sequence	T	23	6859310
NC_054069.1 Falco naumanni isolate bFalNau1 chromosome 16, bFalNau1.pat, whole genome shotgun sequence	T	19	6917560
NC_054069.1 Falco naumanni isolate bFalNau1 chromosome 16, bFalNau1.pat, whole genome shotgun sequence	A	16	6935796
NC_054069.1 Falco naumanni isolate bFalNau1 chromosome 16, bFalNau1.pat, whole genome shotgun sequence	A	19	6962669
NC_054069.1 Falco naumanni isolate bFalNau1 chromosome 16, bFalNau1.pat, whole genome shotgun sequence	T	16	6963972
NC_054069.1 Falco naumanni isolate bFalNau1 chromosome 16, bFalNau1.pat, whole genome shotgun sequence	A	22	6967878
NC_054069.1 Falco naumanni isolate bFalNau1 chromosome 16, bFalNau1.pat, whole genome shotgun sequence	T	32	6994177
NC_054069.1 Falco naumanni isolate bFalNau1 chromosome 16, bFalNau1.pat, whole genome shotgun sequence	G	16	7031664
NC_054069.1 Falco naumanni isolate bFalNau1 chromosome 16, bFalNau1.pat, whole genome shotgun sequence	G	20	7032124
NC_054069.1 Falco naumanni isolate bFalNau1 chromosome 16, bFalNau1.pat, whole genome shotgun sequence	A	18	7033167
NC_054069.1 Falco naumanni isolate bFalNau1 chromosome 16, bFalNau1.pat, whole genome shotgun sequence	A	25	7036648
NC_054069.1 Falco naumanni isolate bFalNau1 chromosome 16, bFalNau1.pat, whole genome shotgun sequence	C	17	7055350
NC_054069.1 Falco naumanni isolate bFalNau1 chromosome 16, bFalNau1.pat, whole genome shotgun sequence	T	24	7125090
NC_054069.1 Falco naumanni isolate bFalNau1 chromosome 16, bFalNau1.pat, whole genome shotgun sequence	T	32	7134397
NC_054069.1 Falco naumanni isolate bFalNau1 chromosome 16, bFalNau1.pat, whole genome shotgun sequence	A	16	7156740
NC_054069.1 Falco naumanni isolate bFalNau1 chromosome 16, bFalNau1.pat, whole genome shotgun sequence	A	20	7167660
NC_054069.1 Falco naumanni isolate bFalNau1 chromosome 16, bFalNau1.pat, whole genome shotgun sequence	T	16	7180890
NC_054069.1 Falco naumanni isolate bFalNau1 chromosome 16, bFalNau1.pat, whole genome shotgun sequence	A	20	7205804
NC_054069.1 Falco naumanni isolate bFalNau1 chromosome 16, bFalNau1.pat, whole genome shotgun sequence	G	18	7238727
NC_054069.1 Falco naumanni isolate bFalNau1 chromosome 16, bFalNau1.pat, whole genome shotgun sequence	G	16	7275658
NC_054069.1 Falco naumanni isolate bFalNau1 chromosome 16, bFalNau1.pat, whole genome shotgun sequence	C	19	7295412
NC_054069.1 Falco naumanni isolate bFalNau1 chromosome 16, bFalNau1.pat, whole genome shotgun sequence	A	20	7299647
NC_054069.1 Falco naumanni isolate bFalNau1 chromosome 16, bFalNau1.pat, whole genome shotgun sequence	T	16	7299904
NC_054069.1 Falco naumanni isolate bFalNau1 chromosome 16, bFalNau1.pat, whole genome shotgun sequence	T	16	7310581
NC_054069.1 Falco naumanni isolate bFalNau1 chromosome 16, bFalNau1.pat, whole genome shotgun sequence	G	16	7334949
NC_054069.1 Falco naumanni isolate bFalNau1 chromosome 16, bFalNau1.pat, whole genome shotgun sequence	G	19	7352359
NC_054069.1 Falco naumanni isolate bFalNau1 chromosome 16, bFalNau1.pat, whole genome shotgun sequence	T	22	7362363
NC_054069.1 Falco naumanni isolate bFalNau1 chromosome 16, bFalNau1.pat, whole genome shotgun sequence	C	24	7365058
NC_054069.1 Falco naumanni isolate bFalNau1 chromosome 16, bFalNau1.pat, whole genome shotgun sequence	T	17	7376651
NC_054069.1 Falco naumanni isolate bFalNau1 chromosome 16, bFalNau1.pat, whole genome shotgun sequence	T	22	7379107
NC_054069.1 Falco naumanni isolate bFalNau1 chromosome 16, bFalNau1.pat, whole genome shotgun sequence	T	18	7384736
NC_054069.1 Falco naumanni isolate bFalNau1 chromosome 16, bFalNau1.pat, whole genome shotgun sequence	T	23	7447568
NC_054069.1 Falco naumanni isolate bFalNau1 chromosome 16, bFalNau1.pat, whole genome shotgun sequence	C	23	7477771
NC_054069.1 Falco naumanni isolate bFalNau1 chromosome 16, bFalNau1.pat, whole genome shotgun sequence	T	17	7480683
NC_054069.1 Falco naumanni isolate bFalNau1 chromosome 16, bFalNau1.pat, whole genome shotgun sequence	T	16	7482512
NC_054069.1 Falco naumanni isolate bFalNau1 chromosome 16, bFalNau1.pat, whole genome shotgun sequence	G	19	7490032
NC_054069.1 Falco naumanni isolate bFalNau1 chromosome 16, bFalNau1.pat, whole genome shotgun sequence	A	23	7493528
NC_054069.1 Falco naumanni isolate bFalNau1 chromosome 16, bFalNau1.pat, whole genome shotgun sequence	C	21	7494778
NC_054069.1 Falco naumanni isolate bFalNau1 chromosome 16, bFalNau1.pat, whole genome shotgun sequence	T	28	7500128
NC_054069.1 Falco naumanni isolate bFalNau1 chromosome 16, bFalNau1.pat, whole genome shotgun sequence	T	19	7516538
NC_054069.1 Falco naumanni isolate bFalNau1 chromosome 16, bFalNau1.pat, whole genome shotgun sequence	A	17	7526435
NC_054069.1 Falco naumanni isolate bFalNau1 chromosome 16, bFalNau1.pat, whole genome shotgun sequence	T	18	7544030
NC_054069.1 Falco naumanni isolate bFalNau1 chromosome 16, bFalNau1.pat, whole genome shotgun sequence	T	19	7565565
NC_054069.1 Falco naumanni isolate bFalNau1 chromosome 16, bFalNau1.pat, whole genome shotgun sequence	A	22	7596465
NC_054069.1 Falco naumanni isolate bFalNau1 chromosome 16, bFalNau1.pat, whole genome shotgun sequence	A	16	7597284
NC_054069.1 Falco naumanni isolate bFalNau1 chromosome 16, bFalNau1.pat, whole genome shotgun sequence	T	20	7616429
NC_054069.1 Falco naumanni isolate bFalNau1 chromosome 16, bFalNau1.pat, whole genome shotgun sequence	A	30	7649535
NC_054069.1 Falco naumanni isolate bFalNau1 chromosome 16, bFalNau1.pat, whole genome shotgun sequence	T	17	7664383
NC_054069.1 Falco naumanni isolate bFalNau1 chromosome 16, bFalNau1.pat, whole genome shotgun sequence	A	17	7699029
NC_054069.1 Falco naumanni isolate bFalNau1 chromosome 16, bFalNau1.pat, whole genome shotgun sequence	T	20	7810529
NC_054069.1 Falco naumanni isolate bFalNau1 chromosome 16, bFalNau1.pat, whole genome shotgun sequence	T	18	7822810
NC_054069.1 Falco naumanni isolate bFalNau1 chromosome 16, bFalNau1.pat, whole genome shotgun sequence	A	18	7826230
NC_054069.1 Falco naumanni isolate bFalNau1 chromosome 16, bFalNau1.pat, whole genome shotgun sequence	G	20	7832708
NC_054069.1 Falco naumanni isolate bFalNau1 chromosome 16, bFalNau1.pat, whole genome shotgun sequence	T	16	7854367
NC_054069.1 Falco naumanni isolate bFalNau1 chromosome 16, bFalNau1.pat, whole genome shotgun sequence	C	17	7863375
NC_054069.1 Falco naumanni isolate bFalNau1 chromosome 16, bFalNau1.pat, whole genome shotgun sequence	A	24	7864383
NC_054069.1 Falco naumanni isolate bFalNau1 chromosome 16, bFalNau1.pat, whole genome shotgun sequence	C	18	7874747
NC_054069.1 Falco naumanni isolate bFalNau1 chromosome 16, bFalNau1.pat, whole genome shotgun sequence	T	16	7891816
NC_054069.1 Falco naumanni isolate bFalNau1 chromosome 16, bFalNau1.pat, whole genome shotgun sequence	T	19	7898211
NC_054069.1 Falco naumanni isolate bFalNau1 chromosome 16, bFalNau1.pat, whole genome shotgun sequence	T	16	7908395
NC_054069.1 Falco naumanni isolate bFalNau1 chromosome 16, bFalNau1.pat, whole genome shotgun sequence	T	20	7925004
NC_054069.1 Falco naumanni isolate bFalNau1 chromosome 16, bFalNau1.pat, whole genome shotgun sequence	T	21	7927634
NC_054069.1 Falco naumanni isolate bFalNau1 chromosome 16, bFalNau1.pat, whole genome shotgun sequence	A	16	7931162
NC_054069.1 Falco naumanni isolate bFalNau1 chromosome 16, bFalNau1.pat, whole genome shotgun sequence	C	17	7933714
NC_054069.1 Falco naumanni isolate bFalNau1 chromosome 16, bFalNau1.pat, whole genome shotgun sequence	G	18	7934970
NC_054069.1 Falco naumanni isolate bFalNau1 chromosome 16, bFalNau1.pat, whole genome shotgun sequence	A	16	7945313
NC_054069.1 Falco naumanni isolate bFalNau1 chromosome 16, bFalNau1.pat, whole genome shotgun sequence	C	18	7953492
NC_054069.1 Falco naumanni isolate bFalNau1 chromosome 16, bFalNau1.pat, whole genome shotgun sequence	T	28	7954619
NC_054069.1 Falco naumanni isolate bFalNau1 chromosome 16, bFalNau1.pat, whole genome shotgun sequence	G	22	7954828
NC_054069.1 Falco naumanni isolate bFalNau1 chromosome 16, bFalNau1.pat, whole genome shotgun sequence	T	41	7956255
NC_054069.1 Falco naumanni isolate bFalNau1 chromosome 16, bFalNau1.pat, whole genome shotgun sequence	C	23	7956903
NC_054069.1 Falco naumanni isolate bFalNau1 chromosome 16, bFalNau1.pat, whole genome shotgun sequence	G	19	7958095
NC_054069.1 Falco naumanni isolate bFalNau1 chromosome 16, bFalNau1.pat, whole genome shotgun sequence	G	26	7974565
NC_054069.1 Falco naumanni isolate bFalNau1 chromosome 16, bFalNau1.pat, whole genome shotgun sequence	A	20	7985535
NC_054069.1 Falco naumanni isolate bFalNau1 chromosome 16, bFalNau1.pat, whole genome shotgun sequence	T	23	7990918
NC_054069.1 Falco naumanni isolate bFalNau1 chromosome 16, bFalNau1.pat, whole genome shotgun sequence	A	20	7993576
NC_054069.1 Falco naumanni isolate bFalNau1 chromosome 16, bFalNau1.pat, whole genome shotgun sequence	G	27	8004865
NC_054069.1 Falco naumanni isolate bFalNau1 chromosome 16, bFalNau1.pat, whole genome shotgun sequence	G	24	8006517
NC_054069.1 Falco naumanni isolate bFalNau1 chromosome 16, bFalNau1.pat, whole genome shotgun sequence	T	30	8006968
NC_054069.1 Falco naumanni isolate bFalNau1 chromosome 16, bFalNau1.pat, whole genome shotgun sequence	T	16	8008989
NC_054069.1 Falco naumanni isolate bFalNau1 chromosome 16, bFalNau1.pat, whole genome shotgun sequence	A	16	8024750
NC_054069.1 Falco naumanni isolate bFalNau1 chromosome 16, bFalNau1.pat, whole genome shotgun sequence	A	18	8051616
NC_054069.1 Falco naumanni isolate bFalNau1 chromosome 16, bFalNau1.pat, whole genome shotgun sequence	A	18	8051641
NC_054069.1 Falco naumanni isolate bFalNau1 chromosome 16, bFalNau1.pat, whole genome shotgun sequence	G	29	8053977
NC_054069.1 Falco naumanni isolate bFalNau1 chromosome 16, bFalNau1.pat, whole genome shotgun sequence	C	19	8124062
NC_054069.1 Falco naumanni isolate bFalNau1 chromosome 16, bFalNau1.pat, whole genome shotgun sequence	C	23	8124263
NC_054069.1 Falco naumanni isolate bFalNau1 chromosome 16, bFalNau1.pat, whole genome shotgun sequence	G	32	8125699
NC_054069.1 Falco naumanni isolate bFalNau1 chromosome 16, bFalNau1.pat, whole genome shotgun sequence	T	29	8131758
NC_054069.1 Falco naumanni isolate bFalNau1 chromosome 16, bFalNau1.pat, whole genome shotgun sequence	C	23	8157668
