#Sequence_Name	SSR	Repeats	Position
NC_054075.1 Falco naumanni isolate bFalNau1 chromosome 22, bFalNau1.pat, whole genome shotgun sequence	A	43	37718
NC_054075.1 Falco naumanni isolate bFalNau1 chromosome 22, bFalNau1.pat, whole genome shotgun sequence	A	28	38336
NC_054075.1 Falco naumanni isolate bFalNau1 chromosome 22, bFalNau1.pat, whole genome shotgun sequence	T	16	77984
NC_054075.1 Falco naumanni isolate bFalNau1 chromosome 22, bFalNau1.pat, whole genome shotgun sequence	A	17	78352
NC_054075.1 Falco naumanni isolate bFalNau1 chromosome 22, bFalNau1.pat, whole genome shotgun sequence	G	18	126357
NC_054075.1 Falco naumanni isolate bFalNau1 chromosome 22, bFalNau1.pat, whole genome shotgun sequence	GT	16	291800
NC_054075.1 Falco naumanni isolate bFalNau1 chromosome 22, bFalNau1.pat, whole genome shotgun sequence	A	18	145947
NC_054075.1 Falco naumanni isolate bFalNau1 chromosome 22, bFalNau1.pat, whole genome shotgun sequence	C	18	165243
NC_054075.1 Falco naumanni isolate bFalNau1 chromosome 22, bFalNau1.pat, whole genome shotgun sequence	G	20	174131
NC_054075.1 Falco naumanni isolate bFalNau1 chromosome 22, bFalNau1.pat, whole genome shotgun sequence	A	17	179945
NC_054075.1 Falco naumanni isolate bFalNau1 chromosome 22, bFalNau1.pat, whole genome shotgun sequence	A	19	182100
NC_054075.1 Falco naumanni isolate bFalNau1 chromosome 22, bFalNau1.pat, whole genome shotgun sequence	C	29	209626
NC_054075.1 Falco naumanni isolate bFalNau1 chromosome 22, bFalNau1.pat, whole genome shotgun sequence	A	17	251577
NC_054075.1 Falco naumanni isolate bFalNau1 chromosome 22, bFalNau1.pat, whole genome shotgun sequence	T	17	254697
NC_054075.1 Falco naumanni isolate bFalNau1 chromosome 22, bFalNau1.pat, whole genome shotgun sequence	A	21	262215
NC_054075.1 Falco naumanni isolate bFalNau1 chromosome 22, bFalNau1.pat, whole genome shotgun sequence	A	27	290239
NC_054075.1 Falco naumanni isolate bFalNau1 chromosome 22, bFalNau1.pat, whole genome shotgun sequence	T	18	317520
NC_054075.1 Falco naumanni isolate bFalNau1 chromosome 22, bFalNau1.pat, whole genome shotgun sequence	GT	16	360620
NC_054075.1 Falco naumanni isolate bFalNau1 chromosome 22, bFalNau1.pat, whole genome shotgun sequence	T	17	326198
NC_054075.1 Falco naumanni isolate bFalNau1 chromosome 22, bFalNau1.pat, whole genome shotgun sequence	A	17	326567
NC_054075.1 Falco naumanni isolate bFalNau1 chromosome 22, bFalNau1.pat, whole genome shotgun sequence	A	40	359055
NC_054075.1 Falco naumanni isolate bFalNau1 chromosome 22, bFalNau1.pat, whole genome shotgun sequence	T	25	376450
NC_054075.1 Falco naumanni isolate bFalNau1 chromosome 22, bFalNau1.pat, whole genome shotgun sequence	C	16	391647
NC_054075.1 Falco naumanni isolate bFalNau1 chromosome 22, bFalNau1.pat, whole genome shotgun sequence	T	29	453076
NC_054075.1 Falco naumanni isolate bFalNau1 chromosome 22, bFalNau1.pat, whole genome shotgun sequence	T	32	458143
NC_054075.1 Falco naumanni isolate bFalNau1 chromosome 22, bFalNau1.pat, whole genome shotgun sequence	A	16	479130
NC_054075.1 Falco naumanni isolate bFalNau1 chromosome 22, bFalNau1.pat, whole genome shotgun sequence	G	32	511505
NC_054075.1 Falco naumanni isolate bFalNau1 chromosome 22, bFalNau1.pat, whole genome shotgun sequence	T	22	514576
NC_054075.1 Falco naumanni isolate bFalNau1 chromosome 22, bFalNau1.pat, whole genome shotgun sequence	A	23	517953
NC_054075.1 Falco naumanni isolate bFalNau1 chromosome 22, bFalNau1.pat, whole genome shotgun sequence	GAGGA	15	574941
NC_054075.1 Falco naumanni isolate bFalNau1 chromosome 22, bFalNau1.pat, whole genome shotgun sequence	GAGAG	15	576170
NC_054075.1 Falco naumanni isolate bFalNau1 chromosome 22, bFalNau1.pat, whole genome shotgun sequence	TA	20	579239
NC_054075.1 Falco naumanni isolate bFalNau1 chromosome 22, bFalNau1.pat, whole genome shotgun sequence	T	41	526594
NC_054075.1 Falco naumanni isolate bFalNau1 chromosome 22, bFalNau1.pat, whole genome shotgun sequence	C	26	536813
NC_054075.1 Falco naumanni isolate bFalNau1 chromosome 22, bFalNau1.pat, whole genome shotgun sequence	A	61	546577
NC_054075.1 Falco naumanni isolate bFalNau1 chromosome 22, bFalNau1.pat, whole genome shotgun sequence	A	23	546781
NC_054075.1 Falco naumanni isolate bFalNau1 chromosome 22, bFalNau1.pat, whole genome shotgun sequence	A	22	546811
NC_054075.1 Falco naumanni isolate bFalNau1 chromosome 22, bFalNau1.pat, whole genome shotgun sequence	CCTCT	34	745925
NC_054075.1 Falco naumanni isolate bFalNau1 chromosome 22, bFalNau1.pat, whole genome shotgun sequence	TCGGC	21	746647
NC_054075.1 Falco naumanni isolate bFalNau1 chromosome 22, bFalNau1.pat, whole genome shotgun sequence	TA	14	749721
NC_054075.1 Falco naumanni isolate bFalNau1 chromosome 22, bFalNau1.pat, whole genome shotgun sequence	A	20	655581
NC_054075.1 Falco naumanni isolate bFalNau1 chromosome 22, bFalNau1.pat, whole genome shotgun sequence	C	17	677739
NC_054075.1 Falco naumanni isolate bFalNau1 chromosome 22, bFalNau1.pat, whole genome shotgun sequence	G	21	695815
NC_054075.1 Falco naumanni isolate bFalNau1 chromosome 22, bFalNau1.pat, whole genome shotgun sequence	T	30	727258
NC_054075.1 Falco naumanni isolate bFalNau1 chromosome 22, bFalNau1.pat, whole genome shotgun sequence	T	24	727709
NC_054075.1 Falco naumanni isolate bFalNau1 chromosome 22, bFalNau1.pat, whole genome shotgun sequence	T	18	862073
NC_054075.1 Falco naumanni isolate bFalNau1 chromosome 22, bFalNau1.pat, whole genome shotgun sequence	T	20	869294
NC_054075.1 Falco naumanni isolate bFalNau1 chromosome 22, bFalNau1.pat, whole genome shotgun sequence	T	22	926322
NC_054075.1 Falco naumanni isolate bFalNau1 chromosome 22, bFalNau1.pat, whole genome shotgun sequence	T	17	939247
NC_054075.1 Falco naumanni isolate bFalNau1 chromosome 22, bFalNau1.pat, whole genome shotgun sequence	A	23	972470
NC_054075.1 Falco naumanni isolate bFalNau1 chromosome 22, bFalNau1.pat, whole genome shotgun sequence	A	25	977606
NC_054075.1 Falco naumanni isolate bFalNau1 chromosome 22, bFalNau1.pat, whole genome shotgun sequence	C	17	1013222
NC_054075.1 Falco naumanni isolate bFalNau1 chromosome 22, bFalNau1.pat, whole genome shotgun sequence	A	26	1051140
NC_054075.1 Falco naumanni isolate bFalNau1 chromosome 22, bFalNau1.pat, whole genome shotgun sequence	C	23	1082659
NC_054075.1 Falco naumanni isolate bFalNau1 chromosome 22, bFalNau1.pat, whole genome shotgun sequence	A	22	1105816
NC_054075.1 Falco naumanni isolate bFalNau1 chromosome 22, bFalNau1.pat, whole genome shotgun sequence	G	24	1112727
