#Sequence_Name	SSR	Repeats	Position
NC_054073.1 Falco naumanni isolate bFalNau1 chromosome 20, bFalNau1.pat, whole genome shotgun sequence	T	16	53589
NC_054073.1 Falco naumanni isolate bFalNau1 chromosome 20, bFalNau1.pat, whole genome shotgun sequence	A	21	56516
NC_054073.1 Falco naumanni isolate bFalNau1 chromosome 20, bFalNau1.pat, whole genome shotgun sequence	A	23	57509
NC_054073.1 Falco naumanni isolate bFalNau1 chromosome 20, bFalNau1.pat, whole genome shotgun sequence	T	22	58224
NC_054073.1 Falco naumanni isolate bFalNau1 chromosome 20, bFalNau1.pat, whole genome shotgun sequence	T	20	61029
NC_054073.1 Falco naumanni isolate bFalNau1 chromosome 20, bFalNau1.pat, whole genome shotgun sequence	G	16	62328
NC_054073.1 Falco naumanni isolate bFalNau1 chromosome 20, bFalNau1.pat, whole genome shotgun sequence	A	23	65310
NC_054073.1 Falco naumanni isolate bFalNau1 chromosome 20, bFalNau1.pat, whole genome shotgun sequence	T	16	71915
NC_054073.1 Falco naumanni isolate bFalNau1 chromosome 20, bFalNau1.pat, whole genome shotgun sequence	A	18	76196
NC_054073.1 Falco naumanni isolate bFalNau1 chromosome 20, bFalNau1.pat, whole genome shotgun sequence	G	20	77372
NC_054073.1 Falco naumanni isolate bFalNau1 chromosome 20, bFalNau1.pat, whole genome shotgun sequence	G	31	80246
NC_054073.1 Falco naumanni isolate bFalNau1 chromosome 20, bFalNau1.pat, whole genome shotgun sequence	A	19	80521
NC_054073.1 Falco naumanni isolate bFalNau1 chromosome 20, bFalNau1.pat, whole genome shotgun sequence	A	19	80832
NC_054073.1 Falco naumanni isolate bFalNau1 chromosome 20, bFalNau1.pat, whole genome shotgun sequence	A	27	81976
NC_054073.1 Falco naumanni isolate bFalNau1 chromosome 20, bFalNau1.pat, whole genome shotgun sequence	A	19	83182
NC_054073.1 Falco naumanni isolate bFalNau1 chromosome 20, bFalNau1.pat, whole genome shotgun sequence	T	25	83470
NC_054073.1 Falco naumanni isolate bFalNau1 chromosome 20, bFalNau1.pat, whole genome shotgun sequence	C	22	3424
NC_054073.1 Falco naumanni isolate bFalNau1 chromosome 20, bFalNau1.pat, whole genome shotgun sequence	C	19	3615
NC_054073.1 Falco naumanni isolate bFalNau1 chromosome 20, bFalNau1.pat, whole genome shotgun sequence	T	26	9421
NC_054073.1 Falco naumanni isolate bFalNau1 chromosome 20, bFalNau1.pat, whole genome shotgun sequence	T	20	22210
NC_054073.1 Falco naumanni isolate bFalNau1 chromosome 20, bFalNau1.pat, whole genome shotgun sequence	A	17	29572
NC_054073.1 Falco naumanni isolate bFalNau1 chromosome 20, bFalNau1.pat, whole genome shotgun sequence	A	21	29597
NC_054073.1 Falco naumanni isolate bFalNau1 chromosome 20, bFalNau1.pat, whole genome shotgun sequence	G	20	30854
NC_054073.1 Falco naumanni isolate bFalNau1 chromosome 20, bFalNau1.pat, whole genome shotgun sequence	C	17	33457
NC_054073.1 Falco naumanni isolate bFalNau1 chromosome 20, bFalNau1.pat, whole genome shotgun sequence	C	16	35267
NC_054073.1 Falco naumanni isolate bFalNau1 chromosome 20, bFalNau1.pat, whole genome shotgun sequence	C	22	36661
NC_054073.1 Falco naumanni isolate bFalNau1 chromosome 20, bFalNau1.pat, whole genome shotgun sequence	C	20	36815
NC_054073.1 Falco naumanni isolate bFalNau1 chromosome 20, bFalNau1.pat, whole genome shotgun sequence	C	18	36953
NC_054073.1 Falco naumanni isolate bFalNau1 chromosome 20, bFalNau1.pat, whole genome shotgun sequence	C	20	37337
NC_054073.1 Falco naumanni isolate bFalNau1 chromosome 20, bFalNau1.pat, whole genome shotgun sequence	T	19	38726
NC_054073.1 Falco naumanni isolate bFalNau1 chromosome 20, bFalNau1.pat, whole genome shotgun sequence	A	22	39159
NC_054073.1 Falco naumanni isolate bFalNau1 chromosome 20, bFalNau1.pat, whole genome shotgun sequence	T	22	41029
NC_054073.1 Falco naumanni isolate bFalNau1 chromosome 20, bFalNau1.pat, whole genome shotgun sequence	G	17	43568
NC_054073.1 Falco naumanni isolate bFalNau1 chromosome 20, bFalNau1.pat, whole genome shotgun sequence	C	20	44322
NC_054073.1 Falco naumanni isolate bFalNau1 chromosome 20, bFalNau1.pat, whole genome shotgun sequence	C	16	44561
NC_054073.1 Falco naumanni isolate bFalNau1 chromosome 20, bFalNau1.pat, whole genome shotgun sequence	A	28	46200
NC_054073.1 Falco naumanni isolate bFalNau1 chromosome 20, bFalNau1.pat, whole genome shotgun sequence	T	19	46654
NC_054073.1 Falco naumanni isolate bFalNau1 chromosome 20, bFalNau1.pat, whole genome shotgun sequence	T	28	46700
NC_054073.1 Falco naumanni isolate bFalNau1 chromosome 20, bFalNau1.pat, whole genome shotgun sequence	A	16	48245
NC_054073.1 Falco naumanni isolate bFalNau1 chromosome 20, bFalNau1.pat, whole genome shotgun sequence	A	25	48814
NC_054073.1 Falco naumanni isolate bFalNau1 chromosome 20, bFalNau1.pat, whole genome shotgun sequence	GAAGG	16	725456
NC_054073.1 Falco naumanni isolate bFalNau1 chromosome 20, bFalNau1.pat, whole genome shotgun sequence	GAAGG	15	730862
NC_054073.1 Falco naumanni isolate bFalNau1 chromosome 20, bFalNau1.pat, whole genome shotgun sequence	TCCTC	39	877474
NC_054073.1 Falco naumanni isolate bFalNau1 chromosome 20, bFalNau1.pat, whole genome shotgun sequence	A	21	752113
NC_054073.1 Falco naumanni isolate bFalNau1 chromosome 20, bFalNau1.pat, whole genome shotgun sequence	T	16	762858
NC_054073.1 Falco naumanni isolate bFalNau1 chromosome 20, bFalNau1.pat, whole genome shotgun sequence	T	25	762875
NC_054073.1 Falco naumanni isolate bFalNau1 chromosome 20, bFalNau1.pat, whole genome shotgun sequence	A	16	769443
NC_054073.1 Falco naumanni isolate bFalNau1 chromosome 20, bFalNau1.pat, whole genome shotgun sequence	A	17	828430
NC_054073.1 Falco naumanni isolate bFalNau1 chromosome 20, bFalNau1.pat, whole genome shotgun sequence	T	23	835664
NC_054073.1 Falco naumanni isolate bFalNau1 chromosome 20, bFalNau1.pat, whole genome shotgun sequence	A	19	903347
NC_054073.1 Falco naumanni isolate bFalNau1 chromosome 20, bFalNau1.pat, whole genome shotgun sequence	A	16	907391
NC_054073.1 Falco naumanni isolate bFalNau1 chromosome 20, bFalNau1.pat, whole genome shotgun sequence	G	19	918393
NC_054073.1 Falco naumanni isolate bFalNau1 chromosome 20, bFalNau1.pat, whole genome shotgun sequence	T	17	969921
NC_054073.1 Falco naumanni isolate bFalNau1 chromosome 20, bFalNau1.pat, whole genome shotgun sequence	A	16	983405
NC_054073.1 Falco naumanni isolate bFalNau1 chromosome 20, bFalNau1.pat, whole genome shotgun sequence	G	17	995618
NC_054073.1 Falco naumanni isolate bFalNau1 chromosome 20, bFalNau1.pat, whole genome shotgun sequence	T	19	997581
NC_054073.1 Falco naumanni isolate bFalNau1 chromosome 20, bFalNau1.pat, whole genome shotgun sequence	G	22	1013380
NC_054073.1 Falco naumanni isolate bFalNau1 chromosome 20, bFalNau1.pat, whole genome shotgun sequence	T	17	1044463
NC_054073.1 Falco naumanni isolate bFalNau1 chromosome 20, bFalNau1.pat, whole genome shotgun sequence	G	19	1053340
NC_054073.1 Falco naumanni isolate bFalNau1 chromosome 20, bFalNau1.pat, whole genome shotgun sequence	G	20	1060794
NC_054073.1 Falco naumanni isolate bFalNau1 chromosome 20, bFalNau1.pat, whole genome shotgun sequence	G	19	1071226
NC_054073.1 Falco naumanni isolate bFalNau1 chromosome 20, bFalNau1.pat, whole genome shotgun sequence	T	21	1080315
NC_054073.1 Falco naumanni isolate bFalNau1 chromosome 20, bFalNau1.pat, whole genome shotgun sequence	T	17	1081949
NC_054073.1 Falco naumanni isolate bFalNau1 chromosome 20, bFalNau1.pat, whole genome shotgun sequence	T	21	1114481
NC_054073.1 Falco naumanni isolate bFalNau1 chromosome 20, bFalNau1.pat, whole genome shotgun sequence	G	17	1115125
NC_054073.1 Falco naumanni isolate bFalNau1 chromosome 20, bFalNau1.pat, whole genome shotgun sequence	A	16	1120204
NC_054073.1 Falco naumanni isolate bFalNau1 chromosome 20, bFalNau1.pat, whole genome shotgun sequence	T	16	1123981
NC_054073.1 Falco naumanni isolate bFalNau1 chromosome 20, bFalNau1.pat, whole genome shotgun sequence	A	16	1141754
NC_054073.1 Falco naumanni isolate bFalNau1 chromosome 20, bFalNau1.pat, whole genome shotgun sequence	A	27	1150024
NC_054073.1 Falco naumanni isolate bFalNau1 chromosome 20, bFalNau1.pat, whole genome shotgun sequence	A	25	1150391
NC_054073.1 Falco naumanni isolate bFalNau1 chromosome 20, bFalNau1.pat, whole genome shotgun sequence	G	24	1151768
NC_054073.1 Falco naumanni isolate bFalNau1 chromosome 20, bFalNau1.pat, whole genome shotgun sequence	A	25	1151964
NC_054073.1 Falco naumanni isolate bFalNau1 chromosome 20, bFalNau1.pat, whole genome shotgun sequence	A	21	1152334
NC_054073.1 Falco naumanni isolate bFalNau1 chromosome 20, bFalNau1.pat, whole genome shotgun sequence	T	21	1152423
NC_054073.1 Falco naumanni isolate bFalNau1 chromosome 20, bFalNau1.pat, whole genome shotgun sequence	A	22	1161379
NC_054073.1 Falco naumanni isolate bFalNau1 chromosome 20, bFalNau1.pat, whole genome shotgun sequence	T	18	1162698
NC_054073.1 Falco naumanni isolate bFalNau1 chromosome 20, bFalNau1.pat, whole genome shotgun sequence	A	31	1163457
NC_054073.1 Falco naumanni isolate bFalNau1 chromosome 20, bFalNau1.pat, whole genome shotgun sequence	A	27	1165018
NC_054073.1 Falco naumanni isolate bFalNau1 chromosome 20, bFalNau1.pat, whole genome shotgun sequence	C	17	1167251
NC_054073.1 Falco naumanni isolate bFalNau1 chromosome 20, bFalNau1.pat, whole genome shotgun sequence	G	17	1167382
NC_054073.1 Falco naumanni isolate bFalNau1 chromosome 20, bFalNau1.pat, whole genome shotgun sequence	G	16	1190089
NC_054073.1 Falco naumanni isolate bFalNau1 chromosome 20, bFalNau1.pat, whole genome shotgun sequence	G	16	1191142
NC_054073.1 Falco naumanni isolate bFalNau1 chromosome 20, bFalNau1.pat, whole genome shotgun sequence	G	21	1191263
NC_054073.1 Falco naumanni isolate bFalNau1 chromosome 20, bFalNau1.pat, whole genome shotgun sequence	G	18	1191356
NC_054073.1 Falco naumanni isolate bFalNau1 chromosome 20, bFalNau1.pat, whole genome shotgun sequence	C	17	1192000
NC_054073.1 Falco naumanni isolate bFalNau1 chromosome 20, bFalNau1.pat, whole genome shotgun sequence	C	18	1196486
NC_054073.1 Falco naumanni isolate bFalNau1 chromosome 20, bFalNau1.pat, whole genome shotgun sequence	G	19	1201536
NC_054073.1 Falco naumanni isolate bFalNau1 chromosome 20, bFalNau1.pat, whole genome shotgun sequence	T	16	1204993
NC_054073.1 Falco naumanni isolate bFalNau1 chromosome 20, bFalNau1.pat, whole genome shotgun sequence	CTCCTT	36	265485
NC_054073.1 Falco naumanni isolate bFalNau1 chromosome 20, bFalNau1.pat, whole genome shotgun sequence	GGA	21	466134
NC_054073.1 Falco naumanni isolate bFalNau1 chromosome 20, bFalNau1.pat, whole genome shotgun sequence	TA	14	358343
NC_054073.1 Falco naumanni isolate bFalNau1 chromosome 20, bFalNau1.pat, whole genome shotgun sequence	GT	19	405910
NC_054073.1 Falco naumanni isolate bFalNau1 chromosome 20, bFalNau1.pat, whole genome shotgun sequence	CT	14	662638
NC_054073.1 Falco naumanni isolate bFalNau1 chromosome 20, bFalNau1.pat, whole genome shotgun sequence	C	17	86314
NC_054073.1 Falco naumanni isolate bFalNau1 chromosome 20, bFalNau1.pat, whole genome shotgun sequence	T	20	87105
NC_054073.1 Falco naumanni isolate bFalNau1 chromosome 20, bFalNau1.pat, whole genome shotgun sequence	G	19	88943
NC_054073.1 Falco naumanni isolate bFalNau1 chromosome 20, bFalNau1.pat, whole genome shotgun sequence	A	16	90935
NC_054073.1 Falco naumanni isolate bFalNau1 chromosome 20, bFalNau1.pat, whole genome shotgun sequence	G	16	93636
NC_054073.1 Falco naumanni isolate bFalNau1 chromosome 20, bFalNau1.pat, whole genome shotgun sequence	G	16	93995
NC_054073.1 Falco naumanni isolate bFalNau1 chromosome 20, bFalNau1.pat, whole genome shotgun sequence	T	18	94282
NC_054073.1 Falco naumanni isolate bFalNau1 chromosome 20, bFalNau1.pat, whole genome shotgun sequence	T	18	94993
NC_054073.1 Falco naumanni isolate bFalNau1 chromosome 20, bFalNau1.pat, whole genome shotgun sequence	C	24	98111
NC_054073.1 Falco naumanni isolate bFalNau1 chromosome 20, bFalNau1.pat, whole genome shotgun sequence	A	17	99062
NC_054073.1 Falco naumanni isolate bFalNau1 chromosome 20, bFalNau1.pat, whole genome shotgun sequence	T	21	99166
NC_054073.1 Falco naumanni isolate bFalNau1 chromosome 20, bFalNau1.pat, whole genome shotgun sequence	A	26	107025
NC_054073.1 Falco naumanni isolate bFalNau1 chromosome 20, bFalNau1.pat, whole genome shotgun sequence	T	20	108213
NC_054073.1 Falco naumanni isolate bFalNau1 chromosome 20, bFalNau1.pat, whole genome shotgun sequence	T	19	109412
NC_054073.1 Falco naumanni isolate bFalNau1 chromosome 20, bFalNau1.pat, whole genome shotgun sequence	T	18	110257
NC_054073.1 Falco naumanni isolate bFalNau1 chromosome 20, bFalNau1.pat, whole genome shotgun sequence	T	19	111134
NC_054073.1 Falco naumanni isolate bFalNau1 chromosome 20, bFalNau1.pat, whole genome shotgun sequence	T	19	111819
NC_054073.1 Falco naumanni isolate bFalNau1 chromosome 20, bFalNau1.pat, whole genome shotgun sequence	T	17	112002
NC_054073.1 Falco naumanni isolate bFalNau1 chromosome 20, bFalNau1.pat, whole genome shotgun sequence	T	17	112544
NC_054073.1 Falco naumanni isolate bFalNau1 chromosome 20, bFalNau1.pat, whole genome shotgun sequence	T	16	114386
NC_054073.1 Falco naumanni isolate bFalNau1 chromosome 20, bFalNau1.pat, whole genome shotgun sequence	A	19	115581
NC_054073.1 Falco naumanni isolate bFalNau1 chromosome 20, bFalNau1.pat, whole genome shotgun sequence	T	22	124789
NC_054073.1 Falco naumanni isolate bFalNau1 chromosome 20, bFalNau1.pat, whole genome shotgun sequence	A	22	132673
NC_054073.1 Falco naumanni isolate bFalNau1 chromosome 20, bFalNau1.pat, whole genome shotgun sequence	G	16	139520
NC_054073.1 Falco naumanni isolate bFalNau1 chromosome 20, bFalNau1.pat, whole genome shotgun sequence	A	19	146533
NC_054073.1 Falco naumanni isolate bFalNau1 chromosome 20, bFalNau1.pat, whole genome shotgun sequence	C	16	188908
NC_054073.1 Falco naumanni isolate bFalNau1 chromosome 20, bFalNau1.pat, whole genome shotgun sequence	A	22	188985
NC_054073.1 Falco naumanni isolate bFalNau1 chromosome 20, bFalNau1.pat, whole genome shotgun sequence	A	26	192419
NC_054073.1 Falco naumanni isolate bFalNau1 chromosome 20, bFalNau1.pat, whole genome shotgun sequence	G	20	192899
NC_054073.1 Falco naumanni isolate bFalNau1 chromosome 20, bFalNau1.pat, whole genome shotgun sequence	G	17	193586
NC_054073.1 Falco naumanni isolate bFalNau1 chromosome 20, bFalNau1.pat, whole genome shotgun sequence	G	20	201255
NC_054073.1 Falco naumanni isolate bFalNau1 chromosome 20, bFalNau1.pat, whole genome shotgun sequence	G	22	204056
NC_054073.1 Falco naumanni isolate bFalNau1 chromosome 20, bFalNau1.pat, whole genome shotgun sequence	G	16	204449
NC_054073.1 Falco naumanni isolate bFalNau1 chromosome 20, bFalNau1.pat, whole genome shotgun sequence	G	17	210965
NC_054073.1 Falco naumanni isolate bFalNau1 chromosome 20, bFalNau1.pat, whole genome shotgun sequence	T	20	211321
NC_054073.1 Falco naumanni isolate bFalNau1 chromosome 20, bFalNau1.pat, whole genome shotgun sequence	G	21	216627
NC_054073.1 Falco naumanni isolate bFalNau1 chromosome 20, bFalNau1.pat, whole genome shotgun sequence	G	17	216991
NC_054073.1 Falco naumanni isolate bFalNau1 chromosome 20, bFalNau1.pat, whole genome shotgun sequence	G	23	218546
NC_054073.1 Falco naumanni isolate bFalNau1 chromosome 20, bFalNau1.pat, whole genome shotgun sequence	G	16	218746
NC_054073.1 Falco naumanni isolate bFalNau1 chromosome 20, bFalNau1.pat, whole genome shotgun sequence	G	17	218839
NC_054073.1 Falco naumanni isolate bFalNau1 chromosome 20, bFalNau1.pat, whole genome shotgun sequence	G	20	219094
NC_054073.1 Falco naumanni isolate bFalNau1 chromosome 20, bFalNau1.pat, whole genome shotgun sequence	G	31	219362
NC_054073.1 Falco naumanni isolate bFalNau1 chromosome 20, bFalNau1.pat, whole genome shotgun sequence	C	16	219693
NC_054073.1 Falco naumanni isolate bFalNau1 chromosome 20, bFalNau1.pat, whole genome shotgun sequence	G	18	220172
NC_054073.1 Falco naumanni isolate bFalNau1 chromosome 20, bFalNau1.pat, whole genome shotgun sequence	C	16	224058
NC_054073.1 Falco naumanni isolate bFalNau1 chromosome 20, bFalNau1.pat, whole genome shotgun sequence	C	27	224295
NC_054073.1 Falco naumanni isolate bFalNau1 chromosome 20, bFalNau1.pat, whole genome shotgun sequence	G	17	226271
NC_054073.1 Falco naumanni isolate bFalNau1 chromosome 20, bFalNau1.pat, whole genome shotgun sequence	T	23	234805
NC_054073.1 Falco naumanni isolate bFalNau1 chromosome 20, bFalNau1.pat, whole genome shotgun sequence	G	16	240492
NC_054073.1 Falco naumanni isolate bFalNau1 chromosome 20, bFalNau1.pat, whole genome shotgun sequence	C	22	240886
NC_054073.1 Falco naumanni isolate bFalNau1 chromosome 20, bFalNau1.pat, whole genome shotgun sequence	C	17	241033
NC_054073.1 Falco naumanni isolate bFalNau1 chromosome 20, bFalNau1.pat, whole genome shotgun sequence	G	21	241536
NC_054073.1 Falco naumanni isolate bFalNau1 chromosome 20, bFalNau1.pat, whole genome shotgun sequence	G	17	242323
NC_054073.1 Falco naumanni isolate bFalNau1 chromosome 20, bFalNau1.pat, whole genome shotgun sequence	A	16	248820
NC_054073.1 Falco naumanni isolate bFalNau1 chromosome 20, bFalNau1.pat, whole genome shotgun sequence	T	18	253925
NC_054073.1 Falco naumanni isolate bFalNau1 chromosome 20, bFalNau1.pat, whole genome shotgun sequence	A	21	254884
NC_054073.1 Falco naumanni isolate bFalNau1 chromosome 20, bFalNau1.pat, whole genome shotgun sequence	T	19	255512
NC_054073.1 Falco naumanni isolate bFalNau1 chromosome 20, bFalNau1.pat, whole genome shotgun sequence	C	19	262615
NC_054073.1 Falco naumanni isolate bFalNau1 chromosome 20, bFalNau1.pat, whole genome shotgun sequence	C	17	266395
NC_054073.1 Falco naumanni isolate bFalNau1 chromosome 20, bFalNau1.pat, whole genome shotgun sequence	G	18	269520
NC_054073.1 Falco naumanni isolate bFalNau1 chromosome 20, bFalNau1.pat, whole genome shotgun sequence	C	18	281799
NC_054073.1 Falco naumanni isolate bFalNau1 chromosome 20, bFalNau1.pat, whole genome shotgun sequence	C	22	285905
NC_054073.1 Falco naumanni isolate bFalNau1 chromosome 20, bFalNau1.pat, whole genome shotgun sequence	G	16	286514
NC_054073.1 Falco naumanni isolate bFalNau1 chromosome 20, bFalNau1.pat, whole genome shotgun sequence	C	16	288647
NC_054073.1 Falco naumanni isolate bFalNau1 chromosome 20, bFalNau1.pat, whole genome shotgun sequence	C	17	288878
NC_054073.1 Falco naumanni isolate bFalNau1 chromosome 20, bFalNau1.pat, whole genome shotgun sequence	A	23	294748
NC_054073.1 Falco naumanni isolate bFalNau1 chromosome 20, bFalNau1.pat, whole genome shotgun sequence	C	23	302417
NC_054073.1 Falco naumanni isolate bFalNau1 chromosome 20, bFalNau1.pat, whole genome shotgun sequence	G	19	306531
NC_054073.1 Falco naumanni isolate bFalNau1 chromosome 20, bFalNau1.pat, whole genome shotgun sequence	C	16	311918
NC_054073.1 Falco naumanni isolate bFalNau1 chromosome 20, bFalNau1.pat, whole genome shotgun sequence	G	18	314530
NC_054073.1 Falco naumanni isolate bFalNau1 chromosome 20, bFalNau1.pat, whole genome shotgun sequence	C	17	317742
NC_054073.1 Falco naumanni isolate bFalNau1 chromosome 20, bFalNau1.pat, whole genome shotgun sequence	C	20	331021
NC_054073.1 Falco naumanni isolate bFalNau1 chromosome 20, bFalNau1.pat, whole genome shotgun sequence	G	16	331890
NC_054073.1 Falco naumanni isolate bFalNau1 chromosome 20, bFalNau1.pat, whole genome shotgun sequence	A	18	334882
NC_054073.1 Falco naumanni isolate bFalNau1 chromosome 20, bFalNau1.pat, whole genome shotgun sequence	A	17	335553
NC_054073.1 Falco naumanni isolate bFalNau1 chromosome 20, bFalNau1.pat, whole genome shotgun sequence	C	18	339066
NC_054073.1 Falco naumanni isolate bFalNau1 chromosome 20, bFalNau1.pat, whole genome shotgun sequence	G	18	340035
NC_054073.1 Falco naumanni isolate bFalNau1 chromosome 20, bFalNau1.pat, whole genome shotgun sequence	G	18	342122
NC_054073.1 Falco naumanni isolate bFalNau1 chromosome 20, bFalNau1.pat, whole genome shotgun sequence	C	17	342948
NC_054073.1 Falco naumanni isolate bFalNau1 chromosome 20, bFalNau1.pat, whole genome shotgun sequence	G	21	346142
NC_054073.1 Falco naumanni isolate bFalNau1 chromosome 20, bFalNau1.pat, whole genome shotgun sequence	C	42	346376
NC_054073.1 Falco naumanni isolate bFalNau1 chromosome 20, bFalNau1.pat, whole genome shotgun sequence	C	17	355638
NC_054073.1 Falco naumanni isolate bFalNau1 chromosome 20, bFalNau1.pat, whole genome shotgun sequence	C	17	356722
NC_054073.1 Falco naumanni isolate bFalNau1 chromosome 20, bFalNau1.pat, whole genome shotgun sequence	T	28	356778
NC_054073.1 Falco naumanni isolate bFalNau1 chromosome 20, bFalNau1.pat, whole genome shotgun sequence	T	19	357961
NC_054073.1 Falco naumanni isolate bFalNau1 chromosome 20, bFalNau1.pat, whole genome shotgun sequence	T	16	361432
NC_054073.1 Falco naumanni isolate bFalNau1 chromosome 20, bFalNau1.pat, whole genome shotgun sequence	A	23	366451
NC_054073.1 Falco naumanni isolate bFalNau1 chromosome 20, bFalNau1.pat, whole genome shotgun sequence	G	17	369117
NC_054073.1 Falco naumanni isolate bFalNau1 chromosome 20, bFalNau1.pat, whole genome shotgun sequence	T	29	396518
NC_054073.1 Falco naumanni isolate bFalNau1 chromosome 20, bFalNau1.pat, whole genome shotgun sequence	C	17	408024
NC_054073.1 Falco naumanni isolate bFalNau1 chromosome 20, bFalNau1.pat, whole genome shotgun sequence	C	21	408708
NC_054073.1 Falco naumanni isolate bFalNau1 chromosome 20, bFalNau1.pat, whole genome shotgun sequence	A	17	412540
NC_054073.1 Falco naumanni isolate bFalNau1 chromosome 20, bFalNau1.pat, whole genome shotgun sequence	C	17	413888
NC_054073.1 Falco naumanni isolate bFalNau1 chromosome 20, bFalNau1.pat, whole genome shotgun sequence	G	18	415460
NC_054073.1 Falco naumanni isolate bFalNau1 chromosome 20, bFalNau1.pat, whole genome shotgun sequence	G	18	417809
NC_054073.1 Falco naumanni isolate bFalNau1 chromosome 20, bFalNau1.pat, whole genome shotgun sequence	C	16	421277
NC_054073.1 Falco naumanni isolate bFalNau1 chromosome 20, bFalNau1.pat, whole genome shotgun sequence	G	17	424770
NC_054073.1 Falco naumanni isolate bFalNau1 chromosome 20, bFalNau1.pat, whole genome shotgun sequence	C	28	425266
NC_054073.1 Falco naumanni isolate bFalNau1 chromosome 20, bFalNau1.pat, whole genome shotgun sequence	T	16	425480
NC_054073.1 Falco naumanni isolate bFalNau1 chromosome 20, bFalNau1.pat, whole genome shotgun sequence	A	28	426857
NC_054073.1 Falco naumanni isolate bFalNau1 chromosome 20, bFalNau1.pat, whole genome shotgun sequence	A	16	447026
NC_054073.1 Falco naumanni isolate bFalNau1 chromosome 20, bFalNau1.pat, whole genome shotgun sequence	T	19	451407
NC_054073.1 Falco naumanni isolate bFalNau1 chromosome 20, bFalNau1.pat, whole genome shotgun sequence	C	19	452942
NC_054073.1 Falco naumanni isolate bFalNau1 chromosome 20, bFalNau1.pat, whole genome shotgun sequence	G	26	469847
NC_054073.1 Falco naumanni isolate bFalNau1 chromosome 20, bFalNau1.pat, whole genome shotgun sequence	C	18	479562
NC_054073.1 Falco naumanni isolate bFalNau1 chromosome 20, bFalNau1.pat, whole genome shotgun sequence	C	16	479637
NC_054073.1 Falco naumanni isolate bFalNau1 chromosome 20, bFalNau1.pat, whole genome shotgun sequence	G	22	480448
NC_054073.1 Falco naumanni isolate bFalNau1 chromosome 20, bFalNau1.pat, whole genome shotgun sequence	C	28	484098
NC_054073.1 Falco naumanni isolate bFalNau1 chromosome 20, bFalNau1.pat, whole genome shotgun sequence	T	16	485048
NC_054073.1 Falco naumanni isolate bFalNau1 chromosome 20, bFalNau1.pat, whole genome shotgun sequence	A	19	498167
NC_054073.1 Falco naumanni isolate bFalNau1 chromosome 20, bFalNau1.pat, whole genome shotgun sequence	A	20	508049
NC_054073.1 Falco naumanni isolate bFalNau1 chromosome 20, bFalNau1.pat, whole genome shotgun sequence	T	20	534573
NC_054073.1 Falco naumanni isolate bFalNau1 chromosome 20, bFalNau1.pat, whole genome shotgun sequence	T	23	557857
NC_054073.1 Falco naumanni isolate bFalNau1 chromosome 20, bFalNau1.pat, whole genome shotgun sequence	T	18	564246
NC_054073.1 Falco naumanni isolate bFalNau1 chromosome 20, bFalNau1.pat, whole genome shotgun sequence	A	18	580625
NC_054073.1 Falco naumanni isolate bFalNau1 chromosome 20, bFalNau1.pat, whole genome shotgun sequence	A	25	589758
NC_054073.1 Falco naumanni isolate bFalNau1 chromosome 20, bFalNau1.pat, whole genome shotgun sequence	T	17	591413
NC_054073.1 Falco naumanni isolate bFalNau1 chromosome 20, bFalNau1.pat, whole genome shotgun sequence	T	16	593689
NC_054073.1 Falco naumanni isolate bFalNau1 chromosome 20, bFalNau1.pat, whole genome shotgun sequence	A	18	626306
NC_054073.1 Falco naumanni isolate bFalNau1 chromosome 20, bFalNau1.pat, whole genome shotgun sequence	T	16	648938
NC_054073.1 Falco naumanni isolate bFalNau1 chromosome 20, bFalNau1.pat, whole genome shotgun sequence	A	17	650227
NC_054073.1 Falco naumanni isolate bFalNau1 chromosome 20, bFalNau1.pat, whole genome shotgun sequence	A	17	654048
NC_054073.1 Falco naumanni isolate bFalNau1 chromosome 20, bFalNau1.pat, whole genome shotgun sequence	T	17	656618
NC_054073.1 Falco naumanni isolate bFalNau1 chromosome 20, bFalNau1.pat, whole genome shotgun sequence	C	19	3825857
NC_054073.1 Falco naumanni isolate bFalNau1 chromosome 20, bFalNau1.pat, whole genome shotgun sequence	C	21	3833972
NC_054073.1 Falco naumanni isolate bFalNau1 chromosome 20, bFalNau1.pat, whole genome shotgun sequence	G	18	3836558
NC_054073.1 Falco naumanni isolate bFalNau1 chromosome 20, bFalNau1.pat, whole genome shotgun sequence	A	16	3842722
NC_054073.1 Falco naumanni isolate bFalNau1 chromosome 20, bFalNau1.pat, whole genome shotgun sequence	G	23	3854985
NC_054073.1 Falco naumanni isolate bFalNau1 chromosome 20, bFalNau1.pat, whole genome shotgun sequence	G	17	3857043
NC_054073.1 Falco naumanni isolate bFalNau1 chromosome 20, bFalNau1.pat, whole genome shotgun sequence	C	20	3865459
NC_054073.1 Falco naumanni isolate bFalNau1 chromosome 20, bFalNau1.pat, whole genome shotgun sequence	C	16	3865858
NC_054073.1 Falco naumanni isolate bFalNau1 chromosome 20, bFalNau1.pat, whole genome shotgun sequence	C	16	3865881
NC_054073.1 Falco naumanni isolate bFalNau1 chromosome 20, bFalNau1.pat, whole genome shotgun sequence	G	16	3871113
NC_054073.1 Falco naumanni isolate bFalNau1 chromosome 20, bFalNau1.pat, whole genome shotgun sequence	G	20	3875983
NC_054073.1 Falco naumanni isolate bFalNau1 chromosome 20, bFalNau1.pat, whole genome shotgun sequence	G	17	3876592
NC_054073.1 Falco naumanni isolate bFalNau1 chromosome 20, bFalNau1.pat, whole genome shotgun sequence	C	16	3878206
NC_054073.1 Falco naumanni isolate bFalNau1 chromosome 20, bFalNau1.pat, whole genome shotgun sequence	C	27	3878280
NC_054073.1 Falco naumanni isolate bFalNau1 chromosome 20, bFalNau1.pat, whole genome shotgun sequence	G	16	3878584
NC_054073.1 Falco naumanni isolate bFalNau1 chromosome 20, bFalNau1.pat, whole genome shotgun sequence	G	20	3879668
NC_054073.1 Falco naumanni isolate bFalNau1 chromosome 20, bFalNau1.pat, whole genome shotgun sequence	G	16	3882962
NC_054073.1 Falco naumanni isolate bFalNau1 chromosome 20, bFalNau1.pat, whole genome shotgun sequence	G	20	3883105
NC_054073.1 Falco naumanni isolate bFalNau1 chromosome 20, bFalNau1.pat, whole genome shotgun sequence	G	16	3883639
NC_054073.1 Falco naumanni isolate bFalNau1 chromosome 20, bFalNau1.pat, whole genome shotgun sequence	G	19	3883924
NC_054073.1 Falco naumanni isolate bFalNau1 chromosome 20, bFalNau1.pat, whole genome shotgun sequence	T	17	3885260
NC_054073.1 Falco naumanni isolate bFalNau1 chromosome 20, bFalNau1.pat, whole genome shotgun sequence	A	22	3885356
NC_054073.1 Falco naumanni isolate bFalNau1 chromosome 20, bFalNau1.pat, whole genome shotgun sequence	C	16	3892379
NC_054073.1 Falco naumanni isolate bFalNau1 chromosome 20, bFalNau1.pat, whole genome shotgun sequence	G	16	3903845
NC_054073.1 Falco naumanni isolate bFalNau1 chromosome 20, bFalNau1.pat, whole genome shotgun sequence	T	17	3904674
NC_054073.1 Falco naumanni isolate bFalNau1 chromosome 20, bFalNau1.pat, whole genome shotgun sequence	A	23	3905090
NC_054073.1 Falco naumanni isolate bFalNau1 chromosome 20, bFalNau1.pat, whole genome shotgun sequence	T	18	3912760
NC_054073.1 Falco naumanni isolate bFalNau1 chromosome 20, bFalNau1.pat, whole genome shotgun sequence	A	20	3916054
NC_054073.1 Falco naumanni isolate bFalNau1 chromosome 20, bFalNau1.pat, whole genome shotgun sequence	G	25	3919931
NC_054073.1 Falco naumanni isolate bFalNau1 chromosome 20, bFalNau1.pat, whole genome shotgun sequence	C	17	3927155
NC_054073.1 Falco naumanni isolate bFalNau1 chromosome 20, bFalNau1.pat, whole genome shotgun sequence	T	18	3928690
NC_054073.1 Falco naumanni isolate bFalNau1 chromosome 20, bFalNau1.pat, whole genome shotgun sequence	G	22	3931015
NC_054073.1 Falco naumanni isolate bFalNau1 chromosome 20, bFalNau1.pat, whole genome shotgun sequence	G	17	3933273
NC_054073.1 Falco naumanni isolate bFalNau1 chromosome 20, bFalNau1.pat, whole genome shotgun sequence	G	21	3933988
NC_054073.1 Falco naumanni isolate bFalNau1 chromosome 20, bFalNau1.pat, whole genome shotgun sequence	G	16	3934549
NC_054073.1 Falco naumanni isolate bFalNau1 chromosome 20, bFalNau1.pat, whole genome shotgun sequence	C	18	3935740
NC_054073.1 Falco naumanni isolate bFalNau1 chromosome 20, bFalNau1.pat, whole genome shotgun sequence	C	21	3935787
NC_054073.1 Falco naumanni isolate bFalNau1 chromosome 20, bFalNau1.pat, whole genome shotgun sequence	C	28	3936541
NC_054073.1 Falco naumanni isolate bFalNau1 chromosome 20, bFalNau1.pat, whole genome shotgun sequence	G	16	3941828
NC_054073.1 Falco naumanni isolate bFalNau1 chromosome 20, bFalNau1.pat, whole genome shotgun sequence	A	28	3942766
NC_054073.1 Falco naumanni isolate bFalNau1 chromosome 20, bFalNau1.pat, whole genome shotgun sequence	T	23	3951011
NC_054073.1 Falco naumanni isolate bFalNau1 chromosome 20, bFalNau1.pat, whole genome shotgun sequence	T	21	3954296
NC_054073.1 Falco naumanni isolate bFalNau1 chromosome 20, bFalNau1.pat, whole genome shotgun sequence	T	22	3958794
NC_054073.1 Falco naumanni isolate bFalNau1 chromosome 20, bFalNau1.pat, whole genome shotgun sequence	C	31	3960988
NC_054073.1 Falco naumanni isolate bFalNau1 chromosome 20, bFalNau1.pat, whole genome shotgun sequence	G	28	3962314
NC_054073.1 Falco naumanni isolate bFalNau1 chromosome 20, bFalNau1.pat, whole genome shotgun sequence	T	22	3978953
NC_054073.1 Falco naumanni isolate bFalNau1 chromosome 20, bFalNau1.pat, whole genome shotgun sequence	T	24	3982011
NC_054073.1 Falco naumanni isolate bFalNau1 chromosome 20, bFalNau1.pat, whole genome shotgun sequence	G	16	3982233
NC_054073.1 Falco naumanni isolate bFalNau1 chromosome 20, bFalNau1.pat, whole genome shotgun sequence	G	17	3982319
NC_054073.1 Falco naumanni isolate bFalNau1 chromosome 20, bFalNau1.pat, whole genome shotgun sequence	G	17	3984078
NC_054073.1 Falco naumanni isolate bFalNau1 chromosome 20, bFalNau1.pat, whole genome shotgun sequence	G	16	3984967
NC_054073.1 Falco naumanni isolate bFalNau1 chromosome 20, bFalNau1.pat, whole genome shotgun sequence	T	16	3990337
NC_054073.1 Falco naumanni isolate bFalNau1 chromosome 20, bFalNau1.pat, whole genome shotgun sequence	C	26	3992135
NC_054073.1 Falco naumanni isolate bFalNau1 chromosome 20, bFalNau1.pat, whole genome shotgun sequence	G	18	3993805
NC_054073.1 Falco naumanni isolate bFalNau1 chromosome 20, bFalNau1.pat, whole genome shotgun sequence	C	23	3999965
NC_054073.1 Falco naumanni isolate bFalNau1 chromosome 20, bFalNau1.pat, whole genome shotgun sequence	G	16	4000446
NC_054073.1 Falco naumanni isolate bFalNau1 chromosome 20, bFalNau1.pat, whole genome shotgun sequence	G	18	4001197
NC_054073.1 Falco naumanni isolate bFalNau1 chromosome 20, bFalNau1.pat, whole genome shotgun sequence	C	19	4001797
NC_054073.1 Falco naumanni isolate bFalNau1 chromosome 20, bFalNau1.pat, whole genome shotgun sequence	A	26	4005674
NC_054073.1 Falco naumanni isolate bFalNau1 chromosome 20, bFalNau1.pat, whole genome shotgun sequence	A	19	4005706
NC_054073.1 Falco naumanni isolate bFalNau1 chromosome 20, bFalNau1.pat, whole genome shotgun sequence	G	17	4014483
NC_054073.1 Falco naumanni isolate bFalNau1 chromosome 20, bFalNau1.pat, whole genome shotgun sequence	C	22	4015349
NC_054073.1 Falco naumanni isolate bFalNau1 chromosome 20, bFalNau1.pat, whole genome shotgun sequence	G	23	4015515
NC_054073.1 Falco naumanni isolate bFalNau1 chromosome 20, bFalNau1.pat, whole genome shotgun sequence	C	16	4015905
NC_054073.1 Falco naumanni isolate bFalNau1 chromosome 20, bFalNau1.pat, whole genome shotgun sequence	G	21	4016021
NC_054073.1 Falco naumanni isolate bFalNau1 chromosome 20, bFalNau1.pat, whole genome shotgun sequence	C	17	4016343
NC_054073.1 Falco naumanni isolate bFalNau1 chromosome 20, bFalNau1.pat, whole genome shotgun sequence	C	17	4017228
NC_054073.1 Falco naumanni isolate bFalNau1 chromosome 20, bFalNau1.pat, whole genome shotgun sequence	A	27	4017424
NC_054073.1 Falco naumanni isolate bFalNau1 chromosome 20, bFalNau1.pat, whole genome shotgun sequence	C	19	4017734
NC_054073.1 Falco naumanni isolate bFalNau1 chromosome 20, bFalNau1.pat, whole genome shotgun sequence	C	20	4025732
NC_054073.1 Falco naumanni isolate bFalNau1 chromosome 20, bFalNau1.pat, whole genome shotgun sequence	G	16	4026181
NC_054073.1 Falco naumanni isolate bFalNau1 chromosome 20, bFalNau1.pat, whole genome shotgun sequence	C	17	4034174
NC_054073.1 Falco naumanni isolate bFalNau1 chromosome 20, bFalNau1.pat, whole genome shotgun sequence	G	16	4045272
NC_054073.1 Falco naumanni isolate bFalNau1 chromosome 20, bFalNau1.pat, whole genome shotgun sequence	G	20	4049415
NC_054073.1 Falco naumanni isolate bFalNau1 chromosome 20, bFalNau1.pat, whole genome shotgun sequence	G	21	4050145
NC_054073.1 Falco naumanni isolate bFalNau1 chromosome 20, bFalNau1.pat, whole genome shotgun sequence	A	17	4050823
NC_054073.1 Falco naumanni isolate bFalNau1 chromosome 20, bFalNau1.pat, whole genome shotgun sequence	C	24	4051471
NC_054073.1 Falco naumanni isolate bFalNau1 chromosome 20, bFalNau1.pat, whole genome shotgun sequence	A	32	4054000
NC_054073.1 Falco naumanni isolate bFalNau1 chromosome 20, bFalNau1.pat, whole genome shotgun sequence	A	18	4055957
NC_054073.1 Falco naumanni isolate bFalNau1 chromosome 20, bFalNau1.pat, whole genome shotgun sequence	T	28	4057163
NC_054073.1 Falco naumanni isolate bFalNau1 chromosome 20, bFalNau1.pat, whole genome shotgun sequence	T	30	4057463
NC_054073.1 Falco naumanni isolate bFalNau1 chromosome 20, bFalNau1.pat, whole genome shotgun sequence	A	20	4060292
NC_054073.1 Falco naumanni isolate bFalNau1 chromosome 20, bFalNau1.pat, whole genome shotgun sequence	G	17	4064924
NC_054073.1 Falco naumanni isolate bFalNau1 chromosome 20, bFalNau1.pat, whole genome shotgun sequence	T	16	4068305
NC_054073.1 Falco naumanni isolate bFalNau1 chromosome 20, bFalNau1.pat, whole genome shotgun sequence	T	17	4069605
NC_054073.1 Falco naumanni isolate bFalNau1 chromosome 20, bFalNau1.pat, whole genome shotgun sequence	A	21	4070195
NC_054073.1 Falco naumanni isolate bFalNau1 chromosome 20, bFalNau1.pat, whole genome shotgun sequence	A	20	4071616
NC_054073.1 Falco naumanni isolate bFalNau1 chromosome 20, bFalNau1.pat, whole genome shotgun sequence	A	17	4073026
NC_054073.1 Falco naumanni isolate bFalNau1 chromosome 20, bFalNau1.pat, whole genome shotgun sequence	C	16	4073737
NC_054073.1 Falco naumanni isolate bFalNau1 chromosome 20, bFalNau1.pat, whole genome shotgun sequence	A	20	4074375
NC_054073.1 Falco naumanni isolate bFalNau1 chromosome 20, bFalNau1.pat, whole genome shotgun sequence	A	19	4074489
NC_054073.1 Falco naumanni isolate bFalNau1 chromosome 20, bFalNau1.pat, whole genome shotgun sequence	A	18	4075187
NC_054073.1 Falco naumanni isolate bFalNau1 chromosome 20, bFalNau1.pat, whole genome shotgun sequence	A	21	4075631
NC_054073.1 Falco naumanni isolate bFalNau1 chromosome 20, bFalNau1.pat, whole genome shotgun sequence	T	19	4078386
NC_054073.1 Falco naumanni isolate bFalNau1 chromosome 20, bFalNau1.pat, whole genome shotgun sequence	G	16	4078809
NC_054073.1 Falco naumanni isolate bFalNau1 chromosome 20, bFalNau1.pat, whole genome shotgun sequence	C	17	4084963
NC_054073.1 Falco naumanni isolate bFalNau1 chromosome 20, bFalNau1.pat, whole genome shotgun sequence	C	16	4098257
NC_054073.1 Falco naumanni isolate bFalNau1 chromosome 20, bFalNau1.pat, whole genome shotgun sequence	G	16	4099591
NC_054073.1 Falco naumanni isolate bFalNau1 chromosome 20, bFalNau1.pat, whole genome shotgun sequence	G	21	4102811
NC_054073.1 Falco naumanni isolate bFalNau1 chromosome 20, bFalNau1.pat, whole genome shotgun sequence	C	17	4103359
NC_054073.1 Falco naumanni isolate bFalNau1 chromosome 20, bFalNau1.pat, whole genome shotgun sequence	C	16	4104812
NC_054073.1 Falco naumanni isolate bFalNau1 chromosome 20, bFalNau1.pat, whole genome shotgun sequence	G	17	4105174
NC_054073.1 Falco naumanni isolate bFalNau1 chromosome 20, bFalNau1.pat, whole genome shotgun sequence	G	22	4105515
NC_054073.1 Falco naumanni isolate bFalNau1 chromosome 20, bFalNau1.pat, whole genome shotgun sequence	C	16	4106486
NC_054073.1 Falco naumanni isolate bFalNau1 chromosome 20, bFalNau1.pat, whole genome shotgun sequence	G	19	4107086
NC_054073.1 Falco naumanni isolate bFalNau1 chromosome 20, bFalNau1.pat, whole genome shotgun sequence	G	16	4107213
NC_054073.1 Falco naumanni isolate bFalNau1 chromosome 20, bFalNau1.pat, whole genome shotgun sequence	G	20	4107830
NC_054073.1 Falco naumanni isolate bFalNau1 chromosome 20, bFalNau1.pat, whole genome shotgun sequence	G	17	4122077
NC_054073.1 Falco naumanni isolate bFalNau1 chromosome 20, bFalNau1.pat, whole genome shotgun sequence	G	19	4122461
NC_054073.1 Falco naumanni isolate bFalNau1 chromosome 20, bFalNau1.pat, whole genome shotgun sequence	G	21	4123028
NC_054073.1 Falco naumanni isolate bFalNau1 chromosome 20, bFalNau1.pat, whole genome shotgun sequence	G	21	4123401
NC_054073.1 Falco naumanni isolate bFalNau1 chromosome 20, bFalNau1.pat, whole genome shotgun sequence	C	20	4123519
NC_054073.1 Falco naumanni isolate bFalNau1 chromosome 20, bFalNau1.pat, whole genome shotgun sequence	G	17	4123556
NC_054073.1 Falco naumanni isolate bFalNau1 chromosome 20, bFalNau1.pat, whole genome shotgun sequence	C	21	4125352
NC_054073.1 Falco naumanni isolate bFalNau1 chromosome 20, bFalNau1.pat, whole genome shotgun sequence	C	17	4125542
NC_054073.1 Falco naumanni isolate bFalNau1 chromosome 20, bFalNau1.pat, whole genome shotgun sequence	G	18	4135835
NC_054073.1 Falco naumanni isolate bFalNau1 chromosome 20, bFalNau1.pat, whole genome shotgun sequence	C	23	4135988
NC_054073.1 Falco naumanni isolate bFalNau1 chromosome 20, bFalNau1.pat, whole genome shotgun sequence	C	18	4144032
NC_054073.1 Falco naumanni isolate bFalNau1 chromosome 20, bFalNau1.pat, whole genome shotgun sequence	C	18	4146103
NC_054073.1 Falco naumanni isolate bFalNau1 chromosome 20, bFalNau1.pat, whole genome shotgun sequence	C	16	4149278
NC_054073.1 Falco naumanni isolate bFalNau1 chromosome 20, bFalNau1.pat, whole genome shotgun sequence	T	28	4165925
NC_054073.1 Falco naumanni isolate bFalNau1 chromosome 20, bFalNau1.pat, whole genome shotgun sequence	G	18	4173652
NC_054073.1 Falco naumanni isolate bFalNau1 chromosome 20, bFalNau1.pat, whole genome shotgun sequence	G	29	4174605
NC_054073.1 Falco naumanni isolate bFalNau1 chromosome 20, bFalNau1.pat, whole genome shotgun sequence	GGAT	14	4203673
NC_054073.1 Falco naumanni isolate bFalNau1 chromosome 20, bFalNau1.pat, whole genome shotgun sequence	G	38	4182315
NC_054073.1 Falco naumanni isolate bFalNau1 chromosome 20, bFalNau1.pat, whole genome shotgun sequence	A	18	4182528
NC_054073.1 Falco naumanni isolate bFalNau1 chromosome 20, bFalNau1.pat, whole genome shotgun sequence	T	18	4182959
NC_054073.1 Falco naumanni isolate bFalNau1 chromosome 20, bFalNau1.pat, whole genome shotgun sequence	T	19	4183247
NC_054073.1 Falco naumanni isolate bFalNau1 chromosome 20, bFalNau1.pat, whole genome shotgun sequence	G	21	4183555
NC_054073.1 Falco naumanni isolate bFalNau1 chromosome 20, bFalNau1.pat, whole genome shotgun sequence	G	27	4183852
NC_054073.1 Falco naumanni isolate bFalNau1 chromosome 20, bFalNau1.pat, whole genome shotgun sequence	A	25	4184289
NC_054073.1 Falco naumanni isolate bFalNau1 chromosome 20, bFalNau1.pat, whole genome shotgun sequence	A	17	4184391
NC_054073.1 Falco naumanni isolate bFalNau1 chromosome 20, bFalNau1.pat, whole genome shotgun sequence	C	17	4187704
NC_054073.1 Falco naumanni isolate bFalNau1 chromosome 20, bFalNau1.pat, whole genome shotgun sequence	G	29	4190361
NC_054073.1 Falco naumanni isolate bFalNau1 chromosome 20, bFalNau1.pat, whole genome shotgun sequence	C	22	4194171
NC_054073.1 Falco naumanni isolate bFalNau1 chromosome 20, bFalNau1.pat, whole genome shotgun sequence	G	16	4209129
NC_054073.1 Falco naumanni isolate bFalNau1 chromosome 20, bFalNau1.pat, whole genome shotgun sequence	C	17	4210167
NC_054073.1 Falco naumanni isolate bFalNau1 chromosome 20, bFalNau1.pat, whole genome shotgun sequence	G	17	4210402
NC_054073.1 Falco naumanni isolate bFalNau1 chromosome 20, bFalNau1.pat, whole genome shotgun sequence	C	28	4213420
NC_054073.1 Falco naumanni isolate bFalNau1 chromosome 20, bFalNau1.pat, whole genome shotgun sequence	C	16	4213549
NC_054073.1 Falco naumanni isolate bFalNau1 chromosome 20, bFalNau1.pat, whole genome shotgun sequence	G	18	4223284
NC_054073.1 Falco naumanni isolate bFalNau1 chromosome 20, bFalNau1.pat, whole genome shotgun sequence	C	19	4223983
NC_054073.1 Falco naumanni isolate bFalNau1 chromosome 20, bFalNau1.pat, whole genome shotgun sequence	G	19	4225124
NC_054073.1 Falco naumanni isolate bFalNau1 chromosome 20, bFalNau1.pat, whole genome shotgun sequence	C	16	4225300
NC_054073.1 Falco naumanni isolate bFalNau1 chromosome 20, bFalNau1.pat, whole genome shotgun sequence	C	21	4239996
NC_054073.1 Falco naumanni isolate bFalNau1 chromosome 20, bFalNau1.pat, whole genome shotgun sequence	G	16	4241810
NC_054073.1 Falco naumanni isolate bFalNau1 chromosome 20, bFalNau1.pat, whole genome shotgun sequence	C	17	4246736
NC_054073.1 Falco naumanni isolate bFalNau1 chromosome 20, bFalNau1.pat, whole genome shotgun sequence	G	16	4255620
NC_054073.1 Falco naumanni isolate bFalNau1 chromosome 20, bFalNau1.pat, whole genome shotgun sequence	A	16	4255705
NC_054073.1 Falco naumanni isolate bFalNau1 chromosome 20, bFalNau1.pat, whole genome shotgun sequence	A	22	4255750
NC_054073.1 Falco naumanni isolate bFalNau1 chromosome 20, bFalNau1.pat, whole genome shotgun sequence	A	16	4256228
NC_054073.1 Falco naumanni isolate bFalNau1 chromosome 20, bFalNau1.pat, whole genome shotgun sequence	T	16	4256260
NC_054073.1 Falco naumanni isolate bFalNau1 chromosome 20, bFalNau1.pat, whole genome shotgun sequence	T	17	4258968
NC_054073.1 Falco naumanni isolate bFalNau1 chromosome 20, bFalNau1.pat, whole genome shotgun sequence	T	17	4261015
NC_054073.1 Falco naumanni isolate bFalNau1 chromosome 20, bFalNau1.pat, whole genome shotgun sequence	G	20	4265341
NC_054073.1 Falco naumanni isolate bFalNau1 chromosome 20, bFalNau1.pat, whole genome shotgun sequence	A	21	4270795
NC_054073.1 Falco naumanni isolate bFalNau1 chromosome 20, bFalNau1.pat, whole genome shotgun sequence	A	16	4275184
NC_054073.1 Falco naumanni isolate bFalNau1 chromosome 20, bFalNau1.pat, whole genome shotgun sequence	A	16	4275202
NC_054073.1 Falco naumanni isolate bFalNau1 chromosome 20, bFalNau1.pat, whole genome shotgun sequence	A	16	4278983
NC_054073.1 Falco naumanni isolate bFalNau1 chromosome 20, bFalNau1.pat, whole genome shotgun sequence	T	18	4280054
NC_054073.1 Falco naumanni isolate bFalNau1 chromosome 20, bFalNau1.pat, whole genome shotgun sequence	A	21	4280985
NC_054073.1 Falco naumanni isolate bFalNau1 chromosome 20, bFalNau1.pat, whole genome shotgun sequence	G	22	4284128
NC_054073.1 Falco naumanni isolate bFalNau1 chromosome 20, bFalNau1.pat, whole genome shotgun sequence	C	22	4284387
NC_054073.1 Falco naumanni isolate bFalNau1 chromosome 20, bFalNau1.pat, whole genome shotgun sequence	G	19	4285601
NC_054073.1 Falco naumanni isolate bFalNau1 chromosome 20, bFalNau1.pat, whole genome shotgun sequence	G	21	4286076
NC_054073.1 Falco naumanni isolate bFalNau1 chromosome 20, bFalNau1.pat, whole genome shotgun sequence	G	18	4295576
NC_054073.1 Falco naumanni isolate bFalNau1 chromosome 20, bFalNau1.pat, whole genome shotgun sequence	TGGCA	19	1778958
NC_054073.1 Falco naumanni isolate bFalNau1 chromosome 20, bFalNau1.pat, whole genome shotgun sequence	TA	15	2092248
NC_054073.1 Falco naumanni isolate bFalNau1 chromosome 20, bFalNau1.pat, whole genome shotgun sequence	AC	16	2203602
NC_054073.1 Falco naumanni isolate bFalNau1 chromosome 20, bFalNau1.pat, whole genome shotgun sequence	GA	14	2441683
NC_054073.1 Falco naumanni isolate bFalNau1 chromosome 20, bFalNau1.pat, whole genome shotgun sequence	G	20	1219094
NC_054073.1 Falco naumanni isolate bFalNau1 chromosome 20, bFalNau1.pat, whole genome shotgun sequence	T	24	1222269
NC_054073.1 Falco naumanni isolate bFalNau1 chromosome 20, bFalNau1.pat, whole genome shotgun sequence	A	17	1222683
NC_054073.1 Falco naumanni isolate bFalNau1 chromosome 20, bFalNau1.pat, whole genome shotgun sequence	A	20	1228599
NC_054073.1 Falco naumanni isolate bFalNau1 chromosome 20, bFalNau1.pat, whole genome shotgun sequence	A	17	1228620
NC_054073.1 Falco naumanni isolate bFalNau1 chromosome 20, bFalNau1.pat, whole genome shotgun sequence	A	16	1229565
NC_054073.1 Falco naumanni isolate bFalNau1 chromosome 20, bFalNau1.pat, whole genome shotgun sequence	A	16	1235746
NC_054073.1 Falco naumanni isolate bFalNau1 chromosome 20, bFalNau1.pat, whole genome shotgun sequence	C	16	1243293
NC_054073.1 Falco naumanni isolate bFalNau1 chromosome 20, bFalNau1.pat, whole genome shotgun sequence	A	35	1253128
NC_054073.1 Falco naumanni isolate bFalNau1 chromosome 20, bFalNau1.pat, whole genome shotgun sequence	C	17	1258862
NC_054073.1 Falco naumanni isolate bFalNau1 chromosome 20, bFalNau1.pat, whole genome shotgun sequence	C	17	1259168
NC_054073.1 Falco naumanni isolate bFalNau1 chromosome 20, bFalNau1.pat, whole genome shotgun sequence	A	16	1259278
NC_054073.1 Falco naumanni isolate bFalNau1 chromosome 20, bFalNau1.pat, whole genome shotgun sequence	C	16	1260187
NC_054073.1 Falco naumanni isolate bFalNau1 chromosome 20, bFalNau1.pat, whole genome shotgun sequence	C	16	1263446
NC_054073.1 Falco naumanni isolate bFalNau1 chromosome 20, bFalNau1.pat, whole genome shotgun sequence	C	16	1266223
NC_054073.1 Falco naumanni isolate bFalNau1 chromosome 20, bFalNau1.pat, whole genome shotgun sequence	C	37	1267333
NC_054073.1 Falco naumanni isolate bFalNau1 chromosome 20, bFalNau1.pat, whole genome shotgun sequence	A	22	1282260
NC_054073.1 Falco naumanni isolate bFalNau1 chromosome 20, bFalNau1.pat, whole genome shotgun sequence	C	17	1289928
NC_054073.1 Falco naumanni isolate bFalNau1 chromosome 20, bFalNau1.pat, whole genome shotgun sequence	A	21	1305520
NC_054073.1 Falco naumanni isolate bFalNau1 chromosome 20, bFalNau1.pat, whole genome shotgun sequence	A	26	1314143
NC_054073.1 Falco naumanni isolate bFalNau1 chromosome 20, bFalNau1.pat, whole genome shotgun sequence	G	16	1368827
NC_054073.1 Falco naumanni isolate bFalNau1 chromosome 20, bFalNau1.pat, whole genome shotgun sequence	A	26	1392964
NC_054073.1 Falco naumanni isolate bFalNau1 chromosome 20, bFalNau1.pat, whole genome shotgun sequence	A	20	1429168
NC_054073.1 Falco naumanni isolate bFalNau1 chromosome 20, bFalNau1.pat, whole genome shotgun sequence	A	20	1434411
NC_054073.1 Falco naumanni isolate bFalNau1 chromosome 20, bFalNau1.pat, whole genome shotgun sequence	A	23	1439024
NC_054073.1 Falco naumanni isolate bFalNau1 chromosome 20, bFalNau1.pat, whole genome shotgun sequence	T	17	1441472
NC_054073.1 Falco naumanni isolate bFalNau1 chromosome 20, bFalNau1.pat, whole genome shotgun sequence	T	20	1455116
NC_054073.1 Falco naumanni isolate bFalNau1 chromosome 20, bFalNau1.pat, whole genome shotgun sequence	A	24	1455285
NC_054073.1 Falco naumanni isolate bFalNau1 chromosome 20, bFalNau1.pat, whole genome shotgun sequence	T	17	1457504
NC_054073.1 Falco naumanni isolate bFalNau1 chromosome 20, bFalNau1.pat, whole genome shotgun sequence	G	18	1460747
NC_054073.1 Falco naumanni isolate bFalNau1 chromosome 20, bFalNau1.pat, whole genome shotgun sequence	G	16	1461151
NC_054073.1 Falco naumanni isolate bFalNau1 chromosome 20, bFalNau1.pat, whole genome shotgun sequence	T	21	1468083
NC_054073.1 Falco naumanni isolate bFalNau1 chromosome 20, bFalNau1.pat, whole genome shotgun sequence	T	18	1469343
NC_054073.1 Falco naumanni isolate bFalNau1 chromosome 20, bFalNau1.pat, whole genome shotgun sequence	G	17	1473490
NC_054073.1 Falco naumanni isolate bFalNau1 chromosome 20, bFalNau1.pat, whole genome shotgun sequence	A	16	1474380
NC_054073.1 Falco naumanni isolate bFalNau1 chromosome 20, bFalNau1.pat, whole genome shotgun sequence	C	20	1475457
NC_054073.1 Falco naumanni isolate bFalNau1 chromosome 20, bFalNau1.pat, whole genome shotgun sequence	G	24	1479373
NC_054073.1 Falco naumanni isolate bFalNau1 chromosome 20, bFalNau1.pat, whole genome shotgun sequence	G	17	1481247
NC_054073.1 Falco naumanni isolate bFalNau1 chromosome 20, bFalNau1.pat, whole genome shotgun sequence	C	20	1481314
NC_054073.1 Falco naumanni isolate bFalNau1 chromosome 20, bFalNau1.pat, whole genome shotgun sequence	C	19	1490399
NC_054073.1 Falco naumanni isolate bFalNau1 chromosome 20, bFalNau1.pat, whole genome shotgun sequence	C	20	1490971
NC_054073.1 Falco naumanni isolate bFalNau1 chromosome 20, bFalNau1.pat, whole genome shotgun sequence	G	24	1492698
NC_054073.1 Falco naumanni isolate bFalNau1 chromosome 20, bFalNau1.pat, whole genome shotgun sequence	C	16	1494752
NC_054073.1 Falco naumanni isolate bFalNau1 chromosome 20, bFalNau1.pat, whole genome shotgun sequence	T	18	1512613
NC_054073.1 Falco naumanni isolate bFalNau1 chromosome 20, bFalNau1.pat, whole genome shotgun sequence	A	19	1522621
NC_054073.1 Falco naumanni isolate bFalNau1 chromosome 20, bFalNau1.pat, whole genome shotgun sequence	C	19	1525925
NC_054073.1 Falco naumanni isolate bFalNau1 chromosome 20, bFalNau1.pat, whole genome shotgun sequence	T	18	1530412
NC_054073.1 Falco naumanni isolate bFalNau1 chromosome 20, bFalNau1.pat, whole genome shotgun sequence	G	23	1537564
NC_054073.1 Falco naumanni isolate bFalNau1 chromosome 20, bFalNau1.pat, whole genome shotgun sequence	C	25	1542830
NC_054073.1 Falco naumanni isolate bFalNau1 chromosome 20, bFalNau1.pat, whole genome shotgun sequence	C	19	1542998
NC_054073.1 Falco naumanni isolate bFalNau1 chromosome 20, bFalNau1.pat, whole genome shotgun sequence	G	17	1543597
NC_054073.1 Falco naumanni isolate bFalNau1 chromosome 20, bFalNau1.pat, whole genome shotgun sequence	C	16	1544779
NC_054073.1 Falco naumanni isolate bFalNau1 chromosome 20, bFalNau1.pat, whole genome shotgun sequence	C	16	1544940
NC_054073.1 Falco naumanni isolate bFalNau1 chromosome 20, bFalNau1.pat, whole genome shotgun sequence	G	16	1545098
NC_054073.1 Falco naumanni isolate bFalNau1 chromosome 20, bFalNau1.pat, whole genome shotgun sequence	G	23	1546284
NC_054073.1 Falco naumanni isolate bFalNau1 chromosome 20, bFalNau1.pat, whole genome shotgun sequence	G	18	1546613
NC_054073.1 Falco naumanni isolate bFalNau1 chromosome 20, bFalNau1.pat, whole genome shotgun sequence	G	20	1547748
NC_054073.1 Falco naumanni isolate bFalNau1 chromosome 20, bFalNau1.pat, whole genome shotgun sequence	A	18	1579008
NC_054073.1 Falco naumanni isolate bFalNau1 chromosome 20, bFalNau1.pat, whole genome shotgun sequence	G	20	1579107
NC_054073.1 Falco naumanni isolate bFalNau1 chromosome 20, bFalNau1.pat, whole genome shotgun sequence	G	18	1582654
NC_054073.1 Falco naumanni isolate bFalNau1 chromosome 20, bFalNau1.pat, whole genome shotgun sequence	A	18	1583055
NC_054073.1 Falco naumanni isolate bFalNau1 chromosome 20, bFalNau1.pat, whole genome shotgun sequence	C	19	1583598
NC_054073.1 Falco naumanni isolate bFalNau1 chromosome 20, bFalNau1.pat, whole genome shotgun sequence	G	22	1583698
NC_054073.1 Falco naumanni isolate bFalNau1 chromosome 20, bFalNau1.pat, whole genome shotgun sequence	C	21	1584678
NC_054073.1 Falco naumanni isolate bFalNau1 chromosome 20, bFalNau1.pat, whole genome shotgun sequence	C	18	1595284
NC_054073.1 Falco naumanni isolate bFalNau1 chromosome 20, bFalNau1.pat, whole genome shotgun sequence	A	22	1606481
NC_054073.1 Falco naumanni isolate bFalNau1 chromosome 20, bFalNau1.pat, whole genome shotgun sequence	A	26	1609062
NC_054073.1 Falco naumanni isolate bFalNau1 chromosome 20, bFalNau1.pat, whole genome shotgun sequence	A	26	1611582
NC_054073.1 Falco naumanni isolate bFalNau1 chromosome 20, bFalNau1.pat, whole genome shotgun sequence	C	30	1617276
NC_054073.1 Falco naumanni isolate bFalNau1 chromosome 20, bFalNau1.pat, whole genome shotgun sequence	A	21	1626486
NC_054073.1 Falco naumanni isolate bFalNau1 chromosome 20, bFalNau1.pat, whole genome shotgun sequence	T	16	1626839
NC_054073.1 Falco naumanni isolate bFalNau1 chromosome 20, bFalNau1.pat, whole genome shotgun sequence	A	31	1641775
NC_054073.1 Falco naumanni isolate bFalNau1 chromosome 20, bFalNau1.pat, whole genome shotgun sequence	A	17	1644853
NC_054073.1 Falco naumanni isolate bFalNau1 chromosome 20, bFalNau1.pat, whole genome shotgun sequence	G	16	1655531
NC_054073.1 Falco naumanni isolate bFalNau1 chromosome 20, bFalNau1.pat, whole genome shotgun sequence	G	19	1657652
NC_054073.1 Falco naumanni isolate bFalNau1 chromosome 20, bFalNau1.pat, whole genome shotgun sequence	G	16	1661606
NC_054073.1 Falco naumanni isolate bFalNau1 chromosome 20, bFalNau1.pat, whole genome shotgun sequence	C	17	1668400
NC_054073.1 Falco naumanni isolate bFalNau1 chromosome 20, bFalNau1.pat, whole genome shotgun sequence	C	16	1668529
NC_054073.1 Falco naumanni isolate bFalNau1 chromosome 20, bFalNau1.pat, whole genome shotgun sequence	A	19	1668816
NC_054073.1 Falco naumanni isolate bFalNau1 chromosome 20, bFalNau1.pat, whole genome shotgun sequence	C	17	1669069
NC_054073.1 Falco naumanni isolate bFalNau1 chromosome 20, bFalNau1.pat, whole genome shotgun sequence	G	18	1669564
NC_054073.1 Falco naumanni isolate bFalNau1 chromosome 20, bFalNau1.pat, whole genome shotgun sequence	C	22	1673981
NC_054073.1 Falco naumanni isolate bFalNau1 chromosome 20, bFalNau1.pat, whole genome shotgun sequence	A	21	1693134
NC_054073.1 Falco naumanni isolate bFalNau1 chromosome 20, bFalNau1.pat, whole genome shotgun sequence	T	19	1730212
NC_054073.1 Falco naumanni isolate bFalNau1 chromosome 20, bFalNau1.pat, whole genome shotgun sequence	T	18	1735957
NC_054073.1 Falco naumanni isolate bFalNau1 chromosome 20, bFalNau1.pat, whole genome shotgun sequence	G	18	1746372
NC_054073.1 Falco naumanni isolate bFalNau1 chromosome 20, bFalNau1.pat, whole genome shotgun sequence	A	27	1752018
NC_054073.1 Falco naumanni isolate bFalNau1 chromosome 20, bFalNau1.pat, whole genome shotgun sequence	G	19	1768565
NC_054073.1 Falco naumanni isolate bFalNau1 chromosome 20, bFalNau1.pat, whole genome shotgun sequence	A	23	1771120
NC_054073.1 Falco naumanni isolate bFalNau1 chromosome 20, bFalNau1.pat, whole genome shotgun sequence	T	24	1789243
NC_054073.1 Falco naumanni isolate bFalNau1 chromosome 20, bFalNau1.pat, whole genome shotgun sequence	T	25	1791726
NC_054073.1 Falco naumanni isolate bFalNau1 chromosome 20, bFalNau1.pat, whole genome shotgun sequence	A	17	1796918
NC_054073.1 Falco naumanni isolate bFalNau1 chromosome 20, bFalNau1.pat, whole genome shotgun sequence	G	18	1797019
NC_054073.1 Falco naumanni isolate bFalNau1 chromosome 20, bFalNau1.pat, whole genome shotgun sequence	C	22	1798404
NC_054073.1 Falco naumanni isolate bFalNau1 chromosome 20, bFalNau1.pat, whole genome shotgun sequence	C	21	1804281
NC_054073.1 Falco naumanni isolate bFalNau1 chromosome 20, bFalNau1.pat, whole genome shotgun sequence	G	19	1806321
NC_054073.1 Falco naumanni isolate bFalNau1 chromosome 20, bFalNau1.pat, whole genome shotgun sequence	C	16	1813584
NC_054073.1 Falco naumanni isolate bFalNau1 chromosome 20, bFalNau1.pat, whole genome shotgun sequence	T	17	1830230
NC_054073.1 Falco naumanni isolate bFalNau1 chromosome 20, bFalNau1.pat, whole genome shotgun sequence	A	17	1831758
NC_054073.1 Falco naumanni isolate bFalNau1 chromosome 20, bFalNau1.pat, whole genome shotgun sequence	T	22	1831995
NC_054073.1 Falco naumanni isolate bFalNau1 chromosome 20, bFalNau1.pat, whole genome shotgun sequence	T	18	1846585
NC_054073.1 Falco naumanni isolate bFalNau1 chromosome 20, bFalNau1.pat, whole genome shotgun sequence	T	20	1848434
NC_054073.1 Falco naumanni isolate bFalNau1 chromosome 20, bFalNau1.pat, whole genome shotgun sequence	A	28	1864148
NC_054073.1 Falco naumanni isolate bFalNau1 chromosome 20, bFalNau1.pat, whole genome shotgun sequence	C	18	1886799
NC_054073.1 Falco naumanni isolate bFalNau1 chromosome 20, bFalNau1.pat, whole genome shotgun sequence	C	20	1886871
NC_054073.1 Falco naumanni isolate bFalNau1 chromosome 20, bFalNau1.pat, whole genome shotgun sequence	A	19	1886990
NC_054073.1 Falco naumanni isolate bFalNau1 chromosome 20, bFalNau1.pat, whole genome shotgun sequence	A	21	1914252
NC_054073.1 Falco naumanni isolate bFalNau1 chromosome 20, bFalNau1.pat, whole genome shotgun sequence	C	18	1914849
NC_054073.1 Falco naumanni isolate bFalNau1 chromosome 20, bFalNau1.pat, whole genome shotgun sequence	T	16	1980987
NC_054073.1 Falco naumanni isolate bFalNau1 chromosome 20, bFalNau1.pat, whole genome shotgun sequence	T	19	1995620
NC_054073.1 Falco naumanni isolate bFalNau1 chromosome 20, bFalNau1.pat, whole genome shotgun sequence	T	22	2031163
NC_054073.1 Falco naumanni isolate bFalNau1 chromosome 20, bFalNau1.pat, whole genome shotgun sequence	T	17	2032399
NC_054073.1 Falco naumanni isolate bFalNau1 chromosome 20, bFalNau1.pat, whole genome shotgun sequence	G	16	2040798
NC_054073.1 Falco naumanni isolate bFalNau1 chromosome 20, bFalNau1.pat, whole genome shotgun sequence	A	18	2058173
NC_054073.1 Falco naumanni isolate bFalNau1 chromosome 20, bFalNau1.pat, whole genome shotgun sequence	C	20	2067725
NC_054073.1 Falco naumanni isolate bFalNau1 chromosome 20, bFalNau1.pat, whole genome shotgun sequence	A	16	2100779
NC_054073.1 Falco naumanni isolate bFalNau1 chromosome 20, bFalNau1.pat, whole genome shotgun sequence	T	20	2102266
NC_054073.1 Falco naumanni isolate bFalNau1 chromosome 20, bFalNau1.pat, whole genome shotgun sequence	G	27	2108581
NC_054073.1 Falco naumanni isolate bFalNau1 chromosome 20, bFalNau1.pat, whole genome shotgun sequence	G	17	2109042
NC_054073.1 Falco naumanni isolate bFalNau1 chromosome 20, bFalNau1.pat, whole genome shotgun sequence	C	19	2109209
NC_054073.1 Falco naumanni isolate bFalNau1 chromosome 20, bFalNau1.pat, whole genome shotgun sequence	C	16	2112562
NC_054073.1 Falco naumanni isolate bFalNau1 chromosome 20, bFalNau1.pat, whole genome shotgun sequence	C	17	2134776
NC_054073.1 Falco naumanni isolate bFalNau1 chromosome 20, bFalNau1.pat, whole genome shotgun sequence	C	43	2136857
NC_054073.1 Falco naumanni isolate bFalNau1 chromosome 20, bFalNau1.pat, whole genome shotgun sequence	G	16	2144139
NC_054073.1 Falco naumanni isolate bFalNau1 chromosome 20, bFalNau1.pat, whole genome shotgun sequence	T	17	2144796
NC_054073.1 Falco naumanni isolate bFalNau1 chromosome 20, bFalNau1.pat, whole genome shotgun sequence	C	24	2149784
NC_054073.1 Falco naumanni isolate bFalNau1 chromosome 20, bFalNau1.pat, whole genome shotgun sequence	G	16	2164221
NC_054073.1 Falco naumanni isolate bFalNau1 chromosome 20, bFalNau1.pat, whole genome shotgun sequence	C	16	2165585
NC_054073.1 Falco naumanni isolate bFalNau1 chromosome 20, bFalNau1.pat, whole genome shotgun sequence	C	20	2200426
NC_054073.1 Falco naumanni isolate bFalNau1 chromosome 20, bFalNau1.pat, whole genome shotgun sequence	C	17	2204655
NC_054073.1 Falco naumanni isolate bFalNau1 chromosome 20, bFalNau1.pat, whole genome shotgun sequence	G	27	2215701
NC_054073.1 Falco naumanni isolate bFalNau1 chromosome 20, bFalNau1.pat, whole genome shotgun sequence	C	18	2223729
NC_054073.1 Falco naumanni isolate bFalNau1 chromosome 20, bFalNau1.pat, whole genome shotgun sequence	G	21	2226094
NC_054073.1 Falco naumanni isolate bFalNau1 chromosome 20, bFalNau1.pat, whole genome shotgun sequence	C	25	2228330
NC_054073.1 Falco naumanni isolate bFalNau1 chromosome 20, bFalNau1.pat, whole genome shotgun sequence	A	16	2228405
NC_054073.1 Falco naumanni isolate bFalNau1 chromosome 20, bFalNau1.pat, whole genome shotgun sequence	C	16	2228557
NC_054073.1 Falco naumanni isolate bFalNau1 chromosome 20, bFalNau1.pat, whole genome shotgun sequence	A	17	2234759
NC_054073.1 Falco naumanni isolate bFalNau1 chromosome 20, bFalNau1.pat, whole genome shotgun sequence	G	16	2263156
NC_054073.1 Falco naumanni isolate bFalNau1 chromosome 20, bFalNau1.pat, whole genome shotgun sequence	G	16	2281488
NC_054073.1 Falco naumanni isolate bFalNau1 chromosome 20, bFalNau1.pat, whole genome shotgun sequence	G	19	2324907
NC_054073.1 Falco naumanni isolate bFalNau1 chromosome 20, bFalNau1.pat, whole genome shotgun sequence	G	21	2333592
NC_054073.1 Falco naumanni isolate bFalNau1 chromosome 20, bFalNau1.pat, whole genome shotgun sequence	G	25	2340816
NC_054073.1 Falco naumanni isolate bFalNau1 chromosome 20, bFalNau1.pat, whole genome shotgun sequence	C	16	2381675
NC_054073.1 Falco naumanni isolate bFalNau1 chromosome 20, bFalNau1.pat, whole genome shotgun sequence	A	17	2413897
NC_054073.1 Falco naumanni isolate bFalNau1 chromosome 20, bFalNau1.pat, whole genome shotgun sequence	C	22	2423559
NC_054073.1 Falco naumanni isolate bFalNau1 chromosome 20, bFalNau1.pat, whole genome shotgun sequence	T	25	2439967
NC_054073.1 Falco naumanni isolate bFalNau1 chromosome 20, bFalNau1.pat, whole genome shotgun sequence	T	29	2494069
NC_054073.1 Falco naumanni isolate bFalNau1 chromosome 20, bFalNau1.pat, whole genome shotgun sequence	GGGAT	24	2614717
NC_054073.1 Falco naumanni isolate bFalNau1 chromosome 20, bFalNau1.pat, whole genome shotgun sequence	CCG	18	2876117
NC_054073.1 Falco naumanni isolate bFalNau1 chromosome 20, bFalNau1.pat, whole genome shotgun sequence	TA	15	2565108
NC_054073.1 Falco naumanni isolate bFalNau1 chromosome 20, bFalNau1.pat, whole genome shotgun sequence	GT	18	2876551
NC_054073.1 Falco naumanni isolate bFalNau1 chromosome 20, bFalNau1.pat, whole genome shotgun sequence	TC	14	3445016
NC_054073.1 Falco naumanni isolate bFalNau1 chromosome 20, bFalNau1.pat, whole genome shotgun sequence	AC	25	3697767
NC_054073.1 Falco naumanni isolate bFalNau1 chromosome 20, bFalNau1.pat, whole genome shotgun sequence	C	18	2501630
NC_054073.1 Falco naumanni isolate bFalNau1 chromosome 20, bFalNau1.pat, whole genome shotgun sequence	G	17	2510711
NC_054073.1 Falco naumanni isolate bFalNau1 chromosome 20, bFalNau1.pat, whole genome shotgun sequence	A	20	2511881
NC_054073.1 Falco naumanni isolate bFalNau1 chromosome 20, bFalNau1.pat, whole genome shotgun sequence	T	23	2513304
NC_054073.1 Falco naumanni isolate bFalNau1 chromosome 20, bFalNau1.pat, whole genome shotgun sequence	A	27	2522360
NC_054073.1 Falco naumanni isolate bFalNau1 chromosome 20, bFalNau1.pat, whole genome shotgun sequence	C	26	2537570
NC_054073.1 Falco naumanni isolate bFalNau1 chromosome 20, bFalNau1.pat, whole genome shotgun sequence	G	16	2541230
NC_054073.1 Falco naumanni isolate bFalNau1 chromosome 20, bFalNau1.pat, whole genome shotgun sequence	A	18	2541255
NC_054073.1 Falco naumanni isolate bFalNau1 chromosome 20, bFalNau1.pat, whole genome shotgun sequence	A	19	2548686
NC_054073.1 Falco naumanni isolate bFalNau1 chromosome 20, bFalNau1.pat, whole genome shotgun sequence	T	18	2549271
NC_054073.1 Falco naumanni isolate bFalNau1 chromosome 20, bFalNau1.pat, whole genome shotgun sequence	C	19	2549814
NC_054073.1 Falco naumanni isolate bFalNau1 chromosome 20, bFalNau1.pat, whole genome shotgun sequence	T	17	2551500
NC_054073.1 Falco naumanni isolate bFalNau1 chromosome 20, bFalNau1.pat, whole genome shotgun sequence	T	17	2552166
NC_054073.1 Falco naumanni isolate bFalNau1 chromosome 20, bFalNau1.pat, whole genome shotgun sequence	C	20	2555513
NC_054073.1 Falco naumanni isolate bFalNau1 chromosome 20, bFalNau1.pat, whole genome shotgun sequence	A	17	2555992
NC_054073.1 Falco naumanni isolate bFalNau1 chromosome 20, bFalNau1.pat, whole genome shotgun sequence	G	18	2565313
NC_054073.1 Falco naumanni isolate bFalNau1 chromosome 20, bFalNau1.pat, whole genome shotgun sequence	G	21	2566638
NC_054073.1 Falco naumanni isolate bFalNau1 chromosome 20, bFalNau1.pat, whole genome shotgun sequence	G	23	2568090
NC_054073.1 Falco naumanni isolate bFalNau1 chromosome 20, bFalNau1.pat, whole genome shotgun sequence	C	16	2569369
NC_054073.1 Falco naumanni isolate bFalNau1 chromosome 20, bFalNau1.pat, whole genome shotgun sequence	A	22	2570690
NC_054073.1 Falco naumanni isolate bFalNau1 chromosome 20, bFalNau1.pat, whole genome shotgun sequence	A	22	2571487
NC_054073.1 Falco naumanni isolate bFalNau1 chromosome 20, bFalNau1.pat, whole genome shotgun sequence	G	17	2572955
NC_054073.1 Falco naumanni isolate bFalNau1 chromosome 20, bFalNau1.pat, whole genome shotgun sequence	G	17	2587765
NC_054073.1 Falco naumanni isolate bFalNau1 chromosome 20, bFalNau1.pat, whole genome shotgun sequence	C	16	2592728
NC_054073.1 Falco naumanni isolate bFalNau1 chromosome 20, bFalNau1.pat, whole genome shotgun sequence	A	30	2593401
NC_054073.1 Falco naumanni isolate bFalNau1 chromosome 20, bFalNau1.pat, whole genome shotgun sequence	T	19	2600764
NC_054073.1 Falco naumanni isolate bFalNau1 chromosome 20, bFalNau1.pat, whole genome shotgun sequence	A	17	2601849
NC_054073.1 Falco naumanni isolate bFalNau1 chromosome 20, bFalNau1.pat, whole genome shotgun sequence	T	18	2612963
NC_054073.1 Falco naumanni isolate bFalNau1 chromosome 20, bFalNau1.pat, whole genome shotgun sequence	T	27	2613426
NC_054073.1 Falco naumanni isolate bFalNau1 chromosome 20, bFalNau1.pat, whole genome shotgun sequence	G	22	2617679
NC_054073.1 Falco naumanni isolate bFalNau1 chromosome 20, bFalNau1.pat, whole genome shotgun sequence	G	20	2618849
NC_054073.1 Falco naumanni isolate bFalNau1 chromosome 20, bFalNau1.pat, whole genome shotgun sequence	G	16	2624245
NC_054073.1 Falco naumanni isolate bFalNau1 chromosome 20, bFalNau1.pat, whole genome shotgun sequence	T	18	2629233
NC_054073.1 Falco naumanni isolate bFalNau1 chromosome 20, bFalNau1.pat, whole genome shotgun sequence	G	16	2631274
NC_054073.1 Falco naumanni isolate bFalNau1 chromosome 20, bFalNau1.pat, whole genome shotgun sequence	T	20	2640412
NC_054073.1 Falco naumanni isolate bFalNau1 chromosome 20, bFalNau1.pat, whole genome shotgun sequence	T	17	2645546
NC_054073.1 Falco naumanni isolate bFalNau1 chromosome 20, bFalNau1.pat, whole genome shotgun sequence	T	19	2653636
NC_054073.1 Falco naumanni isolate bFalNau1 chromosome 20, bFalNau1.pat, whole genome shotgun sequence	A	27	2653944
NC_054073.1 Falco naumanni isolate bFalNau1 chromosome 20, bFalNau1.pat, whole genome shotgun sequence	A	21	2655392
NC_054073.1 Falco naumanni isolate bFalNau1 chromosome 20, bFalNau1.pat, whole genome shotgun sequence	A	18	2658301
NC_054073.1 Falco naumanni isolate bFalNau1 chromosome 20, bFalNau1.pat, whole genome shotgun sequence	A	22	2663446
NC_054073.1 Falco naumanni isolate bFalNau1 chromosome 20, bFalNau1.pat, whole genome shotgun sequence	C	19	2694800
NC_054073.1 Falco naumanni isolate bFalNau1 chromosome 20, bFalNau1.pat, whole genome shotgun sequence	A	24	2701970
NC_054073.1 Falco naumanni isolate bFalNau1 chromosome 20, bFalNau1.pat, whole genome shotgun sequence	C	16	2734804
NC_054073.1 Falco naumanni isolate bFalNau1 chromosome 20, bFalNau1.pat, whole genome shotgun sequence	C	17	2737126
NC_054073.1 Falco naumanni isolate bFalNau1 chromosome 20, bFalNau1.pat, whole genome shotgun sequence	C	18	2741077
NC_054073.1 Falco naumanni isolate bFalNau1 chromosome 20, bFalNau1.pat, whole genome shotgun sequence	T	22	2759389
NC_054073.1 Falco naumanni isolate bFalNau1 chromosome 20, bFalNau1.pat, whole genome shotgun sequence	A	18	2760171
NC_054073.1 Falco naumanni isolate bFalNau1 chromosome 20, bFalNau1.pat, whole genome shotgun sequence	T	17	2763604
NC_054073.1 Falco naumanni isolate bFalNau1 chromosome 20, bFalNau1.pat, whole genome shotgun sequence	T	21	2780020
NC_054073.1 Falco naumanni isolate bFalNau1 chromosome 20, bFalNau1.pat, whole genome shotgun sequence	G	18	2780975
NC_054073.1 Falco naumanni isolate bFalNau1 chromosome 20, bFalNau1.pat, whole genome shotgun sequence	C	16	2781307
NC_054073.1 Falco naumanni isolate bFalNau1 chromosome 20, bFalNau1.pat, whole genome shotgun sequence	G	18	2789332
NC_054073.1 Falco naumanni isolate bFalNau1 chromosome 20, bFalNau1.pat, whole genome shotgun sequence	G	17	2789351
NC_054073.1 Falco naumanni isolate bFalNau1 chromosome 20, bFalNau1.pat, whole genome shotgun sequence	C	19	2800970
NC_054073.1 Falco naumanni isolate bFalNau1 chromosome 20, bFalNau1.pat, whole genome shotgun sequence	G	16	2801489
NC_054073.1 Falco naumanni isolate bFalNau1 chromosome 20, bFalNau1.pat, whole genome shotgun sequence	C	17	2801803
NC_054073.1 Falco naumanni isolate bFalNau1 chromosome 20, bFalNau1.pat, whole genome shotgun sequence	C	16	2803162
NC_054073.1 Falco naumanni isolate bFalNau1 chromosome 20, bFalNau1.pat, whole genome shotgun sequence	C	16	2803508
NC_054073.1 Falco naumanni isolate bFalNau1 chromosome 20, bFalNau1.pat, whole genome shotgun sequence	A	23	2813336
NC_054073.1 Falco naumanni isolate bFalNau1 chromosome 20, bFalNau1.pat, whole genome shotgun sequence	A	21	2828210
NC_054073.1 Falco naumanni isolate bFalNau1 chromosome 20, bFalNau1.pat, whole genome shotgun sequence	A	24	2829935
NC_054073.1 Falco naumanni isolate bFalNau1 chromosome 20, bFalNau1.pat, whole genome shotgun sequence	A	16	2833299
NC_054073.1 Falco naumanni isolate bFalNau1 chromosome 20, bFalNau1.pat, whole genome shotgun sequence	A	22	2835751
NC_054073.1 Falco naumanni isolate bFalNau1 chromosome 20, bFalNau1.pat, whole genome shotgun sequence	A	19	2838473
NC_054073.1 Falco naumanni isolate bFalNau1 chromosome 20, bFalNau1.pat, whole genome shotgun sequence	C	17	2845648
NC_054073.1 Falco naumanni isolate bFalNau1 chromosome 20, bFalNau1.pat, whole genome shotgun sequence	T	24	2848517
NC_054073.1 Falco naumanni isolate bFalNau1 chromosome 20, bFalNau1.pat, whole genome shotgun sequence	C	16	2861574
NC_054073.1 Falco naumanni isolate bFalNau1 chromosome 20, bFalNau1.pat, whole genome shotgun sequence	C	22	2867732
NC_054073.1 Falco naumanni isolate bFalNau1 chromosome 20, bFalNau1.pat, whole genome shotgun sequence	G	17	2876901
NC_054073.1 Falco naumanni isolate bFalNau1 chromosome 20, bFalNau1.pat, whole genome shotgun sequence	C	19	2884272
NC_054073.1 Falco naumanni isolate bFalNau1 chromosome 20, bFalNau1.pat, whole genome shotgun sequence	G	18	2884495
NC_054073.1 Falco naumanni isolate bFalNau1 chromosome 20, bFalNau1.pat, whole genome shotgun sequence	C	20	2886564
NC_054073.1 Falco naumanni isolate bFalNau1 chromosome 20, bFalNau1.pat, whole genome shotgun sequence	G	16	2908331
NC_054073.1 Falco naumanni isolate bFalNau1 chromosome 20, bFalNau1.pat, whole genome shotgun sequence	C	18	2909317
NC_054073.1 Falco naumanni isolate bFalNau1 chromosome 20, bFalNau1.pat, whole genome shotgun sequence	C	19	2922279
NC_054073.1 Falco naumanni isolate bFalNau1 chromosome 20, bFalNau1.pat, whole genome shotgun sequence	C	16	2975721
NC_054073.1 Falco naumanni isolate bFalNau1 chromosome 20, bFalNau1.pat, whole genome shotgun sequence	G	21	2979011
NC_054073.1 Falco naumanni isolate bFalNau1 chromosome 20, bFalNau1.pat, whole genome shotgun sequence	C	16	3006537
NC_054073.1 Falco naumanni isolate bFalNau1 chromosome 20, bFalNau1.pat, whole genome shotgun sequence	A	18	3054668
NC_054073.1 Falco naumanni isolate bFalNau1 chromosome 20, bFalNau1.pat, whole genome shotgun sequence	C	17	3065341
NC_054073.1 Falco naumanni isolate bFalNau1 chromosome 20, bFalNau1.pat, whole genome shotgun sequence	A	21	3089260
NC_054073.1 Falco naumanni isolate bFalNau1 chromosome 20, bFalNau1.pat, whole genome shotgun sequence	A	28	3113307
NC_054073.1 Falco naumanni isolate bFalNau1 chromosome 20, bFalNau1.pat, whole genome shotgun sequence	A	17	3121996
NC_054073.1 Falco naumanni isolate bFalNau1 chromosome 20, bFalNau1.pat, whole genome shotgun sequence	A	19	3123724
NC_054073.1 Falco naumanni isolate bFalNau1 chromosome 20, bFalNau1.pat, whole genome shotgun sequence	A	16	3137498
NC_054073.1 Falco naumanni isolate bFalNau1 chromosome 20, bFalNau1.pat, whole genome shotgun sequence	A	17	3139479
NC_054073.1 Falco naumanni isolate bFalNau1 chromosome 20, bFalNau1.pat, whole genome shotgun sequence	C	16	3147904
NC_054073.1 Falco naumanni isolate bFalNau1 chromosome 20, bFalNau1.pat, whole genome shotgun sequence	G	19	3163565
NC_054073.1 Falco naumanni isolate bFalNau1 chromosome 20, bFalNau1.pat, whole genome shotgun sequence	A	17	3179722
NC_054073.1 Falco naumanni isolate bFalNau1 chromosome 20, bFalNau1.pat, whole genome shotgun sequence	G	19	3237038
NC_054073.1 Falco naumanni isolate bFalNau1 chromosome 20, bFalNau1.pat, whole genome shotgun sequence	T	17	3240901
NC_054073.1 Falco naumanni isolate bFalNau1 chromosome 20, bFalNau1.pat, whole genome shotgun sequence	T	17	3281384
NC_054073.1 Falco naumanni isolate bFalNau1 chromosome 20, bFalNau1.pat, whole genome shotgun sequence	T	16	3284218
NC_054073.1 Falco naumanni isolate bFalNau1 chromosome 20, bFalNau1.pat, whole genome shotgun sequence	G	23	3285137
NC_054073.1 Falco naumanni isolate bFalNau1 chromosome 20, bFalNau1.pat, whole genome shotgun sequence	C	18	3359061
NC_054073.1 Falco naumanni isolate bFalNau1 chromosome 20, bFalNau1.pat, whole genome shotgun sequence	T	26	3373675
NC_054073.1 Falco naumanni isolate bFalNau1 chromosome 20, bFalNau1.pat, whole genome shotgun sequence	G	28	3374493
NC_054073.1 Falco naumanni isolate bFalNau1 chromosome 20, bFalNau1.pat, whole genome shotgun sequence	G	22	3427443
NC_054073.1 Falco naumanni isolate bFalNau1 chromosome 20, bFalNau1.pat, whole genome shotgun sequence	G	20	3429111
NC_054073.1 Falco naumanni isolate bFalNau1 chromosome 20, bFalNau1.pat, whole genome shotgun sequence	G	23	3430802
NC_054073.1 Falco naumanni isolate bFalNau1 chromosome 20, bFalNau1.pat, whole genome shotgun sequence	A	22	3436869
NC_054073.1 Falco naumanni isolate bFalNau1 chromosome 20, bFalNau1.pat, whole genome shotgun sequence	G	16	3445964
NC_054073.1 Falco naumanni isolate bFalNau1 chromosome 20, bFalNau1.pat, whole genome shotgun sequence	G	21	3452964
NC_054073.1 Falco naumanni isolate bFalNau1 chromosome 20, bFalNau1.pat, whole genome shotgun sequence	C	16	3467763
NC_054073.1 Falco naumanni isolate bFalNau1 chromosome 20, bFalNau1.pat, whole genome shotgun sequence	C	23	3467877
NC_054073.1 Falco naumanni isolate bFalNau1 chromosome 20, bFalNau1.pat, whole genome shotgun sequence	T	21	3482083
NC_054073.1 Falco naumanni isolate bFalNau1 chromosome 20, bFalNau1.pat, whole genome shotgun sequence	C	18	3492701
NC_054073.1 Falco naumanni isolate bFalNau1 chromosome 20, bFalNau1.pat, whole genome shotgun sequence	C	20	3521974
NC_054073.1 Falco naumanni isolate bFalNau1 chromosome 20, bFalNau1.pat, whole genome shotgun sequence	A	16	3527577
NC_054073.1 Falco naumanni isolate bFalNau1 chromosome 20, bFalNau1.pat, whole genome shotgun sequence	A	20	3527596
NC_054073.1 Falco naumanni isolate bFalNau1 chromosome 20, bFalNau1.pat, whole genome shotgun sequence	C	31	3528693
NC_054073.1 Falco naumanni isolate bFalNau1 chromosome 20, bFalNau1.pat, whole genome shotgun sequence	C	16	3536450
NC_054073.1 Falco naumanni isolate bFalNau1 chromosome 20, bFalNau1.pat, whole genome shotgun sequence	G	20	3548156
NC_054073.1 Falco naumanni isolate bFalNau1 chromosome 20, bFalNau1.pat, whole genome shotgun sequence	A	28	3551913
NC_054073.1 Falco naumanni isolate bFalNau1 chromosome 20, bFalNau1.pat, whole genome shotgun sequence	G	28	3552418
NC_054073.1 Falco naumanni isolate bFalNau1 chromosome 20, bFalNau1.pat, whole genome shotgun sequence	G	17	3562838
NC_054073.1 Falco naumanni isolate bFalNau1 chromosome 20, bFalNau1.pat, whole genome shotgun sequence	G	18	3567554
NC_054073.1 Falco naumanni isolate bFalNau1 chromosome 20, bFalNau1.pat, whole genome shotgun sequence	G	16	3570525
NC_054073.1 Falco naumanni isolate bFalNau1 chromosome 20, bFalNau1.pat, whole genome shotgun sequence	G	16	3584405
NC_054073.1 Falco naumanni isolate bFalNau1 chromosome 20, bFalNau1.pat, whole genome shotgun sequence	C	17	3606007
NC_054073.1 Falco naumanni isolate bFalNau1 chromosome 20, bFalNau1.pat, whole genome shotgun sequence	C	17	3606167
NC_054073.1 Falco naumanni isolate bFalNau1 chromosome 20, bFalNau1.pat, whole genome shotgun sequence	A	18	3609600
NC_054073.1 Falco naumanni isolate bFalNau1 chromosome 20, bFalNau1.pat, whole genome shotgun sequence	T	16	3609687
NC_054073.1 Falco naumanni isolate bFalNau1 chromosome 20, bFalNau1.pat, whole genome shotgun sequence	G	18	3640177
NC_054073.1 Falco naumanni isolate bFalNau1 chromosome 20, bFalNau1.pat, whole genome shotgun sequence	T	22	3644735
NC_054073.1 Falco naumanni isolate bFalNau1 chromosome 20, bFalNau1.pat, whole genome shotgun sequence	G	16	3665408
NC_054073.1 Falco naumanni isolate bFalNau1 chromosome 20, bFalNau1.pat, whole genome shotgun sequence	G	23	3665944
NC_054073.1 Falco naumanni isolate bFalNau1 chromosome 20, bFalNau1.pat, whole genome shotgun sequence	G	16	3668052
NC_054073.1 Falco naumanni isolate bFalNau1 chromosome 20, bFalNau1.pat, whole genome shotgun sequence	G	17	3671023
NC_054073.1 Falco naumanni isolate bFalNau1 chromosome 20, bFalNau1.pat, whole genome shotgun sequence	C	19	3680781
NC_054073.1 Falco naumanni isolate bFalNau1 chromosome 20, bFalNau1.pat, whole genome shotgun sequence	G	32	3682907
NC_054073.1 Falco naumanni isolate bFalNau1 chromosome 20, bFalNau1.pat, whole genome shotgun sequence	T	18	3683615
NC_054073.1 Falco naumanni isolate bFalNau1 chromosome 20, bFalNau1.pat, whole genome shotgun sequence	T	16	3683656
NC_054073.1 Falco naumanni isolate bFalNau1 chromosome 20, bFalNau1.pat, whole genome shotgun sequence	G	20	3712943
NC_054073.1 Falco naumanni isolate bFalNau1 chromosome 20, bFalNau1.pat, whole genome shotgun sequence	G	17	3742133
NC_054073.1 Falco naumanni isolate bFalNau1 chromosome 20, bFalNau1.pat, whole genome shotgun sequence	T	22	3750382
NC_054073.1 Falco naumanni isolate bFalNau1 chromosome 20, bFalNau1.pat, whole genome shotgun sequence	A	17	3750538
NC_054073.1 Falco naumanni isolate bFalNau1 chromosome 20, bFalNau1.pat, whole genome shotgun sequence	T	17	3760579
NC_054073.1 Falco naumanni isolate bFalNau1 chromosome 20, bFalNau1.pat, whole genome shotgun sequence	T	20	3770109
NC_054073.1 Falco naumanni isolate bFalNau1 chromosome 20, bFalNau1.pat, whole genome shotgun sequence	T	16	3771016
NC_054073.1 Falco naumanni isolate bFalNau1 chromosome 20, bFalNau1.pat, whole genome shotgun sequence	T	18	3773373
NC_054073.1 Falco naumanni isolate bFalNau1 chromosome 20, bFalNau1.pat, whole genome shotgun sequence	T	17	3774054
NC_054073.1 Falco naumanni isolate bFalNau1 chromosome 20, bFalNau1.pat, whole genome shotgun sequence	A	32	3775207
NC_054073.1 Falco naumanni isolate bFalNau1 chromosome 20, bFalNau1.pat, whole genome shotgun sequence	A	19	3778842
NC_054073.1 Falco naumanni isolate bFalNau1 chromosome 20, bFalNau1.pat, whole genome shotgun sequence	C	16	3779010
NC_054073.1 Falco naumanni isolate bFalNau1 chromosome 20, bFalNau1.pat, whole genome shotgun sequence	G	17	3785272
NC_054073.1 Falco naumanni isolate bFalNau1 chromosome 20, bFalNau1.pat, whole genome shotgun sequence	C	16	3787506
NC_054073.1 Falco naumanni isolate bFalNau1 chromosome 20, bFalNau1.pat, whole genome shotgun sequence	C	18	3788864
NC_054073.1 Falco naumanni isolate bFalNau1 chromosome 20, bFalNau1.pat, whole genome shotgun sequence	T	26	3790520
NC_054073.1 Falco naumanni isolate bFalNau1 chromosome 20, bFalNau1.pat, whole genome shotgun sequence	T	22	3797607
NC_054073.1 Falco naumanni isolate bFalNau1 chromosome 20, bFalNau1.pat, whole genome shotgun sequence	T	21	3798074
NC_054073.1 Falco naumanni isolate bFalNau1 chromosome 20, bFalNau1.pat, whole genome shotgun sequence	T	17	3803047
NC_054073.1 Falco naumanni isolate bFalNau1 chromosome 20, bFalNau1.pat, whole genome shotgun sequence	T	27	3809544
NC_054073.1 Falco naumanni isolate bFalNau1 chromosome 20, bFalNau1.pat, whole genome shotgun sequence	C	24	3815724
NC_054073.1 Falco naumanni isolate bFalNau1 chromosome 20, bFalNau1.pat, whole genome shotgun sequence	G	26	3819772
