#Sequence_Name	SSR	Repeats	Position
NC_054074.1 Falco naumanni isolate bFalNau1 chromosome 21, bFalNau1.pat, whole genome shotgun sequence	A	29	15359
NC_054074.1 Falco naumanni isolate bFalNau1 chromosome 21, bFalNau1.pat, whole genome shotgun sequence	A	18	26962
NC_054074.1 Falco naumanni isolate bFalNau1 chromosome 21, bFalNau1.pat, whole genome shotgun sequence	T	18	42672
NC_054074.1 Falco naumanni isolate bFalNau1 chromosome 21, bFalNau1.pat, whole genome shotgun sequence	AGAT	21	93650
NC_054074.1 Falco naumanni isolate bFalNau1 chromosome 21, bFalNau1.pat, whole genome shotgun sequence	C	24	88876
NC_054074.1 Falco naumanni isolate bFalNau1 chromosome 21, bFalNau1.pat, whole genome shotgun sequence	G	20	105794
NC_054074.1 Falco naumanni isolate bFalNau1 chromosome 21, bFalNau1.pat, whole genome shotgun sequence	A	17	113348
NC_054074.1 Falco naumanni isolate bFalNau1 chromosome 21, bFalNau1.pat, whole genome shotgun sequence	A	16	119298
NC_054074.1 Falco naumanni isolate bFalNau1 chromosome 21, bFalNau1.pat, whole genome shotgun sequence	G	21	153689
NC_054074.1 Falco naumanni isolate bFalNau1 chromosome 21, bFalNau1.pat, whole genome shotgun sequence	T	19	162169
NC_054074.1 Falco naumanni isolate bFalNau1 chromosome 21, bFalNau1.pat, whole genome shotgun sequence	A	16	169662
NC_054074.1 Falco naumanni isolate bFalNau1 chromosome 21, bFalNau1.pat, whole genome shotgun sequence	A	17	170091
NC_054074.1 Falco naumanni isolate bFalNau1 chromosome 21, bFalNau1.pat, whole genome shotgun sequence	G	20	171512
NC_054074.1 Falco naumanni isolate bFalNau1 chromosome 21, bFalNau1.pat, whole genome shotgun sequence	A	27	177497
NC_054074.1 Falco naumanni isolate bFalNau1 chromosome 21, bFalNau1.pat, whole genome shotgun sequence	G	16	182774
NC_054074.1 Falco naumanni isolate bFalNau1 chromosome 21, bFalNau1.pat, whole genome shotgun sequence	A	19	222756
NC_054074.1 Falco naumanni isolate bFalNau1 chromosome 21, bFalNau1.pat, whole genome shotgun sequence	T	17	239350
NC_054074.1 Falco naumanni isolate bFalNau1 chromosome 21, bFalNau1.pat, whole genome shotgun sequence	A	20	276786
NC_054074.1 Falco naumanni isolate bFalNau1 chromosome 21, bFalNau1.pat, whole genome shotgun sequence	ATAG	18	348485
NC_054074.1 Falco naumanni isolate bFalNau1 chromosome 21, bFalNau1.pat, whole genome shotgun sequence	C	20	343748
NC_054074.1 Falco naumanni isolate bFalNau1 chromosome 21, bFalNau1.pat, whole genome shotgun sequence	C	30	360007
NC_054074.1 Falco naumanni isolate bFalNau1 chromosome 21, bFalNau1.pat, whole genome shotgun sequence	G	19	360683
NC_054074.1 Falco naumanni isolate bFalNau1 chromosome 21, bFalNau1.pat, whole genome shotgun sequence	A	23	368266
NC_054074.1 Falco naumanni isolate bFalNau1 chromosome 21, bFalNau1.pat, whole genome shotgun sequence	C	18	371709
NC_054074.1 Falco naumanni isolate bFalNau1 chromosome 21, bFalNau1.pat, whole genome shotgun sequence	G	18	394710
NC_054074.1 Falco naumanni isolate bFalNau1 chromosome 21, bFalNau1.pat, whole genome shotgun sequence	T	19	398227
NC_054074.1 Falco naumanni isolate bFalNau1 chromosome 21, bFalNau1.pat, whole genome shotgun sequence	A	16	411727
NC_054074.1 Falco naumanni isolate bFalNau1 chromosome 21, bFalNau1.pat, whole genome shotgun sequence	T	16	426850
NC_054074.1 Falco naumanni isolate bFalNau1 chromosome 21, bFalNau1.pat, whole genome shotgun sequence	G	25	436871
NC_054074.1 Falco naumanni isolate bFalNau1 chromosome 21, bFalNau1.pat, whole genome shotgun sequence	T	23	447526
NC_054074.1 Falco naumanni isolate bFalNau1 chromosome 21, bFalNau1.pat, whole genome shotgun sequence	A	17	469795
NC_054074.1 Falco naumanni isolate bFalNau1 chromosome 21, bFalNau1.pat, whole genome shotgun sequence	T	17	477767
NC_054074.1 Falco naumanni isolate bFalNau1 chromosome 21, bFalNau1.pat, whole genome shotgun sequence	T	17	482312
NC_054074.1 Falco naumanni isolate bFalNau1 chromosome 21, bFalNau1.pat, whole genome shotgun sequence	T	29	647016
NC_054074.1 Falco naumanni isolate bFalNau1 chromosome 21, bFalNau1.pat, whole genome shotgun sequence	G	33	647279
NC_054074.1 Falco naumanni isolate bFalNau1 chromosome 21, bFalNau1.pat, whole genome shotgun sequence	T	16	649269
NC_054074.1 Falco naumanni isolate bFalNau1 chromosome 21, bFalNau1.pat, whole genome shotgun sequence	T	34	649447
NC_054074.1 Falco naumanni isolate bFalNau1 chromosome 21, bFalNau1.pat, whole genome shotgun sequence	A	17	669443
NC_054074.1 Falco naumanni isolate bFalNau1 chromosome 21, bFalNau1.pat, whole genome shotgun sequence	T	21	697729
NC_054074.1 Falco naumanni isolate bFalNau1 chromosome 21, bFalNau1.pat, whole genome shotgun sequence	T	24	571664
NC_054074.1 Falco naumanni isolate bFalNau1 chromosome 21, bFalNau1.pat, whole genome shotgun sequence	T	16	581988
NC_054074.1 Falco naumanni isolate bFalNau1 chromosome 21, bFalNau1.pat, whole genome shotgun sequence	A	18	618946
NC_054074.1 Falco naumanni isolate bFalNau1 chromosome 21, bFalNau1.pat, whole genome shotgun sequence	T	23	721191
NC_054074.1 Falco naumanni isolate bFalNau1 chromosome 21, bFalNau1.pat, whole genome shotgun sequence	T	17	749525
