#Sequence_Name	SSR	Repeats	Position
NC_054078.1 Falco naumanni isolate bFalNau1 chromosome 25, bFalNau1.pat, whole genome shotgun sequence	G	20	250482
NC_054078.1 Falco naumanni isolate bFalNau1 chromosome 25, bFalNau1.pat, whole genome shotgun sequence	C	17	250692
NC_054078.1 Falco naumanni isolate bFalNau1 chromosome 25, bFalNau1.pat, whole genome shotgun sequence	C	19	251150
NC_054078.1 Falco naumanni isolate bFalNau1 chromosome 25, bFalNau1.pat, whole genome shotgun sequence	C	19	251258
NC_054078.1 Falco naumanni isolate bFalNau1 chromosome 25, bFalNau1.pat, whole genome shotgun sequence	G	19	253044
NC_054078.1 Falco naumanni isolate bFalNau1 chromosome 25, bFalNau1.pat, whole genome shotgun sequence	C	21	253090
NC_054078.1 Falco naumanni isolate bFalNau1 chromosome 25, bFalNau1.pat, whole genome shotgun sequence	G	24	261964
NC_054078.1 Falco naumanni isolate bFalNau1 chromosome 25, bFalNau1.pat, whole genome shotgun sequence	T	25	270935
NC_054078.1 Falco naumanni isolate bFalNau1 chromosome 25, bFalNau1.pat, whole genome shotgun sequence	T	24	273395
NC_054078.1 Falco naumanni isolate bFalNau1 chromosome 25, bFalNau1.pat, whole genome shotgun sequence	C	17	279572
NC_054078.1 Falco naumanni isolate bFalNau1 chromosome 25, bFalNau1.pat, whole genome shotgun sequence	G	16	280209
NC_054078.1 Falco naumanni isolate bFalNau1 chromosome 25, bFalNau1.pat, whole genome shotgun sequence	T	18	280737
NC_054078.1 Falco naumanni isolate bFalNau1 chromosome 25, bFalNau1.pat, whole genome shotgun sequence	G	19	281471
NC_054078.1 Falco naumanni isolate bFalNau1 chromosome 25, bFalNau1.pat, whole genome shotgun sequence	C	16	283483
NC_054078.1 Falco naumanni isolate bFalNau1 chromosome 25, bFalNau1.pat, whole genome shotgun sequence	C	30	285701
NC_054078.1 Falco naumanni isolate bFalNau1 chromosome 25, bFalNau1.pat, whole genome shotgun sequence	C	21	288867
NC_054078.1 Falco naumanni isolate bFalNau1 chromosome 25, bFalNau1.pat, whole genome shotgun sequence	G	21	298403
NC_054078.1 Falco naumanni isolate bFalNau1 chromosome 25, bFalNau1.pat, whole genome shotgun sequence	TG	23	11521
NC_054078.1 Falco naumanni isolate bFalNau1 chromosome 25, bFalNau1.pat, whole genome shotgun sequence	A	20	6204
NC_054078.1 Falco naumanni isolate bFalNau1 chromosome 25, bFalNau1.pat, whole genome shotgun sequence	C	32	16806
NC_054078.1 Falco naumanni isolate bFalNau1 chromosome 25, bFalNau1.pat, whole genome shotgun sequence	T	22	17294
NC_054078.1 Falco naumanni isolate bFalNau1 chromosome 25, bFalNau1.pat, whole genome shotgun sequence	A	22	24413
NC_054078.1 Falco naumanni isolate bFalNau1 chromosome 25, bFalNau1.pat, whole genome shotgun sequence	A	18	26712
NC_054078.1 Falco naumanni isolate bFalNau1 chromosome 25, bFalNau1.pat, whole genome shotgun sequence	C	21	52738
NC_054078.1 Falco naumanni isolate bFalNau1 chromosome 25, bFalNau1.pat, whole genome shotgun sequence	C	25	175104
NC_054078.1 Falco naumanni isolate bFalNau1 chromosome 25, bFalNau1.pat, whole genome shotgun sequence	A	47	185295
NC_054078.1 Falco naumanni isolate bFalNau1 chromosome 25, bFalNau1.pat, whole genome shotgun sequence	G	19	187295
NC_054078.1 Falco naumanni isolate bFalNau1 chromosome 25, bFalNau1.pat, whole genome shotgun sequence	G	16	191338
NC_054078.1 Falco naumanni isolate bFalNau1 chromosome 25, bFalNau1.pat, whole genome shotgun sequence	G	16	191355
NC_054078.1 Falco naumanni isolate bFalNau1 chromosome 25, bFalNau1.pat, whole genome shotgun sequence	G	17	192020
NC_054078.1 Falco naumanni isolate bFalNau1 chromosome 25, bFalNau1.pat, whole genome shotgun sequence	G	19	192529
NC_054078.1 Falco naumanni isolate bFalNau1 chromosome 25, bFalNau1.pat, whole genome shotgun sequence	G	18	202677
NC_054078.1 Falco naumanni isolate bFalNau1 chromosome 25, bFalNau1.pat, whole genome shotgun sequence	T	17	203004
NC_054078.1 Falco naumanni isolate bFalNau1 chromosome 25, bFalNau1.pat, whole genome shotgun sequence	G	27	204126
NC_054078.1 Falco naumanni isolate bFalNau1 chromosome 25, bFalNau1.pat, whole genome shotgun sequence	C	29	206021
NC_054078.1 Falco naumanni isolate bFalNau1 chromosome 25, bFalNau1.pat, whole genome shotgun sequence	T	17	211966
NC_054078.1 Falco naumanni isolate bFalNau1 chromosome 25, bFalNau1.pat, whole genome shotgun sequence	A	18	214202
NC_054078.1 Falco naumanni isolate bFalNau1 chromosome 25, bFalNau1.pat, whole genome shotgun sequence	T	16	214601
NC_054078.1 Falco naumanni isolate bFalNau1 chromosome 25, bFalNau1.pat, whole genome shotgun sequence	A	21	218715
NC_054078.1 Falco naumanni isolate bFalNau1 chromosome 25, bFalNau1.pat, whole genome shotgun sequence	G	16	219531
NC_054078.1 Falco naumanni isolate bFalNau1 chromosome 25, bFalNau1.pat, whole genome shotgun sequence	G	16	219894
NC_054078.1 Falco naumanni isolate bFalNau1 chromosome 25, bFalNau1.pat, whole genome shotgun sequence	C	17	230608
NC_054078.1 Falco naumanni isolate bFalNau1 chromosome 25, bFalNau1.pat, whole genome shotgun sequence	G	16	232230
NC_054078.1 Falco naumanni isolate bFalNau1 chromosome 25, bFalNau1.pat, whole genome shotgun sequence	A	16	243680
NC_054078.1 Falco naumanni isolate bFalNau1 chromosome 25, bFalNau1.pat, whole genome shotgun sequence	G	16	244057
NC_054078.1 Falco naumanni isolate bFalNau1 chromosome 25, bFalNau1.pat, whole genome shotgun sequence	C	17	244595
NC_054078.1 Falco naumanni isolate bFalNau1 chromosome 25, bFalNau1.pat, whole genome shotgun sequence	C	17	244742
NC_054078.1 Falco naumanni isolate bFalNau1 chromosome 25, bFalNau1.pat, whole genome shotgun sequence	C	19	244844
NC_054078.1 Falco naumanni isolate bFalNau1 chromosome 25, bFalNau1.pat, whole genome shotgun sequence	C	20	246134
